var_id,legacy_split,variant_type,group_id,outer_fold,direct_positions,edit_key
chr17_58692647_CGC_,train,inframe_indel,pos_component_2,6,[2],2bbaeb729e6939cb
chr17_58692647_CGC_AGA,train,synonymous,pos_component_2,6,[2],14be98476baa7bdf
chr17_58692647_CGC_AGG,train,synonymous,pos_component_2,6,[2],14be98476baa7bdf
chr17_58692647_CGC_CAT,train,missense,pos_component_2,6,[2],7fd40e7d3fd66065
chr17_58692647_CGC_CCT,train,missense,pos_component_2,6,[2],ed4b6373480047d9
chr17_58692647_CGC_CTG,train,missense,pos_component_2,6,[2],9c9ae5ee8a05abdb
chr17_58692647_CGC_GCC,train,missense,pos_component_2,6,[2],fd25ca940bc5dd13
chr17_58692647_CGC_GGA,train,missense,pos_component_2,6,[2],c6ccf1f2fa13be74
chr17_58692647_CGC_TCC,train,missense,pos_component_2,6,[2],43ff86d538dc880a
chr17_58692647_CGC_TGT,train,missense,pos_component_2,6,[2],a182edf50fa9ab78
chr17_58692647_C_A,train,missense,pos_component_2,6,[2],43ff86d538dc880a
chr17_58692647_C_G,train,missense,pos_component_2,6,[2],c6ccf1f2fa13be74
chr17_58692647_C_T,train,missense,pos_component_2,6,[2],a182edf50fa9ab78
chr17_58692648_G_A,train,missense,pos_component_2,6,[2],7fd40e7d3fd66065
chr17_58692648_G_C,train,missense,pos_component_2,6,[2],ed4b6373480047d9
chr17_58692648_G_T,train,missense,pos_component_2,6,[2],9c9ae5ee8a05abdb
chr17_58692649_C_A,train,synonymous,pos_component_2,6,[2],14be98476baa7bdf
chr17_58692649_C_G,train,synonymous,pos_component_2,6,[2],14be98476baa7bdf
chr17_58692649_C_T,train,synonymous,pos_component_2,6,[2],14be98476baa7bdf
chr17_58692650_GGG_,val,inframe_indel,pos_component_3,1,[3],d4a978fbb1560315
chr17_58692650_GGG_AGA,val,missense,pos_component_3,1,[3],bff6d1adc6539985
chr17_58692650_GGG_GAA,val,missense,pos_component_3,1,[3],2ee1511c5a57d675
chr17_58692650_GGG_GCC,val,missense,pos_component_3,1,[3],5701cc25b2c098d8
chr17_58692650_GGG_GTC,val,missense,pos_component_3,1,[3],f119384c0d44f0da
chr17_58692650_G_A,val,missense,pos_component_3,1,[3],bff6d1adc6539985
chr17_58692650_G_C,val,missense,pos_component_3,1,[3],bff6d1adc6539985
chr17_58692650_G_T,val,missense,pos_component_3,1,[3],68a30409968b807b
chr17_58692651_G_A,val,missense,pos_component_3,1,[3],2ee1511c5a57d675
chr17_58692651_G_C,val,missense,pos_component_3,1,[3],5701cc25b2c098d8
chr17_58692651_G_T,val,missense,pos_component_3,1,[3],f119384c0d44f0da
chr17_58692652_G_A,val,synonymous,pos_component_3,1,[3],901024a38f9b5f9d
chr17_58692652_G_C,val,synonymous,pos_component_3,1,[3],901024a38f9b5f9d
chr17_58692652_G_T,val,synonymous,pos_component_3,1,[3],901024a38f9b5f9d
chr17_58692653_AAG_,train,inframe_indel,pos_component_4,0,[4],f3c4a83fee5be0a9
chr17_58692653_AAG_ACC,train,missense,pos_component_4,0,[4],966c7b49f0dcbf6d
chr17_58692653_AAG_CAA,train,missense,pos_component_4,0,[4],25e31d18c0a1313f
chr17_58692653_AAG_CGG,train,missense,pos_component_4,0,[4],c88aa6e33940b93e
chr17_58692653_AAG_GAA,train,missense,pos_component_4,0,[4],7eae745f0194bc48
chr17_58692653_AAG_GCC,train,missense,pos_component_4,0,[4],b0c8f6beb1e320a9
chr17_58692653_A_C,train,missense,pos_component_4,0,[4],25e31d18c0a1313f
chr17_58692653_A_G,train,missense,pos_component_4,0,[4],7eae745f0194bc48
chr17_58692654_A_C,train,missense,pos_component_4,0,[4],966c7b49f0dcbf6d
chr17_58692654_A_G,train,missense,pos_component_4,0,[4],c88aa6e33940b93e
chr17_58692654_A_T,train,missense,pos_component_4,0,[4],a72bb536228c1bba
chr17_58692655_G_A,train,synonymous,pos_component_4,0,[4],0f8e76f771eb89f5
chr17_58692655_G_C,train,missense,pos_component_4,0,[4],1e8cada95b335957
chr17_58692655_G_T,train,missense,pos_component_4,0,[4],1e8cada95b335957
chr17_58692656_ACG_,train,inframe_indel,pos_component_5,3,[5],86226fa755fff710
chr17_58692656_ACG_AAA,train,missense,pos_component_5,3,[5],8bc4397eab2d0bf3
chr17_58692656_ACG_AGC,train,missense,pos_component_5,3,[5],50113a70b676cb17
chr17_58692656_ACG_CCC,train,missense,pos_component_5,3,[5],a5e56c01395c957f
chr17_58692656_ACG_CGG,train,missense,pos_component_5,3,[5],1f9c5d3c1c2b9364
chr17_58692656_ACG_GCC,train,missense,pos_component_5,3,[5],3c4ee13ab89811d9
chr17_58692656_A_C,train,missense,pos_component_5,3,[5],a5e56c01395c957f
chr17_58692656_A_G,train,missense,pos_component_5,3,[5],3c4ee13ab89811d9
chr17_58692656_A_T,train,missense,pos_component_5,3,[5],50113a70b676cb17
chr17_58692657_C_A,train,missense,pos_component_5,3,[5],8bc4397eab2d0bf3
chr17_58692657_C_G,train,missense,pos_component_5,3,[5],1f9c5d3c1c2b9364
chr17_58692657_C_T,train,missense,pos_component_5,3,[5],48fd1c6bc3e30a33
chr17_58692658_G_A,train,synonymous,pos_component_5,3,[5],41d1245bbb7f582d
chr17_58692658_G_C,train,synonymous,pos_component_5,3,[5],41d1245bbb7f582d
chr17_58692658_G_T,train,synonymous,pos_component_5,3,[5],41d1245bbb7f582d
chr17_58692659_TTC_,train,inframe_indel,pos_component_6,1,[6],8ca1d1b253a53d9e
chr17_58692659_TTC_AGC,train,missense,pos_component_6,1,[6],7c0a28dd523f9071
chr17_58692659_TTC_ATT,train,missense,pos_component_6,1,[6],ed9e1a5ba6e5cd1e
chr17_58692659_TTC_CTG,train,missense,pos_component_6,1,[6],94566ed8301693c3
chr17_58692659_TTC_GCC,train,missense,pos_component_6,1,[6],d66d99b6fbe4443a
chr17_58692659_TTC_GTG,train,missense,pos_component_6,1,[6],ba6792f3457ebf5c
chr17_58692659_TTC_TAT,train,missense,pos_component_6,1,[6],52046582ca25a3b1
chr17_58692659_TTC_TGT,train,missense,pos_component_6,1,[6],6c94fcbb574bc418
chr17_58692659_T_A,train,missense,pos_component_6,1,[6],ed9e1a5ba6e5cd1e
chr17_58692659_T_C,train,missense,pos_component_6,1,[6],94566ed8301693c3
chr17_58692659_T_G,train,missense,pos_component_6,1,[6],ba6792f3457ebf5c
chr17_58692660_T_A,train,missense,pos_component_6,1,[6],52046582ca25a3b1
chr17_58692660_T_C,train,missense,pos_component_6,1,[6],7c0a28dd523f9071
chr17_58692660_T_G,train,missense,pos_component_6,1,[6],6c94fcbb574bc418
chr17_58692661_C_A,train,missense,pos_component_6,1,[6],94566ed8301693c3
chr17_58692661_C_G,train,missense,pos_component_6,1,[6],94566ed8301693c3
chr17_58692661_C_T,train,synonymous,pos_component_6,1,[6],faddb46b6e0ded9c
chr17_58692662_CGC_,val,inframe_indel,pos_component_7,2,[7],3b48262ec236813a
chr17_58692662_CGC_AGA,val,synonymous,pos_component_7,2,[7],0a5f3f0a1c8646b7
chr17_58692662_CGC_AGG,val,synonymous,pos_component_7,2,[7],0a5f3f0a1c8646b7
chr17_58692662_CGC_CAT,val,missense,pos_component_7,2,[7],e663225b1a25ee41
chr17_58692662_CGC_CCT,val,missense,pos_component_7,2,[7],ae7f676581a9f8b4
chr17_58692662_CGC_CTG,val,missense,pos_component_7,2,[7],f9ccf393798d440a
chr17_58692662_CGC_GCC,val,missense,pos_component_7,2,[7],5bc40401b2864b3e
chr17_58692662_CGC_GGA,val,missense,pos_component_7,2,[7],57dc121400be78ac
chr17_58692662_CGC_TCC,val,missense,pos_component_7,2,[7],5c8fbda2ec1223cc
chr17_58692662_CGC_TGT,val,missense,pos_component_7,2,[7],f53cf3ad211e6688
chr17_58692662_C_A,val,missense,pos_component_7,2,[7],5c8fbda2ec1223cc
chr17_58692662_C_G,val,missense,pos_component_7,2,[7],57dc121400be78ac
chr17_58692662_C_T,val,missense,pos_component_7,2,[7],f53cf3ad211e6688
chr17_58692663_G_A,val,missense,pos_component_7,2,[7],e663225b1a25ee41
chr17_58692663_G_C,val,missense,pos_component_7,2,[7],ae7f676581a9f8b4
chr17_58692663_G_T,val,missense,pos_component_7,2,[7],f9ccf393798d440a
chr17_58692664_C_A,val,synonymous,pos_component_7,2,[7],0a5f3f0a1c8646b7
chr17_58692664_C_G,val,synonymous,pos_component_7,2,[7],0a5f3f0a1c8646b7
chr17_58692664_C_T,val,synonymous,pos_component_7,2,[7],0a5f3f0a1c8646b7
chr17_58692665_TTT_,test,inframe_indel,pos_component_8,6,[8],2dbfd257a0b88666
chr17_58692665_TTT_AGC,test,missense,pos_component_8,6,[8],953e9f5bea0db5be
chr17_58692665_TTT_ATC,test,missense,pos_component_8,6,[8],47f3e4c719d259c5
chr17_58692665_TTT_CTG,test,missense,pos_component_8,6,[8],d41734076365ad58
chr17_58692665_TTT_GCC,test,missense,pos_component_8,6,[8],11cc2c7c72b8e749
chr17_58692665_TTT_GTG,test,missense,pos_component_8,6,[8],03dc1025ab6d2adb
chr17_58692665_TTT_TAC,test,missense,pos_component_8,6,[8],49331bc7abf40ad7
chr17_58692665_TTT_TGC,test,missense,pos_component_8,6,[8],4bd0ae518840339b
chr17_58692665_T_A,test,missense,pos_component_8,6,[8],47f3e4c719d259c5
chr17_58692665_T_C,test,missense,pos_component_8,6,[8],d41734076365ad58
chr17_58692665_T_G,test,missense,pos_component_8,6,[8],03dc1025ab6d2adb
chr17_58692666_T_A,test,missense,pos_component_8,6,[8],49331bc7abf40ad7
chr17_58692666_T_C,test,missense,pos_component_8,6,[8],953e9f5bea0db5be
chr17_58692666_T_G,test,missense,pos_component_8,6,[8],4bd0ae518840339b
chr17_58692667_T_A,test,missense,pos_component_8,6,[8],d41734076365ad58
chr17_58692667_T_C,test,synonymous,pos_component_8,6,[8],239346ce8dab2c75
chr17_58692667_T_G,test,missense,pos_component_8,6,[8],d41734076365ad58
chr17_58692668_GAA_,train,inframe_indel,pos_component_9,2,[9],ef558a03639c7992
chr17_58692668_GAA_AAG,train,missense,pos_component_9,2,[9],7574bdc6d32576b6
chr17_58692668_GAA_CAG,train,missense,pos_component_9,2,[9],3ec025f7b4152831
chr17_58692668_GAA_GCC,train,missense,pos_component_9,2,[9],f2db6e2a1cc307f8
chr17_58692668_GAA_GGC,train,missense,pos_component_9,2,[9],3a06a0de7144a66e
chr17_58692668_GAA_GTG,train,missense,pos_component_9,2,[9],15604315860e342b
chr17_58692668_G_A,train,missense,pos_component_9,2,[9],7574bdc6d32576b6
chr17_58692668_G_C,train,missense,pos_component_9,2,[9],3ec025f7b4152831
chr17_58692669_A_C,train,missense,pos_component_9,2,[9],f2db6e2a1cc307f8
chr17_58692669_A_G,train,missense,pos_component_9,2,[9],3a06a0de7144a66e
chr17_58692669_A_T,train,missense,pos_component_9,2,[9],15604315860e342b
chr17_58692670_A_C,train,missense,pos_component_9,2,[9],4503808925852146
chr17_58692670_A_G,train,synonymous,pos_component_9,2,[9],a678d4102dbd1468
chr17_58692670_A_T,train,missense,pos_component_9,2,[9],4503808925852146
chr17_58692671_ATG_,train,inframe_indel,pos_component_10,0,[10],4b8c726adbafee7b
chr17_58692671_ATG_AAA,train,missense,pos_component_10,0,[10],aa7dcc63a00c1fb3
chr17_58692671_ATG_ACC,train,missense,pos_component_10,0,[10],7a759ed63b6de697
chr17_58692671_ATG_CGG,train,missense,pos_component_10,0,[10],04c29efa44447bde
chr17_58692671_ATG_CTC,train,missense,pos_component_10,0,[10],e578d4ba4e8c4863
chr17_58692671_ATG_GCC,train,missense,pos_component_10,0,[10],1336c77eeeec47bf
chr17_58692671_ATG_GTC,train,missense,pos_component_10,0,[10],17bcc37391424991
chr17_58692671_A_C,train,missense,pos_component_10,0,[10],e578d4ba4e8c4863
chr17_58692671_A_G,train,missense,pos_component_10,0,[10],17bcc37391424991
chr17_58692671_A_T,train,missense,pos_component_10,0,[10],e578d4ba4e8c4863
chr17_58692672_T_A,train,missense,pos_component_10,0,[10],aa7dcc63a00c1fb3
chr17_58692672_T_C,train,missense,pos_component_10,0,[10],7a759ed63b6de697
chr17_58692672_T_G,train,missense,pos_component_10,0,[10],04c29efa44447bde
chr17_58692673_G_A,train,missense,pos_component_10,0,[10],4a337a0eacd8b9ff
chr17_58692673_G_C,train,missense,pos_component_10,0,[10],4a337a0eacd8b9ff
chr17_58692673_G_T,train,missense,pos_component_10,0,[10],4a337a0eacd8b9ff
chr17_58692674_CAG_,train,inframe_indel,pos_component_11,6,[11],7bd23f7d2d55de91
chr17_58692674_CAG_AAA,train,missense,pos_component_11,6,[11],a0c75cd86e35e744
chr17_58692674_CAG_AGA,train,missense,pos_component_11,6,[11],7be6e2dbd8490d61
chr17_58692674_CAG_CCC,train,missense,pos_component_11,6,[11],326f42349ea07c06
chr17_58692674_CAG_CTC,train,missense,pos_component_11,6,[11],1e13a38ad5c33318
chr17_58692674_CAG_GAA,train,missense,pos_component_11,6,[11],967a910adadad1e9
chr17_58692674_CAG_GCC,train,missense,pos_component_11,6,[11],ade57ea2b837dc2e
chr17_58692674_C_A,train,missense,pos_component_11,6,[11],a0c75cd86e35e744
chr17_58692674_C_G,train,missense,pos_component_11,6,[11],967a910adadad1e9
chr17_58692675_A_C,train,missense,pos_component_11,6,[11],326f42349ea07c06
chr17_58692675_A_G,train,missense,pos_component_11,6,[11],7be6e2dbd8490d61
chr17_58692675_A_T,train,missense,pos_component_11,6,[11],1e13a38ad5c33318
chr17_58692676_G_A,train,synonymous,pos_component_11,6,[11],ba4ab1c222d01e89
chr17_58692676_G_C,train,missense,pos_component_11,6,[11],572aa189dfbf2cc4
chr17_58692676_G_T,train,missense,pos_component_11,6,[11],572aa189dfbf2cc4
chr17_58692677_CGG_,val,inframe_indel,pos_component_12,5,[12],9cf352d6f8eadfe7
chr17_58692677_CGG_AGA,val,synonymous,pos_component_12,5,[12],4a9bec4d27829482
chr17_58692677_CGG_CAA,val,missense,pos_component_12,5,[12],87fe091b79938130
chr17_58692677_CGG_CCC,val,missense,pos_component_12,5,[12],c3d9c5552d83b9f8
chr17_58692677_CGG_CTC,val,missense,pos_component_12,5,[12],2815d8e99e4e9692
chr17_58692677_CGG_GCC,val,missense,pos_component_12,5,[12],ebc5cc2aab70473b
chr17_58692677_CGG_GGC,val,missense,pos_component_12,5,[12],ada16d0c9a04682f
chr17_58692677_C_A,val,synonymous,pos_component_12,5,[12],4a9bec4d27829482
chr17_58692677_C_G,val,missense,pos_component_12,5,[12],ada16d0c9a04682f
chr17_58692677_C_T,val,missense,pos_component_12,5,[12],ce959618690650f1
chr17_58692678_G_A,val,missense,pos_component_12,5,[12],87fe091b79938130
chr17_58692678_G_C,val,missense,pos_component_12,5,[12],c3d9c5552d83b9f8
chr17_58692678_G_T,val,missense,pos_component_12,5,[12],2815d8e99e4e9692
chr17_58692679_G_A,val,synonymous,pos_component_12,5,[12],4a9bec4d27829482
chr17_58692679_G_C,val,synonymous,pos_component_12,5,[12],4a9bec4d27829482
chr17_58692679_G_T,val,synonymous,pos_component_12,5,[12],4a9bec4d27829482
chr17_58692680_GAT_,train,inframe_indel,pos_component_13,5,[13],0fea2149d5cb791e
chr17_58692680_GAT_AAC,train,missense,pos_component_13,5,[13],412e8d6ca9952418
chr17_58692680_GAT_CAC,train,missense,pos_component_13,5,[13],5f00983fc5f194d5
chr17_58692680_GAT_GCC,train,missense,pos_component_13,5,[13],b239dc20c0cbe620
chr17_58692680_GAT_GGC,train,missense,pos_component_13,5,[13],cf5396785b247423
chr17_58692680_GAT_GTG,train,missense,pos_component_13,5,[13],e1fead0565b8e958
chr17_58692680_GAT_TAC,train,missense,pos_component_13,5,[13],44ab606f8af51424
chr17_58692680_G_A,train,missense,pos_component_13,5,[13],412e8d6ca9952418
chr17_58692680_G_C,train,missense,pos_component_13,5,[13],5f00983fc5f194d5
chr17_58692680_G_T,train,missense,pos_component_13,5,[13],44ab606f8af51424
chr17_58692681_A_C,train,missense,pos_component_13,5,[13],b239dc20c0cbe620
chr17_58692681_A_G,train,missense,pos_component_13,5,[13],cf5396785b247423
chr17_58692681_A_T,train,missense,pos_component_13,5,[13],e1fead0565b8e958
chr17_58692682_T_A,train,missense,pos_component_13,5,[13],9463b985c5d54bd2
chr17_58692682_T_C,train,synonymous,pos_component_13,5,[13],f5fc7beb3a336094
chr17_58692682_T_G,train,missense,pos_component_13,5,[13],9463b985c5d54bd2
chr17_58692683_TTG_,train,inframe_indel,pos_component_14,2,[14],c7b4140809c6643c
chr17_58692683_TTG_AGC,train,missense,pos_component_14,2,[14],523f414b8c1d22cc
chr17_58692683_TTG_CTA,train,synonymous,pos_component_14,2,[14],47344742e271e5d6
chr17_58692683_TTG_CTC,train,synonymous,pos_component_14,2,[14],47344742e271e5d6
chr17_58692683_TTG_CTT,train,synonymous,pos_component_14,2,[14],47344742e271e5d6
chr17_58692683_TTG_GCC,train,missense,pos_component_14,2,[14],25ba529a5f1a7093
chr17_58692683_TTG_GTC,train,missense,pos_component_14,2,[14],f09b7512d445261a
chr17_58692683_T_A,train,missense,pos_component_14,2,[14],8e8935f4fb4f98cb
chr17_58692683_T_C,train,synonymous,pos_component_14,2,[14],47344742e271e5d6
chr17_58692683_T_G,train,missense,pos_component_14,2,[14],f09b7512d445261a
chr17_58692684_T_C,train,missense,pos_component_14,2,[14],523f414b8c1d22cc
chr17_58692684_T_G,train,missense,pos_component_14,2,[14],1c86ae72176b633d
chr17_58692685_G_A,train,synonymous,pos_component_14,2,[14],47344742e271e5d6
chr17_58692685_G_C,train,missense,pos_component_14,2,[14],fc8dba2a94dd91f1
chr17_58692685_G_T,train,missense,pos_component_14,2,[14],fc8dba2a94dd91f1
chr17_58692686_GTG_,val,inframe_indel,pos_component_15,5,[15],965889086e436250
chr17_58692686_GTG_CTC,val,missense,pos_component_15,5,[15],c1516d6a632eda7e
chr17_58692686_GTG_GAA,val,missense,pos_component_15,5,[15],631f618f018ffd5c
chr17_58692686_GTG_GCC,val,missense,pos_component_15,5,[15],47f69c2316ebdd0e
chr17_58692686_GTG_GGC,val,missense,pos_component_15,5,[15],77228cff6f0e8a1e
chr17_58692686_G_A,val,missense,pos_component_15,5,[15],74db7a80d43441a1
chr17_58692686_G_C,val,missense,pos_component_15,5,[15],c1516d6a632eda7e
chr17_58692686_G_T,val,missense,pos_component_15,5,[15],c1516d6a632eda7e
chr17_58692687_T_A,val,missense,pos_component_15,5,[15],631f618f018ffd5c
chr17_58692687_T_C,val,missense,pos_component_15,5,[15],47f69c2316ebdd0e
chr17_58692687_T_G,val,missense,pos_component_15,5,[15],77228cff6f0e8a1e
chr17_58692688_G_A,val,synonymous,pos_component_15,5,[15],cd898e9924093dec
chr17_58692688_G_C,val,synonymous,pos_component_15,5,[15],cd898e9924093dec
chr17_58692688_G_T,val,synonymous,pos_component_15,5,[15],cd898e9924093dec
chr17_58692689_AGT_,test,inframe_indel,pos_component_16,5,[16],81f4675b3f9f9f2d
chr17_58692689_AGT_AAC,test,missense,pos_component_16,5,[16],e2c2f8642559335b
chr17_58692689_AGT_ACC,test,missense,pos_component_16,5,[16],3d1fc0e8fb334a2b
chr17_58692689_AGT_ATC,test,missense,pos_component_16,5,[16],e88dcedd509e3aa0
chr17_58692689_AGT_CGG,test,missense,pos_component_16,5,[16],b228335058d628ba
chr17_58692689_AGT_GCC,test,missense,pos_component_16,5,[16],bb7d3437702a786c
chr17_58692689_AGT_GGC,test,missense,pos_component_16,5,[16],ddf347b705d8f3ba
chr17_58692689_AGT_TCA,test,synonymous,pos_component_16,5,[16],e9ad6ac709902fe7
chr17_58692689_AGT_TCC,test,synonymous,pos_component_16,5,[16],e9ad6ac709902fe7
chr17_58692689_AGT_TCG,test,synonymous,pos_component_16,5,[16],e9ad6ac709902fe7
chr17_58692689_AGT_TCT,test,synonymous,pos_component_16,5,[16],e9ad6ac709902fe7
chr17_58692689_AGT_TGC,test,missense,pos_component_16,5,[16],b4dec351c86177c0
chr17_58692689_A_C,test,missense,pos_component_16,5,[16],b228335058d628ba
chr17_58692689_A_G,test,missense,pos_component_16,5,[16],ddf347b705d8f3ba
chr17_58692689_A_T,test,missense,pos_component_16,5,[16],b4dec351c86177c0
chr17_58692690_G_A,test,missense,pos_component_16,5,[16],e2c2f8642559335b
chr17_58692690_G_C,test,missense,pos_component_16,5,[16],3d1fc0e8fb334a2b
chr17_58692690_G_T,test,missense,pos_component_16,5,[16],e88dcedd509e3aa0
chr17_58692691_T_A,test,missense,pos_component_16,5,[16],b228335058d628ba
chr17_58692691_T_C,test,synonymous,pos_component_16,5,[16],e9ad6ac709902fe7
chr17_58692691_T_G,test,missense,pos_component_16,5,[16],b228335058d628ba
chr17_58692692_TTC_,test,inframe_indel,pos_component_17,5,[17],462a671ee7e2dc2e
chr17_58692692_TTC_AGC,test,missense,pos_component_17,5,[17],9bfbb2f9d8dcabcf
chr17_58692692_TTC_ATT,test,missense,pos_component_17,5,[17],fd62e6a9e3f6cc28
chr17_58692692_TTC_CTG,test,missense,pos_component_17,5,[17],b31d26d808a32af2
chr17_58692692_TTC_GCC,test,missense,pos_component_17,5,[17],3db0ac070c299dd5
chr17_58692692_TTC_GTG,test,missense,pos_component_17,5,[17],3c72db87d5ca6e4f
chr17_58692692_TTC_TAT,test,missense,pos_component_17,5,[17],43eb96b8e3104756
chr17_58692692_TTC_TGT,test,missense,pos_component_17,5,[17],ccd0fbab18c52d8b
chr17_58692692_T_A,test,missense,pos_component_17,5,[17],fd62e6a9e3f6cc28
chr17_58692692_T_C,test,missense,pos_component_17,5,[17],b31d26d808a32af2
chr17_58692692_T_G,test,missense,pos_component_17,5,[17],3c72db87d5ca6e4f
chr17_58692693_T_A,test,missense,pos_component_17,5,[17],43eb96b8e3104756
chr17_58692693_T_C,test,missense,pos_component_17,5,[17],9bfbb2f9d8dcabcf
chr17_58692693_T_G,test,missense,pos_component_17,5,[17],ccd0fbab18c52d8b
chr17_58692694_C_A,test,missense,pos_component_17,5,[17],b31d26d808a32af2
chr17_58692694_C_G,test,missense,pos_component_17,5,[17],b31d26d808a32af2
chr17_58692694_C_T,test,synonymous,pos_component_17,5,[17],75eea4abcd4ac9d0
chr17_58692695_CCG_,test,inframe_indel,pos_component_18,2,[18],a1dfbb5745368008
chr17_58692695_CCG_ACC,test,missense,pos_component_18,2,[18],7086d0ee2118b9ba
chr17_58692695_CCG_AGA,test,missense,pos_component_18,2,[18],bf2d17f24a6ac6a8
chr17_58692695_CCG_AGC,test,missense,pos_component_18,2,[18],6e4b0c319adc7532
chr17_58692695_CCG_CAA,test,missense,pos_component_18,2,[18],66658119846b1898
chr17_58692695_CCG_CTC,test,missense,pos_component_18,2,[18],f713ebd7767f2dc1
chr17_58692695_CCG_GCC,test,missense,pos_component_18,2,[18],b2ed2a949afc669b
chr17_58692695_C_A,test,missense,pos_component_18,2,[18],7086d0ee2118b9ba
chr17_58692695_C_G,test,missense,pos_component_18,2,[18],b2ed2a949afc669b
chr17_58692695_C_T,test,missense,pos_component_18,2,[18],6e4b0c319adc7532
chr17_58692696_C_A,test,missense,pos_component_18,2,[18],66658119846b1898
chr17_58692696_C_G,test,missense,pos_component_18,2,[18],bf2d17f24a6ac6a8
chr17_58692696_C_T,test,missense,pos_component_18,2,[18],f713ebd7767f2dc1
chr17_58692697_G_A,test,synonymous,pos_component_18,2,[18],4733e18ffbd71a71
chr17_58692697_G_C,test,synonymous,pos_component_18,2,[18],4733e18ffbd71a71
chr17_58692697_G_T,test,synonymous,pos_component_18,2,[18],4733e18ffbd71a71
chr17_58692698_CTG_,val,inframe_indel,pos_component_19,2,[19],8bb864e717908b81
chr17_58692698_CTG_AGA,val,missense,pos_component_19,2,[19],e4a86a19d2b72e48
chr17_58692698_CTG_CAA,val,missense,pos_component_19,2,[19],c4d102570f1d16ad
chr17_58692698_CTG_CCC,val,missense,pos_component_19,2,[19],acea61726f838961
chr17_58692698_CTG_GCC,val,missense,pos_component_19,2,[19],66875c6eb3fa0a26
chr17_58692698_CTG_GTC,val,missense,pos_component_19,2,[19],10d9e01f0cbfa72d
chr17_58692698_CTG_TTA,val,synonymous,pos_component_19,2,[19],63c1db385a4c2579
chr17_58692698_C_A,val,missense,pos_component_19,2,[19],ba7d6a0d211aec87
chr17_58692698_C_G,val,missense,pos_component_19,2,[19],10d9e01f0cbfa72d
chr17_58692698_C_T,val,synonymous,pos_component_19,2,[19],63c1db385a4c2579
chr17_58692699_T_A,val,missense,pos_component_19,2,[19],c4d102570f1d16ad
chr17_58692699_T_C,val,missense,pos_component_19,2,[19],acea61726f838961
chr17_58692699_T_G,val,missense,pos_component_19,2,[19],e4a86a19d2b72e48
chr17_58692700_G_A,val,synonymous,pos_component_19,2,[19],63c1db385a4c2579
chr17_58692700_G_C,val,synonymous,pos_component_19,2,[19],63c1db385a4c2579
chr17_58692700_G_T,val,synonymous,pos_component_19,2,[19],63c1db385a4c2579
chr17_58692701_TCT_,train,inframe_indel,pos_component_20,0,[20],fe365b384f03f39d
chr17_58692701_TCT_ACC,train,missense,pos_component_20,0,[20],df25ea0aa309fe5b
chr17_58692701_TCT_AGC,train,synonymous,pos_component_20,0,[20],75947ae58af39fdf
chr17_58692701_TCT_AGT,train,synonymous,pos_component_20,0,[20],75947ae58af39fdf
chr17_58692701_TCT_CCC,train,missense,pos_component_20,0,[20],e76f83040b17d635
chr17_58692701_TCT_GCC,train,missense,pos_component_20,0,[20],0ba923870c433181
chr17_58692701_TCT_TAC,train,missense,pos_component_20,0,[20],bebd04a2dd59dcb0
chr17_58692701_TCT_TGC,train,missense,pos_component_20,0,[20],4d75142ad749b99e
chr17_58692701_TCT_TTC,train,missense,pos_component_20,0,[20],18d9239ed87040fb
chr17_58692701_T_A,train,missense,pos_component_20,0,[20],df25ea0aa309fe5b
chr17_58692701_T_C,train,missense,pos_component_20,0,[20],e76f83040b17d635
chr17_58692701_T_G,train,missense,pos_component_20,0,[20],0ba923870c433181
chr17_58692702_C_A,train,missense,pos_component_20,0,[20],bebd04a2dd59dcb0
chr17_58692702_C_G,train,missense,pos_component_20,0,[20],4d75142ad749b99e
chr17_58692702_C_T,train,missense,pos_component_20,0,[20],18d9239ed87040fb
chr17_58692703_T_A,train,synonymous,pos_component_20,0,[20],75947ae58af39fdf
chr17_58692703_T_C,train,synonymous,pos_component_20,0,[20],75947ae58af39fdf
chr17_58692703_T_G,train,synonymous,pos_component_20,0,[20],75947ae58af39fdf
chr17_58692704_CCG_,train,inframe_indel,pos_component_21,4,[21],182d1796e3c948b2
chr17_58692704_CCG_ACC,train,missense,pos_component_21,4,[21],34a766f828d692af
chr17_58692704_CCG_AGA,train,missense,pos_component_21,4,[21],5f2c3c630554d231
chr17_58692704_CCG_AGC,train,missense,pos_component_21,4,[21],92fcad671250bd8b
chr17_58692704_CCG_CAA,train,missense,pos_component_21,4,[21],925955800099a48e
chr17_58692704_CCG_CTC,train,missense,pos_component_21,4,[21],f4d6d6b69532559a
chr17_58692704_CCG_GCC,train,missense,pos_component_21,4,[21],7842cb41eb92a0fd
chr17_58692704_C_A,train,missense,pos_component_21,4,[21],34a766f828d692af
chr17_58692704_C_G,train,missense,pos_component_21,4,[21],7842cb41eb92a0fd
chr17_58692704_C_T,train,missense,pos_component_21,4,[21],92fcad671250bd8b
chr17_58692705_C_A,train,missense,pos_component_21,4,[21],925955800099a48e
chr17_58692705_C_G,train,missense,pos_component_21,4,[21],5f2c3c630554d231
chr17_58692705_C_T,train,missense,pos_component_21,4,[21],f4d6d6b69532559a
chr17_58692706_G_C,train,synonymous,pos_component_21,4,[21],14c6b68346c4e637
chr17_58692706_G_T,train,synonymous,pos_component_21,4,[21],14c6b68346c4e637
chr17_58692707_GCA_,train,inframe_indel,pos_component_22,6,[22],ef3f7b2c0c1fd176
chr17_58692707_GCA_ACC,train,missense,pos_component_22,6,[22],acded6de5472a67b
chr17_58692707_GCA_AGC,train,missense,pos_component_22,6,[22],bfbd49f001dfbe78
chr17_58692707_GCA_CCC,train,missense,pos_component_22,6,[22],de53617b4fda1ead
chr17_58692707_GCA_GAG,train,missense,pos_component_22,6,[22],0dabfaae41dc7449
chr17_58692707_GCA_GGC,train,missense,pos_component_22,6,[22],d792a0615dad145c
chr17_58692707_GCA_GTG,train,missense,pos_component_22,6,[22],d57f7cef98a3a0a2
chr17_58692707_G_A,train,missense,pos_component_22,6,[22],acded6de5472a67b
chr17_58692707_G_C,train,missense,pos_component_22,6,[22],de53617b4fda1ead
chr17_58692707_G_T,train,missense,pos_component_22,6,[22],bfbd49f001dfbe78
chr17_58692708_C_A,train,missense,pos_component_22,6,[22],0dabfaae41dc7449
chr17_58692708_C_G,train,missense,pos_component_22,6,[22],d792a0615dad145c
chr17_58692708_C_T,train,missense,pos_component_22,6,[22],d57f7cef98a3a0a2
chr17_58692709_A_C,train,synonymous,pos_component_22,6,[22],6ce92c3a805480d0
chr17_58692709_A_T,train,synonymous,pos_component_22,6,[22],6ce92c3a805480d0
chr17_58692710_GTG_,val,inframe_indel,pos_component_23,6,[23],47903eb533d0cb48
chr17_58692710_GTG_CTC,val,missense,pos_component_23,6,[23],bcc35a388ed144a0
chr17_58692710_GTG_GAA,val,missense,pos_component_23,6,[23],3d860b72968f9ddc
chr17_58692710_GTG_GCC,val,missense,pos_component_23,6,[23],ae51998e07e23aa5
chr17_58692710_GTG_GGC,val,missense,pos_component_23,6,[23],fd5c3658b9308925
chr17_58692710_G_A,val,missense,pos_component_23,6,[23],9b692b3cde1f5ec2
chr17_58692710_G_C,val,missense,pos_component_23,6,[23],bcc35a388ed144a0
chr17_58692710_G_T,val,missense,pos_component_23,6,[23],bcc35a388ed144a0
chr17_58692711_T_A,val,missense,pos_component_23,6,[23],3d860b72968f9ddc
chr17_58692711_T_C,val,missense,pos_component_23,6,[23],ae51998e07e23aa5
chr17_58692711_T_G,val,missense,pos_component_23,6,[23],fd5c3658b9308925
chr17_58692712_G_A,val,synonymous,pos_component_23,6,[23],7dc5dccc0c37c880
chr17_58692712_G_C,val,synonymous,pos_component_23,6,[23],7dc5dccc0c37c880
chr17_58692712_G_T,val,synonymous,pos_component_23,6,[23],7dc5dccc0c37c880
chr17_58692713_CGG_,test,inframe_indel,pos_component_24,4,[24],fd55e795d07d098c
chr17_58692713_CGG_AGA,test,synonymous,pos_component_24,4,[24],71b15ca32589f687
chr17_58692713_CGG_CAA,test,missense,pos_component_24,4,[24],8e8a25fa3cd298b6
chr17_58692713_CGG_CCC,test,missense,pos_component_24,4,[24],eeef08ee7e409de8
chr17_58692713_CGG_CTC,test,missense,pos_component_24,4,[24],4044b7511678e6b6
chr17_58692713_CGG_GCC,test,missense,pos_component_24,4,[24],2046374852b77db9
chr17_58692713_CGG_GGC,test,missense,pos_component_24,4,[24],6921a5d69c5549c5
chr17_58692713_C_A,test,synonymous,pos_component_24,4,[24],71b15ca32589f687
chr17_58692713_C_G,test,missense,pos_component_24,4,[24],6921a5d69c5549c5
chr17_58692713_C_T,test,missense,pos_component_24,4,[24],f74aa420a8b3cbe8
chr17_58692714_G_A,test,missense,pos_component_24,4,[24],8e8a25fa3cd298b6
chr17_58692714_G_C,test,missense,pos_component_24,4,[24],eeef08ee7e409de8
chr17_58692714_G_T,test,missense,pos_component_24,4,[24],4044b7511678e6b6
chr17_58692715_G_A,test,synonymous,pos_component_24,4,[24],71b15ca32589f687
chr17_58692715_G_C,test,synonymous,pos_component_24,4,[24],71b15ca32589f687
chr17_58692715_G_T,test,synonymous,pos_component_24,4,[24],71b15ca32589f687
chr17_58692716_GTG_,test,inframe_indel,pos_component_25,1,[25],426f66337f48cdec
chr17_58692716_GTG_CTC,test,missense,pos_component_25,1,[25],83b5f081e2dcccd4
chr17_58692716_GTG_GAA,test,missense,pos_component_25,1,[25],7b27af443842fe60
chr17_58692716_GTG_GCC,test,missense,pos_component_25,1,[25],5be3d82af4072862
chr17_58692716_GTG_GGC,test,missense,pos_component_25,1,[25],b9abdebfacbcb129
chr17_58692716_G_A,test,missense,pos_component_25,1,[25],a2d585ea78be8a0a
chr17_58692716_G_C,test,missense,pos_component_25,1,[25],83b5f081e2dcccd4
chr17_58692716_G_T,test,missense,pos_component_25,1,[25],83b5f081e2dcccd4
chr17_58692717_T_A,test,missense,pos_component_25,1,[25],7b27af443842fe60
chr17_58692717_T_C,test,missense,pos_component_25,1,[25],5be3d82af4072862
chr17_58692717_T_G,test,missense,pos_component_25,1,[25],b9abdebfacbcb129
chr17_58692718_G_A,test,synonymous,pos_component_25,1,[25],dfb744a6151b05dd
chr17_58692718_G_C,test,synonymous,pos_component_25,1,[25],dfb744a6151b05dd
chr17_58692718_G_T,test,synonymous,pos_component_25,1,[25],dfb744a6151b05dd
chr17_58692719_AAG_,train,inframe_indel,pos_component_26,0,[26],5210527d8dbb6039
chr17_58692719_AAG_ACC,train,missense,pos_component_26,0,[26],8ec5fab9273ad369
chr17_58692719_AAG_CAA,train,missense,pos_component_26,0,[26],64597cf916b3a977
chr17_58692719_AAG_CGG,train,missense,pos_component_26,0,[26],093603717e23b0d1
chr17_58692719_AAG_GAA,train,missense,pos_component_26,0,[26],bd9d2f06ec484491
chr17_58692719_AAG_GCC,train,missense,pos_component_26,0,[26],62cb31a27bd3b5c6
chr17_58692719_A_C,train,missense,pos_component_26,0,[26],64597cf916b3a977
chr17_58692719_A_G,train,missense,pos_component_26,0,[26],bd9d2f06ec484491
chr17_58692720_A_C,train,missense,pos_component_26,0,[26],8ec5fab9273ad369
chr17_58692720_A_G,train,missense,pos_component_26,0,[26],093603717e23b0d1
chr17_58692720_A_T,train,missense,pos_component_26,0,[26],715ebbaa8937f97d
chr17_58692721_G_A,train,synonymous,pos_component_26,0,[26],1025fbf395fde04d
chr17_58692721_G_C,train,missense,pos_component_26,0,[26],7a57fa50c723cf7e
chr17_58692721_G_T,train,missense,pos_component_26,0,[26],7a57fa50c723cf7e
chr17_58692722_CTG_,train,inframe_indel,pos_component_27,4,[27],abf87718282df81d
chr17_58692722_CTG_AGA,train,missense,pos_component_27,4,[27],9538b4bdad1bf381
chr17_58692722_CTG_CAA,train,missense,pos_component_27,4,[27],8f72503eb7459203
chr17_58692722_CTG_CCC,train,missense,pos_component_27,4,[27],dadc8e9f0773464a
chr17_58692722_CTG_GCC,train,missense,pos_component_27,4,[27],f15ff5cc898001e9
chr17_58692722_CTG_GTC,train,missense,pos_component_27,4,[27],2a0b7cd804944df7
chr17_58692722_CTG_TTA,train,synonymous,pos_component_27,4,[27],dedab9fd1837fbf2
chr17_58692722_C_A,train,missense,pos_component_27,4,[27],5bc7b17ca2dd6120
chr17_58692722_C_G,train,missense,pos_component_27,4,[27],2a0b7cd804944df7
chr17_58692722_C_T,train,synonymous,pos_component_27,4,[27],dedab9fd1837fbf2
chr17_58692723_T_A,train,missense,pos_component_27,4,[27],8f72503eb7459203
chr17_58692723_T_C,train,missense,pos_component_27,4,[27],dadc8e9f0773464a
chr17_58692723_T_G,train,missense,pos_component_27,4,[27],9538b4bdad1bf381
chr17_58692724_G_A,train,synonymous,pos_component_27,4,[27],dedab9fd1837fbf2
chr17_58692724_G_C,train,synonymous,pos_component_27,4,[27],dedab9fd1837fbf2
chr17_58692724_G_T,train,synonymous,pos_component_27,4,[27],dedab9fd1837fbf2
chr17_58692725_GTG_,train,inframe_indel,pos_component_28,4,[28],bb89c0cb1efbe23f
chr17_58692725_GTG_CTC,train,missense,pos_component_28,4,[28],bade5ea2bbc13f1a
chr17_58692725_GTG_GAA,train,missense,pos_component_28,4,[28],4e4006f66ae247fd
chr17_58692725_GTG_GCC,train,missense,pos_component_28,4,[28],57301615fc7949b2
chr17_58692725_GTG_GGC,train,missense,pos_component_28,4,[28],9332ea42e4d56452
chr17_58692725_G_A,train,missense,pos_component_28,4,[28],b15762df19739b31
chr17_58692725_G_C,train,missense,pos_component_28,4,[28],bade5ea2bbc13f1a
chr17_58692725_G_T,train,missense,pos_component_28,4,[28],bade5ea2bbc13f1a
chr17_58692726_T_A,train,missense,pos_component_28,4,[28],4e4006f66ae247fd
chr17_58692726_T_C,train,missense,pos_component_28,4,[28],57301615fc7949b2
chr17_58692726_T_G,train,missense,pos_component_28,4,[28],9332ea42e4d56452
chr17_58692727_G_A,train,synonymous,pos_component_28,4,[28],b88dcf33b6a6cd63
chr17_58692727_G_C,train,synonymous,pos_component_28,4,[28],b88dcf33b6a6cd63
chr17_58692727_G_T,train,synonymous,pos_component_28,4,[28],b88dcf33b6a6cd63
chr17_58692728_TCT_,train,inframe_indel,pos_component_29,6,[29],45bd26fdcbf7c32b
chr17_58692728_TCT_ACC,train,missense,pos_component_29,6,[29],4c9f9b64a6d6637f
chr17_58692728_TCT_AGC,train,synonymous,pos_component_29,6,[29],53ece329ca908e4f
chr17_58692728_TCT_AGT,train,synonymous,pos_component_29,6,[29],53ece329ca908e4f
chr17_58692728_TCT_CCC,train,missense,pos_component_29,6,[29],e41f4e21bcb21fb0
chr17_58692728_TCT_GCC,train,missense,pos_component_29,6,[29],7913246c08c00308
chr17_58692728_TCT_TAC,train,missense,pos_component_29,6,[29],67c3ddf10eba2bc2
chr17_58692728_TCT_TGC,train,missense,pos_component_29,6,[29],06466ffcbf4ce40d
chr17_58692728_TCT_TTC,train,missense,pos_component_29,6,[29],6db458a330bee18c
chr17_58692728_T_A,train,missense,pos_component_29,6,[29],4c9f9b64a6d6637f
chr17_58692728_T_C,train,missense,pos_component_29,6,[29],e41f4e21bcb21fb0
chr17_58692728_T_G,train,missense,pos_component_29,6,[29],7913246c08c00308
chr17_58692729_C_A,train,missense,pos_component_29,6,[29],67c3ddf10eba2bc2
chr17_58692729_C_G,train,missense,pos_component_29,6,[29],06466ffcbf4ce40d
chr17_58692729_C_T,train,missense,pos_component_29,6,[29],6db458a330bee18c
chr17_58692730_T_A,train,synonymous,pos_component_29,6,[29],53ece329ca908e4f
chr17_58692730_T_C,train,synonymous,pos_component_29,6,[29],53ece329ca908e4f
chr17_58692730_T_G,train,synonymous,pos_component_29,6,[29],53ece329ca908e4f
chr17_58692731_GCG_,train,inframe_indel,pos_component_30,0,[30],93ada610bb39bda2
chr17_58692731_GCG_ACC,train,missense,pos_component_30,0,[30],dca47fc31b1a7851
chr17_58692731_GCG_AGC,train,missense,pos_component_30,0,[30],86ffeb23814c0df7
chr17_58692731_GCG_CCC,train,missense,pos_component_30,0,[30],9ca9c6c2f64061c4
chr17_58692731_GCG_GAA,train,missense,pos_component_30,0,[30],312d297d72f6e4e8
chr17_58692731_GCG_GGC,train,missense,pos_component_30,0,[30],e0d41131e6f8c365
chr17_58692731_GCG_GTC,train,missense,pos_component_30,0,[30],05b16e1c454d489a
chr17_58692731_G_A,train,missense,pos_component_30,0,[30],dca47fc31b1a7851
chr17_58692731_G_C,train,missense,pos_component_30,0,[30],9ca9c6c2f64061c4
chr17_58692731_G_T,train,missense,pos_component_30,0,[30],86ffeb23814c0df7
chr17_58692732_C_A,train,missense,pos_component_30,0,[30],312d297d72f6e4e8
chr17_58692732_C_G,train,missense,pos_component_30,0,[30],e0d41131e6f8c365
chr17_58692732_C_T,train,missense,pos_component_30,0,[30],05b16e1c454d489a
chr17_58692733_G_A,train,synonymous,pos_component_30,0,[30],7204283309873fe0
chr17_58692733_G_C,train,synonymous,pos_component_30,0,[30],7204283309873fe0
chr17_58692733_G_T,train,synonymous,pos_component_30,0,[30],7204283309873fe0
chr17_58692734_GGG_,train,inframe_indel,pos_component_31,5,[31],52d2d2c17b4915a7
chr17_58692734_GGG_AGA,train,missense,pos_component_31,5,[31],64abfa0c4a4dc6e4
chr17_58692734_GGG_GAA,train,missense,pos_component_31,5,[31],9f38c22191ae588d
chr17_58692734_GGG_GCC,train,missense,pos_component_31,5,[31],2e14a5bceea1b0a9
chr17_58692734_GGG_GTC,train,missense,pos_component_31,5,[31],57b5a509e834602b
chr17_58692734_G_A,train,missense,pos_component_31,5,[31],64abfa0c4a4dc6e4
chr17_58692734_G_C,train,missense,pos_component_31,5,[31],64abfa0c4a4dc6e4
chr17_58692734_G_T,train,missense,pos_component_31,5,[31],e7e2c75819b6428d
chr17_58692735_G_A,train,missense,pos_component_31,5,[31],9f38c22191ae588d
chr17_58692735_G_C,train,missense,pos_component_31,5,[31],2e14a5bceea1b0a9
chr17_58692735_G_T,train,missense,pos_component_31,5,[31],57b5a509e834602b
chr17_58692736_G_A,train,synonymous,pos_component_31,5,[31],9bda7f02b713eb8d
chr17_58692736_G_C,train,synonymous,pos_component_31,5,[31],9bda7f02b713eb8d
chr17_58692736_G_T,train,synonymous,pos_component_31,5,[31],9bda7f02b713eb8d
chr17_58692737_TTC_,train,inframe_indel,pos_component_32,5,[32],f8d213fb7283d1a7
chr17_58692737_TTC_AGC,train,missense,pos_component_32,5,[32],5b3a52e35ad501a3
chr17_58692737_TTC_ATT,train,missense,pos_component_32,5,[32],6821287a8e18fb24
chr17_58692737_TTC_CTG,train,missense,pos_component_32,5,[32],2183391c26650683
chr17_58692737_TTC_GCC,train,missense,pos_component_32,5,[32],c30571a6d76c3bb6
chr17_58692737_TTC_GTG,train,missense,pos_component_32,5,[32],29488c35bc25c2fc
chr17_58692737_TTC_TAT,train,missense,pos_component_32,5,[32],0992ad20afdd291c
chr17_58692737_TTC_TGT,train,missense,pos_component_32,5,[32],4d1c927eda2615f1
chr17_58692737_T_A,train,missense,pos_component_32,5,[32],6821287a8e18fb24
chr17_58692737_T_C,train,missense,pos_component_32,5,[32],2183391c26650683
chr17_58692737_T_G,train,missense,pos_component_32,5,[32],29488c35bc25c2fc
chr17_58692738_T_A,train,missense,pos_component_32,5,[32],0992ad20afdd291c
chr17_58692738_T_C,train,missense,pos_component_32,5,[32],5b3a52e35ad501a3
chr17_58692738_T_G,train,missense,pos_component_32,5,[32],4d1c927eda2615f1
chr17_58692739_C_A,train,missense,pos_component_32,5,[32],2183391c26650683
chr17_58692739_C_G,train,missense,pos_component_32,5,[32],2183391c26650683
chr17_58692739_C_T,train,synonymous,pos_component_32,5,[32],c621097aee3ebc25
chr17_58692740_CAG_,test,inframe_indel,pos_component_33,1,[33],776c6738eacaba58
chr17_58692740_CAG_AAA,test,missense,pos_component_33,1,[33],1a493304efbf6d78
chr17_58692740_CAG_AGA,test,missense,pos_component_33,1,[33],42c03b0af3252770
chr17_58692740_CAG_CCC,test,missense,pos_component_33,1,[33],0f16b75f55ceb6f0
chr17_58692740_CAG_CTC,test,missense,pos_component_33,1,[33],81ee560f5fa7c437
chr17_58692740_CAG_GAA,test,missense,pos_component_33,1,[33],55d93e77abef1ec2
chr17_58692740_CAG_GCC,test,missense,pos_component_33,1,[33],fdc8db7cc8c28827
chr17_58692740_C_A,test,missense,pos_component_33,1,[33],1a493304efbf6d78
chr17_58692740_C_G,test,missense,pos_component_33,1,[33],55d93e77abef1ec2
chr17_58692741_A_C,test,missense,pos_component_33,1,[33],0f16b75f55ceb6f0
chr17_58692741_A_G,test,missense,pos_component_33,1,[33],42c03b0af3252770
chr17_58692741_A_T,test,missense,pos_component_33,1,[33],81ee560f5fa7c437
chr17_58692742_G_A,test,synonymous,pos_component_33,1,[33],2f1b9e4797f36d45
chr17_58692742_G_C,test,missense,pos_component_33,1,[33],cc405d8b2ff4258d
chr17_58692742_G_T,test,missense,pos_component_33,1,[33],cc405d8b2ff4258d
chr17_58692743_ACT_,train,inframe_indel,pos_component_34,4,[34],01a811f2f432a679
chr17_58692743_ACT_AAC,train,missense,pos_component_34,4,[34],cdacfaba5bc54485
chr17_58692743_ACT_AGC,train,missense,pos_component_34,4,[34],77c208b8eb939b5f
chr17_58692743_ACT_ATC,train,missense,pos_component_34,4,[34],1fa7ca463e8cfc98
chr17_58692743_ACT_CCC,train,missense,pos_component_34,4,[34],25d1ea4d62c789ba
chr17_58692743_ACT_GCC,train,missense,pos_component_34,4,[34],d6b3c2967ccf20c6
chr17_58692743_A_C,train,missense,pos_component_34,4,[34],25d1ea4d62c789ba
chr17_58692743_A_G,train,missense,pos_component_34,4,[34],d6b3c2967ccf20c6
chr17_58692743_A_T,train,missense,pos_component_34,4,[34],77c208b8eb939b5f
chr17_58692744_C_A,train,missense,pos_component_34,4,[34],cdacfaba5bc54485
chr17_58692744_C_G,train,missense,pos_component_34,4,[34],77c208b8eb939b5f
chr17_58692744_C_T,train,missense,pos_component_34,4,[34],1fa7ca463e8cfc98
chr17_58692745_T_A,train,synonymous,pos_component_34,4,[34],6dc081ad762f5e62
chr17_58692745_T_C,train,synonymous,pos_component_34,4,[34],6dc081ad762f5e62
chr17_58692745_T_G,train,synonymous,pos_component_34,4,[34],6dc081ad762f5e62
chr17_58692746_GCT_,train,inframe_indel,pos_component_35,2,[35],ddc8220b6bd7dd16
chr17_58692746_GCT_ACC,train,missense,pos_component_35,2,[35],bc9ecb07a359843e
chr17_58692746_GCT_AGC,train,missense,pos_component_35,2,[35],4431172ab81685ec
chr17_58692746_GCT_CCC,train,missense,pos_component_35,2,[35],1334b12d27e5a952
chr17_58692746_GCT_GAC,train,missense,pos_component_35,2,[35],f32c4e6a17054271
chr17_58692746_GCT_GGC,train,missense,pos_component_35,2,[35],ff823257f46e5bd3
chr17_58692746_GCT_GTG,train,missense,pos_component_35,2,[35],389783ba47676733
chr17_58692746_G_A,train,missense,pos_component_35,2,[35],bc9ecb07a359843e
chr17_58692746_G_C,train,missense,pos_component_35,2,[35],1334b12d27e5a952
chr17_58692746_G_T,train,missense,pos_component_35,2,[35],4431172ab81685ec
chr17_58692747_C_A,train,missense,pos_component_35,2,[35],f32c4e6a17054271
chr17_58692747_C_G,train,missense,pos_component_35,2,[35],ff823257f46e5bd3
chr17_58692747_C_T,train,missense,pos_component_35,2,[35],389783ba47676733
chr17_58692748_T_A,train,synonymous,pos_component_35,2,[35],ea2b4aaa9949896a
chr17_58692748_T_C,train,synonymous,pos_component_35,2,[35],ea2b4aaa9949896a
chr17_58692748_T_G,train,synonymous,pos_component_35,2,[35],ea2b4aaa9949896a
chr17_58692749_GAG_,test,inframe_indel,pos_component_37,6,[37],307ac07146926d1c
chr17_58692749_GAG_AAA,test,missense,pos_component_36,3,[36],fecc2ba3fa35190f
chr17_58692749_GAG_CAA,test,missense,pos_component_36,3,[36],882b5e46e0a90e9a
chr17_58692749_GAG_GCC,test,missense,pos_component_36,3,[36],4e72acb921d7469a
chr17_58692749_GAG_GGC,test,missense,pos_component_36,3,[36],c330abc269e39b93
chr17_58692749_GAG_GTC,test,missense,pos_component_36,3,[36],1f554417cb65a92b
chr17_58692749_G_A,test,missense,pos_component_36,3,[36],fecc2ba3fa35190f
chr17_58692749_G_C,test,missense,pos_component_36,3,[36],882b5e46e0a90e9a
chr17_58692750_A_C,test,missense,pos_component_36,3,[36],4e72acb921d7469a
chr17_58692750_A_G,test,missense,pos_component_36,3,[36],c330abc269e39b93
chr17_58692750_A_T,test,missense,pos_component_36,3,[36],1f554417cb65a92b
chr17_58692751_G_A,test,synonymous,pos_component_36,3,[36],7c1be4802d767768
chr17_58692751_G_C,test,missense,pos_component_36,3,[36],456f1531bd41cef4
chr17_58692751_G_T,test,missense,pos_component_36,3,[36],456f1531bd41cef4
chr17_58692752_GAA_,test,inframe_indel,pos_component_37,6,[37],307ac07146926d1c
chr17_58692752_GAA_AAG,test,missense,pos_component_37,6,[37],a05095e836f6d99c
chr17_58692752_GAA_GCC,test,missense,pos_component_37,6,[37],4a8b492d7c956af2
chr17_58692752_GAA_GGC,test,missense,pos_component_37,6,[37],1d533fc7becdaea8
chr17_58692752_GAA_GTG,test,missense,pos_component_37,6,[37],4d444eb57eabf67b
chr17_58692752_G_A,test,missense,pos_component_37,6,[37],a05095e836f6d99c
chr17_58692752_G_C,test,missense,pos_component_37,6,[37],7cff45dca5604976
chr17_58692753_A_C,test,missense,pos_component_37,6,[37],4a8b492d7c956af2
chr17_58692753_A_G,test,missense,pos_component_37,6,[37],1d533fc7becdaea8
chr17_58692753_A_T,test,missense,pos_component_37,6,[37],4d444eb57eabf67b
chr17_58692754_A_C,test,missense,pos_component_37,6,[37],7af175da8afa5257
chr17_58692754_A_G,test,synonymous,pos_component_37,6,[37],d94baddea9c677d4
chr17_58692754_A_T,test,missense,pos_component_37,6,[37],7af175da8afa5257
chr17_58692755_CTC_,train,inframe_indel,pos_component_39,4,[39],ccc29f6aaeb882c9
chr17_58692755_CTC_ATT,test,missense,pos_component_38,5,[38],bbf20e874bc7cdfb
chr17_58692755_CTC_CAT,test,missense,pos_component_38,5,[38],afc79eb3d9911617
chr17_58692755_CTC_CCT,test,missense,pos_component_38,5,[38],4e0d3ffff0e9f4ec
chr17_58692755_CTC_CGG,test,missense,pos_component_38,5,[38],4b5ad5be3e971e64
chr17_58692755_CTC_GCC,test,missense,pos_component_38,5,[38],31c89b385dd3699a
chr17_58692755_CTC_GTG,test,missense,pos_component_38,5,[38],f21149e8bb530b26
chr17_58692755_CTC_TTA,test,synonymous,pos_component_38,5,[38],6a5fc6514948c752
chr17_58692755_CTC_TTG,test,synonymous,pos_component_38,5,[38],6a5fc6514948c752
chr17_58692755_CTC_TTT,test,missense,pos_component_38,5,[38],7f19a4f71c7ab83e
chr17_58692755_C_A,test,missense,pos_component_38,5,[38],bbf20e874bc7cdfb
chr17_58692755_C_G,test,missense,pos_component_38,5,[38],f21149e8bb530b26
chr17_58692755_C_T,test,missense,pos_component_38,5,[38],7f19a4f71c7ab83e
chr17_58692756_T_A,test,missense,pos_component_38,5,[38],afc79eb3d9911617
chr17_58692756_T_C,test,missense,pos_component_38,5,[38],4e0d3ffff0e9f4ec
chr17_58692756_T_G,test,missense,pos_component_38,5,[38],4b5ad5be3e971e64
chr17_58692757_C_A,test,synonymous,pos_component_38,5,[38],6a5fc6514948c752
chr17_58692757_C_G,test,synonymous,pos_component_38,5,[38],6a5fc6514948c752
chr17_58692757_C_T,test,synonymous,pos_component_38,5,[38],6a5fc6514948c752
chr17_58692758_CTA_,train,inframe_indel,pos_component_39,4,[39],ccc29f6aaeb882c9
chr17_58692758_CTA_ATC,train,missense,pos_component_39,4,[39],de0dda1188242ad8
chr17_58692758_CTA_CAG,train,missense,pos_component_39,4,[39],aa53aecc4f407e9d
chr17_58692758_CTA_CCC,train,missense,pos_component_39,4,[39],3bb7ec9d092abd98
chr17_58692758_CTA_CGG,train,missense,pos_component_39,4,[39],f194e9f135c7aecd
chr17_58692758_CTA_GCC,train,missense,pos_component_39,4,[39],ad7c76db4feeafab
chr17_58692758_CTA_GTG,train,missense,pos_component_39,4,[39],ed42b71bf6549ba7
chr17_58692758_CTA_TTG,train,synonymous,pos_component_39,4,[39],15c95a7353969ee1
chr17_58692758_C_A,train,missense,pos_component_39,4,[39],de0dda1188242ad8
chr17_58692758_C_G,train,missense,pos_component_39,4,[39],ed42b71bf6549ba7
chr17_58692758_C_T,train,synonymous,pos_component_39,4,[39],15c95a7353969ee1
chr17_58692759_T_A,train,missense,pos_component_39,4,[39],aa53aecc4f407e9d
chr17_58692759_T_C,train,missense,pos_component_39,4,[39],3bb7ec9d092abd98
chr17_58692759_T_G,train,missense,pos_component_39,4,[39],f194e9f135c7aecd
chr17_58692760_A_C,train,synonymous,pos_component_39,4,[39],15c95a7353969ee1
chr17_58692760_A_G,train,synonymous,pos_component_39,4,[39],15c95a7353969ee1
chr17_58692760_A_T,train,synonymous,pos_component_39,4,[39],15c95a7353969ee1
chr17_58692761_GAG_,train,inframe_indel,pos_component_40,2,[40],c73c8ece986b5fbe
chr17_58692761_GAG_AAA,train,missense,pos_component_40,2,[40],f003eee0413c4f6d
chr17_58692761_GAG_CAA,train,missense,pos_component_40,2,[40],4df6887f117a0134
chr17_58692761_GAG_GCC,train,missense,pos_component_40,2,[40],0d49dce43eb337ef
chr17_58692761_GAG_GGC,train,missense,pos_component_40,2,[40],eae06dbcde69b4e6
chr17_58692761_GAG_GTC,train,missense,pos_component_40,2,[40],32dcd3051d8119c1
chr17_58692761_G_A,train,missense,pos_component_40,2,[40],f003eee0413c4f6d
chr17_58692761_G_C,train,missense,pos_component_40,2,[40],4df6887f117a0134
chr17_58692762_A_C,train,missense,pos_component_40,2,[40],0d49dce43eb337ef
chr17_58692762_A_G,train,missense,pos_component_40,2,[40],eae06dbcde69b4e6
chr17_58692762_A_T,train,missense,pos_component_40,2,[40],32dcd3051d8119c1
chr17_58692763_G_A,train,synonymous,pos_component_40,2,[40],9a92e9dbd5ea47d3
chr17_58692763_G_C,train,missense,pos_component_40,2,[40],12d48f1bd78ba502
chr17_58692763_G_T,train,missense,pos_component_40,2,[40],12d48f1bd78ba502
chr17_58692764_GTG_,val,inframe_indel,pos_component_41,6,[41],66a8bbfb10256040
chr17_58692764_GTG_CTC,val,missense,pos_component_41,6,[41],57c1e1631c9183c8
chr17_58692764_GTG_GAA,val,missense,pos_component_41,6,[41],2f9e9db2ed6edb46
chr17_58692764_GTG_GCC,val,missense,pos_component_41,6,[41],ad383c8253248bee
chr17_58692764_GTG_GGC,val,missense,pos_component_41,6,[41],ec1f89cdec62880c
chr17_58692764_G_A,val,missense,pos_component_41,6,[41],83b63bec0ef3f397
chr17_58692764_G_C,val,missense,pos_component_41,6,[41],57c1e1631c9183c8
chr17_58692764_G_T,val,missense,pos_component_41,6,[41],57c1e1631c9183c8
chr17_58692765_T_A,val,missense,pos_component_41,6,[41],2f9e9db2ed6edb46
chr17_58692765_T_C,val,missense,pos_component_41,6,[41],ad383c8253248bee
chr17_58692765_T_G,val,missense,pos_component_41,6,[41],ec1f89cdec62880c
chr17_58692766_G_A,val,synonymous,pos_component_41,6,[41],94c782beccc26266
chr17_58692766_G_C,val,synonymous,pos_component_41,6,[41],94c782beccc26266
chr17_58692766_G_T,val,synonymous,pos_component_41,6,[41],94c782beccc26266
chr17_58692767_AAA_,train,inframe_indel,pos_component_42,0,[42],5850c3b65fa1c3e8
chr17_58692767_AAA_ACC,train,missense,pos_component_42,0,[42],dd3c4895c1203a4e
chr17_58692767_AAA_ATC,train,missense,pos_component_42,0,[42],d629bba3ee10f5d9
chr17_58692767_AAA_CAG,train,missense,pos_component_42,0,[42],d554d3a1bc4710bc
chr17_58692767_AAA_CGG,train,missense,pos_component_42,0,[42],b918413b07057713
chr17_58692767_AAA_GAG,train,missense,pos_component_42,0,[42],25e79758943b80a7
chr17_58692767_AAA_GCC,train,missense,pos_component_42,0,[42],30fca42206537ff1
chr17_58692767_A_C,train,missense,pos_component_42,0,[42],d554d3a1bc4710bc
chr17_58692767_A_G,train,missense,pos_component_42,0,[42],25e79758943b80a7
chr17_58692768_A_C,train,missense,pos_component_42,0,[42],dd3c4895c1203a4e
chr17_58692768_A_G,train,missense,pos_component_42,0,[42],b918413b07057713
chr17_58692768_A_T,train,missense,pos_component_42,0,[42],d629bba3ee10f5d9
chr17_58692769_A_C,train,missense,pos_component_42,0,[42],17bdfe1e3e13a2c4
chr17_58692769_A_G,train,synonymous,pos_component_42,0,[42],aef662cb32a87b88
chr17_58692769_A_T,train,missense,pos_component_42,0,[42],17bdfe1e3e13a2c4
chr17_58692770_CCC_,test,inframe_indel,pos_component_43,5,[43],3ec1767f50036b5c
chr17_58692770_CCC_ACA,test,missense,pos_component_43,5,[43],9461df7736a3d584
chr17_58692770_CCC_AGC,test,missense,pos_component_43,5,[43],1438003aca3a5943
chr17_58692770_CCC_CAT,test,missense,pos_component_43,5,[43],ffecd3168d2223a7
chr17_58692770_CCC_CGG,test,missense,pos_component_43,5,[43],3d2a23d24aefdc5c
chr17_58692770_CCC_CTG,test,missense,pos_component_43,5,[43],28ece51112a957cd
chr17_58692770_CCC_GCT,test,missense,pos_component_43,5,[43],23c753e2708e1f1a
chr17_58692770_C_A,test,missense,pos_component_43,5,[43],9461df7736a3d584
chr17_58692770_C_G,test,missense,pos_component_43,5,[43],23c753e2708e1f1a
chr17_58692770_C_T,test,missense,pos_component_43,5,[43],1438003aca3a5943
chr17_58692771_C_A,test,missense,pos_component_43,5,[43],ffecd3168d2223a7
chr17_58692771_C_G,test,missense,pos_component_43,5,[43],3d2a23d24aefdc5c
chr17_58692771_C_T,test,missense,pos_component_43,5,[43],28ece51112a957cd
chr17_58692772_C_A,test,synonymous,pos_component_43,5,[43],d4ef798fe6fb3b73
chr17_58692772_C_G,test,synonymous,pos_component_43,5,[43],d4ef798fe6fb3b73
chr17_58692772_C_T,test,synonymous,pos_component_43,5,[43],d4ef798fe6fb3b73
chr17_58692773_TCC_,val,inframe_indel,pos_component_44,0,[44],0f72e8b2ba0dc563
chr17_58692773_TCC_ACA,val,missense,pos_component_44,0,[44],3c25afc42d47dbe6
chr17_58692773_TCC_AGC,val,synonymous,pos_component_44,0,[44],461a2595df949655
chr17_58692773_TCC_AGT,val,synonymous,pos_component_44,0,[44],461a2595df949655
chr17_58692773_TCC_CCT,val,missense,pos_component_44,0,[44],4b51f18a399aa300
chr17_58692773_TCC_GCT,val,missense,pos_component_44,0,[44],d1e649ecca9c7b5c
chr17_58692773_TCC_TAT,val,missense,pos_component_44,0,[44],bb865e350f0d5602
chr17_58692773_TCC_TGT,val,missense,pos_component_44,0,[44],0f63da1bdd24b35b
chr17_58692773_TCC_TTT,val,missense,pos_component_44,0,[44],adf8929c76447f1a
chr17_58692773_T_A,val,missense,pos_component_44,0,[44],3c25afc42d47dbe6
chr17_58692773_T_C,val,missense,pos_component_44,0,[44],4b51f18a399aa300
chr17_58692773_T_G,val,missense,pos_component_44,0,[44],d1e649ecca9c7b5c
chr17_58692774_C_A,val,missense,pos_component_44,0,[44],bb865e350f0d5602
chr17_58692774_C_G,val,missense,pos_component_44,0,[44],0f63da1bdd24b35b
chr17_58692774_C_T,val,missense,pos_component_44,0,[44],adf8929c76447f1a
chr17_58692775_C_A,val,synonymous,pos_component_44,0,[44],461a2595df949655
chr17_58692775_C_G,val,synonymous,pos_component_44,0,[44],461a2595df949655
chr17_58692775_C_T,val,synonymous,pos_component_44,0,[44],461a2595df949655
chr17_58692776_GAG_,test,inframe_indel,pos_component_45,4,[45],e997ad8913142fe3
chr17_58692776_GAG_AAA,test,missense,pos_component_45,4,[45],3eccf92e73fee83b
chr17_58692776_GAG_CAA,test,missense,pos_component_45,4,[45],046f68ea8d3b925e
chr17_58692776_GAG_GCC,test,missense,pos_component_45,4,[45],0457826e5a502262
chr17_58692776_GAG_GGC,test,missense,pos_component_45,4,[45],062ea07c5cf2cf2d
chr17_58692776_GAG_GTC,test,missense,pos_component_45,4,[45],0c228c1aaafc8d34
chr17_58692776_G_A,test,missense,pos_component_45,4,[45],3eccf92e73fee83b
chr17_58692776_G_C,test,missense,pos_component_45,4,[45],046f68ea8d3b925e
chr17_58692777_A_C,test,missense,pos_component_45,4,[45],0457826e5a502262
chr17_58692777_A_G,test,missense,pos_component_45,4,[45],062ea07c5cf2cf2d
chr17_58692777_A_T,test,missense,pos_component_45,4,[45],0c228c1aaafc8d34
chr17_58692778_G_A,test,synonymous,pos_component_45,4,[45],f0f559e43556059b
chr17_58692778_G_C,test,missense,pos_component_45,4,[45],a5cce47f323dab1c
chr17_58692778_G_T,test,missense,pos_component_45,4,[45],a5cce47f323dab1c
chr17_58692779_CTT_,train,inframe_indel,pos_component_46,5,[46],34b8b08f8525921d
chr17_58692779_CTT_ATC,train,missense,pos_component_46,5,[46],9e846ec3800f59d8
chr17_58692779_CTT_CAC,train,missense,pos_component_46,5,[46],b7a9cf283bf3f35c
chr17_58692779_CTT_CCC,train,missense,pos_component_46,5,[46],8941c35331c4fdac
chr17_58692779_CTT_CGG,train,missense,pos_component_46,5,[46],6e69087fc9952649
chr17_58692779_CTT_GCC,train,missense,pos_component_46,5,[46],4c359aa7cdf5f3b2
chr17_58692779_CTT_GTG,train,missense,pos_component_46,5,[46],00fdba4567295125
chr17_58692779_CTT_TTA,train,synonymous,pos_component_46,5,[46],877ea0dfba25a318
chr17_58692779_CTT_TTC,train,missense,pos_component_46,5,[46],007927b9aa5259b2
chr17_58692779_CTT_TTG,train,synonymous,pos_component_46,5,[46],877ea0dfba25a318
chr17_58692779_C_A,train,missense,pos_component_46,5,[46],9e846ec3800f59d8
chr17_58692779_C_G,train,missense,pos_component_46,5,[46],00fdba4567295125
chr17_58692779_C_T,train,missense,pos_component_46,5,[46],007927b9aa5259b2
chr17_58692780_T_A,train,missense,pos_component_46,5,[46],b7a9cf283bf3f35c
chr17_58692780_T_C,train,missense,pos_component_46,5,[46],8941c35331c4fdac
chr17_58692780_T_G,train,missense,pos_component_46,5,[46],6e69087fc9952649
chr17_58692781_T_A,train,synonymous,pos_component_46,5,[46],877ea0dfba25a318
chr17_58692781_T_C,train,synonymous,pos_component_46,5,[46],877ea0dfba25a318
chr17_58692781_T_G,train,synonymous,pos_component_46,5,[46],877ea0dfba25a318
chr17_58692782_AGC_,train,inframe_indel,pos_component_47,1,[47],b3317f0e96afc3bd
chr17_58692782_AGC_AAT,train,missense,pos_component_47,1,[47],7b0be1f301eff27c
chr17_58692782_AGC_ACA,train,missense,pos_component_47,1,[47],3f06ad749d97456f
chr17_58692782_AGC_ATT,train,missense,pos_component_47,1,[47],4342ebba96e98060
chr17_58692782_AGC_CGG,train,missense,pos_component_47,1,[47],359edc1a08df6c64
chr17_58692782_AGC_GCC,train,missense,pos_component_47,1,[47],fc2182fe75e04d99
chr17_58692782_AGC_GGA,train,missense,pos_component_47,1,[47],74498d30bc55abc4
chr17_58692782_AGC_TCA,train,synonymous,pos_component_47,1,[47],c55dcff541849310
chr17_58692782_AGC_TCC,train,synonymous,pos_component_47,1,[47],c55dcff541849310
chr17_58692782_AGC_TCG,train,synonymous,pos_component_47,1,[47],c55dcff541849310
chr17_58692782_AGC_TCT,train,synonymous,pos_component_47,1,[47],c55dcff541849310
chr17_58692782_AGC_TGT,train,missense,pos_component_47,1,[47],f357df8f602e385f
chr17_58692782_A_C,train,missense,pos_component_47,1,[47],359edc1a08df6c64
chr17_58692782_A_G,train,missense,pos_component_47,1,[47],74498d30bc55abc4
chr17_58692782_A_T,train,missense,pos_component_47,1,[47],f357df8f602e385f
chr17_58692783_G_A,train,missense,pos_component_47,1,[47],7b0be1f301eff27c
chr17_58692783_G_C,train,missense,pos_component_47,1,[47],3f06ad749d97456f
chr17_58692783_G_T,train,missense,pos_component_47,1,[47],4342ebba96e98060
chr17_58692784_C_A,train,missense,pos_component_47,1,[47],359edc1a08df6c64
chr17_58692784_C_G,train,missense,pos_component_47,1,[47],359edc1a08df6c64
chr17_58692784_C_T,train,synonymous,pos_component_47,1,[47],c55dcff541849310
chr17_58692785_AAA_,train,inframe_indel,pos_component_48,6,[48],f0091b5203107442
chr17_58692785_AAA_ACC,train,missense,pos_component_48,6,[48],9b5bfcb420fc4d66
chr17_58692785_AAA_ATC,train,missense,pos_component_48,6,[48],20d2e1df1bfe3b34
chr17_58692785_AAA_CAG,train,missense,pos_component_48,6,[48],1246957a36005197
chr17_58692785_AAA_CGG,train,missense,pos_component_48,6,[48],ddc2c8473bcad159
chr17_58692785_AAA_GAG,train,missense,pos_component_48,6,[48],7b58a1efe5fc6c3c
chr17_58692785_AAA_GCC,train,missense,pos_component_48,6,[48],abdbc37f89483e88
chr17_58692785_A_C,train,missense,pos_component_48,6,[48],1246957a36005197
chr17_58692785_A_G,train,missense,pos_component_48,6,[48],7b58a1efe5fc6c3c
chr17_58692786_A_C,train,missense,pos_component_48,6,[48],9b5bfcb420fc4d66
chr17_58692786_A_G,train,missense,pos_component_48,6,[48],ddc2c8473bcad159
chr17_58692786_A_T,train,missense,pos_component_48,6,[48],20d2e1df1bfe3b34
chr17_58692787_A_C,train,missense,pos_component_48,6,[48],79d2d1cc146dd885
chr17_58692787_A_G,train,synonymous,pos_component_48,6,[48],5fe17893d1a7805a
chr17_58692787_A_T,train,missense,pos_component_48,6,[48],79d2d1cc146dd885
chr17_58692788_G_A,train,missense,pos_component_49,6,[49],4c20ae680a4b4acb
chr17_58692788_G_C,train,missense,pos_component_49,6,[49],b2a3aa04efadbeec
chr17_58694931_A_C,train,missense,pos_component_49,6,[49],dbc453206f19f094
chr17_58694931_A_G,train,missense,pos_component_49,6,[49],656a52aecee0be6f
chr17_58694931_A_T,train,missense,pos_component_49,6,[49],a94486db6ee492bb
chr17_58694932_A_C,train,missense,pos_component_49,6,[49],f0665fd9f6668b2d
chr17_58694932_A_G,train,synonymous,pos_component_49,6,[49],f5bb43836fe581c4
chr17_58694932_A_T,train,missense,pos_component_49,6,[49],f0665fd9f6668b2d
chr17_58694933_GTT_,train,inframe_indel,pos_component_50,5,[50],60b7ce3320326988
chr17_58694933_GTT_ATC,train,missense,pos_component_50,5,[50],d36b7c1498d84047
chr17_58694933_GTT_CTG,train,missense,pos_component_50,5,[50],42b3c7f7e42d644d
chr17_58694933_GTT_GAC,train,missense,pos_component_50,5,[50],a293a7ad6cfe0780
chr17_58694933_GTT_GCC,train,missense,pos_component_50,5,[50],3579ed9c3027aed1
chr17_58694933_GTT_GGC,train,missense,pos_component_50,5,[50],8dd21a2ceb1cd173
chr17_58694933_GTT_TTC,train,missense,pos_component_50,5,[50],0a19dfec399a4db5
chr17_58694933_G_A,train,missense,pos_component_50,5,[50],d36b7c1498d84047
chr17_58694933_G_C,train,missense,pos_component_50,5,[50],42b3c7f7e42d644d
chr17_58694933_G_T,train,missense,pos_component_50,5,[50],0a19dfec399a4db5
chr17_58694934_T_A,train,missense,pos_component_50,5,[50],a293a7ad6cfe0780
chr17_58694934_T_C,train,missense,pos_component_50,5,[50],3579ed9c3027aed1
chr17_58694934_T_G,train,missense,pos_component_50,5,[50],8dd21a2ceb1cd173
chr17_58694935_T_A,train,synonymous,pos_component_50,5,[50],271d79f8b52354df
chr17_58694935_T_C,train,synonymous,pos_component_50,5,[50],271d79f8b52354df
chr17_58694935_T_G,train,synonymous,pos_component_50,5,[50],271d79f8b52354df
chr17_58694936_GGG_,test,inframe_indel,pos_component_51,4,[51],c521378826f6b403
chr17_58694936_GGG_AGA,test,missense,pos_component_51,4,[51],19f59ef906a368fb
chr17_58694936_GGG_GAA,test,missense,pos_component_51,4,[51],7eb5b4112190e7ce
chr17_58694936_GGG_GCC,test,missense,pos_component_51,4,[51],e620db745f61cf10
chr17_58694936_GGG_GTC,test,missense,pos_component_51,4,[51],e6699cc060ac2282
chr17_58694936_G_A,test,missense,pos_component_51,4,[51],19f59ef906a368fb
chr17_58694936_G_C,test,missense,pos_component_51,4,[51],19f59ef906a368fb
chr17_58694936_G_T,test,missense,pos_component_51,4,[51],bd0611ca2dc2ea07
chr17_58694937_G_A,test,missense,pos_component_51,4,[51],7eb5b4112190e7ce
chr17_58694937_G_C,test,missense,pos_component_51,4,[51],e620db745f61cf10
chr17_58694937_G_T,test,missense,pos_component_51,4,[51],e6699cc060ac2282
chr17_58694938_G_A,test,synonymous,pos_component_51,4,[51],a794cc8077d21dc4
chr17_58694938_G_C,test,synonymous,pos_component_51,4,[51],a794cc8077d21dc4
chr17_58694938_G_T,test,synonymous,pos_component_51,4,[51],a794cc8077d21dc4
chr17_58694939_ATA_,train,inframe_indel,pos_component_52,6,[52],7af956d628a4b275
chr17_58694939_ATA_AAG,train,missense,pos_component_52,6,[52],a007d042c3f6ae1a
chr17_58694939_ATA_ACC,train,missense,pos_component_52,6,[52],83e24dec4413248a
chr17_58694939_ATA_CGG,train,missense,pos_component_52,6,[52],08aff4e0388c36df
chr17_58694939_ATA_CTG,train,missense,pos_component_52,6,[52],0f6cbb0750d931ec
chr17_58694939_ATA_GCC,train,missense,pos_component_52,6,[52],536173e51ee70053
chr17_58694939_ATA_GTG,train,missense,pos_component_52,6,[52],eaea6cbb0a13db34
chr17_58694939_A_C,train,missense,pos_component_52,6,[52],0f6cbb0750d931ec
chr17_58694939_A_G,train,missense,pos_component_52,6,[52],eaea6cbb0a13db34
chr17_58694939_A_T,train,missense,pos_component_52,6,[52],0f6cbb0750d931ec
chr17_58694940_T_A,train,missense,pos_component_52,6,[52],a007d042c3f6ae1a
chr17_58694940_T_C,train,missense,pos_component_52,6,[52],83e24dec4413248a
chr17_58694940_T_G,train,missense,pos_component_52,6,[52],08aff4e0388c36df
chr17_58694941_A_C,train,synonymous,pos_component_52,6,[52],43b6fd816e03f15b
chr17_58694941_A_G,train,missense,pos_component_52,6,[52],2f2d4187630a7e05
chr17_58694941_A_T,train,synonymous,pos_component_52,6,[52],43b6fd816e03f15b
chr17_58694942_TCT_,train,inframe_indel,pos_component_53,5,[53],5d697f18ac4bf58b
chr17_58694942_TCT_ACC,train,missense,pos_component_53,5,[53],abfb7bb02461fa0a
chr17_58694942_TCT_AGC,train,synonymous,pos_component_53,5,[53],a63de0da93a209dc
chr17_58694942_TCT_AGT,train,synonymous,pos_component_53,5,[53],a63de0da93a209dc
chr17_58694942_TCT_CCC,train,missense,pos_component_53,5,[53],af7882c106a527de
chr17_58694942_TCT_GCC,train,missense,pos_component_53,5,[53],850b2f1b98d6ec29
chr17_58694942_TCT_TAC,train,missense,pos_component_53,5,[53],6d9535c407644420
chr17_58694942_TCT_TGC,train,missense,pos_component_53,5,[53],79df277b33537cb9
chr17_58694942_TCT_TTC,train,missense,pos_component_53,5,[53],e38d334e0bca8f1a
chr17_58694942_T_A,train,missense,pos_component_53,5,[53],abfb7bb02461fa0a
chr17_58694942_T_C,train,missense,pos_component_53,5,[53],af7882c106a527de
chr17_58694942_T_G,train,missense,pos_component_53,5,[53],850b2f1b98d6ec29
chr17_58694943_C_A,train,missense,pos_component_53,5,[53],6d9535c407644420
chr17_58694943_C_G,train,missense,pos_component_53,5,[53],79df277b33537cb9
chr17_58694943_C_T,train,missense,pos_component_53,5,[53],e38d334e0bca8f1a
chr17_58694944_T_A,train,synonymous,pos_component_53,5,[53],a63de0da93a209dc
chr17_58694944_T_C,train,synonymous,pos_component_53,5,[53],a63de0da93a209dc
chr17_58694944_T_G,train,synonymous,pos_component_53,5,[53],a63de0da93a209dc
chr17_58694945_AAA_,train,inframe_indel,pos_component_54,6,[54],6ecd0cf30bd81fd0
chr17_58694945_AAA_ACC,train,missense,pos_component_54,6,[54],80bb75bb100824b0
chr17_58694945_AAA_ATC,train,missense,pos_component_54,6,[54],1754f5827fa8c789
chr17_58694945_AAA_CAG,train,missense,pos_component_54,6,[54],538835dab897d863
chr17_58694945_AAA_CGG,train,missense,pos_component_54,6,[54],b6411772179f179c
chr17_58694945_AAA_GAG,train,missense,pos_component_54,6,[54],9c26fb73012b5cb3
chr17_58694945_AAA_GCC,train,missense,pos_component_54,6,[54],d2f942633e2c851e
chr17_58694945_A_C,train,missense,pos_component_54,6,[54],538835dab897d863
chr17_58694945_A_G,train,missense,pos_component_54,6,[54],9c26fb73012b5cb3
chr17_58694946_A_C,train,missense,pos_component_54,6,[54],80bb75bb100824b0
chr17_58694946_A_G,train,missense,pos_component_54,6,[54],b6411772179f179c
chr17_58694946_A_T,train,missense,pos_component_54,6,[54],1754f5827fa8c789
chr17_58694947_A_C,train,missense,pos_component_54,6,[54],16683ce02ca8e971
chr17_58694947_A_G,train,synonymous,pos_component_54,6,[54],ebb940a483386c69
chr17_58694947_A_T,train,missense,pos_component_54,6,[54],16683ce02ca8e971
chr17_58694948_GCA_,train,inframe_indel,pos_component_55,1,[55],6fa46e0f10204e12
chr17_58694948_GCA_ACC,train,missense,pos_component_55,1,[55],b147a5699b0d7b94
chr17_58694948_GCA_AGC,train,missense,pos_component_55,1,[55],e0c3850f5ebf39b6
chr17_58694948_GCA_CCC,train,missense,pos_component_55,1,[55],9d8fccf1d4d99474
chr17_58694948_GCA_GAG,train,missense,pos_component_55,1,[55],2869fe5f7ca5c672
chr17_58694948_GCA_GGC,train,missense,pos_component_55,1,[55],267d54474cdf495f
chr17_58694948_GCA_GTG,train,missense,pos_component_55,1,[55],fc08afc48cb22c81
chr17_58694948_G_A,train,missense,pos_component_55,1,[55],b147a5699b0d7b94
chr17_58694948_G_C,train,missense,pos_component_55,1,[55],9d8fccf1d4d99474
chr17_58694948_G_T,train,missense,pos_component_55,1,[55],e0c3850f5ebf39b6
chr17_58694949_C_A,train,missense,pos_component_55,1,[55],2869fe5f7ca5c672
chr17_58694949_C_G,train,missense,pos_component_55,1,[55],267d54474cdf495f
chr17_58694949_C_T,train,missense,pos_component_55,1,[55],fc08afc48cb22c81
chr17_58694950_A_C,train,synonymous,pos_component_55,1,[55],6bcd09bbd1ce7d98
chr17_58694950_A_G,train,synonymous,pos_component_55,1,[55],6bcd09bbd1ce7d98
chr17_58694950_A_T,train,synonymous,pos_component_55,1,[55],6bcd09bbd1ce7d98
chr17_58694951_GAA_,train,inframe_indel,pos_component_56,4,[56],cac9a3a9acd1dcaf
chr17_58694951_GAA_AAG,train,missense,pos_component_56,4,[56],2f2cef070be09de3
chr17_58694951_GAA_CAG,train,missense,pos_component_56,4,[56],b8ac2b3ee3c12056
chr17_58694951_GAA_GCC,train,missense,pos_component_56,4,[56],73ad8d3f192679a7
chr17_58694951_GAA_GGC,train,missense,pos_component_56,4,[56],20c4a2745d745001
chr17_58694951_GAA_GTG,train,missense,pos_component_56,4,[56],2d17008636c42158
chr17_58694951_G_A,train,missense,pos_component_56,4,[56],2f2cef070be09de3
chr17_58694951_G_C,train,missense,pos_component_56,4,[56],b8ac2b3ee3c12056
chr17_58694952_A_C,train,missense,pos_component_56,4,[56],73ad8d3f192679a7
chr17_58694952_A_G,train,missense,pos_component_56,4,[56],20c4a2745d745001
chr17_58694952_A_T,train,missense,pos_component_56,4,[56],2d17008636c42158
chr17_58694953_A_C,train,missense,pos_component_56,4,[56],78ac3de359278a78
chr17_58694953_A_G,train,synonymous,pos_component_56,4,[56],0785cd8751fc12ba
chr17_58694953_A_T,train,missense,pos_component_56,4,[56],78ac3de359278a78
chr17_58694954_GCC_,train,inframe_indel,pos_component_57,2,[57],a90de224e26e202f
chr17_58694954_GCC_ACA,train,missense,pos_component_57,2,[57],346d5ecfe852d1b2
chr17_58694954_GCC_AGC,train,missense,pos_component_57,2,[57],c64dc4212b657c39
chr17_58694954_GCC_CCT,train,missense,pos_component_57,2,[57],36628386f5a1c1bb
chr17_58694954_GCC_GAT,train,missense,pos_component_57,2,[57],a04fb5d29aa77bd6
chr17_58694954_GCC_GGA,train,missense,pos_component_57,2,[57],a75d79707ca88ecb
chr17_58694954_GCC_GTG,train,missense,pos_component_57,2,[57],cf021b906871ff7f
chr17_58694954_G_A,train,missense,pos_component_57,2,[57],346d5ecfe852d1b2
chr17_58694954_G_C,train,missense,pos_component_57,2,[57],36628386f5a1c1bb
chr17_58694954_G_T,train,missense,pos_component_57,2,[57],c64dc4212b657c39
chr17_58694955_C_A,train,missense,pos_component_57,2,[57],a04fb5d29aa77bd6
chr17_58694955_C_G,train,missense,pos_component_57,2,[57],a75d79707ca88ecb
chr17_58694955_C_T,train,missense,pos_component_57,2,[57],cf021b906871ff7f
chr17_58694956_C_A,train,synonymous,pos_component_57,2,[57],023a79d84e5f272a
chr17_58694956_C_G,train,synonymous,pos_component_57,2,[57],023a79d84e5f272a
chr17_58694956_C_T,train,synonymous,pos_component_57,2,[57],023a79d84e5f272a
chr17_58694957_TTA_,train,inframe_indel,pos_component_58,5,[58],f49ae7a8eb807990
chr17_58694957_TTA_AGC,train,missense,pos_component_58,5,[58],6563144771608962
chr17_58694957_TTA_ATC,train,missense,pos_component_58,5,[58],f69bc6f8d4429992
chr17_58694957_TTA_CTC,train,synonymous,pos_component_58,5,[58],f3d94b726372ae9a
chr17_58694957_TTA_CTG,train,synonymous,pos_component_58,5,[58],f3d94b726372ae9a
chr17_58694957_TTA_CTT,train,synonymous,pos_component_58,5,[58],f3d94b726372ae9a
chr17_58694957_TTA_GCC,train,missense,pos_component_58,5,[58],b221acc40bee50af
chr17_58694957_TTA_GTG,train,missense,pos_component_58,5,[58],bde9f0c08ff97226
chr17_58694957_T_A,train,missense,pos_component_58,5,[58],f69bc6f8d4429992
chr17_58694957_T_C,train,synonymous,pos_component_58,5,[58],f3d94b726372ae9a
chr17_58694957_T_G,train,missense,pos_component_58,5,[58],bde9f0c08ff97226
chr17_58694958_T_C,train,missense,pos_component_58,5,[58],6563144771608962
chr17_58694959_A_C,train,missense,pos_component_58,5,[58],8a3399b672709133
chr17_58694959_A_G,train,synonymous,pos_component_58,5,[58],f3d94b726372ae9a
chr17_58694959_A_T,train,missense,pos_component_58,5,[58],8a3399b672709133
chr17_58694960_GAA_,test,inframe_indel,pos_component_59,2,[59],18e4013d8bc14b7c
chr17_58694960_GAA_AAG,test,missense,pos_component_59,2,[59],c08bdc433305e508
chr17_58694960_GAA_CAG,test,missense,pos_component_59,2,[59],c52ae18fad255cb9
chr17_58694960_GAA_GCC,test,missense,pos_component_59,2,[59],583c7488f6c345e4
chr17_58694960_GAA_GGC,test,missense,pos_component_59,2,[59],fd03015b02719594
chr17_58694960_GAA_GTG,test,missense,pos_component_59,2,[59],d366122d7a909180
chr17_58694960_G_A,test,missense,pos_component_59,2,[59],c08bdc433305e508
chr17_58694960_G_C,test,missense,pos_component_59,2,[59],c52ae18fad255cb9
chr17_58694961_A_C,test,missense,pos_component_59,2,[59],583c7488f6c345e4
chr17_58694961_A_G,test,missense,pos_component_59,2,[59],fd03015b02719594
chr17_58694961_A_T,test,missense,pos_component_59,2,[59],d366122d7a909180
chr17_58694962_A_C,test,missense,pos_component_59,2,[59],d36ed17fe63544a1
chr17_58694962_A_G,test,synonymous,pos_component_59,2,[59],c4df2069b4904183
chr17_58694962_A_T,test,missense,pos_component_59,2,[59],d36ed17fe63544a1
chr17_58694963_ACT_,train,inframe_indel,pos_component_60,3,[60],ff989b4318e039a6
chr17_58694963_ACT_AAC,train,missense,pos_component_60,3,[60],ad0f6307b4902783
chr17_58694963_ACT_AGC,train,missense,pos_component_60,3,[60],ffa589b4359a2201
chr17_58694963_ACT_ATC,train,missense,pos_component_60,3,[60],231d5bae1442a3d0
chr17_58694963_ACT_CCC,train,missense,pos_component_60,3,[60],92180d3a62d73404
chr17_58694963_ACT_GCC,train,missense,pos_component_60,3,[60],83aa2bcb29815e3e
chr17_58694963_A_C,train,missense,pos_component_60,3,[60],92180d3a62d73404
chr17_58694963_A_G,train,missense,pos_component_60,3,[60],83aa2bcb29815e3e
chr17_58694963_A_T,train,missense,pos_component_60,3,[60],ffa589b4359a2201
chr17_58694964_C_A,train,missense,pos_component_60,3,[60],ad0f6307b4902783
chr17_58694964_C_G,train,missense,pos_component_60,3,[60],ffa589b4359a2201
chr17_58694964_C_T,train,missense,pos_component_60,3,[60],231d5bae1442a3d0
chr17_58694965_T_A,train,synonymous,pos_component_60,3,[60],8d549d545c8527a1
chr17_58694965_T_C,train,synonymous,pos_component_60,3,[60],8d549d545c8527a1
chr17_58694965_T_G,train,synonymous,pos_component_60,3,[60],8d549d545c8527a1
chr17_58694966_CTG_,train,inframe_indel,pos_component_61,6,[61],557c60e44c89fce9
chr17_58694966_CTG_AGA,train,missense,pos_component_61,6,[61],ba1ede723fe14c32
chr17_58694966_CTG_CAA,train,missense,pos_component_61,6,[61],92ccc3e1a1577a67
chr17_58694966_CTG_CCC,train,missense,pos_component_61,6,[61],4b3b53e316b55256
chr17_58694966_CTG_GCC,train,missense,pos_component_61,6,[61],fbf0f756e0bc06f9
chr17_58694966_CTG_GTC,train,missense,pos_component_61,6,[61],63ab472d61b2f63c
chr17_58694966_CTG_TTA,train,synonymous,pos_component_61,6,[61],c29b491dc0fa0c08
chr17_58694966_C_A,train,missense,pos_component_61,6,[61],f313dce74a2655ef
chr17_58694966_C_G,train,missense,pos_component_61,6,[61],63ab472d61b2f63c
chr17_58694966_C_T,train,synonymous,pos_component_61,6,[61],c29b491dc0fa0c08
chr17_58694967_T_A,train,missense,pos_component_61,6,[61],92ccc3e1a1577a67
chr17_58694967_T_C,train,missense,pos_component_61,6,[61],4b3b53e316b55256
chr17_58694967_T_G,train,missense,pos_component_61,6,[61],ba1ede723fe14c32
chr17_58694968_G_A,train,synonymous,pos_component_61,6,[61],c29b491dc0fa0c08
chr17_58694968_G_C,train,synonymous,pos_component_61,6,[61],c29b491dc0fa0c08
chr17_58694968_G_T,train,synonymous,pos_component_61,6,[61],c29b491dc0fa0c08
chr17_58694969_CAA_,train,inframe_indel,pos_component_62,3,[62],ad93a6dd3db0921f
chr17_58694969_CAA_AAG,train,missense,pos_component_62,3,[62],99b51989e7047bb1
chr17_58694969_CAA_CCC,train,missense,pos_component_62,3,[62],5857f805cfbfcbf0
chr17_58694969_CAA_CGG,train,missense,pos_component_62,3,[62],5ee5178f912b8838
chr17_58694969_CAA_CTG,train,missense,pos_component_62,3,[62],185908798e8ceae8
chr17_58694969_CAA_GAG,train,missense,pos_component_62,3,[62],20d2b34d8d119f57
chr17_58694969_CAA_GCC,train,missense,pos_component_62,3,[62],dde53ceea05844cb
chr17_58694969_C_A,train,missense,pos_component_62,3,[62],99b51989e7047bb1
chr17_58694969_C_G,train,missense,pos_component_62,3,[62],20d2b34d8d119f57
chr17_58694970_A_C,train,missense,pos_component_62,3,[62],5857f805cfbfcbf0
chr17_58694970_A_G,train,missense,pos_component_62,3,[62],5ee5178f912b8838
chr17_58694970_A_T,train,missense,pos_component_62,3,[62],185908798e8ceae8
chr17_58694971_A_C,train,missense,pos_component_62,3,[62],acd2e7a9914c95b9
chr17_58694971_A_G,train,synonymous,pos_component_62,3,[62],3144b57ae3825954
chr17_58694971_A_T,train,missense,pos_component_62,3,[62],acd2e7a9914c95b9
chr17_58694972_ATT_,train,inframe_indel,pos_component_64,5,[64],c0d51ff9fb754f84
chr17_58694972_ATT_AAC,train,missense,pos_component_63,1,[63],f9bff7fa284525a4
chr17_58694972_ATT_ACC,train,missense,pos_component_63,1,[63],aa2177aaa78b7c90
chr17_58694972_ATT_AGC,train,missense,pos_component_63,1,[63],312519e498d88998
chr17_58694972_ATT_CTG,train,missense,pos_component_63,1,[63],93b176f7cdcc5206
chr17_58694972_ATT_GCC,train,missense,pos_component_63,1,[63],5aeafac2603dfa73
chr17_58694972_ATT_GTG,train,missense,pos_component_63,1,[63],51f72c406ab60acb
chr17_58694972_ATT_TTC,train,missense,pos_component_63,1,[63],efaa8d1823f879fc
chr17_58694972_A_C,train,missense,pos_component_63,1,[63],93b176f7cdcc5206
chr17_58694972_A_G,train,missense,pos_component_63,1,[63],51f72c406ab60acb
chr17_58694972_A_T,train,missense,pos_component_63,1,[63],efaa8d1823f879fc
chr17_58694973_T_A,train,missense,pos_component_63,1,[63],f9bff7fa284525a4
chr17_58694973_T_C,train,missense,pos_component_63,1,[63],aa2177aaa78b7c90
chr17_58694973_T_G,train,missense,pos_component_63,1,[63],312519e498d88998
chr17_58694974_T_A,train,synonymous,pos_component_63,1,[63],ead048adfe3b0e6a
chr17_58694974_T_C,train,synonymous,pos_component_63,1,[63],ead048adfe3b0e6a
chr17_58694974_T_G,train,missense,pos_component_63,1,[63],5e5e62c1504472a8
chr17_58694975_ATC_,train,inframe_indel,pos_component_64,5,[64],15372978b03aa45b
chr17_58694975_ATC_AAT,train,missense,pos_component_64,5,[64],8d0dc364ec76eac3
chr17_58694975_ATC_ACA,train,missense,pos_component_64,5,[64],ae65fb590f86f927
chr17_58694975_ATC_CTG,train,missense,pos_component_64,5,[64],513a9190ef60f1e4
chr17_58694975_ATC_GCC,train,missense,pos_component_64,5,[64],1dcd72b0989a8b13
chr17_58694975_ATC_GTG,train,missense,pos_component_64,5,[64],c71d831eb3299179
chr17_58694975_ATC_TCC,train,missense,pos_component_64,5,[64],1dc07130cbc5881f
chr17_58694975_ATC_TTT,train,missense,pos_component_64,5,[64],880d8e8cc469b271
chr17_58694975_A_C,train,missense,pos_component_64,5,[64],513a9190ef60f1e4
chr17_58694975_A_G,train,missense,pos_component_64,5,[64],c71d831eb3299179
chr17_58694975_A_T,train,missense,pos_component_64,5,[64],880d8e8cc469b271
chr17_58694976_T_A,train,missense,pos_component_64,5,[64],8d0dc364ec76eac3
chr17_58694976_T_C,train,missense,pos_component_64,5,[64],ae65fb590f86f927
chr17_58694976_T_G,train,missense,pos_component_64,5,[64],1dc07130cbc5881f
chr17_58694977_C_A,train,synonymous,pos_component_64,5,[64],79c0a87afb892512
chr17_58694977_C_G,train,missense,pos_component_64,5,[64],2ecfc98ee96afea5
chr17_58694977_C_T,train,synonymous,pos_component_64,5,[64],79c0a87afb892512
chr17_58694978_AGA_AAG,val,missense,pos_component_65,0,[65],b3cf88c77cf6282e
chr17_58694978_AGA_ACC,val,missense,pos_component_65,0,[65],45bcaa058b786a25
chr17_58694978_AGA_ATC,val,missense,pos_component_65,0,[65],aa361197b66a80f2
chr17_58694978_AGA_CGC,val,synonymous,pos_component_65,0,[65],098d60767dc653b5
chr17_58694978_AGA_CGG,val,synonymous,pos_component_65,0,[65],098d60767dc653b5
chr17_58694978_AGA_CGT,val,synonymous,pos_component_65,0,[65],098d60767dc653b5
chr17_58694978_AGA_GCC,val,missense,pos_component_65,0,[65],e5a2c41c798ab67f
chr17_58694978_AGA_GGC,val,missense,pos_component_65,0,[65],9c587783775724db
chr17_58694978_AGA_TCC,val,missense,pos_component_65,0,[65],78d4dac87896d2a3
chr17_58694978_A_C,val,synonymous,pos_component_65,0,[65],098d60767dc653b5
chr17_58694978_A_G,val,missense,pos_component_65,0,[65],9c587783775724db
chr17_58694979_G_A,val,missense,pos_component_65,0,[65],b3cf88c77cf6282e
chr17_58694979_G_C,val,missense,pos_component_65,0,[65],45bcaa058b786a25
chr17_58694979_G_T,val,missense,pos_component_65,0,[65],aa361197b66a80f2
chr17_58694980_A_C,val,missense,pos_component_65,0,[65],78d4dac87896d2a3
chr17_58694980_A_G,val,synonymous,pos_component_65,0,[65],098d60767dc653b5
chr17_58694980_A_T,val,missense,pos_component_65,0,[65],78d4dac87896d2a3
chr17_58694981_AGA_,train,inframe_indel,pos_component_66,0,[66],6fac1c056713b74b
chr17_58694981_AGA_AAG,train,missense,pos_component_66,0,[66],f14d9b0a4270606a
chr17_58694981_AGA_ACC,train,missense,pos_component_66,0,[66],2286cca66af4b64f
chr17_58694981_AGA_ATC,train,missense,pos_component_66,0,[66],f149ca3f7696f611
chr17_58694981_AGA_CGC,train,synonymous,pos_component_66,0,[66],84a11ec83bacae58
chr17_58694981_AGA_CGG,train,synonymous,pos_component_66,0,[66],84a11ec83bacae58
chr17_58694981_AGA_CGT,train,synonymous,pos_component_66,0,[66],84a11ec83bacae58
chr17_58694981_AGA_GCC,train,missense,pos_component_66,0,[66],6f1a31ccec6becf9
chr17_58694981_AGA_GGC,train,missense,pos_component_66,0,[66],a366139e3a9bcc74
chr17_58694981_AGA_TCC,train,missense,pos_component_66,0,[66],99199efadf1e2b72
chr17_58694981_A_C,train,synonymous,pos_component_66,0,[66],84a11ec83bacae58
chr17_58694981_A_G,train,missense,pos_component_66,0,[66],a366139e3a9bcc74
chr17_58694982_G_A,train,missense,pos_component_66,0,[66],f14d9b0a4270606a
chr17_58694982_G_C,train,missense,pos_component_66,0,[66],2286cca66af4b64f
chr17_58694982_G_T,train,missense,pos_component_66,0,[66],f149ca3f7696f611
chr17_58694983_A_C,train,missense,pos_component_66,0,[66],99199efadf1e2b72
chr17_58694983_A_G,train,synonymous,pos_component_66,0,[66],84a11ec83bacae58
chr17_58694983_A_T,train,missense,pos_component_66,0,[66],99199efadf1e2b72
chr17_58694984_GAA_,val,inframe_indel,pos_component_67,2,[67],8ca12f73eb66bae9
chr17_58694984_GAA_AAG,val,missense,pos_component_67,2,[67],8e3b7cd7017b6574
chr17_58694984_GAA_CAG,val,missense,pos_component_67,2,[67],2bdc1396a38d44e7
chr17_58694984_GAA_GCC,val,missense,pos_component_67,2,[67],8417e5c1fc60737c
chr17_58694984_GAA_GGC,val,missense,pos_component_67,2,[67],611f9a2c72617ea2
chr17_58694984_GAA_GTG,val,missense,pos_component_67,2,[67],2c8fabe653e0c9a0
chr17_58694984_G_A,val,missense,pos_component_67,2,[67],8e3b7cd7017b6574
chr17_58694984_G_C,val,missense,pos_component_67,2,[67],2bdc1396a38d44e7
chr17_58694985_A_C,val,missense,pos_component_67,2,[67],8417e5c1fc60737c
chr17_58694985_A_G,val,missense,pos_component_67,2,[67],611f9a2c72617ea2
chr17_58694985_A_T,val,missense,pos_component_67,2,[67],2c8fabe653e0c9a0
chr17_58694986_A_C,val,missense,pos_component_67,2,[67],6869c5cef52e04e7
chr17_58694986_A_G,val,synonymous,pos_component_67,2,[67],de083a1a47b746e9
chr17_58694986_A_T,val,missense,pos_component_67,2,[67],6869c5cef52e04e7
chr17_58694987_TGT_,train,inframe_indel,pos_component_68,3,[68],7c09ec3cdbc15478
chr17_58694987_TGT_AGC,train,missense,pos_component_68,3,[68],efbcd846f8435031
chr17_58694987_TGT_CGG,train,missense,pos_component_68,3,[68],f7c5eb5ebb2b3544
chr17_58694987_TGT_GCC,train,missense,pos_component_68,3,[68],4211b69f4070d191
chr17_58694987_TGT_GGC,train,missense,pos_component_68,3,[68],356b32161cd5682c
chr17_58694987_TGT_TAC,train,missense,pos_component_68,3,[68],34517ef949da43b8
chr17_58694987_TGT_TTC,train,missense,pos_component_68,3,[68],161c92a5b8069e2b
chr17_58694987_T_A,train,missense,pos_component_68,3,[68],efbcd846f8435031
chr17_58694987_T_C,train,missense,pos_component_68,3,[68],f7c5eb5ebb2b3544
chr17_58694987_T_G,train,missense,pos_component_68,3,[68],356b32161cd5682c
chr17_58694988_G_A,train,missense,pos_component_68,3,[68],34517ef949da43b8
chr17_58694988_G_C,train,missense,pos_component_68,3,[68],efbcd846f8435031
chr17_58694988_G_T,train,missense,pos_component_68,3,[68],161c92a5b8069e2b
chr17_58694989_T_C,train,synonymous,pos_component_68,3,[68],84fb8c89b788dccb
chr17_58694989_T_G,train,missense,pos_component_68,3,[68],c129fc180f4f7bf7
chr17_58694990_CTC_,train,inframe_indel,pos_component_69,6,[69],4edf50b7d2262df2
chr17_58694990_CTC_ATT,train,missense,pos_component_69,6,[69],6adfe3b5ec460b71
chr17_58694990_CTC_CAT,train,missense,pos_component_69,6,[69],8a9830afc9accf5d
chr17_58694990_CTC_CCT,train,missense,pos_component_69,6,[69],ace0b0f539b6b5c2
chr17_58694990_CTC_CGG,train,missense,pos_component_69,6,[69],62c6996ed70572e6
chr17_58694990_CTC_GCC,train,missense,pos_component_69,6,[69],92a29749c218bea9
chr17_58694990_CTC_GTG,train,missense,pos_component_69,6,[69],cab2efc043241b47
chr17_58694990_CTC_TTA,train,synonymous,pos_component_69,6,[69],454ddd340bb61af4
chr17_58694990_CTC_TTG,train,synonymous,pos_component_69,6,[69],454ddd340bb61af4
chr17_58694990_CTC_TTT,train,missense,pos_component_69,6,[69],e41d629f330028c5
chr17_58694990_C_A,train,missense,pos_component_69,6,[69],6adfe3b5ec460b71
chr17_58694990_C_G,train,missense,pos_component_69,6,[69],cab2efc043241b47
chr17_58694990_C_T,train,missense,pos_component_69,6,[69],e41d629f330028c5
chr17_58694991_T_A,train,missense,pos_component_69,6,[69],8a9830afc9accf5d
chr17_58694991_T_C,train,missense,pos_component_69,6,[69],ace0b0f539b6b5c2
chr17_58694991_T_G,train,missense,pos_component_69,6,[69],62c6996ed70572e6
chr17_58694992_C_A,train,synonymous,pos_component_69,6,[69],454ddd340bb61af4
chr17_58694992_C_G,train,synonymous,pos_component_69,6,[69],454ddd340bb61af4
chr17_58694992_C_T,train,synonymous,pos_component_69,6,[69],454ddd340bb61af4
chr17_58694993_ACA_,train,inframe_indel,pos_component_70,2,[70],4bb5d1ce0cb966c0
chr17_58694993_ACA_AAG,train,missense,pos_component_70,2,[70],24e58bea2a62097a
chr17_58694993_ACA_AGC,train,missense,pos_component_70,2,[70],d66b21a8ec2548c1
chr17_58694993_ACA_ATC,train,missense,pos_component_70,2,[70],91b79a51d2012a1a
chr17_58694993_ACA_CCC,train,missense,pos_component_70,2,[70],3278a4881125928f
chr17_58694993_ACA_CGG,train,missense,pos_component_70,2,[70],33cffb9b4dae16d4
chr17_58694993_ACA_GCC,train,missense,pos_component_70,2,[70],b50cf556c9f1ebe7
chr17_58694993_A_C,train,missense,pos_component_70,2,[70],3278a4881125928f
chr17_58694993_A_G,train,missense,pos_component_70,2,[70],b50cf556c9f1ebe7
chr17_58694993_A_T,train,missense,pos_component_70,2,[70],d66b21a8ec2548c1
chr17_58694994_C_A,train,missense,pos_component_70,2,[70],24e58bea2a62097a
chr17_58694994_C_G,train,missense,pos_component_70,2,[70],33cffb9b4dae16d4
chr17_58694994_C_T,train,missense,pos_component_70,2,[70],91b79a51d2012a1a
chr17_58694995_A_C,train,synonymous,pos_component_70,2,[70],4b16b30f2a0ed367
chr17_58694995_A_G,train,synonymous,pos_component_70,2,[70],4b16b30f2a0ed367
chr17_58694995_A_T,train,synonymous,pos_component_70,2,[70],4b16b30f2a0ed367
chr17_58694996_AAT_,val,inframe_indel,pos_component_71,0,[71],81ab60f61aa81901
chr17_58694996_AAT_ACC,val,missense,pos_component_71,0,[71],455690cf5fa87000
chr17_58694996_AAT_AGC,val,missense,pos_component_71,0,[71],b249d5edaa02963d
chr17_58694996_AAT_ATC,val,missense,pos_component_71,0,[71],ff394eb68e77c85a
chr17_58694996_AAT_CAC,val,missense,pos_component_71,0,[71],86fdbab535c2830f
chr17_58694996_AAT_GAC,val,missense,pos_component_71,0,[71],c6675ad5cce1fdff
chr17_58694996_AAT_GCC,val,missense,pos_component_71,0,[71],5a5b579d0a6853d1
chr17_58694996_AAT_TAC,val,missense,pos_component_71,0,[71],b87b1243a7f08bed
chr17_58694996_A_C,val,missense,pos_component_71,0,[71],86fdbab535c2830f
chr17_58694996_A_G,val,missense,pos_component_71,0,[71],c6675ad5cce1fdff
chr17_58694996_A_T,val,missense,pos_component_71,0,[71],b87b1243a7f08bed
chr17_58694997_A_C,val,missense,pos_component_71,0,[71],455690cf5fa87000
chr17_58694997_A_G,val,missense,pos_component_71,0,[71],b249d5edaa02963d
chr17_58694997_A_T,val,missense,pos_component_71,0,[71],ff394eb68e77c85a
chr17_58694998_T_A,val,missense,pos_component_71,0,[71],15daeef13c6b9614
chr17_58694998_T_C,val,synonymous,pos_component_71,0,[71],50d51af5628ad604
chr17_58694998_T_G,val,missense,pos_component_71,0,[71],15daeef13c6b9614
chr17_58694999_AAA_,train,inframe_indel,pos_component_72,5,[72],8fb75c907970c017
chr17_58694999_AAA_ACC,train,missense,pos_component_72,5,[72],9a19f1836b30b5ab
chr17_58694999_AAA_ATC,train,missense,pos_component_72,5,[72],fb03b6939f2f476a
chr17_58694999_AAA_CAG,train,missense,pos_component_72,5,[72],09b2de73053bcc75
chr17_58694999_AAA_CGG,train,missense,pos_component_72,5,[72],e36c2e413bdb7f0c
chr17_58694999_AAA_GAG,train,missense,pos_component_72,5,[72],e103775581e9e46e
chr17_58694999_AAA_GCC,train,missense,pos_component_72,5,[72],6f567843c7895e21
chr17_58694999_A_C,train,missense,pos_component_72,5,[72],09b2de73053bcc75
chr17_58694999_A_G,train,missense,pos_component_72,5,[72],e103775581e9e46e
chr17_58695000_A_C,train,missense,pos_component_72,5,[72],9a19f1836b30b5ab
chr17_58695000_A_G,train,missense,pos_component_72,5,[72],e36c2e413bdb7f0c
chr17_58695000_A_T,train,missense,pos_component_72,5,[72],fb03b6939f2f476a
chr17_58695001_A_C,train,missense,pos_component_72,5,[72],d4971f637ed21067
chr17_58695001_A_G,train,synonymous,pos_component_72,5,[72],726f0a7653c0db8a
chr17_58695001_A_T,train,missense,pos_component_72,5,[72],d4971f637ed21067
chr17_58695002_CCA_,val,inframe_indel,pos_component_73,0,[73],ec3aff1aab2e75df
chr17_58695002_CCA_ACC,val,missense,pos_component_73,0,[73],605b6595611e66da
chr17_58695002_CCA_AGC,val,missense,pos_component_73,0,[73],9483898bb868230e
chr17_58695002_CCA_CAG,val,missense,pos_component_73,0,[73],ffd4e345654efa24
chr17_58695002_CCA_CGG,val,missense,pos_component_73,0,[73],553be9987450377d
chr17_58695002_CCA_CTG,val,missense,pos_component_73,0,[73],2708a3bb966e82fc
chr17_58695002_CCA_GCC,val,missense,pos_component_73,0,[73],409f4f6dac62f18f
chr17_58695002_C_A,val,missense,pos_component_73,0,[73],605b6595611e66da
chr17_58695002_C_G,val,missense,pos_component_73,0,[73],409f4f6dac62f18f
chr17_58695002_C_T,val,missense,pos_component_73,0,[73],9483898bb868230e
chr17_58695003_C_A,val,missense,pos_component_73,0,[73],ffd4e345654efa24
chr17_58695003_C_G,val,missense,pos_component_73,0,[73],553be9987450377d
chr17_58695003_C_T,val,missense,pos_component_73,0,[73],2708a3bb966e82fc
chr17_58695004_A_C,val,synonymous,pos_component_73,0,[73],2c86a3cba4e51f27
chr17_58695004_A_G,val,synonymous,pos_component_73,0,[73],2c86a3cba4e51f27
chr17_58695004_A_T,val,synonymous,pos_component_73,0,[73],2c86a3cba4e51f27
chr17_58695005_AGA_,train,inframe_indel,pos_component_74,6,[74],e8c7736d9f6aeb07
chr17_58695005_AGA_AAG,train,missense,pos_component_74,6,[74],5a10135061101a17
chr17_58695005_AGA_ACC,train,missense,pos_component_74,6,[74],c606e8cdc3b8c0ca
chr17_58695005_AGA_ATC,train,missense,pos_component_74,6,[74],5c7778b592161cfc
chr17_58695005_AGA_CGC,train,synonymous,pos_component_74,6,[74],89b039d9d68b1ef9
chr17_58695005_AGA_CGG,train,synonymous,pos_component_74,6,[74],89b039d9d68b1ef9
chr17_58695005_AGA_CGT,train,synonymous,pos_component_74,6,[74],89b039d9d68b1ef9
chr17_58695005_AGA_GCC,train,missense,pos_component_74,6,[74],e4dfc50d87abc7a1
chr17_58695005_AGA_GGC,train,missense,pos_component_74,6,[74],de58e3c6ec908650
chr17_58695005_AGA_TCC,train,missense,pos_component_74,6,[74],d6aa767928f52988
chr17_58695005_A_C,train,synonymous,pos_component_74,6,[74],89b039d9d68b1ef9
chr17_58695005_A_G,train,missense,pos_component_74,6,[74],de58e3c6ec908650
chr17_58695006_G_A,train,missense,pos_component_74,6,[74],5a10135061101a17
chr17_58695006_G_C,train,missense,pos_component_74,6,[74],c606e8cdc3b8c0ca
chr17_58695006_G_T,train,missense,pos_component_74,6,[74],5c7778b592161cfc
chr17_58695007_A_C,train,missense,pos_component_74,6,[74],d6aa767928f52988
chr17_58695007_A_G,train,synonymous,pos_component_74,6,[74],89b039d9d68b1ef9
chr17_58695007_A_T,train,missense,pos_component_74,6,[74],d6aa767928f52988
chr17_58695008_TAT_,train,inframe_indel,pos_component_75,0,[75],f1f5804f6a21bd6b
chr17_58695008_TAT_AAC,train,missense,pos_component_75,0,[75],ea89cf1ca7ffd2ec
chr17_58695008_TAT_AGC,train,missense,pos_component_75,0,[75],e06d3832b9cc25ba
chr17_58695008_TAT_CAC,train,missense,pos_component_75,0,[75],636efc5ff42f0b37
chr17_58695008_TAT_GAC,train,missense,pos_component_75,0,[75],622a438dfbe47b93
chr17_58695008_TAT_GCC,train,missense,pos_component_75,0,[75],a17e1361b5097701
chr17_58695008_TAT_TGC,train,missense,pos_component_75,0,[75],5b93f80491025d4d
chr17_58695008_TAT_TTC,train,missense,pos_component_75,0,[75],fc02df342a0b95d2
chr17_58695008_T_A,train,missense,pos_component_75,0,[75],ea89cf1ca7ffd2ec
chr17_58695008_T_C,train,missense,pos_component_75,0,[75],636efc5ff42f0b37
chr17_58695008_T_G,train,missense,pos_component_75,0,[75],622a438dfbe47b93
chr17_58695009_A_C,train,missense,pos_component_75,0,[75],e06d3832b9cc25ba
chr17_58695009_A_G,train,missense,pos_component_75,0,[75],5b93f80491025d4d
chr17_58695009_A_T,train,missense,pos_component_75,0,[75],fc02df342a0b95d2
chr17_58695010_T_C,train,synonymous,pos_component_75,0,[75],ada0724fbea740b3
chr17_58695011_GCT_,val,inframe_indel,pos_component_76,5,[76],c7bb91e999f50e4b
chr17_58695011_GCT_ACC,val,missense,pos_component_76,5,[76],28deb23073b9969d
chr17_58695011_GCT_AGC,val,missense,pos_component_76,5,[76],78a8a044a69df0db
chr17_58695011_GCT_CCC,val,missense,pos_component_76,5,[76],157508d1d3970420
chr17_58695011_GCT_GAC,val,missense,pos_component_76,5,[76],e5fccb2c5e423e5d
chr17_58695011_GCT_GGC,val,missense,pos_component_76,5,[76],f96d1f776af1c304
chr17_58695011_GCT_GTG,val,missense,pos_component_76,5,[76],2b728c7e57c4740b
chr17_58695011_G_A,val,missense,pos_component_76,5,[76],28deb23073b9969d
chr17_58695011_G_C,val,missense,pos_component_76,5,[76],157508d1d3970420
chr17_58695011_G_T,val,missense,pos_component_76,5,[76],78a8a044a69df0db
chr17_58695012_C_A,val,missense,pos_component_76,5,[76],e5fccb2c5e423e5d
chr17_58695012_C_G,val,missense,pos_component_76,5,[76],f96d1f776af1c304
chr17_58695012_C_T,val,missense,pos_component_76,5,[76],2b728c7e57c4740b
chr17_58695013_T_A,val,synonymous,pos_component_76,5,[76],62274e45c3d941c5
chr17_58695013_T_C,val,synonymous,pos_component_76,5,[76],62274e45c3d941c5
chr17_58695013_T_G,val,synonymous,pos_component_76,5,[76],62274e45c3d941c5
chr17_58695014_GGT_,train,inframe_indel,pos_component_77,3,[77],55afe2e09e4b6a2b
chr17_58695014_GGT_AGC,train,missense,pos_component_77,3,[77],c02dd4ad4a5c4e76
chr17_58695014_GGT_CGG,train,missense,pos_component_77,3,[77],b5350615cd67f525
chr17_58695014_GGT_GAC,train,missense,pos_component_77,3,[77],5b3bd69d347b6f17
chr17_58695014_GGT_GCC,train,missense,pos_component_77,3,[77],fa560146a05a3a59
chr17_58695014_GGT_GTG,train,missense,pos_component_77,3,[77],84e3f827fcb81464
chr17_58695014_GGT_TGC,train,missense,pos_component_77,3,[77],9dea64e31ec11656
chr17_58695014_G_A,train,missense,pos_component_77,3,[77],c02dd4ad4a5c4e76
chr17_58695014_G_C,train,missense,pos_component_77,3,[77],b5350615cd67f525
chr17_58695014_G_T,train,missense,pos_component_77,3,[77],9dea64e31ec11656
chr17_58695015_G_A,train,missense,pos_component_77,3,[77],5b3bd69d347b6f17
chr17_58695015_G_C,train,missense,pos_component_77,3,[77],fa560146a05a3a59
chr17_58695015_G_T,train,missense,pos_component_77,3,[77],84e3f827fcb81464
chr17_58695016_T_A,train,synonymous,pos_component_77,3,[77],48517e87daae2dc6
chr17_58695016_T_C,train,synonymous,pos_component_77,3,[77],48517e87daae2dc6
chr17_58695016_T_G,train,synonymous,pos_component_77,3,[77],48517e87daae2dc6
chr17_58695017_ACA_,test,inframe_indel,pos_component_78,5,[78],6c817af1fd123144
chr17_58695017_ACA_AAG,test,missense,pos_component_78,5,[78],12991371e65d1eea
chr17_58695017_ACA_AGC,test,missense,pos_component_78,5,[78],ff3d8512cfe7e407
chr17_58695017_ACA_ATC,test,missense,pos_component_78,5,[78],36b0cc92308aa7dd
chr17_58695017_ACA_CCC,test,missense,pos_component_78,5,[78],2bc55d1c92bf5331
chr17_58695017_ACA_CGG,test,missense,pos_component_78,5,[78],6524ac481dc095a0
chr17_58695017_ACA_GCC,test,missense,pos_component_78,5,[78],9c1e5c9517861c06
chr17_58695017_A_C,test,missense,pos_component_78,5,[78],2bc55d1c92bf5331
chr17_58695017_A_G,test,missense,pos_component_78,5,[78],9c1e5c9517861c06
chr17_58695017_A_T,test,missense,pos_component_78,5,[78],ff3d8512cfe7e407
chr17_58695018_C_A,test,missense,pos_component_78,5,[78],12991371e65d1eea
chr17_58695018_C_G,test,missense,pos_component_78,5,[78],6524ac481dc095a0
chr17_58695018_C_T,test,missense,pos_component_78,5,[78],36b0cc92308aa7dd
chr17_58695019_A_C,test,synonymous,pos_component_78,5,[78],49b8c3659039e703
chr17_58695019_A_G,test,synonymous,pos_component_78,5,[78],49b8c3659039e703
chr17_58695019_A_T,test,synonymous,pos_component_78,5,[78],49b8c3659039e703
chr17_58695020_TCT_,train,inframe_indel,pos_component_79,6,[79],80d5a4e35fb14e53
chr17_58695020_TCT_ACC,train,missense,pos_component_79,6,[79],9bf443472ffc2a6e
chr17_58695020_TCT_AGC,train,synonymous,pos_component_79,6,[79],f0235d786bb93bcb
chr17_58695020_TCT_AGT,train,synonymous,pos_component_79,6,[79],f0235d786bb93bcb
chr17_58695020_TCT_CCC,train,missense,pos_component_79,6,[79],80621b394f7fe23d
chr17_58695020_TCT_GCC,train,missense,pos_component_79,6,[79],8be3fd0bf5c47dd6
chr17_58695020_TCT_TAC,train,missense,pos_component_79,6,[79],7d1b5649639b2981
chr17_58695020_TCT_TGC,train,missense,pos_component_79,6,[79],e08848c4ba808ade
chr17_58695020_TCT_TTC,train,missense,pos_component_79,6,[79],9fbd89228535f448
chr17_58695020_T_A,train,missense,pos_component_79,6,[79],9bf443472ffc2a6e
chr17_58695020_T_C,train,missense,pos_component_79,6,[79],80621b394f7fe23d
chr17_58695020_T_G,train,missense,pos_component_79,6,[79],8be3fd0bf5c47dd6
chr17_58695021_C_A,train,missense,pos_component_79,6,[79],7d1b5649639b2981
chr17_58695021_C_G,train,missense,pos_component_79,6,[79],e08848c4ba808ade
chr17_58695021_C_T,train,missense,pos_component_79,6,[79],9fbd89228535f448
chr17_58695022_T_A,train,synonymous,pos_component_79,6,[79],f0235d786bb93bcb
chr17_58695022_T_C,train,synonymous,pos_component_79,6,[79],f0235d786bb93bcb
chr17_58695022_T_G,train,synonymous,pos_component_79,6,[79],f0235d786bb93bcb
chr17_58695023_GAG_,val,inframe_indel,pos_component_80,6,[80],e529c9a636464a31
chr17_58695023_GAG_AAA,val,missense,pos_component_80,6,[80],cab77575b5ae9f39
chr17_58695023_GAG_CAA,val,missense,pos_component_80,6,[80],cf2bba86faedb9bb
chr17_58695023_GAG_GCC,val,missense,pos_component_80,6,[80],7439675869404d8b
chr17_58695023_GAG_GGC,val,missense,pos_component_80,6,[80],778e8758191da4d8
chr17_58695023_GAG_GTC,val,missense,pos_component_80,6,[80],1eeae15b9d9410aa
chr17_58695023_G_A,val,missense,pos_component_80,6,[80],cab77575b5ae9f39
chr17_58695023_G_C,val,missense,pos_component_80,6,[80],cf2bba86faedb9bb
chr17_58695024_A_C,val,missense,pos_component_80,6,[80],7439675869404d8b
chr17_58695024_A_G,val,missense,pos_component_80,6,[80],778e8758191da4d8
chr17_58695024_A_T,val,missense,pos_component_80,6,[80],1eeae15b9d9410aa
chr17_58695025_G_A,val,synonymous,pos_component_80,6,[80],68a1b5d1fb6a7dc1
chr17_58695025_G_C,val,missense,pos_component_80,6,[80],6b2c43d6db0ce3c5
chr17_58695025_G_T,val,missense,pos_component_80,6,[80],6b2c43d6db0ce3c5
chr17_58695026_TCA_,train,inframe_indel,pos_component_81,6,[81],36b0dbd47eef1dc7
chr17_58695026_TCA_ACC,train,missense,pos_component_81,6,[81],7476a3ab8244c073
chr17_58695026_TCA_AGC,train,synonymous,pos_component_81,6,[81],9bbf54df8d52da4d
chr17_58695026_TCA_AGT,train,synonymous,pos_component_81,6,[81],9bbf54df8d52da4d
chr17_58695026_TCA_CCC,train,missense,pos_component_81,6,[81],575d3f0e0ea53124
chr17_58695026_TCA_CTG,train,missense,pos_component_81,6,[81],424c1c357b74d42d
chr17_58695026_TCA_GCC,train,missense,pos_component_81,6,[81],e979bc29d9c21ce5
chr17_58695026_T_A,train,missense,pos_component_81,6,[81],7476a3ab8244c073
chr17_58695026_T_C,train,missense,pos_component_81,6,[81],575d3f0e0ea53124
chr17_58695026_T_G,train,missense,pos_component_81,6,[81],e979bc29d9c21ce5
chr17_58695027_C_T,train,missense,pos_component_81,6,[81],424c1c357b74d42d
chr17_58695028_A_C,train,synonymous,pos_component_81,6,[81],9bbf54df8d52da4d
chr17_58695028_A_G,train,synonymous,pos_component_81,6,[81],9bbf54df8d52da4d
chr17_58695028_A_T,train,synonymous,pos_component_81,6,[81],9bbf54df8d52da4d
chr17_58695029_CAC_,train,inframe_indel,pos_component_82,4,[82],269fe6a928480a98
chr17_58695029_CAC_AAT,train,missense,pos_component_82,4,[82],211053d46b32cd13
chr17_58695029_CAC_CCT,train,missense,pos_component_82,4,[82],65443a7ee2be8a0c
chr17_58695029_CAC_CGG,train,missense,pos_component_82,4,[82],0b0fe822d76e26cb
chr17_58695029_CAC_CTG,train,missense,pos_component_82,4,[82],221e01fd2476e56b
chr17_58695029_CAC_GAT,train,missense,pos_component_82,4,[82],d23979b03490e32b
chr17_58695029_CAC_GCC,train,missense,pos_component_82,4,[82],090f1d5931e2560e
chr17_58695029_CAC_TAT,train,missense,pos_component_82,4,[82],d03a9ff217fa52e2
chr17_58695029_C_A,train,missense,pos_component_82,4,[82],211053d46b32cd13
chr17_58695029_C_G,train,missense,pos_component_82,4,[82],d23979b03490e32b
chr17_58695029_C_T,train,missense,pos_component_82,4,[82],d03a9ff217fa52e2
chr17_58695030_A_C,train,missense,pos_component_82,4,[82],65443a7ee2be8a0c
chr17_58695030_A_G,train,missense,pos_component_82,4,[82],0b0fe822d76e26cb
chr17_58695030_A_T,train,missense,pos_component_82,4,[82],221e01fd2476e56b
chr17_58695031_C_A,train,missense,pos_component_82,4,[82],428c2842a3846388
chr17_58695031_C_G,train,missense,pos_component_82,4,[82],428c2842a3846388
chr17_58695031_C_T,train,synonymous,pos_component_82,4,[82],16038fbcc1a4a706
chr17_58695032_AAG_ACC,train,missense,pos_component_83,1,[83],938fb05b1c242efb
chr17_58695032_AAG_CAA,train,missense,pos_component_83,1,[83],ff5dba990751f3bd
chr17_58695032_AAG_CGG,train,missense,pos_component_83,1,[83],6634c18d3e43eb8c
chr17_58695032_AAG_GAA,train,missense,pos_component_83,1,[83],80d93e2d7d2dca64
chr17_58695032_AAG_GCC,train,missense,pos_component_83,1,[83],f773a3f02c968d79
chr17_58695032_A_C,train,missense,pos_component_83,1,[83],ff5dba990751f3bd
chr17_58695032_A_G,train,missense,pos_component_83,1,[83],80d93e2d7d2dca64
chr17_58695033_A_C,train,missense,pos_component_83,1,[83],938fb05b1c242efb
chr17_58695033_A_G,train,missense,pos_component_83,1,[83],6634c18d3e43eb8c
chr17_58695033_A_T,train,missense,pos_component_83,1,[83],fbac3bc39de46f64
chr17_58695034_G_A,train,synonymous,pos_component_83,1,[83],3315c5e097db5a34
chr17_58695034_G_C,train,missense,pos_component_83,1,[83],9290d1cb7bed5d4d
chr17_58695034_G_T,train,missense,pos_component_83,1,[83],9290d1cb7bed5d4d
chr17_58695035_AAG_,train,inframe_indel,pos_component_84,1,[84],a2d5a281986d41f0
chr17_58695035_AAG_ACC,train,missense,pos_component_84,1,[84],a7d9bdcb7a8c1676
chr17_58695035_AAG_CAA,train,missense,pos_component_84,1,[84],1ab53cca5915d7ed
chr17_58695035_AAG_CGG,train,missense,pos_component_84,1,[84],aab0340ff223e938
chr17_58695035_AAG_GAA,train,missense,pos_component_84,1,[84],0fe1217e1db2c2d8
chr17_58695035_AAG_GCC,train,missense,pos_component_84,1,[84],f775a1b4d37450c7
chr17_58695035_A_C,train,missense,pos_component_84,1,[84],1ab53cca5915d7ed
chr17_58695035_A_G,train,missense,pos_component_84,1,[84],0fe1217e1db2c2d8
chr17_58695036_A_C,train,missense,pos_component_84,1,[84],a7d9bdcb7a8c1676
chr17_58695036_A_G,train,missense,pos_component_84,1,[84],aab0340ff223e938
chr17_58695036_A_T,train,missense,pos_component_84,1,[84],ac0ff2fa5ccf95d8
chr17_58695037_G_A,train,synonymous,pos_component_84,1,[84],9b4ad93b7867a5d4
chr17_58695037_G_C,train,missense,pos_component_84,1,[84],cda10453acfc261e
chr17_58695037_G_T,train,missense,pos_component_84,1,[84],cda10453acfc261e
chr17_58695038_TGT_,train,inframe_indel,pos_component_85,5,[85],74e418dbb632ed5b
chr17_58695038_TGT_AGC,train,missense,pos_component_85,5,[85],7fe404fcca33b7fe
chr17_58695038_TGT_CGG,train,missense,pos_component_85,5,[85],5b1d8f2edc5d031d
chr17_58695038_TGT_GCC,train,missense,pos_component_85,5,[85],855d48aa4db18460
chr17_58695038_TGT_GGC,train,missense,pos_component_85,5,[85],a5bb25cedf830f07
chr17_58695038_TGT_TAC,train,missense,pos_component_85,5,[85],3d0bd73e7a035c10
chr17_58695038_TGT_TTC,train,missense,pos_component_85,5,[85],2cce6320a877e11c
chr17_58695038_T_A,train,missense,pos_component_85,5,[85],7fe404fcca33b7fe
chr17_58695038_T_C,train,missense,pos_component_85,5,[85],5b1d8f2edc5d031d
chr17_58695038_T_G,train,missense,pos_component_85,5,[85],a5bb25cedf830f07
chr17_58695039_G_A,train,missense,pos_component_85,5,[85],3d0bd73e7a035c10
chr17_58695039_G_C,train,missense,pos_component_85,5,[85],7fe404fcca33b7fe
chr17_58695039_G_T,train,missense,pos_component_85,5,[85],2cce6320a877e11c
chr17_58695040_T_C,train,synonymous,pos_component_85,5,[85],1599cb8317328c24
chr17_58695040_T_G,train,missense,pos_component_85,5,[85],fe2b4b8684a1c5c3
chr17_58695041_ACA_,train,inframe_indel,pos_component_86,3,[86],404ec2f68e125a3f
chr17_58695041_ACA_AAG,train,missense,pos_component_86,3,[86],ff738ac1a5be8045
chr17_58695041_ACA_AGC,train,missense,pos_component_86,3,[86],438cc565979111ba
chr17_58695041_ACA_ATC,train,missense,pos_component_86,3,[86],b354ddeee26534f3
chr17_58695041_ACA_CCC,train,missense,pos_component_86,3,[86],3a77acf09d0e4338
chr17_58695041_ACA_CGG,train,missense,pos_component_86,3,[86],de175787fe6f7bf3
chr17_58695041_ACA_GCC,train,missense,pos_component_86,3,[86],ee0ff78e9bb480a9
chr17_58695041_A_C,train,missense,pos_component_86,3,[86],3a77acf09d0e4338
chr17_58695041_A_G,train,missense,pos_component_86,3,[86],ee0ff78e9bb480a9
chr17_58695041_A_T,train,missense,pos_component_86,3,[86],438cc565979111ba
chr17_58695042_C_A,train,missense,pos_component_86,3,[86],ff738ac1a5be8045
chr17_58695042_C_G,train,missense,pos_component_86,3,[86],de175787fe6f7bf3
chr17_58695042_C_T,train,missense,pos_component_86,3,[86],b354ddeee26534f3
chr17_58695043_A_C,train,synonymous,pos_component_86,3,[86],9ba686ac84ebf8e7
chr17_58695043_A_G,train,synonymous,pos_component_86,3,[86],9ba686ac84ebf8e7
chr17_58695043_A_T,train,synonymous,pos_component_86,3,[86],9ba686ac84ebf8e7
chr17_58695044_GCG_,val,inframe_indel,pos_component_87,2,[87],e8af38c15d2b7dbd
chr17_58695044_GCG_ACC,val,missense,pos_component_87,2,[87],3fe24248b4ca2f46
chr17_58695044_GCG_AGC,val,missense,pos_component_87,2,[87],b50db6c2dfccd1b2
chr17_58695044_GCG_CCC,val,missense,pos_component_87,2,[87],ff1e52e01091e2f3
chr17_58695044_GCG_GAA,val,missense,pos_component_87,2,[87],c0a73a9783cb065b
chr17_58695044_GCG_GGC,val,missense,pos_component_87,2,[87],0e1f0827e68a9b82
chr17_58695044_GCG_GTC,val,missense,pos_component_87,2,[87],abca6862394f648b
chr17_58695044_G_A,val,missense,pos_component_87,2,[87],3fe24248b4ca2f46
chr17_58695044_G_C,val,missense,pos_component_87,2,[87],ff1e52e01091e2f3
chr17_58695044_G_T,val,missense,pos_component_87,2,[87],b50db6c2dfccd1b2
chr17_58695045_C_A,val,missense,pos_component_87,2,[87],c0a73a9783cb065b
chr17_58695045_C_G,val,missense,pos_component_87,2,[87],0e1f0827e68a9b82
chr17_58695045_C_T,val,missense,pos_component_87,2,[87],abca6862394f648b
chr17_58695046_G_C,val,synonymous,pos_component_87,2,[87],392b3356f9b784e3
chr17_58695046_G_T,val,synonymous,pos_component_87,2,[87],392b3356f9b784e3
chr17_58695047_CTA_,train,inframe_indel,pos_component_88,3,[88],771685df539d21e2
chr17_58695047_CTA_ATC,train,missense,pos_component_88,3,[88],c12f66b12c31e918
chr17_58695047_CTA_CAG,train,missense,pos_component_88,3,[88],6c3515338652bae7
chr17_58695047_CTA_CCC,train,missense,pos_component_88,3,[88],4984cf36951fe727
chr17_58695047_CTA_CGG,train,missense,pos_component_88,3,[88],56102fcf42077026
chr17_58695047_CTA_GCC,train,missense,pos_component_88,3,[88],d436e0c6b24a647f
chr17_58695047_CTA_GTG,train,missense,pos_component_88,3,[88],28126f4b77624b1d
chr17_58695047_CTA_TTG,train,synonymous,pos_component_88,3,[88],6854ea0ba516e0b0
chr17_58695047_C_A,train,missense,pos_component_88,3,[88],c12f66b12c31e918
chr17_58695047_C_G,train,missense,pos_component_88,3,[88],28126f4b77624b1d
chr17_58695047_C_T,train,synonymous,pos_component_88,3,[88],6854ea0ba516e0b0
chr17_58695048_T_A,train,missense,pos_component_88,3,[88],6c3515338652bae7
chr17_58695048_T_C,train,missense,pos_component_88,3,[88],4984cf36951fe727
chr17_58695048_T_G,train,missense,pos_component_88,3,[88],56102fcf42077026
chr17_58695049_A_C,train,synonymous,pos_component_88,3,[88],6854ea0ba516e0b0
chr17_58695049_A_T,train,synonymous,pos_component_88,3,[88],6854ea0ba516e0b0
chr17_58695050_GAA_,val,inframe_indel,pos_component_89,6,[89],65425a9583d38509
chr17_58695050_GAA_AAG,val,missense,pos_component_89,6,[89],dc84fa738628fa44
chr17_58695050_GAA_CAG,val,missense,pos_component_89,6,[89],7ac760f7e558ac1f
chr17_58695050_GAA_GCC,val,missense,pos_component_89,6,[89],47a0fad3f2e65e6e
chr17_58695050_GAA_GGC,val,missense,pos_component_89,6,[89],0009a9b6f6c6da86
chr17_58695050_GAA_GTG,val,missense,pos_component_89,6,[89],95044b4b1e6d9903
chr17_58695050_G_A,val,missense,pos_component_89,6,[89],dc84fa738628fa44
chr17_58695050_G_C,val,missense,pos_component_89,6,[89],7ac760f7e558ac1f
chr17_58695051_A_C,val,missense,pos_component_89,6,[89],47a0fad3f2e65e6e
chr17_58695051_A_G,val,missense,pos_component_89,6,[89],0009a9b6f6c6da86
chr17_58695051_A_T,val,missense,pos_component_89,6,[89],95044b4b1e6d9903
chr17_58695052_A_C,val,missense,pos_component_89,6,[89],09c8e078163e457c
chr17_58695052_A_G,val,synonymous,pos_component_89,6,[89],65d48ce492fe7ab9
chr17_58695052_A_T,val,missense,pos_component_89,6,[89],09c8e078163e457c
chr17_58695053_CTT_ATC,train,missense,pos_component_90,5,[90],c462d8dfd3234991
chr17_58695053_CTT_CAC,train,missense,pos_component_90,5,[90],ee98210882ce0236
chr17_58695053_CTT_CCC,train,missense,pos_component_90,5,[90],d11810553157a44c
chr17_58695053_CTT_CGG,train,missense,pos_component_90,5,[90],5118ded9e7912ca1
chr17_58695053_CTT_GCC,train,missense,pos_component_90,5,[90],07f2f81c618ab070
chr17_58695053_CTT_GTG,train,missense,pos_component_90,5,[90],cfbe18facabe7881
chr17_58695053_CTT_TTA,train,synonymous,pos_component_90,5,[90],6d7510c6aeb4374f
chr17_58695053_CTT_TTC,train,missense,pos_component_90,5,[90],8c1bf81eb78551c4
chr17_58695053_CTT_TTG,train,synonymous,pos_component_90,5,[90],6d7510c6aeb4374f
chr17_58695053_C_A,train,missense,pos_component_90,5,[90],c462d8dfd3234991
chr17_58695053_C_G,train,missense,pos_component_90,5,[90],cfbe18facabe7881
chr17_58695053_C_T,train,missense,pos_component_90,5,[90],8c1bf81eb78551c4
chr17_58695054_T_A,train,missense,pos_component_90,5,[90],ee98210882ce0236
chr17_58695054_T_C,train,missense,pos_component_90,5,[90],d11810553157a44c
chr17_58695054_T_G,train,missense,pos_component_90,5,[90],5118ded9e7912ca1
chr17_58695055_T_A,train,synonymous,pos_component_90,5,[90],6d7510c6aeb4374f
chr17_58695055_T_C,train,synonymous,pos_component_90,5,[90],6d7510c6aeb4374f
chr17_58695055_T_G,train,synonymous,pos_component_90,5,[90],6d7510c6aeb4374f
chr17_58695056_CTT_,train,inframe_indel,pos_component_91,3,[91],50405d59bff84403
chr17_58695056_CTT_ATC,train,missense,pos_component_91,3,[91],61d7fb2f03fbab4e
chr17_58695056_CTT_CAC,train,missense,pos_component_91,3,[91],e1f037297e4b0f2c
chr17_58695056_CTT_CCC,train,missense,pos_component_91,3,[91],485b846127fec6df
chr17_58695056_CTT_CGG,train,missense,pos_component_91,3,[91],b10388e8cc630b17
chr17_58695056_CTT_GCC,train,missense,pos_component_91,3,[91],fab6dad17c52b04d
chr17_58695056_CTT_GTG,train,missense,pos_component_91,3,[91],675b58618d5e3890
chr17_58695056_CTT_TTA,train,synonymous,pos_component_91,3,[91],38a6ecedc614913c
chr17_58695056_CTT_TTC,train,missense,pos_component_91,3,[91],4c496040406cbf7b
chr17_58695056_CTT_TTG,train,synonymous,pos_component_91,3,[91],38a6ecedc614913c
chr17_58695056_C_A,train,missense,pos_component_91,3,[91],61d7fb2f03fbab4e
chr17_58695056_C_G,train,missense,pos_component_91,3,[91],675b58618d5e3890
chr17_58695056_C_T,train,missense,pos_component_91,3,[91],4c496040406cbf7b
chr17_58695057_T_A,train,missense,pos_component_91,3,[91],e1f037297e4b0f2c
chr17_58695057_T_C,train,missense,pos_component_91,3,[91],485b846127fec6df
chr17_58695057_T_G,train,missense,pos_component_91,3,[91],b10388e8cc630b17
chr17_58695058_T_A,train,synonymous,pos_component_91,3,[91],38a6ecedc614913c
chr17_58695058_T_C,train,synonymous,pos_component_91,3,[91],38a6ecedc614913c
chr17_58695058_T_G,train,synonymous,pos_component_91,3,[91],38a6ecedc614913c
chr17_58695059_GAG_,val,inframe_indel,pos_component_92,4,[92],78be47732b3f013f
chr17_58695059_GAG_AAA,val,missense,pos_component_92,4,[92],9463f90e111167de
chr17_58695059_GAG_CAA,val,missense,pos_component_92,4,[92],7ef6dd8bc326610c
chr17_58695059_GAG_GCC,val,missense,pos_component_92,4,[92],19a434d2a5493f10
chr17_58695059_GAG_GGC,val,missense,pos_component_92,4,[92],5e9f475337b79674
chr17_58695059_GAG_GTC,val,missense,pos_component_92,4,[92],5c27171275ab5904
chr17_58695059_G_A,val,missense,pos_component_92,4,[92],9463f90e111167de
chr17_58695059_G_C,val,missense,pos_component_92,4,[92],7ef6dd8bc326610c
chr17_58695060_A_C,val,missense,pos_component_92,4,[92],19a434d2a5493f10
chr17_58695060_A_G,val,missense,pos_component_92,4,[92],5e9f475337b79674
chr17_58695060_A_T,val,missense,pos_component_92,4,[92],5c27171275ab5904
chr17_58695061_G_A,val,synonymous,pos_component_92,4,[92],1c7675621386c1d1
chr17_58695061_G_C,val,missense,pos_component_92,4,[92],a0d3c45c874eb8e4
chr17_58695061_G_T,val,missense,pos_component_92,4,[92],a0d3c45c874eb8e4
chr17_58695062_CAG_,train,inframe_indel,pos_component_93,6,[93],27b2c824f88d3851
chr17_58695062_CAG_AAA,train,missense,pos_component_93,6,[93],963d11189c56e18d
chr17_58695062_CAG_AGA,train,missense,pos_component_93,6,[93],2a87e9fd7a83cc38
chr17_58695062_CAG_CCC,train,missense,pos_component_93,6,[93],04494aee41718edd
chr17_58695062_CAG_CTC,train,missense,pos_component_93,6,[93],b061b1d0f469c11d
chr17_58695062_CAG_GAA,train,missense,pos_component_93,6,[93],52b582a81ddc6077
chr17_58695062_CAG_GCC,train,missense,pos_component_93,6,[93],e2c37fa65118c6ff
chr17_58695062_C_A,train,missense,pos_component_93,6,[93],963d11189c56e18d
chr17_58695062_C_G,train,missense,pos_component_93,6,[93],52b582a81ddc6077
chr17_58695063_A_C,train,missense,pos_component_93,6,[93],04494aee41718edd
chr17_58695063_A_G,train,missense,pos_component_93,6,[93],2a87e9fd7a83cc38
chr17_58695063_A_T,train,missense,pos_component_93,6,[93],b061b1d0f469c11d
chr17_58695064_G_A,train,synonymous,pos_component_93,6,[93],224381be3d8edb27
chr17_58695064_G_C,train,missense,pos_component_93,6,[93],d897a26af93ca039
chr17_58695064_G_T,train,missense,pos_component_93,6,[93],d897a26af93ca039
chr17_58695065_GAG_,train,inframe_indel,pos_component_94,1,[94],f86fe06a86714bdd
chr17_58695065_GAG_AAA,train,missense,pos_component_94,1,[94],f6da4dbff8d28d1d
chr17_58695065_GAG_CAA,train,missense,pos_component_94,1,[94],e9ea75d20a0b7925
chr17_58695065_GAG_GCC,train,missense,pos_component_94,1,[94],c8b5dd6d16b40578
chr17_58695065_GAG_GGC,train,missense,pos_component_94,1,[94],3de4f16adffee7c2
chr17_58695065_GAG_GTC,train,missense,pos_component_94,1,[94],031511c98764e669
chr17_58695065_G_A,train,missense,pos_component_94,1,[94],f6da4dbff8d28d1d
chr17_58695065_G_C,train,missense,pos_component_94,1,[94],e9ea75d20a0b7925
chr17_58695066_A_C,train,missense,pos_component_94,1,[94],c8b5dd6d16b40578
chr17_58695066_A_G,train,missense,pos_component_94,1,[94],3de4f16adffee7c2
chr17_58695066_A_T,train,missense,pos_component_94,1,[94],031511c98764e669
chr17_58695067_G_A,train,synonymous,pos_component_94,1,[94],4d7a955f5b8bb633
chr17_58695067_G_C,train,missense,pos_component_94,1,[94],2761f787cbfc162a
chr17_58695067_G_T,train,missense,pos_component_94,1,[94],2761f787cbfc162a
chr17_58695068_CAT_,train,inframe_indel,pos_component_95,6,[95],0d5405c71cce2e5c
chr17_58695068_CAT_AAC,train,missense,pos_component_95,6,[95],fff010baa8bd5974
chr17_58695068_CAT_CCC,train,missense,pos_component_95,6,[95],b6855febf482a2b1
chr17_58695068_CAT_CGG,train,missense,pos_component_95,6,[95],2c6a4da7cd139c94
chr17_58695068_CAT_CTG,train,missense,pos_component_95,6,[95],cd1e30a7e742697b
chr17_58695068_CAT_GAC,train,missense,pos_component_95,6,[95],5b4ec6f316051b98
chr17_58695068_CAT_GCC,train,missense,pos_component_95,6,[95],b9c52cc13a594993
chr17_58695068_CAT_TAC,train,missense,pos_component_95,6,[95],1f9774c4790d916d
chr17_58695068_C_A,train,missense,pos_component_95,6,[95],fff010baa8bd5974
chr17_58695068_C_G,train,missense,pos_component_95,6,[95],5b4ec6f316051b98
chr17_58695068_C_T,train,missense,pos_component_95,6,[95],1f9774c4790d916d
chr17_58695069_A_C,train,missense,pos_component_95,6,[95],b6855febf482a2b1
chr17_58695069_A_G,train,missense,pos_component_95,6,[95],2c6a4da7cd139c94
chr17_58695069_A_T,train,missense,pos_component_95,6,[95],cd1e30a7e742697b
chr17_58695070_T_A,train,missense,pos_component_95,6,[95],d3768b83e5f83cc5
chr17_58695070_T_C,train,synonymous,pos_component_95,6,[95],f14d0fc51ecec147
chr17_58695070_T_G,train,missense,pos_component_95,6,[95],d3768b83e5f83cc5
chr17_58695071_ACC_,train,inframe_indel,pos_component_96,0,[96],c04fd69e4a79acec
chr17_58695071_ACC_AAT,train,missense,pos_component_96,0,[96],f83b4a93b1bfc1da
chr17_58695071_ACC_ATT,train,missense,pos_component_96,0,[96],b0f08bb2242dc915
chr17_58695071_ACC_CCT,train,missense,pos_component_96,0,[96],7b3d778e3e49cbb5
chr17_58695071_ACC_GCT,train,missense,pos_component_96,0,[96],b6e737ead064097e
chr17_58695071_A_C,train,missense,pos_component_96,0,[96],7b3d778e3e49cbb5
chr17_58695071_A_G,train,missense,pos_component_96,0,[96],b6e737ead064097e
chr17_58695071_A_T,train,missense,pos_component_96,0,[96],baccfc13eb2819f4
chr17_58695072_C_A,train,missense,pos_component_96,0,[96],f83b4a93b1bfc1da
chr17_58695072_C_G,train,missense,pos_component_96,0,[96],baccfc13eb2819f4
chr17_58695072_C_T,train,missense,pos_component_96,0,[96],b0f08bb2242dc915
chr17_58695073_C_A,train,synonymous,pos_component_96,0,[96],6190afd2a7b22315
chr17_58695073_C_G,train,synonymous,pos_component_96,0,[96],6190afd2a7b22315
chr17_58695073_C_T,train,synonymous,pos_component_96,0,[96],6190afd2a7b22315
chr17_58695074_CAG_,train,inframe_indel,pos_component_97,2,[97],48f1de01128a8cc2
chr17_58695074_CAG_AAA,train,missense,pos_component_97,2,[97],fea7c1aa26824560
chr17_58695074_CAG_AGA,train,missense,pos_component_97,2,[97],f882eca7c6586d6c
chr17_58695074_CAG_CCC,train,missense,pos_component_97,2,[97],6aa98d1184ac04be
chr17_58695074_CAG_CTC,train,missense,pos_component_97,2,[97],53fadaf56e651eaa
chr17_58695074_CAG_GAA,train,missense,pos_component_97,2,[97],4a21149a7d4c6880
chr17_58695074_CAG_GCC,train,missense,pos_component_97,2,[97],fe8b2c0b819a473f
chr17_58695074_C_A,train,missense,pos_component_97,2,[97],fea7c1aa26824560
chr17_58695074_C_G,train,missense,pos_component_97,2,[97],4a21149a7d4c6880
chr17_58695075_A_C,train,missense,pos_component_97,2,[97],6aa98d1184ac04be
chr17_58695075_A_G,train,missense,pos_component_97,2,[97],f882eca7c6586d6c
chr17_58695075_A_T,train,missense,pos_component_97,2,[97],53fadaf56e651eaa
chr17_58695076_G_A,train,synonymous,pos_component_97,2,[97],4468b115a5978558
chr17_58695076_G_C,train,missense,pos_component_97,2,[97],e548e1c9792cfc59
chr17_58695076_G_T,train,missense,pos_component_97,2,[97],e548e1c9792cfc59
chr17_58695077_GGC_,train,inframe_indel,pos_component_98,0,[98],d99b92c1ee66345b
chr17_58695077_GGC_CGG,train,missense,pos_component_98,0,[98],1bbad259a165ebfe
chr17_58695077_GGC_GAT,train,missense,pos_component_98,0,[98],0e3d8ecf67cdc13b
chr17_58695077_GGC_GCT,train,missense,pos_component_98,0,[98],ed6a119564a8e4ec
chr17_58695077_GGC_GTG,train,missense,pos_component_98,0,[98],61eb3937bb510415
chr17_58695077_GGC_TCC,train,missense,pos_component_98,0,[98],002c570d55910305
chr17_58695077_GGC_TGT,train,missense,pos_component_98,0,[98],bc2f3ee25486b0b4
chr17_58695077_G_A,train,missense,pos_component_98,0,[98],002c570d55910305
chr17_58695077_G_C,train,missense,pos_component_98,0,[98],1bbad259a165ebfe
chr17_58695077_G_T,train,missense,pos_component_98,0,[98],bc2f3ee25486b0b4
chr17_58695078_G_A,train,missense,pos_component_98,0,[98],0e3d8ecf67cdc13b
chr17_58695078_G_C,train,missense,pos_component_98,0,[98],ed6a119564a8e4ec
chr17_58695078_G_T,train,missense,pos_component_98,0,[98],61eb3937bb510415
chr17_58695079_C_A,train,synonymous,pos_component_98,0,[98],4da019e54891ad74
chr17_58695079_C_G,train,synonymous,pos_component_98,0,[98],4da019e54891ad74
chr17_58695079_C_T,train,synonymous,pos_component_98,0,[98],4da019e54891ad74
chr17_58695080_TTC_,test,inframe_indel,pos_component_99,5,[99],e73cd6453116a853
chr17_58695080_TTC_AGC,test,missense,pos_component_99,5,[99],bbfce449af12fe98
chr17_58695080_TTC_ATT,test,missense,pos_component_99,5,[99],a107eb8d16eaa0ea
chr17_58695080_TTC_CTG,test,missense,pos_component_99,5,[99],852f44e53e60ed63
chr17_58695080_TTC_GCC,test,missense,pos_component_99,5,[99],571e0743fe23aebf
chr17_58695080_TTC_GTG,test,missense,pos_component_99,5,[99],4d467c09f8989c7d
chr17_58695080_TTC_TAT,test,missense,pos_component_99,5,[99],600a2b478b1ea6a3
chr17_58695080_TTC_TGT,test,missense,pos_component_99,5,[99],c373b02605e1f39e
chr17_58695080_T_A,test,missense,pos_component_99,5,[99],a107eb8d16eaa0ea
chr17_58695080_T_C,test,missense,pos_component_99,5,[99],852f44e53e60ed63
chr17_58695080_T_G,test,missense,pos_component_99,5,[99],4d467c09f8989c7d
chr17_58695081_T_A,test,missense,pos_component_99,5,[99],600a2b478b1ea6a3
chr17_58695081_T_C,test,missense,pos_component_99,5,[99],bbfce449af12fe98
chr17_58695081_T_G,test,missense,pos_component_99,5,[99],c373b02605e1f39e
chr17_58695082_C_A,test,missense,pos_component_99,5,[99],852f44e53e60ed63
chr17_58695082_C_G,test,missense,pos_component_99,5,[99],852f44e53e60ed63
chr17_58695082_C_T,test,synonymous,pos_component_99,5,[99],701a03329f9556bd
chr17_58695083_ATA_,val,inframe_indel,pos_component_101,5,[101],db4876bad3497632
chr17_58695083_ATA_AAG,train,missense,pos_component_100,6,[100],868ced634f8b6e88
chr17_58695083_ATA_ACC,train,missense,pos_component_100,6,[100],a924da2275e0ed04
chr17_58695083_ATA_CGG,train,missense,pos_component_100,6,[100],5b9c50977bee118b
chr17_58695083_ATA_CTG,train,missense,pos_component_100,6,[100],cce75e87da686cce
chr17_58695083_ATA_GCC,train,missense,pos_component_100,6,[100],a10b78cb14d3553c
chr17_58695083_ATA_GTG,train,missense,pos_component_100,6,[100],8b791dfcfe23561d
chr17_58695083_A_C,train,missense,pos_component_100,6,[100],cce75e87da686cce
chr17_58695083_A_G,train,missense,pos_component_100,6,[100],8b791dfcfe23561d
chr17_58695083_A_T,train,missense,pos_component_100,6,[100],cce75e87da686cce
chr17_58695084_T_A,train,missense,pos_component_100,6,[100],868ced634f8b6e88
chr17_58695084_T_C,train,missense,pos_component_100,6,[100],a924da2275e0ed04
chr17_58695084_T_G,train,missense,pos_component_100,6,[100],5b9c50977bee118b
chr17_58695085_A_C,train,synonymous,pos_component_100,6,[100],1502777f52a86bf1
chr17_58695085_A_G,train,missense,pos_component_100,6,[100],61320263bbbcb118
chr17_58695085_A_T,train,synonymous,pos_component_100,6,[100],1502777f52a86bf1
chr17_58695086_ATC_,val,inframe_indel,pos_component_101,5,[101],db4876bad3497632
chr17_58695086_ATC_AAT,val,missense,pos_component_101,5,[101],490452440ba5cbee
chr17_58695086_ATC_ACA,val,missense,pos_component_101,5,[101],3e6d5f1fa757d1ce
chr17_58695086_ATC_CTG,val,missense,pos_component_101,5,[101],18ab10efc3ccd8c3
chr17_58695086_ATC_GCC,val,missense,pos_component_101,5,[101],112d2a23073d5f82
chr17_58695086_ATC_GTG,val,missense,pos_component_101,5,[101],6a1ce516c4539893
chr17_58695086_ATC_TCC,val,missense,pos_component_101,5,[101],69797d03a7c41885
chr17_58695086_ATC_TTT,val,missense,pos_component_101,5,[101],bf912650561e8b97
chr17_58695086_A_C,val,missense,pos_component_101,5,[101],18ab10efc3ccd8c3
chr17_58695086_A_G,val,missense,pos_component_101,5,[101],6a1ce516c4539893
chr17_58695086_A_T,val,missense,pos_component_101,5,[101],bf912650561e8b97
chr17_58695087_T_A,val,missense,pos_component_101,5,[101],490452440ba5cbee
chr17_58695087_T_C,val,missense,pos_component_101,5,[101],3e6d5f1fa757d1ce
chr17_58695087_T_G,val,missense,pos_component_101,5,[101],69797d03a7c41885
chr17_58695088_C_A,val,synonymous,pos_component_101,5,[101],75ee9e299bd416c2
chr17_58695088_C_G,val,missense,pos_component_101,5,[101],53700614664b4460
chr17_58695088_C_T,val,synonymous,pos_component_101,5,[101],75ee9e299bd416c2
chr17_58695089_ACC_,train,inframe_indel,pos_component_102,0,[102],b244226cfe1b4582
chr17_58695089_ACC_AAT,train,missense,pos_component_102,0,[102],d502d064a03b760e
chr17_58695089_ACC_ATT,train,missense,pos_component_102,0,[102],da48463d869aa1b9
chr17_58695089_ACC_CCT,train,missense,pos_component_102,0,[102],8325356a48ab9037
chr17_58695089_ACC_GCT,train,missense,pos_component_102,0,[102],2775c8690019d7af
chr17_58695089_A_C,train,missense,pos_component_102,0,[102],8325356a48ab9037
chr17_58695089_A_G,train,missense,pos_component_102,0,[102],2775c8690019d7af
chr17_58695089_A_T,train,missense,pos_component_102,0,[102],74f8786f3168fe73
chr17_58695090_C_A,train,missense,pos_component_102,0,[102],d502d064a03b760e
chr17_58695090_C_G,train,missense,pos_component_102,0,[102],74f8786f3168fe73
chr17_58695090_C_T,train,missense,pos_component_102,0,[102],da48463d869aa1b9
chr17_58695091_CTT_,train,inframe_indel,pos_component_103,5,[103],95f3fd0576811a10
chr17_58695091_C_A,train,synonymous,pos_component_102,0,[102],27bc11449242712b
chr17_58695091_C_G,train,synonymous,pos_component_102,0,[102],27bc11449242712b
chr17_58695091_C_T,train,synonymous,pos_component_102,0,[102],27bc11449242712b
chr17_58695092_TTC_AGC,train,missense,pos_component_103,5,[103],e10aade02b11f343
chr17_58695092_TTC_ATT,train,missense,pos_component_103,5,[103],5f7a2411dde7ecf1
chr17_58695092_TTC_CTG,train,missense,pos_component_103,5,[103],bfc69a6b1dc94e50
chr17_58695092_TTC_GCC,train,missense,pos_component_103,5,[103],c23a0785945bf2cf
chr17_58695092_TTC_GTG,train,missense,pos_component_103,5,[103],aaa22b979dd424fa
chr17_58695092_TTC_TAT,train,missense,pos_component_103,5,[103],f8754b79905ddc72
chr17_58695092_TTC_TGT,train,missense,pos_component_103,5,[103],f898bd560cf3db0d
chr17_58695092_T_A,train,missense,pos_component_103,5,[103],5f7a2411dde7ecf1
chr17_58695092_T_C,train,missense,pos_component_103,5,[103],bfc69a6b1dc94e50
chr17_58695092_T_G,train,missense,pos_component_103,5,[103],aaa22b979dd424fa
chr17_58695093_T_A,train,missense,pos_component_103,5,[103],f8754b79905ddc72
chr17_58695093_T_C,train,missense,pos_component_103,5,[103],e10aade02b11f343
chr17_58695093_T_G,train,missense,pos_component_103,5,[103],f898bd560cf3db0d
chr17_58695094_C_A,train,missense,pos_component_103,5,[103],bfc69a6b1dc94e50
chr17_58695094_C_G,train,missense,pos_component_103,5,[103],bfc69a6b1dc94e50
chr17_58695094_C_T,train,synonymous,pos_component_103,5,[103],33e371ba4578a8c5
chr17_58695095_TGT_,test,inframe_indel,pos_component_104,3,[104],24b8fc1b03974e25
chr17_58695095_TGT_AGC,test,missense,pos_component_104,3,[104],bcec523a077ff6e5
chr17_58695095_TGT_CGG,test,missense,pos_component_104,3,[104],c50ea57859fb43c2
chr17_58695095_TGT_GCC,test,missense,pos_component_104,3,[104],18d9be51e3cb6fa0
chr17_58695095_TGT_GGC,test,missense,pos_component_104,3,[104],a525d09973354ecb
chr17_58695095_TGT_TAC,test,missense,pos_component_104,3,[104],8b6e48e4fa3cc820
chr17_58695095_TGT_TTC,test,missense,pos_component_104,3,[104],139e1495e1616e0b
chr17_58695095_T_A,test,missense,pos_component_104,3,[104],bcec523a077ff6e5
chr17_58695095_T_C,test,missense,pos_component_104,3,[104],c50ea57859fb43c2
chr17_58695095_T_G,test,missense,pos_component_104,3,[104],a525d09973354ecb
chr17_58695096_G_A,test,missense,pos_component_104,3,[104],8b6e48e4fa3cc820
chr17_58695096_G_C,test,missense,pos_component_104,3,[104],bcec523a077ff6e5
chr17_58695096_G_T,test,missense,pos_component_104,3,[104],139e1495e1616e0b
chr17_58695097_T_C,test,synonymous,pos_component_104,3,[104],ca7530524a51808a
chr17_58695097_T_G,test,missense,pos_component_104,3,[104],d881d824bc045c9e
chr17_58695098_TCA_,val,inframe_indel,pos_component_105,5,[105],0463a48f5541e3c7
chr17_58695098_TCA_ACC,val,missense,pos_component_105,5,[105],513ebc2445bb8ce8
chr17_58695098_TCA_AGC,val,synonymous,pos_component_105,5,[105],60daa7aed144af02
chr17_58695098_TCA_AGT,val,synonymous,pos_component_105,5,[105],60daa7aed144af02
chr17_58695098_TCA_CCC,val,missense,pos_component_105,5,[105],f4847a6c7bcf2590
chr17_58695098_TCA_CTG,val,missense,pos_component_105,5,[105],062ff72f05262841
chr17_58695098_TCA_GCC,val,missense,pos_component_105,5,[105],c639dbdbf4a18e32
chr17_58695098_T_A,val,missense,pos_component_105,5,[105],513ebc2445bb8ce8
chr17_58695098_T_C,val,missense,pos_component_105,5,[105],f4847a6c7bcf2590
chr17_58695098_T_G,val,missense,pos_component_105,5,[105],c639dbdbf4a18e32
chr17_58695099_C_T,val,missense,pos_component_105,5,[105],062ff72f05262841
chr17_58695100_A_C,val,synonymous,pos_component_105,5,[105],60daa7aed144af02
chr17_58695100_A_G,val,synonymous,pos_component_105,5,[105],60daa7aed144af02
chr17_58695100_A_T,val,synonymous,pos_component_105,5,[105],60daa7aed144af02
chr17_58695101_GCA_,train,inframe_indel,pos_component_106,2,[106],dd839bcfebd42682
chr17_58695101_GCA_ACC,train,missense,pos_component_106,2,[106],c1a1e8be64966c15
chr17_58695101_GCA_AGC,train,missense,pos_component_106,2,[106],7ca5fa663dd16bee
chr17_58695101_GCA_CCC,train,missense,pos_component_106,2,[106],a1d50195085d84b6
chr17_58695101_GCA_GAG,train,missense,pos_component_106,2,[106],7a240c5d9117d6d2
chr17_58695101_GCA_GGC,train,missense,pos_component_106,2,[106],74eb1ed66b7588a7
chr17_58695101_GCA_GTG,train,missense,pos_component_106,2,[106],57c6ad6bbeb221f3
chr17_58695101_G_A,train,missense,pos_component_106,2,[106],c1a1e8be64966c15
chr17_58695101_G_C,train,missense,pos_component_106,2,[106],a1d50195085d84b6
chr17_58695101_G_T,train,missense,pos_component_106,2,[106],7ca5fa663dd16bee
chr17_58695102_C_A,train,missense,pos_component_106,2,[106],7a240c5d9117d6d2
chr17_58695102_C_G,train,missense,pos_component_106,2,[106],74eb1ed66b7588a7
chr17_58695102_C_T,train,missense,pos_component_106,2,[106],57c6ad6bbeb221f3
chr17_58695103_A_C,train,synonymous,pos_component_106,2,[106],fda1cc6cdb7f699f
chr17_58695103_A_G,train,synonymous,pos_component_106,2,[106],fda1cc6cdb7f699f
chr17_58695103_A_T,train,synonymous,pos_component_106,2,[106],fda1cc6cdb7f699f
chr17_58695104_CTA_,test,inframe_indel,pos_component_107,4,[107],d6eefe6da64e1f0d
chr17_58695104_CTA_ATC,test,missense,pos_component_107,4,[107],2f6939146dda9d60
chr17_58695104_CTA_CAG,test,missense,pos_component_107,4,[107],6ead80dd0a7a01af
chr17_58695104_CTA_CCC,test,missense,pos_component_107,4,[107],7fa4fd1dada9488d
chr17_58695104_CTA_CGG,test,missense,pos_component_107,4,[107],000e2ee7f4e5eccd
chr17_58695104_CTA_GCC,test,missense,pos_component_107,4,[107],d903177b7cbc30a9
chr17_58695104_CTA_GTG,test,missense,pos_component_107,4,[107],1f1f6ffcaca31631
chr17_58695104_CTA_TTG,test,synonymous,pos_component_107,4,[107],df22eabc610dd242
chr17_58695104_C_A,test,missense,pos_component_107,4,[107],2f6939146dda9d60
chr17_58695104_C_G,test,missense,pos_component_107,4,[107],1f1f6ffcaca31631
chr17_58695104_C_T,test,synonymous,pos_component_107,4,[107],df22eabc610dd242
chr17_58695105_T_A,test,missense,pos_component_107,4,[107],6ead80dd0a7a01af
chr17_58695105_T_C,test,missense,pos_component_107,4,[107],7fa4fd1dada9488d
chr17_58695105_T_G,test,missense,pos_component_107,4,[107],000e2ee7f4e5eccd
chr17_58695106_A_C,test,synonymous,pos_component_107,4,[107],df22eabc610dd242
chr17_58695106_A_G,test,synonymous,pos_component_107,4,[107],df22eabc610dd242
chr17_58695106_A_T,test,synonymous,pos_component_107,4,[107],df22eabc610dd242
chr17_58695107_GAT_AAC,train,missense,pos_component_108,0,[108],e62df0301d711c40
chr17_58695107_GAT_CAC,train,missense,pos_component_108,0,[108],ef54e2c36e5938f4
chr17_58695107_GAT_GCC,train,missense,pos_component_108,0,[108],ac0a73da7be68dd8
chr17_58695107_GAT_GGC,train,missense,pos_component_108,0,[108],3420fdb1872b9ecf
chr17_58695107_GAT_GTG,train,missense,pos_component_108,0,[108],ab35d1b18252abdd
chr17_58695107_GAT_TAC,train,missense,pos_component_108,0,[108],57e5f65b2e981648
chr17_58695107_G_A,train,missense,pos_component_108,0,[108],e62df0301d711c40
chr17_58695107_G_C,train,missense,pos_component_108,0,[108],ef54e2c36e5938f4
chr17_58695107_G_T,train,missense,pos_component_108,0,[108],57e5f65b2e981648
chr17_58695108_A_C,train,missense,pos_component_108,0,[108],ac0a73da7be68dd8
chr17_58695108_A_G,train,missense,pos_component_108,0,[108],3420fdb1872b9ecf
chr17_58695108_A_T,train,missense,pos_component_108,0,[108],ab35d1b18252abdd
chr17_58695109_T_A,train,missense,pos_component_108,0,[108],03c90eb8b22452f6
chr17_58695109_T_C,train,synonymous,pos_component_108,0,[108],b9940e8f89621d45
chr17_58695109_T_G,train,missense,pos_component_108,0,[108],03c90eb8b22452f6
chr17_58695110_GAT_,train,inframe_indel,pos_component_109,4,[109],ef035a7ab25d9f50
chr17_58695110_GAT_AAC,train,missense,pos_component_109,4,[109],a820336a94df8347
chr17_58695110_GAT_CAC,train,missense,pos_component_109,4,[109],8970025f29cc23b9
chr17_58695110_GAT_GCC,train,missense,pos_component_109,4,[109],011e4753171d7672
chr17_58695110_GAT_GGC,train,missense,pos_component_109,4,[109],74df099800dcc392
chr17_58695110_GAT_GTG,train,missense,pos_component_109,4,[109],8733e8b18fd97c49
chr17_58695110_GAT_TAC,train,missense,pos_component_109,4,[109],25791fde4e4c3461
chr17_58695110_G_A,train,missense,pos_component_109,4,[109],a820336a94df8347
chr17_58695110_G_C,train,missense,pos_component_109,4,[109],8970025f29cc23b9
chr17_58695110_G_T,train,missense,pos_component_109,4,[109],25791fde4e4c3461
chr17_58695111_A_C,train,missense,pos_component_109,4,[109],011e4753171d7672
chr17_58695111_A_G,train,missense,pos_component_109,4,[109],74df099800dcc392
chr17_58695111_A_T,train,missense,pos_component_109,4,[109],8733e8b18fd97c49
chr17_58695112_T_A,train,missense,pos_component_109,4,[109],ee803c3a3a7f895b
chr17_58695112_T_C,train,synonymous,pos_component_109,4,[109],e1c0ad9656ec1f05
chr17_58695112_T_G,train,missense,pos_component_109,4,[109],ee803c3a3a7f895b
chr17_58695113_ATT_,train,inframe_indel,pos_component_110,2,[110],2b6c5fabdf4069ad
chr17_58695113_ATT_AAC,train,missense,pos_component_110,2,[110],ab3793e7f284ed47
chr17_58695113_ATT_ACC,train,missense,pos_component_110,2,[110],b1ba46b337974baf
chr17_58695113_ATT_AGC,train,missense,pos_component_110,2,[110],9006f0d1a0b22857
chr17_58695113_ATT_CTG,train,missense,pos_component_110,2,[110],2960cb20d1e70305
chr17_58695113_ATT_GCC,train,missense,pos_component_110,2,[110],82eafcc3b3d2ba45
chr17_58695113_ATT_GTG,train,missense,pos_component_110,2,[110],534a70374d5ff00a
chr17_58695113_ATT_TTC,train,missense,pos_component_110,2,[110],f1607fb009ac2bfc
chr17_58695113_A_C,train,missense,pos_component_110,2,[110],2960cb20d1e70305
chr17_58695113_A_G,train,missense,pos_component_110,2,[110],534a70374d5ff00a
chr17_58695113_A_T,train,missense,pos_component_110,2,[110],f1607fb009ac2bfc
chr17_58695114_T_A,train,missense,pos_component_110,2,[110],ab3793e7f284ed47
chr17_58695114_T_C,train,missense,pos_component_110,2,[110],b1ba46b337974baf
chr17_58695114_T_G,train,missense,pos_component_110,2,[110],9006f0d1a0b22857
chr17_58695115_T_A,train,synonymous,pos_component_110,2,[110],a9992b540a652215
chr17_58695115_T_C,train,synonymous,pos_component_110,2,[110],a9992b540a652215
chr17_58695115_T_G,train,missense,pos_component_110,2,[110],7ac51a9d92c04396
chr17_58695116_CTT_,test,inframe_indel,pos_component_111,4,[111],0a280f79bd085cc6
chr17_58695116_CTT_ATC,test,missense,pos_component_111,4,[111],e21be378193b1ab3
chr17_58695116_CTT_CAC,test,missense,pos_component_111,4,[111],754f16df8bb65544
chr17_58695116_CTT_CCC,test,missense,pos_component_111,4,[111],a873878acd838244
chr17_58695116_CTT_CGG,test,missense,pos_component_111,4,[111],32806a314eaa93b1
chr17_58695116_CTT_GCC,test,missense,pos_component_111,4,[111],36832731942dd405
chr17_58695116_CTT_GTG,test,missense,pos_component_111,4,[111],768da222f79fb4fd
chr17_58695116_CTT_TTA,test,synonymous,pos_component_111,4,[111],ac949244befbd85a
chr17_58695116_CTT_TTC,test,missense,pos_component_111,4,[111],bf9b02608203ee99
chr17_58695116_CTT_TTG,test,synonymous,pos_component_111,4,[111],ac949244befbd85a
chr17_58695116_C_A,test,missense,pos_component_111,4,[111],e21be378193b1ab3
chr17_58695116_C_G,test,missense,pos_component_111,4,[111],768da222f79fb4fd
chr17_58695116_C_T,test,missense,pos_component_111,4,[111],bf9b02608203ee99
chr17_58695117_T_A,test,missense,pos_component_111,4,[111],754f16df8bb65544
chr17_58695117_T_C,test,missense,pos_component_111,4,[111],a873878acd838244
chr17_58695117_T_G,test,missense,pos_component_111,4,[111],32806a314eaa93b1
chr17_58695118_T_A,test,synonymous,pos_component_111,4,[111],ac949244befbd85a
chr17_58695118_T_C,test,synonymous,pos_component_111,4,[111],ac949244befbd85a
chr17_58695118_T_G,test,synonymous,pos_component_111,4,[111],ac949244befbd85a
chr17_58695119_GGG_,train,inframe_indel,pos_component_114,1,[114],2fa36cdd6f64532d
chr17_58695119_GGG_AGA,test,missense,pos_component_112,0,[112],6fd3630907221021
chr17_58695119_GGG_GAA,test,missense,pos_component_112,0,[112],95645dbfea39fa24
chr17_58695119_GGG_GCC,test,missense,pos_component_112,0,[112],ea9bcecf860bc90d
chr17_58695119_GGG_GTC,test,missense,pos_component_112,0,[112],6d58d60f8e7ed6e4
chr17_58695119_G_A,test,missense,pos_component_112,0,[112],6fd3630907221021
chr17_58695119_G_C,test,missense,pos_component_112,0,[112],6fd3630907221021
chr17_58695119_G_T,test,missense,pos_component_112,0,[112],c2c459b0ec8c259f
chr17_58695120_G_A,test,missense,pos_component_112,0,[112],95645dbfea39fa24
chr17_58695120_G_C,test,missense,pos_component_112,0,[112],ea9bcecf860bc90d
chr17_58695120_G_T,test,missense,pos_component_112,0,[112],6d58d60f8e7ed6e4
chr17_58695121_G_A,test,synonymous,pos_component_112,0,[112],06bd80f3ac463a4f
chr17_58695121_G_C,test,synonymous,pos_component_112,0,[112],06bd80f3ac463a4f
chr17_58695121_G_T,test,synonymous,pos_component_112,0,[112],06bd80f3ac463a4f
chr17_58695122_GGT_,train,inframe_indel,pos_component_114,1,[114],2fa36cdd6f64532d
chr17_58695122_GGT_AGC,val,missense,pos_component_113,0,[113],7292ea40e0b17d93
chr17_58695122_GGT_CGG,val,missense,pos_component_113,0,[113],159675588f935ac5
chr17_58695122_GGT_GAC,val,missense,pos_component_113,0,[113],a7bf9fa26372f2f6
chr17_58695122_GGT_GCC,val,missense,pos_component_113,0,[113],652e2ec0027f99a3
chr17_58695122_GGT_GTG,val,missense,pos_component_113,0,[113],56c8dbb1b6fa2e47
chr17_58695122_GGT_TGC,val,missense,pos_component_113,0,[113],674df668c8d3cfe8
chr17_58695122_G_A,val,missense,pos_component_113,0,[113],7292ea40e0b17d93
chr17_58695122_G_C,val,missense,pos_component_113,0,[113],159675588f935ac5
chr17_58695122_G_T,val,missense,pos_component_113,0,[113],674df668c8d3cfe8
chr17_58695123_G_A,val,missense,pos_component_113,0,[113],a7bf9fa26372f2f6
chr17_58695123_G_C,val,missense,pos_component_113,0,[113],652e2ec0027f99a3
chr17_58695123_G_T,val,missense,pos_component_113,0,[113],56c8dbb1b6fa2e47
chr17_58695124_T_A,val,synonymous,pos_component_113,0,[113],d72014a370a33220
chr17_58695124_T_C,val,synonymous,pos_component_113,0,[113],d72014a370a33220
chr17_58695124_T_G,val,synonymous,pos_component_113,0,[113],d72014a370a33220
chr17_58695125_GGA_,train,inframe_indel,pos_component_114,1,[114],2fa36cdd6f64532d
chr17_58695125_GGA_CGG,train,missense,pos_component_114,1,[114],0f0ac18a11a2238f
chr17_58695125_GGA_GAG,train,missense,pos_component_114,1,[114],41368dded0a8eba5
chr17_58695125_GGA_GCC,train,missense,pos_component_114,1,[114],beee99b637301d37
chr17_58695125_GGA_GTG,train,missense,pos_component_114,1,[114],78cde6f4aceead6e
chr17_58695125_G_A,train,missense,pos_component_114,1,[114],0f0ac18a11a2238f
chr17_58695125_G_C,train,missense,pos_component_114,1,[114],0f0ac18a11a2238f
chr17_58695126_G_A,train,missense,pos_component_114,1,[114],41368dded0a8eba5
chr17_58695126_G_C,train,missense,pos_component_114,1,[114],beee99b637301d37
chr17_58695126_G_T,train,missense,pos_component_114,1,[114],78cde6f4aceead6e
chr17_58695127_A_C,train,synonymous,pos_component_114,1,[114],46b8573382a2ad8c
chr17_58695127_A_G,train,synonymous,pos_component_114,1,[114],46b8573382a2ad8c
chr17_58695127_A_T,train,synonymous,pos_component_114,1,[114],46b8573382a2ad8c
chr17_58695128_GTG_,test,inframe_indel,pos_component_115,3,[115],bdc7f7e933ef4445
chr17_58695128_GTG_CTC,test,missense,pos_component_115,3,[115],50d800d7f31f4bbe
chr17_58695128_GTG_GAA,test,missense,pos_component_115,3,[115],95633053c13029ed
chr17_58695128_GTG_GCC,test,missense,pos_component_115,3,[115],dfd70560f90c62c5
chr17_58695128_GTG_GGC,test,missense,pos_component_115,3,[115],b889c57cc8d33db3
chr17_58695128_G_A,test,missense,pos_component_115,3,[115],b71059953936ba70
chr17_58695128_G_C,test,missense,pos_component_115,3,[115],50d800d7f31f4bbe
chr17_58695128_G_T,test,missense,pos_component_115,3,[115],50d800d7f31f4bbe
chr17_58695129_T_A,test,missense,pos_component_115,3,[115],95633053c13029ed
chr17_58695129_T_C,test,missense,pos_component_115,3,[115],dfd70560f90c62c5
chr17_58695129_T_G,test,missense,pos_component_115,3,[115],b889c57cc8d33db3
chr17_58695130_G_A,test,synonymous,pos_component_115,3,[115],ad53d88cca8f15ae
chr17_58695130_G_C,test,synonymous,pos_component_115,3,[115],ad53d88cca8f15ae
chr17_58695130_G_T,test,synonymous,pos_component_115,3,[115],ad53d88cca8f15ae
chr17_58695131_CCC_,val,inframe_indel,pos_component_116,1,[116],9feb874f1c6988da
chr17_58695131_CCC_ACA,val,missense,pos_component_116,1,[116],3675c4619904db32
chr17_58695131_CCC_AGC,val,missense,pos_component_116,1,[116],6ef23e0c5f510912
chr17_58695131_CCC_CAT,val,missense,pos_component_116,1,[116],803dd7e1dbc6459d
chr17_58695131_CCC_CGG,val,missense,pos_component_116,1,[116],9c1856b4b9c52b18
chr17_58695131_CCC_CTG,val,missense,pos_component_116,1,[116],bb74a2a43d200845
chr17_58695131_CCC_GCT,val,missense,pos_component_116,1,[116],b125ae0d5f2c1712
chr17_58695131_C_A,val,missense,pos_component_116,1,[116],3675c4619904db32
chr17_58695131_C_G,val,missense,pos_component_116,1,[116],b125ae0d5f2c1712
chr17_58695131_C_T,val,missense,pos_component_116,1,[116],6ef23e0c5f510912
chr17_58695132_C_A,val,missense,pos_component_116,1,[116],803dd7e1dbc6459d
chr17_58695132_C_G,val,missense,pos_component_116,1,[116],9c1856b4b9c52b18
chr17_58695132_C_T,val,missense,pos_component_116,1,[116],bb74a2a43d200845
chr17_58695133_C_A,val,synonymous,pos_component_116,1,[116],a4e6d8807b186664
chr17_58695133_C_G,val,synonymous,pos_component_116,1,[116],a4e6d8807b186664
chr17_58695133_C_T,val,synonymous,pos_component_116,1,[116],a4e6d8807b186664
chr17_58695134_TTA_,train,inframe_indel,pos_component_117,2,[117],b1f8b466db6a7d90
chr17_58695134_TTA_AGC,train,missense,pos_component_117,2,[117],30ea9556eb7a47d8
chr17_58695134_TTA_ATC,train,missense,pos_component_117,2,[117],1ba00ebdb1f4be33
chr17_58695134_TTA_CTC,train,synonymous,pos_component_117,2,[117],37ba924c9366a45e
chr17_58695134_TTA_CTG,train,synonymous,pos_component_117,2,[117],37ba924c9366a45e
chr17_58695134_TTA_CTT,train,synonymous,pos_component_117,2,[117],37ba924c9366a45e
chr17_58695134_TTA_GCC,train,missense,pos_component_117,2,[117],67bb0789db29c0e7
chr17_58695134_TTA_GTG,train,missense,pos_component_117,2,[117],5eb66ac7c9272045
chr17_58695134_T_A,train,missense,pos_component_117,2,[117],1ba00ebdb1f4be33
chr17_58695134_T_C,train,synonymous,pos_component_117,2,[117],37ba924c9366a45e
chr17_58695134_T_G,train,missense,pos_component_117,2,[117],5eb66ac7c9272045
chr17_58695135_T_C,train,missense,pos_component_117,2,[117],30ea9556eb7a47d8
chr17_58695136_A_C,train,missense,pos_component_117,2,[117],26ecbecf0bc358c4
chr17_58695136_A_G,train,synonymous,pos_component_117,2,[117],37ba924c9366a45e
chr17_58695136_A_T,train,missense,pos_component_117,2,[117],26ecbecf0bc358c4
chr17_58695137_ATG_,val,inframe_indel,pos_component_118,0,[118],7273a25f600236ec
chr17_58695137_ATG_AAA,val,missense,pos_component_118,0,[118],f3d879d5917b147f
chr17_58695137_ATG_ACC,val,missense,pos_component_118,0,[118],fcd7f3cac74f30ff
chr17_58695137_ATG_CGG,val,missense,pos_component_118,0,[118],4cbf576160f3b691
chr17_58695137_ATG_CTC,val,missense,pos_component_118,0,[118],6ce9929bbbc6c1af
chr17_58695137_ATG_GCC,val,missense,pos_component_118,0,[118],fffcc1982982df1e
chr17_58695137_ATG_GTC,val,missense,pos_component_118,0,[118],8b3f5128c1532bdc
chr17_58695137_A_C,val,missense,pos_component_118,0,[118],6ce9929bbbc6c1af
chr17_58695137_A_G,val,missense,pos_component_118,0,[118],8b3f5128c1532bdc
chr17_58695137_A_T,val,missense,pos_component_118,0,[118],6ce9929bbbc6c1af
chr17_58695138_T_A,val,missense,pos_component_118,0,[118],f3d879d5917b147f
chr17_58695138_T_C,val,missense,pos_component_118,0,[118],fcd7f3cac74f30ff
chr17_58695138_T_G,val,missense,pos_component_118,0,[118],4cbf576160f3b691
chr17_58695139_G_A,val,missense,pos_component_118,0,[118],4b6324185b7ac24c
chr17_58695139_G_C,val,missense,pos_component_118,0,[118],4b6324185b7ac24c
chr17_58695139_G_T,val,missense,pos_component_118,0,[118],4b6324185b7ac24c
chr17_58695140_AAA_,val,inframe_indel,pos_component_119,0,[119],4207f42f925454c4
chr17_58695140_AAA_ACC,val,missense,pos_component_119,0,[119],c2423d86a6d9f82f
chr17_58695140_AAA_ATC,val,missense,pos_component_119,0,[119],baf72bc11fe7705a
chr17_58695140_AAA_CAG,val,missense,pos_component_119,0,[119],06ec6b4e3017036d
chr17_58695140_AAA_CGG,val,missense,pos_component_119,0,[119],e41fd3f91d4d6e44
chr17_58695140_AAA_GAG,val,missense,pos_component_119,0,[119],783fa5420870d202
chr17_58695140_AAA_GCC,val,missense,pos_component_119,0,[119],01c6e7aa3306bd0b
chr17_58695140_A_C,val,missense,pos_component_119,0,[119],06ec6b4e3017036d
chr17_58695140_A_G,val,missense,pos_component_119,0,[119],783fa5420870d202
chr17_58695141_A_C,val,missense,pos_component_119,0,[119],c2423d86a6d9f82f
chr17_58695141_A_G,val,missense,pos_component_119,0,[119],e41fd3f91d4d6e44
chr17_58695141_A_T,val,missense,pos_component_119,0,[119],baf72bc11fe7705a
chr17_58695142_AAC_,train,inframe_indel,pos_component_121,2,[121],af8daf26d9e92f5b
chr17_58695142_A_C,val,missense,pos_component_119,0,[119],f95a2dd15f8a85fb
chr17_58695142_A_G,val,synonymous,pos_component_119,0,[119],cfa6edbfee6dbc3c
chr17_58695142_A_T,val,missense,pos_component_119,0,[119],f95a2dd15f8a85fb
chr17_58695143_ACA_AAG,train,missense,pos_component_120,4,[120],20382e19b4da8bd8
chr17_58695143_ACA_AGC,train,missense,pos_component_120,4,[120],40c1d75f917578ee
chr17_58695143_ACA_ATC,train,missense,pos_component_120,4,[120],344adc6ebfbc458f
chr17_58695143_ACA_CCC,train,missense,pos_component_120,4,[120],c27a9838f6e42c5e
chr17_58695143_ACA_CGG,train,missense,pos_component_120,4,[120],262fe7b75f5ec57c
chr17_58695143_ACA_GCC,train,missense,pos_component_120,4,[120],cbca3f26dc9910a9
chr17_58695143_A_C,train,missense,pos_component_120,4,[120],c27a9838f6e42c5e
chr17_58695143_A_G,train,missense,pos_component_120,4,[120],cbca3f26dc9910a9
chr17_58695143_A_T,train,missense,pos_component_120,4,[120],40c1d75f917578ee
chr17_58695144_C_A,train,missense,pos_component_120,4,[120],20382e19b4da8bd8
chr17_58695144_C_G,train,missense,pos_component_120,4,[120],262fe7b75f5ec57c
chr17_58695144_C_T,train,missense,pos_component_120,4,[120],344adc6ebfbc458f
chr17_58695145_A_C,train,synonymous,pos_component_120,4,[120],28cc0a0ef9ca5345
chr17_58695145_A_G,train,synonymous,pos_component_120,4,[120],28cc0a0ef9ca5345
chr17_58695145_A_T,train,synonymous,pos_component_120,4,[120],28cc0a0ef9ca5345
chr17_58695146_ACA_AAG,train,missense,pos_component_121,2,[121],c2408c77504ac37d
chr17_58695146_ACA_AGC,train,missense,pos_component_121,2,[121],3d841ff6b3393177
chr17_58695146_ACA_ATC,train,missense,pos_component_121,2,[121],82a2cdcbde179e61
chr17_58695146_ACA_CCC,train,missense,pos_component_121,2,[121],ab6475e2cda66b70
chr17_58695146_ACA_CGG,train,missense,pos_component_121,2,[121],66facf6dc3a08fd9
chr17_58695146_ACA_GCC,train,missense,pos_component_121,2,[121],b216af1966611ef4
chr17_58695146_A_C,train,missense,pos_component_121,2,[121],ab6475e2cda66b70
chr17_58695146_A_G,train,missense,pos_component_121,2,[121],b216af1966611ef4
chr17_58695146_A_T,train,missense,pos_component_121,2,[121],3d841ff6b3393177
chr17_58695147_C_A,train,missense,pos_component_121,2,[121],c2408c77504ac37d
chr17_58695147_C_G,train,missense,pos_component_121,2,[121],66facf6dc3a08fd9
chr17_58695147_C_T,train,missense,pos_component_121,2,[121],82a2cdcbde179e61
chr17_58695148_A_C,train,synonymous,pos_component_121,2,[121],ea0f8aee1bc9ff9a
chr17_58695148_A_G,train,synonymous,pos_component_121,2,[121],ea0f8aee1bc9ff9a
chr17_58695148_A_T,train,synonymous,pos_component_121,2,[121],ea0f8aee1bc9ff9a
chr17_58695149_GAA_,train,inframe_indel,pos_component_122,4,[122],422b45b53b9bdb21
chr17_58695149_GAA_AAG,train,missense,pos_component_122,4,[122],6de7e98ecce9fce8
chr17_58695149_GAA_CAG,train,missense,pos_component_122,4,[122],55f6d8b1ca873ad1
chr17_58695149_GAA_GCC,train,missense,pos_component_122,4,[122],0b5eda578bb2d717
chr17_58695149_GAA_GGC,train,missense,pos_component_122,4,[122],de9737daeee1fe91
chr17_58695149_GAA_GTG,train,missense,pos_component_122,4,[122],88e49acc723a8215
chr17_58695149_G_A,train,missense,pos_component_122,4,[122],6de7e98ecce9fce8
chr17_58695149_G_C,train,missense,pos_component_122,4,[122],55f6d8b1ca873ad1
chr17_58695150_A_C,train,missense,pos_component_122,4,[122],0b5eda578bb2d717
chr17_58695150_A_G,train,missense,pos_component_122,4,[122],de9737daeee1fe91
chr17_58695150_A_T,train,missense,pos_component_122,4,[122],88e49acc723a8215
chr17_58695151_A_C,train,missense,pos_component_122,4,[122],2046f63b43d7b542
chr17_58695151_A_G,train,synonymous,pos_component_122,4,[122],2e072d3e1d6e454d
chr17_58695151_A_T,train,missense,pos_component_122,4,[122],2046f63b43d7b542
chr17_58695152_ATT_,train,inframe_indel,pos_component_123,2,[123],b889f7cc9beb0d5b
chr17_58695152_ATT_AAC,train,missense,pos_component_123,2,[123],55d21b6429615c94
chr17_58695152_ATT_ACC,train,missense,pos_component_123,2,[123],9062500c0e71687f
chr17_58695152_ATT_AGC,train,missense,pos_component_123,2,[123],5bc63d34e0259ea5
chr17_58695152_ATT_CTG,train,missense,pos_component_123,2,[123],c0b00d3ab1b54cf5
chr17_58695152_ATT_GCC,train,missense,pos_component_123,2,[123],4ea49084aa65b281
chr17_58695152_ATT_GTG,train,missense,pos_component_123,2,[123],9acaa563ee19df1c
chr17_58695152_ATT_TTC,train,missense,pos_component_123,2,[123],ff5477e6ab43d659
chr17_58695152_A_C,train,missense,pos_component_123,2,[123],c0b00d3ab1b54cf5
chr17_58695152_A_G,train,missense,pos_component_123,2,[123],9acaa563ee19df1c
chr17_58695152_A_T,train,missense,pos_component_123,2,[123],ff5477e6ab43d659
chr17_58695153_T_A,train,missense,pos_component_123,2,[123],55d21b6429615c94
chr17_58695153_T_C,train,missense,pos_component_123,2,[123],9062500c0e71687f
chr17_58695153_T_G,train,missense,pos_component_123,2,[123],5bc63d34e0259ea5
chr17_58695154_T_A,train,synonymous,pos_component_123,2,[123],3beebb5e58c8352e
chr17_58695154_T_C,train,synonymous,pos_component_123,2,[123],3beebb5e58c8352e
chr17_58695154_T_G,train,missense,pos_component_123,2,[123],85c8d83476aa715b
chr17_58695155_TGT_,val,inframe_indel,pos_component_124,2,[124],38c2ff4822f9953e
chr17_58695155_TGT_AGC,val,missense,pos_component_124,2,[124],9e5e491cdb61f91c
chr17_58695155_TGT_CGG,val,missense,pos_component_124,2,[124],0db7876d8b6bb1df
chr17_58695155_TGT_GCC,val,missense,pos_component_124,2,[124],e9bd9e548a887e4a
chr17_58695155_TGT_GGC,val,missense,pos_component_124,2,[124],a4283d763b67018f
chr17_58695155_TGT_TAC,val,missense,pos_component_124,2,[124],f1f2709356807b53
chr17_58695155_TGT_TTC,val,missense,pos_component_124,2,[124],46b7787a3bf949ce
chr17_58695155_T_A,val,missense,pos_component_124,2,[124],9e5e491cdb61f91c
chr17_58695155_T_C,val,missense,pos_component_124,2,[124],0db7876d8b6bb1df
chr17_58695155_T_G,val,missense,pos_component_124,2,[124],a4283d763b67018f
chr17_58695156_G_A,val,missense,pos_component_124,2,[124],f1f2709356807b53
chr17_58695156_G_C,val,missense,pos_component_124,2,[124],9e5e491cdb61f91c
chr17_58695156_G_T,val,missense,pos_component_124,2,[124],46b7787a3bf949ce
chr17_58695157_T_C,val,synonymous,pos_component_124,2,[124],d9f140cac2e8f60a
chr17_58695157_T_G,val,missense,pos_component_124,2,[124],02bdf81241260684
chr17_58695158_GGT_,val,inframe_indel,pos_component_125,2,[125],45d82c40f01ec3a1
chr17_58695158_GGT_AGC,val,missense,pos_component_125,2,[125],2838c63b01fad8c3
chr17_58695158_GGT_CGG,val,missense,pos_component_125,2,[125],24acf0a272c740a3
chr17_58695158_GGT_GAC,val,missense,pos_component_125,2,[125],b95d0fd8a699ea9a
chr17_58695158_GGT_GCC,val,missense,pos_component_125,2,[125],4a87d6611ecaf478
chr17_58695158_GGT_GTG,val,missense,pos_component_125,2,[125],df414879734a1851
chr17_58695158_GGT_TGC,val,missense,pos_component_125,2,[125],f7f18f13ebbadf22
chr17_58695158_G_A,val,missense,pos_component_125,2,[125],2838c63b01fad8c3
chr17_58695158_G_C,val,missense,pos_component_125,2,[125],24acf0a272c740a3
chr17_58695158_G_T,val,missense,pos_component_125,2,[125],f7f18f13ebbadf22
chr17_58695159_G_A,val,missense,pos_component_125,2,[125],b95d0fd8a699ea9a
chr17_58695159_G_C,val,missense,pos_component_125,2,[125],4a87d6611ecaf478
chr17_58695159_G_T,val,missense,pos_component_125,2,[125],df414879734a1851
chr17_58695160_T_A,val,synonymous,pos_component_125,2,[125],9915089574a76c6c
chr17_58695160_T_C,val,synonymous,pos_component_125,2,[125],9915089574a76c6c
chr17_58695160_T_G,val,synonymous,pos_component_125,2,[125],9915089574a76c6c
chr17_58695161_GCA_,train,inframe_indel,pos_component_126,3,[126],46b277af36999bbe
chr17_58695161_GCA_ACC,train,missense,pos_component_126,3,[126],9dfc23c3a280cd30
chr17_58695161_GCA_AGC,train,missense,pos_component_126,3,[126],ad4aa2d8457dd62d
chr17_58695161_GCA_CCC,train,missense,pos_component_126,3,[126],ce3962214c8ce0e9
chr17_58695161_GCA_GAG,train,missense,pos_component_126,3,[126],61f38a86e392f3b9
chr17_58695161_GCA_GGC,train,missense,pos_component_126,3,[126],fc74f0550bf7f8fe
chr17_58695161_GCA_GTG,train,missense,pos_component_126,3,[126],00245859278f3f5d
chr17_58695161_G_A,train,missense,pos_component_126,3,[126],9dfc23c3a280cd30
chr17_58695161_G_C,train,missense,pos_component_126,3,[126],ce3962214c8ce0e9
chr17_58695161_G_T,train,missense,pos_component_126,3,[126],ad4aa2d8457dd62d
chr17_58695162_C_A,train,missense,pos_component_126,3,[126],61f38a86e392f3b9
chr17_58695162_C_G,train,missense,pos_component_126,3,[126],fc74f0550bf7f8fe
chr17_58695162_C_T,train,missense,pos_component_126,3,[126],00245859278f3f5d
chr17_58695163_A_C,train,synonymous,pos_component_126,3,[126],266f2575cff20b4a
chr17_58695163_A_G,train,synonymous,pos_component_126,3,[126],266f2575cff20b4a
chr17_58695163_A_T,train,synonymous,pos_component_126,3,[126],266f2575cff20b4a
chr17_58695164_CCA_,val,inframe_indel,pos_component_127,2,[127],63807d32ea9673ad
chr17_58695164_CCA_ACC,val,missense,pos_component_127,2,[127],3d5ce9471da6814b
chr17_58695164_CCA_AGC,val,missense,pos_component_127,2,[127],9fc4c3407e363c5f
chr17_58695164_CCA_CAG,val,missense,pos_component_127,2,[127],8d1c73a66b252f6e
chr17_58695164_CCA_CGG,val,missense,pos_component_127,2,[127],1161717e9a59632a
chr17_58695164_CCA_CTG,val,missense,pos_component_127,2,[127],16aa9d010318de1c
chr17_58695164_CCA_GCC,val,missense,pos_component_127,2,[127],9d5fefa37d2fe871
chr17_58695164_C_A,val,missense,pos_component_127,2,[127],3d5ce9471da6814b
chr17_58695164_C_G,val,missense,pos_component_127,2,[127],9d5fefa37d2fe871
chr17_58695164_C_T,val,missense,pos_component_127,2,[127],9fc4c3407e363c5f
chr17_58695165_C_A,val,missense,pos_component_127,2,[127],8d1c73a66b252f6e
chr17_58695165_C_G,val,missense,pos_component_127,2,[127],1161717e9a59632a
chr17_58695165_C_T,val,missense,pos_component_127,2,[127],16aa9d010318de1c
chr17_58695166_A_C,val,synonymous,pos_component_127,2,[127],ca7bda9610d9c15f
chr17_58695166_A_G,val,synonymous,pos_component_127,2,[127],ca7bda9610d9c15f
chr17_58695166_A_T,val,synonymous,pos_component_127,2,[127],ca7bda9610d9c15f
chr17_58695167_GGT_,train,inframe_indel,pos_component_128,0,[128],39c04cf39ff8f5b8
chr17_58695167_GGT_AGC,train,missense,pos_component_128,0,[128],a0ac66cedf3a24a6
chr17_58695167_GGT_CGG,train,missense,pos_component_128,0,[128],521f79353c9d2f28
chr17_58695167_GGT_GAC,train,missense,pos_component_128,0,[128],151f3f8c376974e1
chr17_58695167_GGT_GCC,train,missense,pos_component_128,0,[128],510b3ad1ddfc44d0
chr17_58695167_GGT_GTG,train,missense,pos_component_128,0,[128],7c96b771429f03ab
chr17_58695167_GGT_TGC,train,missense,pos_component_128,0,[128],8868871fddc85fdf
chr17_58695167_G_A,train,missense,pos_component_128,0,[128],a0ac66cedf3a24a6
chr17_58695167_G_C,train,missense,pos_component_128,0,[128],521f79353c9d2f28
chr17_58695167_G_T,train,missense,pos_component_128,0,[128],8868871fddc85fdf
chr17_58695168_G_A,train,missense,pos_component_128,0,[128],151f3f8c376974e1
chr17_58695168_G_C,train,missense,pos_component_128,0,[128],510b3ad1ddfc44d0
chr17_58695168_G_T,train,missense,pos_component_128,0,[128],7c96b771429f03ab
chr17_58695169_T_A,train,synonymous,pos_component_128,0,[128],b78be88aebe8a84c
chr17_58695169_T_C,train,synonymous,pos_component_128,0,[128],b78be88aebe8a84c
chr17_58695169_T_G,train,synonymous,pos_component_128,0,[128],b78be88aebe8a84c
chr17_58695170_GTT_,train,inframe_indel,pos_component_129,3,[129],a2ad8c735a21d31b
chr17_58695170_GTT_ATC,train,missense,pos_component_129,3,[129],aef5d07e565a2d7d
chr17_58695170_GTT_CTG,train,missense,pos_component_129,3,[129],1b2e8d6e891d3fbe
chr17_58695170_GTT_GAC,train,missense,pos_component_129,3,[129],70076ea58c089401
chr17_58695170_GTT_GCC,train,missense,pos_component_129,3,[129],0c03dbbe07ae314a
chr17_58695170_GTT_GGC,train,missense,pos_component_129,3,[129],8debf1e738cba804
chr17_58695170_GTT_TTC,train,missense,pos_component_129,3,[129],563292019b3bec38
chr17_58695170_G_A,train,missense,pos_component_129,3,[129],aef5d07e565a2d7d
chr17_58695170_G_C,train,missense,pos_component_129,3,[129],1b2e8d6e891d3fbe
chr17_58695170_G_T,train,missense,pos_component_129,3,[129],563292019b3bec38
chr17_58695171_T_A,train,missense,pos_component_129,3,[129],70076ea58c089401
chr17_58695171_T_C,train,missense,pos_component_129,3,[129],0c03dbbe07ae314a
chr17_58695171_T_G,train,missense,pos_component_129,3,[129],8debf1e738cba804
chr17_58695172_T_A,train,synonymous,pos_component_129,3,[129],45c83a7775c0f9ae
chr17_58695172_T_C,train,synonymous,pos_component_129,3,[129],45c83a7775c0f9ae
chr17_58695172_T_G,train,synonymous,pos_component_129,3,[129],45c83a7775c0f9ae
chr17_58695173_GGA_,train,inframe_indel,pos_component_130,3,[130],9ce1c8891be73d9a
chr17_58695173_GGA_CGG,train,missense,pos_component_130,3,[130],999365382a785151
chr17_58695173_GGA_GAG,train,missense,pos_component_130,3,[130],f29248e7bfe6c48a
chr17_58695173_GGA_GCC,train,missense,pos_component_130,3,[130],eca55a6ce30b2154
chr17_58695173_GGA_GTG,train,missense,pos_component_130,3,[130],2c15cf15d7bf6044
chr17_58695173_G_A,train,missense,pos_component_130,3,[130],999365382a785151
chr17_58695173_G_C,train,missense,pos_component_130,3,[130],999365382a785151
chr17_58695174_G_A,train,missense,pos_component_130,3,[130],f29248e7bfe6c48a
chr17_58695174_G_C,train,missense,pos_component_130,3,[130],eca55a6ce30b2154
chr17_58695174_G_T,train,missense,pos_component_130,3,[130],2c15cf15d7bf6044
chr17_58695175_A_C,train,synonymous,pos_component_130,3,[130],bea103a04a49f524
chr17_58695175_A_G,train,synonymous,pos_component_130,3,[130],bea103a04a49f524
chr17_58695175_A_T,train,synonymous,pos_component_130,3,[130],bea103a04a49f524
chr17_58695176_AAA_,test,inframe_indel,pos_component_131,6,[131],4fa4c30d20f75c78
chr17_58695176_AAA_ACC,test,missense,pos_component_131,6,[131],aecae90f4e9ea84e
chr17_58695176_AAA_ATC,test,missense,pos_component_131,6,[131],8559ce298331c9cc
chr17_58695176_AAA_CAG,test,missense,pos_component_131,6,[131],f3e44def569d0bd0
chr17_58695176_AAA_CGG,test,missense,pos_component_131,6,[131],50421affdec26cd8
chr17_58695176_AAA_GAG,test,missense,pos_component_131,6,[131],52650bb21bc0fa68
chr17_58695176_AAA_GCC,test,missense,pos_component_131,6,[131],03afb625bc9ca8de
chr17_58695176_A_C,test,missense,pos_component_131,6,[131],f3e44def569d0bd0
chr17_58695176_A_G,test,missense,pos_component_131,6,[131],52650bb21bc0fa68
chr17_58695177_A_C,test,missense,pos_component_131,6,[131],aecae90f4e9ea84e
chr17_58695177_A_G,test,missense,pos_component_131,6,[131],50421affdec26cd8
chr17_58695177_A_T,test,missense,pos_component_131,6,[131],8559ce298331c9cc
chr17_58695178_A_C,test,missense,pos_component_131,6,[131],6bf9ecccf27763fc
chr17_58695178_A_G,test,synonymous,pos_component_131,6,[131],1f130e6a7e73b8fc
chr17_58695178_A_T,test,missense,pos_component_131,6,[131],6bf9ecccf27763fc
chr17_58695179_ACA_,train,inframe_indel,pos_component_132,5,[132],63e773afc5fef56d
chr17_58695179_ACA_AAG,train,missense,pos_component_132,5,[132],0d05789f05b450d2
chr17_58695179_ACA_AGC,train,missense,pos_component_132,5,[132],4605c7437b4968b3
chr17_58695179_ACA_ATC,train,missense,pos_component_132,5,[132],414ec6a81f321648
chr17_58695179_ACA_CCC,train,missense,pos_component_132,5,[132],a66034db49ee80e7
chr17_58695179_ACA_CGG,train,missense,pos_component_132,5,[132],55516289119d7093
chr17_58695179_ACA_GCC,train,missense,pos_component_132,5,[132],6708f73a421f1396
chr17_58695179_A_C,train,missense,pos_component_132,5,[132],a66034db49ee80e7
chr17_58695179_A_G,train,missense,pos_component_132,5,[132],6708f73a421f1396
chr17_58695179_A_T,train,missense,pos_component_132,5,[132],4605c7437b4968b3
chr17_58695180_C_A,train,missense,pos_component_132,5,[132],0d05789f05b450d2
chr17_58695180_C_G,train,missense,pos_component_132,5,[132],55516289119d7093
chr17_58695180_C_T,train,missense,pos_component_132,5,[132],414ec6a81f321648
chr17_58695181_A_C,train,synonymous,pos_component_132,5,[132],47cc1f95aefa04f4
chr17_58695181_A_G,train,synonymous,pos_component_132,5,[132],47cc1f95aefa04f4
chr17_58695181_A_T,train,synonymous,pos_component_132,5,[132],47cc1f95aefa04f4
chr17_58695182_CAA_,train,inframe_indel,pos_component_133,0,[133],d728a4386ce0e8b9
chr17_58695182_CAA_AAG,train,missense,pos_component_133,0,[133],8015fa82f4cbf39d
chr17_58695182_CAA_CCC,train,missense,pos_component_133,0,[133],c6c5bcfe0220c1ee
chr17_58695182_CAA_CGG,train,missense,pos_component_133,0,[133],2f25a5f6cac83ba2
chr17_58695182_CAA_CTG,train,missense,pos_component_133,0,[133],34e70767a9718bab
chr17_58695182_CAA_GAG,train,missense,pos_component_133,0,[133],b8c671932a1d6203
chr17_58695182_CAA_GCC,train,missense,pos_component_133,0,[133],a437ea58f1866ac2
chr17_58695182_C_A,train,missense,pos_component_133,0,[133],8015fa82f4cbf39d
chr17_58695182_C_G,train,missense,pos_component_133,0,[133],b8c671932a1d6203
chr17_58695183_A_C,train,missense,pos_component_133,0,[133],c6c5bcfe0220c1ee
chr17_58695183_A_G,train,missense,pos_component_133,0,[133],2f25a5f6cac83ba2
chr17_58695183_A_T,train,missense,pos_component_133,0,[133],34e70767a9718bab
chr17_58695184_A_C,train,missense,pos_component_133,0,[133],fe8a1386ba74cd79
chr17_58695184_A_G,train,synonymous,pos_component_133,0,[133],047746b7dd985e21
chr17_58695184_A_T,train,missense,pos_component_133,0,[133],fe8a1386ba74cd79
chr17_58695185_TTA_,train,inframe_indel,pos_component_134,5,[134],8b6a48137fd93475
chr17_58695185_TTA_AGC,train,missense,pos_component_134,5,[134],a3b93d8f0ce0d4a8
chr17_58695185_TTA_ATC,train,missense,pos_component_134,5,[134],6ca3774894a8dbaa
chr17_58695185_TTA_CTC,train,synonymous,pos_component_134,5,[134],47ee45ac0a7657e9
chr17_58695185_TTA_CTG,train,synonymous,pos_component_134,5,[134],47ee45ac0a7657e9
chr17_58695185_TTA_CTT,train,synonymous,pos_component_134,5,[134],47ee45ac0a7657e9
chr17_58695185_TTA_GCC,train,missense,pos_component_134,5,[134],267e425d1448cd9d
chr17_58695185_TTA_GTG,train,missense,pos_component_134,5,[134],ea523b36d3b0ad2f
chr17_58695185_T_A,train,missense,pos_component_134,5,[134],6ca3774894a8dbaa
chr17_58695185_T_C,train,synonymous,pos_component_134,5,[134],47ee45ac0a7657e9
chr17_58695185_T_G,train,missense,pos_component_134,5,[134],ea523b36d3b0ad2f
chr17_58695186_T_C,train,missense,pos_component_134,5,[134],a3b93d8f0ce0d4a8
chr17_58695187_A_C,train,missense,pos_component_134,5,[134],e72965c4566988bc
chr17_58695187_A_G,train,synonymous,pos_component_134,5,[134],47ee45ac0a7657e9
chr17_58695187_A_T,train,missense,pos_component_134,5,[134],e72965c4566988bc
chr17_58695188_T_A,train,missense,pos_component_135,4,[135],91b5b9a40d9787c3
chr17_58695188_T_C,train,missense,pos_component_135,4,[135],becbe674382d6a64
chr17_58695188_T_G,train,missense,pos_component_135,4,[135],3a6f523e4b8f788d
chr17_58695189_G_A,train,missense,pos_component_135,4,[135],f7c366adc6b7e6cf
chr17_58695189_G_C,train,missense,pos_component_135,4,[135],91b5b9a40d9787c3
chr17_58695189_G_T,train,missense,pos_component_135,4,[135],259dfeeb64fd3c50
chr17_58696693_T_C,train,synonymous,pos_component_135,4,[135],f48de34200fc1305
chr17_58696693_T_G,train,missense,pos_component_135,4,[135],8af70474d83df6a8
chr17_58696694_ATG_,train,inframe_indel,pos_component_136,1,[136],a8277f86bed10ce0
chr17_58696694_ATG_AAA,train,missense,pos_component_136,1,[136],f22e80e668d7d296
chr17_58696694_ATG_ACC,train,missense,pos_component_136,1,[136],dfc53b7ba8de3edc
chr17_58696694_ATG_CGG,train,missense,pos_component_136,1,[136],a4f2e6a006bb2a83
chr17_58696694_ATG_CTC,train,missense,pos_component_136,1,[136],1f631558dcdcbb42
chr17_58696694_ATG_GCC,train,missense,pos_component_136,1,[136],77868761a08c49c8
chr17_58696694_ATG_GTC,train,missense,pos_component_136,1,[136],10f6f0230e9db531
chr17_58696694_A_C,train,missense,pos_component_136,1,[136],1f631558dcdcbb42
chr17_58696694_A_G,train,missense,pos_component_136,1,[136],10f6f0230e9db531
chr17_58696694_A_T,train,missense,pos_component_136,1,[136],1f631558dcdcbb42
chr17_58696695_T_A,train,missense,pos_component_136,1,[136],f22e80e668d7d296
chr17_58696695_T_C,train,missense,pos_component_136,1,[136],dfc53b7ba8de3edc
chr17_58696695_T_G,train,missense,pos_component_136,1,[136],a4f2e6a006bb2a83
chr17_58696696_G_A,train,missense,pos_component_136,1,[136],832c4c21eaa77b34
chr17_58696696_G_C,train,missense,pos_component_136,1,[136],832c4c21eaa77b34
chr17_58696696_G_T,train,missense,pos_component_136,1,[136],832c4c21eaa77b34
chr17_58696697_CAG_,train,inframe_indel,pos_component_137,0,[137],dd46e07f3e7a4435
chr17_58696697_CAG_AAA,train,missense,pos_component_137,0,[137],f66c73c4b0089d89
chr17_58696697_CAG_AGA,train,missense,pos_component_137,0,[137],480800a29d55b2be
chr17_58696697_CAG_CCC,train,missense,pos_component_137,0,[137],7b7602de34861db8
chr17_58696697_CAG_CTC,train,missense,pos_component_137,0,[137],2a604c10e7e74b8c
chr17_58696697_CAG_GAA,train,missense,pos_component_137,0,[137],eb6b4ba9bb0fd7eb
chr17_58696697_CAG_GCC,train,missense,pos_component_137,0,[137],747f6075037dcbe0
chr17_58696697_C_A,train,missense,pos_component_137,0,[137],f66c73c4b0089d89
chr17_58696697_C_G,train,missense,pos_component_137,0,[137],eb6b4ba9bb0fd7eb
chr17_58696698_A_C,train,missense,pos_component_137,0,[137],7b7602de34861db8
chr17_58696698_A_G,train,missense,pos_component_137,0,[137],480800a29d55b2be
chr17_58696698_A_T,train,missense,pos_component_137,0,[137],2a604c10e7e74b8c
chr17_58696699_G_A,train,synonymous,pos_component_137,0,[137],e8c0c11e9898311f
chr17_58696699_G_C,train,missense,pos_component_137,0,[137],2b72e514bd7be8dd
chr17_58696699_G_T,train,missense,pos_component_137,0,[137],2b72e514bd7be8dd
chr17_58696700_TTG_,test,inframe_indel,pos_component_138,2,[138],040d56e57100a73a
chr17_58696700_TTG_AGC,test,missense,pos_component_138,2,[138],e62a3356a6d72b54
chr17_58696700_TTG_CTA,test,synonymous,pos_component_138,2,[138],f9082a07149cf677
chr17_58696700_TTG_CTC,test,synonymous,pos_component_138,2,[138],f9082a07149cf677
chr17_58696700_TTG_CTT,test,synonymous,pos_component_138,2,[138],f9082a07149cf677
chr17_58696700_TTG_GCC,test,missense,pos_component_138,2,[138],4dba5c36ac24b0ff
chr17_58696700_TTG_GTC,test,missense,pos_component_138,2,[138],9c9543f431693444
chr17_58696700_T_A,test,missense,pos_component_138,2,[138],8fb4d5e2d6fcd4a1
chr17_58696700_T_C,test,synonymous,pos_component_138,2,[138],f9082a07149cf677
chr17_58696700_T_G,test,missense,pos_component_138,2,[138],9c9543f431693444
chr17_58696701_T_C,test,missense,pos_component_138,2,[138],e62a3356a6d72b54
chr17_58696701_T_G,test,missense,pos_component_138,2,[138],508956eae490e378
chr17_58696702_G_A,test,synonymous,pos_component_138,2,[138],f9082a07149cf677
chr17_58696702_G_C,test,missense,pos_component_138,2,[138],145e7b1b4476dc66
chr17_58696702_G_T,test,missense,pos_component_138,2,[138],145e7b1b4476dc66
chr17_58696703_GCA_,test,inframe_indel,pos_component_139,4,[139],6a1b83ecd3ae7b2a
chr17_58696703_GCA_ACC,test,missense,pos_component_139,4,[139],a603dccf05ef2f6f
chr17_58696703_GCA_AGC,test,missense,pos_component_139,4,[139],943adc7b996dacd6
chr17_58696703_GCA_CCC,test,missense,pos_component_139,4,[139],88ed3c53bf7a2cb4
chr17_58696703_GCA_GAG,test,missense,pos_component_139,4,[139],b9529ed2857ebeab
chr17_58696703_GCA_GGC,test,missense,pos_component_139,4,[139],7a417273fb0eed5b
chr17_58696703_GCA_GTG,test,missense,pos_component_139,4,[139],c810026de9631a77
chr17_58696703_G_A,test,missense,pos_component_139,4,[139],a603dccf05ef2f6f
chr17_58696703_G_C,test,missense,pos_component_139,4,[139],88ed3c53bf7a2cb4
chr17_58696703_G_T,test,missense,pos_component_139,4,[139],943adc7b996dacd6
chr17_58696704_C_A,test,missense,pos_component_139,4,[139],b9529ed2857ebeab
chr17_58696704_C_G,test,missense,pos_component_139,4,[139],7a417273fb0eed5b
chr17_58696704_C_T,test,missense,pos_component_139,4,[139],c810026de9631a77
chr17_58696705_A_C,test,synonymous,pos_component_139,4,[139],39de7be7d255953c
chr17_58696705_A_G,test,synonymous,pos_component_139,4,[139],39de7be7d255953c
chr17_58696705_A_T,test,synonymous,pos_component_139,4,[139],39de7be7d255953c
chr17_58696706_GTA_,train,inframe_indel,pos_component_140,1,[140],753027155cc83912
chr17_58696706_GTA_ATC,train,missense,pos_component_140,1,[140],be104345e80f1c3b
chr17_58696706_GTA_CTG,train,missense,pos_component_140,1,[140],e0ec8ce5b8aa2eeb
chr17_58696706_GTA_GAG,train,missense,pos_component_140,1,[140],6e30da28ff6e60ca
chr17_58696706_GTA_GCC,train,missense,pos_component_140,1,[140],2abb25ac996fbb31
chr17_58696706_GTA_GGC,train,missense,pos_component_140,1,[140],aaecf3887683591b
chr17_58696706_G_A,train,missense,pos_component_140,1,[140],be104345e80f1c3b
chr17_58696706_G_C,train,missense,pos_component_140,1,[140],e0ec8ce5b8aa2eeb
chr17_58696706_G_T,train,missense,pos_component_140,1,[140],e0ec8ce5b8aa2eeb
chr17_58696707_T_A,train,missense,pos_component_140,1,[140],6e30da28ff6e60ca
chr17_58696707_T_C,train,missense,pos_component_140,1,[140],2abb25ac996fbb31
chr17_58696707_T_G,train,missense,pos_component_140,1,[140],aaecf3887683591b
chr17_58696708_A_C,train,synonymous,pos_component_140,1,[140],6b54c1bc4cb2966b
chr17_58696708_A_G,train,synonymous,pos_component_140,1,[140],6b54c1bc4cb2966b
chr17_58696708_A_T,train,synonymous,pos_component_140,1,[140],6b54c1bc4cb2966b
chr17_58696709_GAT_,test,inframe_indel,pos_component_141,4,[141],e90bc106b8e309dc
chr17_58696709_GAT_AAC,test,missense,pos_component_141,4,[141],d0945f34754d2ed7
chr17_58696709_GAT_CAC,test,missense,pos_component_141,4,[141],e2fed9499e86d864
chr17_58696709_GAT_GCC,test,missense,pos_component_141,4,[141],e6a67a528667ff4e
chr17_58696709_GAT_GGC,test,missense,pos_component_141,4,[141],9e3010a45e45e37a
chr17_58696709_GAT_GTG,test,missense,pos_component_141,4,[141],c7a775668bfad5b7
chr17_58696709_GAT_TAC,test,missense,pos_component_141,4,[141],dee707952af2036c
chr17_58696709_G_A,test,missense,pos_component_141,4,[141],d0945f34754d2ed7
chr17_58696709_G_C,test,missense,pos_component_141,4,[141],e2fed9499e86d864
chr17_58696709_G_T,test,missense,pos_component_141,4,[141],dee707952af2036c
chr17_58696710_A_C,test,missense,pos_component_141,4,[141],e6a67a528667ff4e
chr17_58696710_A_G,test,missense,pos_component_141,4,[141],9e3010a45e45e37a
chr17_58696710_A_T,test,missense,pos_component_141,4,[141],c7a775668bfad5b7
chr17_58696711_T_A,test,missense,pos_component_141,4,[141],c0d7e884b50ff981
chr17_58696711_T_C,test,synonymous,pos_component_141,4,[141],80aad5a64db6b626
chr17_58696711_T_G,test,missense,pos_component_141,4,[141],c0d7e884b50ff981
chr17_58696712_GTG_,train,inframe_indel,pos_component_142,4,[142],6e21b4d3c174dc32
chr17_58696712_GTG_CTC,train,missense,pos_component_142,4,[142],98fcd4339c5559a5
chr17_58696712_GTG_GAA,train,missense,pos_component_142,4,[142],1b2a4049a5aa5f69
chr17_58696712_GTG_GCC,train,missense,pos_component_142,4,[142],21a363ec55d4f605
chr17_58696712_GTG_GGC,train,missense,pos_component_142,4,[142],1b59fbb055074acd
chr17_58696712_G_A,train,missense,pos_component_142,4,[142],0d85713098164a29
chr17_58696712_G_C,train,missense,pos_component_142,4,[142],98fcd4339c5559a5
chr17_58696712_G_T,train,missense,pos_component_142,4,[142],98fcd4339c5559a5
chr17_58696713_T_A,train,missense,pos_component_142,4,[142],1b2a4049a5aa5f69
chr17_58696713_T_C,train,missense,pos_component_142,4,[142],21a363ec55d4f605
chr17_58696713_T_G,train,missense,pos_component_142,4,[142],1b59fbb055074acd
chr17_58696714_G_A,train,synonymous,pos_component_142,4,[142],60e4c7e56ed6d056
chr17_58696714_G_C,train,synonymous,pos_component_142,4,[142],60e4c7e56ed6d056
chr17_58696714_G_T,train,synonymous,pos_component_142,4,[142],60e4c7e56ed6d056
chr17_58696715_CAG_,test,inframe_indel,pos_component_143,3,[143],6d99ffc9ffdd54ae
chr17_58696715_CAG_AAA,test,missense,pos_component_143,3,[143],48ee5bb45ee22c29
chr17_58696715_CAG_AGA,test,missense,pos_component_143,3,[143],74f1bd85e5ecfc04
chr17_58696715_CAG_CCC,test,missense,pos_component_143,3,[143],f172fc19dd392a3f
chr17_58696715_CAG_CTC,test,missense,pos_component_143,3,[143],13446b491abbc661
chr17_58696715_CAG_GAA,test,missense,pos_component_143,3,[143],fdf7f48d0c05ab81
chr17_58696715_CAG_GCC,test,missense,pos_component_143,3,[143],f9e2906763252ea5
chr17_58696715_C_A,test,missense,pos_component_143,3,[143],48ee5bb45ee22c29
chr17_58696715_C_G,test,missense,pos_component_143,3,[143],fdf7f48d0c05ab81
chr17_58696716_A_C,test,missense,pos_component_143,3,[143],f172fc19dd392a3f
chr17_58696716_A_G,test,missense,pos_component_143,3,[143],74f1bd85e5ecfc04
chr17_58696716_A_T,test,missense,pos_component_143,3,[143],13446b491abbc661
chr17_58696717_G_A,test,synonymous,pos_component_143,3,[143],5893fefc485c0e10
chr17_58696717_G_C,test,missense,pos_component_143,3,[143],1e73543f9bcfa0cb
chr17_58696717_G_T,test,missense,pos_component_143,3,[143],1e73543f9bcfa0cb
chr17_58696718_ATA_,val,inframe_indel,pos_component_144,4,[144],c47212c70368d9e9
chr17_58696718_ATA_AAG,val,missense,pos_component_144,4,[144],9f7cfad0d096d525
chr17_58696718_ATA_ACC,val,missense,pos_component_144,4,[144],d361afd737ef44a2
chr17_58696718_ATA_CGG,val,missense,pos_component_144,4,[144],72a380ea87280269
chr17_58696718_ATA_CTG,val,missense,pos_component_144,4,[144],0fdebec5bb60c9b2
chr17_58696718_ATA_GCC,val,missense,pos_component_144,4,[144],a36e1b9d8163b94c
chr17_58696718_ATA_GTG,val,missense,pos_component_144,4,[144],2745d684617fe5ee
chr17_58696718_A_C,val,missense,pos_component_144,4,[144],0fdebec5bb60c9b2
chr17_58696718_A_G,val,missense,pos_component_144,4,[144],2745d684617fe5ee
chr17_58696718_A_T,val,missense,pos_component_144,4,[144],0fdebec5bb60c9b2
chr17_58696719_T_A,val,missense,pos_component_144,4,[144],9f7cfad0d096d525
chr17_58696719_T_C,val,missense,pos_component_144,4,[144],d361afd737ef44a2
chr17_58696719_T_G,val,missense,pos_component_144,4,[144],72a380ea87280269
chr17_58696720_A_C,val,synonymous,pos_component_144,4,[144],aad950d9f1a7fd4e
chr17_58696720_A_G,val,missense,pos_component_144,4,[144],5f7f20ece6812f94
chr17_58696720_A_T,val,synonymous,pos_component_144,4,[144],aad950d9f1a7fd4e
chr17_58696721_CCA_,train,inframe_indel,pos_component_145,6,[145],2a62163dc1efa990
chr17_58696721_CCA_ACC,train,missense,pos_component_145,6,[145],f0767a0500d89800
chr17_58696721_CCA_AGC,train,missense,pos_component_145,6,[145],624acc54f8f8b32a
chr17_58696721_CCA_CAG,train,missense,pos_component_145,6,[145],5de7b6586e12d666
chr17_58696721_CCA_CGG,train,missense,pos_component_145,6,[145],2ffe0dafd5371ba2
chr17_58696721_CCA_CTG,train,missense,pos_component_145,6,[145],25f4c36bf24e4ecc
chr17_58696721_CCA_GCC,train,missense,pos_component_145,6,[145],e8ea62b3810c34f6
chr17_58696721_C_A,train,missense,pos_component_145,6,[145],f0767a0500d89800
chr17_58696721_C_G,train,missense,pos_component_145,6,[145],e8ea62b3810c34f6
chr17_58696721_C_T,train,missense,pos_component_145,6,[145],624acc54f8f8b32a
chr17_58696722_C_A,train,missense,pos_component_145,6,[145],5de7b6586e12d666
chr17_58696722_C_G,train,missense,pos_component_145,6,[145],2ffe0dafd5371ba2
chr17_58696722_C_T,train,missense,pos_component_145,6,[145],25f4c36bf24e4ecc
chr17_58696723_A_C,train,synonymous,pos_component_145,6,[145],5fbde8da3d80b22b
chr17_58696723_A_G,train,synonymous,pos_component_145,6,[145],5fbde8da3d80b22b
chr17_58696723_A_T,train,synonymous,pos_component_145,6,[145],5fbde8da3d80b22b
chr17_58696724_GAA_,train,inframe_indel,pos_component_146,6,[146],7b7cc9e4b3ec4aef
chr17_58696724_GAA_AAG,train,missense,pos_component_146,6,[146],683c6fb9f74937b2
chr17_58696724_GAA_CAG,train,missense,pos_component_146,6,[146],9bc2e4566cd07582
chr17_58696724_GAA_GCC,train,missense,pos_component_146,6,[146],e9f8005dde617b0f
chr17_58696724_GAA_GGC,train,missense,pos_component_146,6,[146],1b8460e491ba898f
chr17_58696724_GAA_GTG,train,missense,pos_component_146,6,[146],a01e1f5d14670eee
chr17_58696724_G_A,train,missense,pos_component_146,6,[146],683c6fb9f74937b2
chr17_58696724_G_C,train,missense,pos_component_146,6,[146],9bc2e4566cd07582
chr17_58696725_A_C,train,missense,pos_component_146,6,[146],e9f8005dde617b0f
chr17_58696725_A_G,train,missense,pos_component_146,6,[146],1b8460e491ba898f
chr17_58696725_A_T,train,missense,pos_component_146,6,[146],a01e1f5d14670eee
chr17_58696726_A_C,train,missense,pos_component_146,6,[146],13567c5a238850bd
chr17_58696726_A_G,train,synonymous,pos_component_146,6,[146],97b303cb2babef3a
chr17_58696726_A_T,train,missense,pos_component_146,6,[146],13567c5a238850bd
chr17_58696727_TGT_,train,inframe_indel,pos_component_147,2,[147],a7435aa6f7045406
chr17_58696727_TGT_AGC,train,missense,pos_component_147,2,[147],533ebce23a5bc0e9
chr17_58696727_TGT_CGG,train,missense,pos_component_147,2,[147],cdb1d3edda31cf3d
chr17_58696727_TGT_GCC,train,missense,pos_component_147,2,[147],24f1f73841ed30b3
chr17_58696727_TGT_GGC,train,missense,pos_component_147,2,[147],2b42e1487329ab1a
chr17_58696727_TGT_TAC,train,missense,pos_component_147,2,[147],944901a68fbe6106
chr17_58696727_TGT_TTC,train,missense,pos_component_147,2,[147],f47d752c36970006
chr17_58696727_T_A,train,missense,pos_component_147,2,[147],533ebce23a5bc0e9
chr17_58696727_T_C,train,missense,pos_component_147,2,[147],cdb1d3edda31cf3d
chr17_58696727_T_G,train,missense,pos_component_147,2,[147],2b42e1487329ab1a
chr17_58696728_G_A,train,missense,pos_component_147,2,[147],944901a68fbe6106
chr17_58696728_G_C,train,missense,pos_component_147,2,[147],533ebce23a5bc0e9
chr17_58696728_G_T,train,missense,pos_component_147,2,[147],f47d752c36970006
chr17_58696729_T_C,train,synonymous,pos_component_147,2,[147],70a71ba7122b8293
chr17_58696729_T_G,train,missense,pos_component_147,2,[147],8fa47f2dddc66308
chr17_58696730_TTT_,train,inframe_indel,pos_component_148,3,[148],558f2cee53da2e4e
chr17_58696730_TTT_AGC,train,missense,pos_component_148,3,[148],0fb2b62b2233dd0a
chr17_58696730_TTT_ATC,train,missense,pos_component_148,3,[148],5b9d6c743b117889
chr17_58696730_TTT_CTG,train,missense,pos_component_148,3,[148],2b11b6ad13927778
chr17_58696730_TTT_GCC,train,missense,pos_component_148,3,[148],6759e244073dcbcc
chr17_58696730_TTT_GTG,train,missense,pos_component_148,3,[148],8185c22327622c68
chr17_58696730_TTT_TAC,train,missense,pos_component_148,3,[148],e9c32aaa0fa9b011
chr17_58696730_TTT_TGC,train,missense,pos_component_148,3,[148],07d2cf70f5a9a4e0
chr17_58696730_T_A,train,missense,pos_component_148,3,[148],5b9d6c743b117889
chr17_58696730_T_C,train,missense,pos_component_148,3,[148],2b11b6ad13927778
chr17_58696730_T_G,train,missense,pos_component_148,3,[148],8185c22327622c68
chr17_58696731_T_A,train,missense,pos_component_148,3,[148],e9c32aaa0fa9b011
chr17_58696731_T_C,train,missense,pos_component_148,3,[148],0fb2b62b2233dd0a
chr17_58696731_T_G,train,missense,pos_component_148,3,[148],07d2cf70f5a9a4e0
chr17_58696732_T_A,train,missense,pos_component_148,3,[148],2b11b6ad13927778
chr17_58696732_T_C,train,synonymous,pos_component_148,3,[148],6ccf968bddcdd657
chr17_58696732_T_G,train,missense,pos_component_148,3,[148],2b11b6ad13927778
chr17_58696733_GGA_,train,inframe_indel,pos_component_150,5,[150],e381cb877f235c95
chr17_58696733_GGA_CGG,train,missense,pos_component_149,0,[149],8d3887a3e8e5dce9
chr17_58696733_GGA_GAG,train,missense,pos_component_149,0,[149],9a3a5397e34c59cb
chr17_58696733_GGA_GCC,train,missense,pos_component_149,0,[149],8c1c760fb9ad0efe
chr17_58696733_GGA_GTG,train,missense,pos_component_149,0,[149],932bb1e5b6115ba6
chr17_58696733_G_A,train,missense,pos_component_149,0,[149],8d3887a3e8e5dce9
chr17_58696733_G_C,train,missense,pos_component_149,0,[149],8d3887a3e8e5dce9
chr17_58696734_G_A,train,missense,pos_component_149,0,[149],9a3a5397e34c59cb
chr17_58696734_G_C,train,missense,pos_component_149,0,[149],8c1c760fb9ad0efe
chr17_58696734_G_T,train,missense,pos_component_149,0,[149],932bb1e5b6115ba6
chr17_58696735_A_C,train,synonymous,pos_component_149,0,[149],0df81334ca601c6c
chr17_58696735_A_G,train,synonymous,pos_component_149,0,[149],0df81334ca601c6c
chr17_58696735_A_T,train,synonymous,pos_component_149,0,[149],0df81334ca601c6c
chr17_58696736_GGA_CGG,train,missense,pos_component_150,5,[150],c4ce09b0e4a99684
chr17_58696736_GGA_GAG,train,missense,pos_component_150,5,[150],006e2c5c74946d87
chr17_58696736_GGA_GCC,train,missense,pos_component_150,5,[150],d6d34a10ea55fbc3
chr17_58696736_GGA_GTG,train,missense,pos_component_150,5,[150],e0b713d4caeb6d12
chr17_58696736_G_A,train,missense,pos_component_150,5,[150],c4ce09b0e4a99684
chr17_58696736_G_C,train,missense,pos_component_150,5,[150],c4ce09b0e4a99684
chr17_58696737_G_A,train,missense,pos_component_150,5,[150],006e2c5c74946d87
chr17_58696737_G_C,train,missense,pos_component_150,5,[150],d6d34a10ea55fbc3
chr17_58696737_G_T,train,missense,pos_component_150,5,[150],e0b713d4caeb6d12
chr17_58696738_A_C,train,synonymous,pos_component_150,5,[150],60902d072aae5683
chr17_58696738_A_G,train,synonymous,pos_component_150,5,[150],60902d072aae5683
chr17_58696738_A_T,train,synonymous,pos_component_150,5,[150],60902d072aae5683
chr17_58696739_GTG_,train,inframe_indel,pos_component_151,4,[151],f7d3a396323631e1
chr17_58696739_GTG_CTC,train,missense,pos_component_151,4,[151],471ff785e9ea7ab2
chr17_58696739_GTG_GAA,train,missense,pos_component_151,4,[151],fab7607baf083fb8
chr17_58696739_GTG_GCC,train,missense,pos_component_151,4,[151],0367ede9d716c4da
chr17_58696739_GTG_GGC,train,missense,pos_component_151,4,[151],84c053e7f2998ffb
chr17_58696739_G_A,train,missense,pos_component_151,4,[151],431bbb1c45a293d3
chr17_58696739_G_C,train,missense,pos_component_151,4,[151],471ff785e9ea7ab2
chr17_58696739_G_T,train,missense,pos_component_151,4,[151],471ff785e9ea7ab2
chr17_58696740_T_A,train,missense,pos_component_151,4,[151],fab7607baf083fb8
chr17_58696740_T_C,train,missense,pos_component_151,4,[151],0367ede9d716c4da
chr17_58696740_T_G,train,missense,pos_component_151,4,[151],84c053e7f2998ffb
chr17_58696741_G_A,train,synonymous,pos_component_151,4,[151],62801fa42c3cfa5e
chr17_58696741_G_C,train,synonymous,pos_component_151,4,[151],62801fa42c3cfa5e
chr17_58696741_G_T,train,synonymous,pos_component_151,4,[151],62801fa42c3cfa5e
chr17_58696742_GCA_,train,inframe_indel,pos_component_152,6,[152],ddd9eb6fdc1947d7
chr17_58696742_GCA_ACC,train,missense,pos_component_152,6,[152],a12266a0dbbd58f8
chr17_58696742_GCA_AGC,train,missense,pos_component_152,6,[152],a07d8ebf50387922
chr17_58696742_GCA_CCC,train,missense,pos_component_152,6,[152],56dd0f47010a3c6d
chr17_58696742_GCA_GAG,train,missense,pos_component_152,6,[152],0a0cd97c96ae0815
chr17_58696742_GCA_GGC,train,missense,pos_component_152,6,[152],a23149c4b4efd2e1
chr17_58696742_GCA_GTG,train,missense,pos_component_152,6,[152],5cb2fc4b6709ea2e
chr17_58696742_G_A,train,missense,pos_component_152,6,[152],a12266a0dbbd58f8
chr17_58696742_G_C,train,missense,pos_component_152,6,[152],56dd0f47010a3c6d
chr17_58696742_G_T,train,missense,pos_component_152,6,[152],a07d8ebf50387922
chr17_58696743_C_A,train,missense,pos_component_152,6,[152],0a0cd97c96ae0815
chr17_58696743_C_G,train,missense,pos_component_152,6,[152],a23149c4b4efd2e1
chr17_58696743_C_T,train,missense,pos_component_152,6,[152],5cb2fc4b6709ea2e
chr17_58696744_A_C,train,synonymous,pos_component_152,6,[152],5eb377ef42c59332
chr17_58696744_A_G,train,synonymous,pos_component_152,6,[152],5eb377ef42c59332
chr17_58696744_A_T,train,synonymous,pos_component_152,6,[152],5eb377ef42c59332
chr17_58696745_GGT_,train,inframe_indel,pos_component_153,5,[153],1ec3cfb72b3fad2e
chr17_58696745_GGT_AGC,train,missense,pos_component_153,5,[153],2ebd64f5fde99507
chr17_58696745_GGT_CGG,train,missense,pos_component_153,5,[153],adb6eec1455dbf3e
chr17_58696745_GGT_GAC,train,missense,pos_component_153,5,[153],c4cb667704162413
chr17_58696745_GGT_GCC,train,missense,pos_component_153,5,[153],82db1a5892d3a2a2
chr17_58696745_GGT_GTG,train,missense,pos_component_153,5,[153],88e9f3aa0074abdc
chr17_58696745_GGT_TGC,train,missense,pos_component_153,5,[153],1e349183ebb836da
chr17_58696745_G_A,train,missense,pos_component_153,5,[153],2ebd64f5fde99507
chr17_58696745_G_C,train,missense,pos_component_153,5,[153],adb6eec1455dbf3e
chr17_58696745_G_T,train,missense,pos_component_153,5,[153],1e349183ebb836da
chr17_58696746_G_A,train,missense,pos_component_153,5,[153],c4cb667704162413
chr17_58696746_G_C,train,missense,pos_component_153,5,[153],82db1a5892d3a2a2
chr17_58696746_G_T,train,missense,pos_component_153,5,[153],88e9f3aa0074abdc
chr17_58696747_T_A,train,synonymous,pos_component_153,5,[153],6a0bbcbb072b75ff
chr17_58696747_T_C,train,synonymous,pos_component_153,5,[153],6a0bbcbb072b75ff
chr17_58696747_T_G,train,synonymous,pos_component_153,5,[153],6a0bbcbb072b75ff
chr17_58696748_GAA_,train,inframe_indel,pos_component_154,6,[154],a2d36f84840d1e8a
chr17_58696748_GAA_AAG,train,missense,pos_component_154,6,[154],f7dde11315ce827a
chr17_58696748_GAA_CAG,train,missense,pos_component_154,6,[154],80c8a3de8a171aec
chr17_58696748_GAA_GCC,train,missense,pos_component_154,6,[154],2fe8f0ad536b1e24
chr17_58696748_GAA_GGC,train,missense,pos_component_154,6,[154],809ca2d081aefe5b
chr17_58696748_GAA_GTG,train,missense,pos_component_154,6,[154],56ba6f3c67d2fb35
chr17_58696748_G_A,train,missense,pos_component_154,6,[154],f7dde11315ce827a
chr17_58696748_G_C,train,missense,pos_component_154,6,[154],80c8a3de8a171aec
chr17_58696749_A_C,train,missense,pos_component_154,6,[154],2fe8f0ad536b1e24
chr17_58696749_A_G,train,missense,pos_component_154,6,[154],809ca2d081aefe5b
chr17_58696749_A_T,train,missense,pos_component_154,6,[154],56ba6f3c67d2fb35
chr17_58696750_A_C,train,missense,pos_component_154,6,[154],dd094dd181def99f
chr17_58696750_A_G,train,synonymous,pos_component_154,6,[154],9cd189a3e36b5b27
chr17_58696750_A_T,train,missense,pos_component_154,6,[154],dd094dd181def99f
chr17_58696751_GCA_,train,inframe_indel,pos_component_155,0,[155],24f71182feb7f36a
chr17_58696751_GCA_ACC,train,missense,pos_component_155,0,[155],96f56ad72bba6eec
chr17_58696751_GCA_AGC,train,missense,pos_component_155,0,[155],978a0e52a9689197
chr17_58696751_GCA_CCC,train,missense,pos_component_155,0,[155],1aa17614035248a4
chr17_58696751_GCA_GAG,train,missense,pos_component_155,0,[155],00c2cb71174280b4
chr17_58696751_GCA_GGC,train,missense,pos_component_155,0,[155],2c4a3f85869442f2
chr17_58696751_GCA_GTG,train,missense,pos_component_155,0,[155],8278dad7fa358265
chr17_58696751_G_A,train,missense,pos_component_155,0,[155],96f56ad72bba6eec
chr17_58696751_G_C,train,missense,pos_component_155,0,[155],1aa17614035248a4
chr17_58696751_G_T,train,missense,pos_component_155,0,[155],978a0e52a9689197
chr17_58696752_C_A,train,missense,pos_component_155,0,[155],00c2cb71174280b4
chr17_58696752_C_G,train,missense,pos_component_155,0,[155],2c4a3f85869442f2
chr17_58696752_C_T,train,missense,pos_component_155,0,[155],8278dad7fa358265
chr17_58696753_A_C,train,synonymous,pos_component_155,0,[155],aefc77ae1fa715dc
chr17_58696753_A_G,train,synonymous,pos_component_155,0,[155],aefc77ae1fa715dc
chr17_58696753_A_T,train,synonymous,pos_component_155,0,[155],aefc77ae1fa715dc
chr17_58696754_GTT_,train,inframe_indel,pos_component_156,5,[156],2c7075ff20990a88
chr17_58696754_GTT_ATC,train,missense,pos_component_156,5,[156],5739bc9e14808ff7
chr17_58696754_GTT_CTG,train,missense,pos_component_156,5,[156],d9512dc9e74bb18f
chr17_58696754_GTT_GAC,train,missense,pos_component_156,5,[156],47ed7106ac183b7a
chr17_58696754_GTT_GCC,train,missense,pos_component_156,5,[156],db74fd7d1cd8efbc
chr17_58696754_GTT_GGC,train,missense,pos_component_156,5,[156],cac960318e6b8fd9
chr17_58696754_GTT_TTC,train,missense,pos_component_156,5,[156],1bd1bd7029296104
chr17_58696754_G_A,train,missense,pos_component_156,5,[156],5739bc9e14808ff7
chr17_58696754_G_C,train,missense,pos_component_156,5,[156],d9512dc9e74bb18f
chr17_58696754_G_T,train,missense,pos_component_156,5,[156],1bd1bd7029296104
chr17_58696755_T_A,train,missense,pos_component_156,5,[156],47ed7106ac183b7a
chr17_58696755_T_C,train,missense,pos_component_156,5,[156],db74fd7d1cd8efbc
chr17_58696755_T_G,train,missense,pos_component_156,5,[156],cac960318e6b8fd9
chr17_58696756_T_A,train,synonymous,pos_component_156,5,[156],3bb149f5009d6660
chr17_58696756_T_C,train,synonymous,pos_component_156,5,[156],3bb149f5009d6660
chr17_58696756_T_G,train,synonymous,pos_component_156,5,[156],3bb149f5009d6660
chr17_58696757_TTT_,train,inframe_indel,pos_component_157,5,[157],0022f1ed47a8e2e5
chr17_58696757_TTT_AGC,train,missense,pos_component_157,5,[157],0c97225bd6130d32
chr17_58696757_TTT_ATC,train,missense,pos_component_157,5,[157],aaf213c1bd37afe1
chr17_58696757_TTT_CTG,train,missense,pos_component_157,5,[157],4d87767ef71943d7
chr17_58696757_TTT_GCC,train,missense,pos_component_157,5,[157],3cfac82e558dad12
chr17_58696757_TTT_GTG,train,missense,pos_component_157,5,[157],41ecda1e3892a6e3
chr17_58696757_TTT_TAC,train,missense,pos_component_157,5,[157],f0ea36f6fbdfd8f0
chr17_58696757_TTT_TGC,train,missense,pos_component_157,5,[157],7e569d279d391721
chr17_58696757_T_A,train,missense,pos_component_157,5,[157],aaf213c1bd37afe1
chr17_58696757_T_C,train,missense,pos_component_157,5,[157],4d87767ef71943d7
chr17_58696757_T_G,train,missense,pos_component_157,5,[157],41ecda1e3892a6e3
chr17_58696758_T_A,train,missense,pos_component_157,5,[157],f0ea36f6fbdfd8f0
chr17_58696758_T_C,train,missense,pos_component_157,5,[157],0c97225bd6130d32
chr17_58696758_T_G,train,missense,pos_component_157,5,[157],7e569d279d391721
chr17_58696759_T_A,train,missense,pos_component_157,5,[157],4d87767ef71943d7
chr17_58696759_T_C,train,synonymous,pos_component_157,5,[157],a72ba0e053d0237b
chr17_58696759_T_G,train,missense,pos_component_157,5,[157],4d87767ef71943d7
chr17_58696760_ATT_,train,inframe_indel,pos_component_158,0,[158],85fdad2b1630f1ab
chr17_58696760_ATT_AAC,train,missense,pos_component_158,0,[158],474f271e43c4dfbf
chr17_58696760_ATT_ACC,train,missense,pos_component_158,0,[158],c45c11b39cdc5777
chr17_58696760_ATT_AGC,train,missense,pos_component_158,0,[158],744a40ab364135d5
chr17_58696760_ATT_CTG,train,missense,pos_component_158,0,[158],8b4302944b7b8084
chr17_58696760_ATT_GCC,train,missense,pos_component_158,0,[158],e8e1032a5ab99e9e
chr17_58696760_ATT_GTG,train,missense,pos_component_158,0,[158],b0639cc4df65a563
chr17_58696760_ATT_TTC,train,missense,pos_component_158,0,[158],17bf7dfa0eba9f28
chr17_58696760_A_C,train,missense,pos_component_158,0,[158],8b4302944b7b8084
chr17_58696760_A_G,train,missense,pos_component_158,0,[158],b0639cc4df65a563
chr17_58696760_A_T,train,missense,pos_component_158,0,[158],17bf7dfa0eba9f28
chr17_58696761_T_A,train,missense,pos_component_158,0,[158],474f271e43c4dfbf
chr17_58696761_T_C,train,missense,pos_component_158,0,[158],c45c11b39cdc5777
chr17_58696761_T_G,train,missense,pos_component_158,0,[158],744a40ab364135d5
chr17_58696762_T_A,train,synonymous,pos_component_158,0,[158],73f471dbb3ac987d
chr17_58696762_T_C,train,synonymous,pos_component_158,0,[158],73f471dbb3ac987d
chr17_58696762_T_G,train,missense,pos_component_158,0,[158],337a28c709da3412
chr17_58696763_GAT_,val,inframe_indel,pos_component_159,0,[159],e26966101434e3e7
chr17_58696763_GAT_AAC,val,missense,pos_component_159,0,[159],9ab4d0341f7c9cc5
chr17_58696763_GAT_CAC,val,missense,pos_component_159,0,[159],6908b7c7216d4d04
chr17_58696763_GAT_GCC,val,missense,pos_component_159,0,[159],cf9b856760fe983e
chr17_58696763_GAT_GGC,val,missense,pos_component_159,0,[159],4749dd739e39ae35
chr17_58696763_GAT_GTG,val,missense,pos_component_159,0,[159],c1f4a9a2df923fe7
chr17_58696763_GAT_TAC,val,missense,pos_component_159,0,[159],2a5c8ba415dc9644
chr17_58696763_G_A,val,missense,pos_component_159,0,[159],9ab4d0341f7c9cc5
chr17_58696763_G_C,val,missense,pos_component_159,0,[159],6908b7c7216d4d04
chr17_58696763_G_T,val,missense,pos_component_159,0,[159],2a5c8ba415dc9644
chr17_58696764_A_C,val,missense,pos_component_159,0,[159],cf9b856760fe983e
chr17_58696764_A_G,val,missense,pos_component_159,0,[159],4749dd739e39ae35
chr17_58696764_A_T,val,missense,pos_component_159,0,[159],c1f4a9a2df923fe7
chr17_58696765_T_A,val,missense,pos_component_159,0,[159],d41695e5ca79e30a
chr17_58696765_T_C,val,synonymous,pos_component_159,0,[159],0c96cd738ec54999
chr17_58696765_T_G,val,missense,pos_component_159,0,[159],d41695e5ca79e30a
chr17_58696766_ACA_,train,inframe_indel,pos_component_160,0,[160],abf048ae62d6cef3
chr17_58696766_ACA_AAG,train,missense,pos_component_160,0,[160],936def19f2500bfe
chr17_58696766_ACA_AGC,train,missense,pos_component_160,0,[160],ddcd335629ea8977
chr17_58696766_ACA_ATC,train,missense,pos_component_160,0,[160],d468759de432f4e7
chr17_58696766_ACA_CCC,train,missense,pos_component_160,0,[160],0da152c70e55ba35
chr17_58696766_ACA_CGG,train,missense,pos_component_160,0,[160],bd7e697cacdf11e5
chr17_58696766_ACA_GCC,train,missense,pos_component_160,0,[160],3e30737a976e63b8
chr17_58696766_A_C,train,missense,pos_component_160,0,[160],0da152c70e55ba35
chr17_58696766_A_G,train,missense,pos_component_160,0,[160],3e30737a976e63b8
chr17_58696766_A_T,train,missense,pos_component_160,0,[160],ddcd335629ea8977
chr17_58696767_C_A,train,missense,pos_component_160,0,[160],936def19f2500bfe
chr17_58696767_C_G,train,missense,pos_component_160,0,[160],bd7e697cacdf11e5
chr17_58696767_C_T,train,missense,pos_component_160,0,[160],d468759de432f4e7
chr17_58696768_A_C,train,synonymous,pos_component_160,0,[160],0011f82f33a12d1d
chr17_58696768_A_G,train,synonymous,pos_component_160,0,[160],0011f82f33a12d1d
chr17_58696768_A_T,train,synonymous,pos_component_160,0,[160],0011f82f33a12d1d
chr17_58696769_GAG_,train,inframe_indel,pos_component_161,3,[161],71a0297fdd912f8e
chr17_58696769_GAG_AAA,train,missense,pos_component_161,3,[161],85973b30a4a27d09
chr17_58696769_GAG_CAA,train,missense,pos_component_161,3,[161],78ed528defaef87d
chr17_58696769_GAG_GCC,train,missense,pos_component_161,3,[161],572e9ca93eaa3ec5
chr17_58696769_GAG_GGC,train,missense,pos_component_161,3,[161],1ac96120055cc308
chr17_58696769_GAG_GTC,train,missense,pos_component_161,3,[161],c647d25f6a1195c6
chr17_58696769_G_A,train,missense,pos_component_161,3,[161],85973b30a4a27d09
chr17_58696769_G_C,train,missense,pos_component_161,3,[161],78ed528defaef87d
chr17_58696770_A_C,train,missense,pos_component_161,3,[161],572e9ca93eaa3ec5
chr17_58696770_A_G,train,missense,pos_component_161,3,[161],1ac96120055cc308
chr17_58696770_A_T,train,missense,pos_component_161,3,[161],c647d25f6a1195c6
chr17_58696771_G_A,train,synonymous,pos_component_161,3,[161],2bb9ca1d3b28f138
chr17_58696771_G_C,train,missense,pos_component_161,3,[161],53c142793c306f34
chr17_58696771_G_T,train,missense,pos_component_161,3,[161],53c142793c306f34
chr17_58696772_GGA_,test,inframe_indel,pos_component_162,2,[162],fe2e172708c1bd77
chr17_58696772_GGA_CGG,test,missense,pos_component_162,2,[162],b26289f484d27323
chr17_58696772_GGA_GAG,test,missense,pos_component_162,2,[162],b0ee3fbb7e588632
chr17_58696772_GGA_GCC,test,missense,pos_component_162,2,[162],eebb32d691056673
chr17_58696772_GGA_GTG,test,missense,pos_component_162,2,[162],68e17059edc1bc86
chr17_58696772_G_A,test,missense,pos_component_162,2,[162],b26289f484d27323
chr17_58696772_G_C,test,missense,pos_component_162,2,[162],b26289f484d27323
chr17_58696773_G_A,test,missense,pos_component_162,2,[162],b0ee3fbb7e588632
chr17_58696773_G_C,test,missense,pos_component_162,2,[162],eebb32d691056673
chr17_58696773_G_T,test,missense,pos_component_162,2,[162],68e17059edc1bc86
chr17_58696774_A_C,test,synonymous,pos_component_162,2,[162],3c0f7b959195b0ea
chr17_58696774_A_G,test,synonymous,pos_component_162,2,[162],3c0f7b959195b0ea
chr17_58696774_A_T,test,synonymous,pos_component_162,2,[162],3c0f7b959195b0ea
chr17_58696775_AGT_,train,inframe_indel,pos_component_163,2,[163],24f695186cd81308
chr17_58696775_AGT_AAC,train,missense,pos_component_163,2,[163],e35ec87c9230caf4
chr17_58696775_AGT_ACC,train,missense,pos_component_163,2,[163],41d187ad3b646e9e
chr17_58696775_AGT_ATC,train,missense,pos_component_163,2,[163],c56dbbe459f033ea
chr17_58696775_AGT_CGG,train,missense,pos_component_163,2,[163],e8a8336174e21ae2
chr17_58696775_AGT_GCC,train,missense,pos_component_163,2,[163],31444fb892d434c9
chr17_58696775_AGT_GGC,train,missense,pos_component_163,2,[163],72d04e27008e817f
chr17_58696775_AGT_TCA,train,synonymous,pos_component_163,2,[163],f49488dd8f456454
chr17_58696775_AGT_TCC,train,synonymous,pos_component_163,2,[163],f49488dd8f456454
chr17_58696775_AGT_TCG,train,synonymous,pos_component_163,2,[163],f49488dd8f456454
chr17_58696775_AGT_TCT,train,synonymous,pos_component_163,2,[163],f49488dd8f456454
chr17_58696775_AGT_TGC,train,missense,pos_component_163,2,[163],06eb031027dac6bb
chr17_58696775_A_C,train,missense,pos_component_163,2,[163],e8a8336174e21ae2
chr17_58696775_A_G,train,missense,pos_component_163,2,[163],72d04e27008e817f
chr17_58696775_A_T,train,missense,pos_component_163,2,[163],06eb031027dac6bb
chr17_58696776_G_A,train,missense,pos_component_163,2,[163],e35ec87c9230caf4
chr17_58696776_G_C,train,missense,pos_component_163,2,[163],41d187ad3b646e9e
chr17_58696776_G_T,train,missense,pos_component_163,2,[163],c56dbbe459f033ea
chr17_58696777_T_A,train,missense,pos_component_163,2,[163],e8a8336174e21ae2
chr17_58696777_T_C,train,synonymous,pos_component_163,2,[163],f49488dd8f456454
chr17_58696777_T_G,train,missense,pos_component_163,2,[163],e8a8336174e21ae2
chr17_58696778_TTT_,train,inframe_indel,pos_component_164,2,[164],06a3616f5206dffa
chr17_58696778_TTT_AGC,train,missense,pos_component_164,2,[164],cb1adb758da594e4
chr17_58696778_TTT_ATC,train,missense,pos_component_164,2,[164],176bc3f7517fb482
chr17_58696778_TTT_CTG,train,missense,pos_component_164,2,[164],ae8da6602655073f
chr17_58696778_TTT_GCC,train,missense,pos_component_164,2,[164],c517c818d67c9405
chr17_58696778_TTT_GTG,train,missense,pos_component_164,2,[164],cb6bfd474cf7ea29
chr17_58696778_TTT_TAC,train,missense,pos_component_164,2,[164],088a6e68bc3b48cc
chr17_58696778_TTT_TGC,train,missense,pos_component_164,2,[164],f5e7e7c7ed5a4568
chr17_58696778_T_A,train,missense,pos_component_164,2,[164],176bc3f7517fb482
chr17_58696778_T_C,train,missense,pos_component_164,2,[164],ae8da6602655073f
chr17_58696778_T_G,train,missense,pos_component_164,2,[164],cb6bfd474cf7ea29
chr17_58696779_T_A,train,missense,pos_component_164,2,[164],088a6e68bc3b48cc
chr17_58696779_T_C,train,missense,pos_component_164,2,[164],cb1adb758da594e4
chr17_58696779_T_G,train,missense,pos_component_164,2,[164],f5e7e7c7ed5a4568
chr17_58696780_T_A,train,missense,pos_component_164,2,[164],ae8da6602655073f
chr17_58696780_T_C,train,synonymous,pos_component_164,2,[164],cadf81646cc7b5a0
chr17_58696780_T_G,train,missense,pos_component_164,2,[164],ae8da6602655073f
chr17_58696781_ATG_,test,inframe_indel,pos_component_165,1,[165],cf39882636a10c14
chr17_58696781_ATG_AAA,test,missense,pos_component_165,1,[165],e3b1ee3991a28b1c
chr17_58696781_ATG_ACC,test,missense,pos_component_165,1,[165],2d21b6ff111572b0
chr17_58696781_ATG_CGG,test,missense,pos_component_165,1,[165],c2d2d366744e3178
chr17_58696781_ATG_CTC,test,missense,pos_component_165,1,[165],7bacbbba3dfdf9ab
chr17_58696781_ATG_GCC,test,missense,pos_component_165,1,[165],dec33a3ce4f1477a
chr17_58696781_ATG_GTC,test,missense,pos_component_165,1,[165],08d918395991b335
chr17_58696781_A_C,test,missense,pos_component_165,1,[165],7bacbbba3dfdf9ab
chr17_58696781_A_G,test,missense,pos_component_165,1,[165],08d918395991b335
chr17_58696781_A_T,test,missense,pos_component_165,1,[165],7bacbbba3dfdf9ab
chr17_58696782_T_A,test,missense,pos_component_165,1,[165],e3b1ee3991a28b1c
chr17_58696782_T_C,test,missense,pos_component_165,1,[165],2d21b6ff111572b0
chr17_58696782_T_G,test,missense,pos_component_165,1,[165],c2d2d366744e3178
chr17_58696783_G_A,test,missense,pos_component_165,1,[165],26a19ca2cd96a519
chr17_58696783_G_C,test,missense,pos_component_165,1,[165],26a19ca2cd96a519
chr17_58696783_G_T,test,missense,pos_component_165,1,[165],26a19ca2cd96a519
chr17_58696784_GTT_,train,inframe_indel,pos_component_166,6,[166],8a3835ae48ea1f22
chr17_58696784_GTT_ATC,train,missense,pos_component_166,6,[166],e049b8492cddf95c
chr17_58696784_GTT_CTG,train,missense,pos_component_166,6,[166],cc907825e3eb85a2
chr17_58696784_GTT_GAC,train,missense,pos_component_166,6,[166],c5eddd9bedf9cbe7
chr17_58696784_GTT_GCC,train,missense,pos_component_166,6,[166],544a9480867898ba
chr17_58696784_GTT_GGC,train,missense,pos_component_166,6,[166],74facd4f7f1cfd24
chr17_58696784_GTT_TTC,train,missense,pos_component_166,6,[166],8841fff8c29b268f
chr17_58696784_G_A,train,missense,pos_component_166,6,[166],e049b8492cddf95c
chr17_58696784_G_C,train,missense,pos_component_166,6,[166],cc907825e3eb85a2
chr17_58696784_G_T,train,missense,pos_component_166,6,[166],8841fff8c29b268f
chr17_58696785_T_A,train,missense,pos_component_166,6,[166],c5eddd9bedf9cbe7
chr17_58696785_T_C,train,missense,pos_component_166,6,[166],544a9480867898ba
chr17_58696785_T_G,train,missense,pos_component_166,6,[166],74facd4f7f1cfd24
chr17_58696786_T_A,train,synonymous,pos_component_166,6,[166],91b30377abc814e1
chr17_58696786_T_C,train,synonymous,pos_component_166,6,[166],91b30377abc814e1
chr17_58696786_T_G,train,synonymous,pos_component_166,6,[166],91b30377abc814e1
chr17_58696787_GAT_,train,inframe_indel,pos_component_167,4,[167],401f613a362a36d4
chr17_58696787_GAT_AAC,train,missense,pos_component_167,4,[167],327d41c14a0e948b
chr17_58696787_GAT_CAC,train,missense,pos_component_167,4,[167],cd5f005b5dcb0466
chr17_58696787_GAT_GCC,train,missense,pos_component_167,4,[167],6cead8b47fc7e7cb
chr17_58696787_GAT_GGC,train,missense,pos_component_167,4,[167],a39358cda59c046f
chr17_58696787_GAT_GTG,train,missense,pos_component_167,4,[167],bd8b2661d143a211
chr17_58696787_GAT_TAC,train,missense,pos_component_167,4,[167],1ca66e12a0d8c5a4
chr17_58696787_G_A,train,missense,pos_component_167,4,[167],327d41c14a0e948b
chr17_58696787_G_C,train,missense,pos_component_167,4,[167],cd5f005b5dcb0466
chr17_58696787_G_T,train,missense,pos_component_167,4,[167],1ca66e12a0d8c5a4
chr17_58696788_A_C,train,missense,pos_component_167,4,[167],6cead8b47fc7e7cb
chr17_58696788_A_G,train,missense,pos_component_167,4,[167],a39358cda59c046f
chr17_58696788_A_T,train,missense,pos_component_167,4,[167],bd8b2661d143a211
chr17_58696789_T_A,train,missense,pos_component_167,4,[167],33775f2256330c75
chr17_58696789_T_C,train,synonymous,pos_component_167,4,[167],ecefc6707d156d33
chr17_58696789_T_G,train,missense,pos_component_167,4,[167],33775f2256330c75
chr17_58696790_AGA_,train,inframe_indel,pos_component_168,0,[168],6a88f95bae36c4ff
chr17_58696790_AGA_AAG,train,missense,pos_component_168,0,[168],9b7b81b4318a8c9b
chr17_58696790_AGA_ACC,train,missense,pos_component_168,0,[168],a5a31be36d3e35f4
chr17_58696790_AGA_ATC,train,missense,pos_component_168,0,[168],abfcd6f631774bc1
chr17_58696790_AGA_CGC,train,synonymous,pos_component_168,0,[168],2038da5b0288a18a
chr17_58696790_AGA_CGG,train,synonymous,pos_component_168,0,[168],2038da5b0288a18a
chr17_58696790_AGA_CGT,train,synonymous,pos_component_168,0,[168],2038da5b0288a18a
chr17_58696790_AGA_GCC,train,missense,pos_component_168,0,[168],aeb7f95022927e15
chr17_58696790_AGA_GGC,train,missense,pos_component_168,0,[168],e9c49f5ffaad2ca5
chr17_58696790_AGA_TCC,train,missense,pos_component_168,0,[168],b94070829dea151b
chr17_58696790_A_C,train,synonymous,pos_component_168,0,[168],2038da5b0288a18a
chr17_58696790_A_G,train,missense,pos_component_168,0,[168],e9c49f5ffaad2ca5
chr17_58696791_G_A,train,missense,pos_component_168,0,[168],9b7b81b4318a8c9b
chr17_58696791_G_C,train,missense,pos_component_168,0,[168],a5a31be36d3e35f4
chr17_58696791_G_T,train,missense,pos_component_168,0,[168],abfcd6f631774bc1
chr17_58696792_A_C,train,missense,pos_component_168,0,[168],b94070829dea151b
chr17_58696792_A_G,train,synonymous,pos_component_168,0,[168],2038da5b0288a18a
chr17_58696792_A_T,train,missense,pos_component_168,0,[168],b94070829dea151b
chr17_58696793_GTG_,train,inframe_indel,pos_component_170,4,[170],9e7704b4c0b5abbf
chr17_58696793_GTG_CTC,val,missense,pos_component_169,3,[169],2552dd5f83a48854
chr17_58696793_GTG_GAA,val,missense,pos_component_169,3,[169],5588e7650a9413f5
chr17_58696793_GTG_GCC,val,missense,pos_component_169,3,[169],a8696896a44cc699
chr17_58696793_GTG_GGC,val,missense,pos_component_169,3,[169],33b2f7583921fab5
chr17_58696793_G_A,val,missense,pos_component_169,3,[169],e843d10f21a12c45
chr17_58696793_G_C,val,missense,pos_component_169,3,[169],2552dd5f83a48854
chr17_58696793_G_T,val,missense,pos_component_169,3,[169],2552dd5f83a48854
chr17_58696794_T_A,val,missense,pos_component_169,3,[169],5588e7650a9413f5
chr17_58696794_T_C,val,missense,pos_component_169,3,[169],a8696896a44cc699
chr17_58696794_T_G,val,missense,pos_component_169,3,[169],33b2f7583921fab5
chr17_58696795_G_A,val,synonymous,pos_component_169,3,[169],ed5e5fe873ea1036
chr17_58696795_G_C,val,synonymous,pos_component_169,3,[169],ed5e5fe873ea1036
chr17_58696795_G_T,val,synonymous,pos_component_169,3,[169],ed5e5fe873ea1036
chr17_58696796_GTA_,train,inframe_indel,pos_component_170,4,[170],9e7704b4c0b5abbf
chr17_58696796_GTA_ATC,train,missense,pos_component_170,4,[170],d9115c15ce6398a9
chr17_58696796_GTA_CTG,train,missense,pos_component_170,4,[170],b4a763a27415191b
chr17_58696796_GTA_GAG,train,missense,pos_component_170,4,[170],497d1f669db4e500
chr17_58696796_GTA_GCC,train,missense,pos_component_170,4,[170],546859ecf787bb05
chr17_58696796_GTA_GGC,train,missense,pos_component_170,4,[170],30140477dc7481de
chr17_58696796_G_A,train,missense,pos_component_170,4,[170],d9115c15ce6398a9
chr17_58696796_G_C,train,missense,pos_component_170,4,[170],b4a763a27415191b
chr17_58696796_G_T,train,missense,pos_component_170,4,[170],b4a763a27415191b
chr17_58696797_T_A,train,missense,pos_component_170,4,[170],497d1f669db4e500
chr17_58696797_T_C,train,missense,pos_component_170,4,[170],546859ecf787bb05
chr17_58696797_T_G,train,missense,pos_component_170,4,[170],30140477dc7481de
chr17_58696798_A_C,train,synonymous,pos_component_170,4,[170],9402a0ae5abf5056
chr17_58696798_A_G,train,synonymous,pos_component_170,4,[170],9402a0ae5abf5056
chr17_58696798_A_T,train,synonymous,pos_component_170,4,[170],9402a0ae5abf5056
chr17_58696799_GAC_,train,inframe_indel,pos_component_171,1,[171],4f20825c51f8573b
chr17_58696799_GAC_AAT,train,missense,pos_component_171,1,[171],9a8511312a073fe7
chr17_58696799_GAC_CAT,train,missense,pos_component_171,1,[171],6de2e6687f1f9ff4
chr17_58696799_GAC_GCT,train,missense,pos_component_171,1,[171],da97be1dd04d0caa
chr17_58696799_GAC_GGA,train,missense,pos_component_171,1,[171],95a20cd88502af67
chr17_58696799_GAC_GTG,train,missense,pos_component_171,1,[171],16e1c47b3ea50b6e
chr17_58696799_GAC_TAT,train,missense,pos_component_171,1,[171],d596e54e571c49a3
chr17_58696799_G_A,train,missense,pos_component_171,1,[171],9a8511312a073fe7
chr17_58696799_G_C,train,missense,pos_component_171,1,[171],6de2e6687f1f9ff4
chr17_58696799_G_T,train,missense,pos_component_171,1,[171],d596e54e571c49a3
chr17_58696800_A_C,train,missense,pos_component_171,1,[171],da97be1dd04d0caa
chr17_58696800_A_G,train,missense,pos_component_171,1,[171],95a20cd88502af67
chr17_58696800_A_T,train,missense,pos_component_171,1,[171],16e1c47b3ea50b6e
chr17_58696801_C_A,train,missense,pos_component_171,1,[171],1c6039ac4f7f8bc6
chr17_58696801_C_G,train,missense,pos_component_171,1,[171],1c6039ac4f7f8bc6
chr17_58696801_C_T,train,synonymous,pos_component_171,1,[171],bfbcda838e858c83
chr17_58696802_CTT_,val,inframe_indel,pos_component_172,4,[172],605bce76549821ce
chr17_58696802_CTT_ATC,val,missense,pos_component_172,4,[172],692f30f9213e24ad
chr17_58696802_CTT_CAC,val,missense,pos_component_172,4,[172],490b14885c818223
chr17_58696802_CTT_CCC,val,missense,pos_component_172,4,[172],78246fe525742dc9
chr17_58696802_CTT_CGG,val,missense,pos_component_172,4,[172],29af5bca68b8da70
chr17_58696802_CTT_GCC,val,missense,pos_component_172,4,[172],e4d6f7b7a6ff65ce
chr17_58696802_CTT_GTG,val,missense,pos_component_172,4,[172],ed6733c9601a23d9
chr17_58696802_CTT_TTA,val,synonymous,pos_component_172,4,[172],5249aeec76ed46a5
chr17_58696802_CTT_TTC,val,missense,pos_component_172,4,[172],f8f017d31db48b16
chr17_58696802_CTT_TTG,val,synonymous,pos_component_172,4,[172],5249aeec76ed46a5
chr17_58696802_C_A,val,missense,pos_component_172,4,[172],692f30f9213e24ad
chr17_58696802_C_G,val,missense,pos_component_172,4,[172],ed6733c9601a23d9
chr17_58696802_C_T,val,missense,pos_component_172,4,[172],f8f017d31db48b16
chr17_58696803_T_A,val,missense,pos_component_172,4,[172],490b14885c818223
chr17_58696803_T_C,val,missense,pos_component_172,4,[172],78246fe525742dc9
chr17_58696803_T_G,val,missense,pos_component_172,4,[172],29af5bca68b8da70
chr17_58696804_T_A,val,synonymous,pos_component_172,4,[172],5249aeec76ed46a5
chr17_58696804_T_C,val,synonymous,pos_component_172,4,[172],5249aeec76ed46a5
chr17_58696804_T_G,val,synonymous,pos_component_172,4,[172],5249aeec76ed46a5
chr17_58696805_GCT_,train,inframe_indel,pos_component_173,3,[173],98bd38c3286abb4d
chr17_58696805_GCT_ACC,train,missense,pos_component_173,3,[173],829e62190f675e43
chr17_58696805_GCT_AGC,train,missense,pos_component_173,3,[173],9e8e64f08a61b7fb
chr17_58696805_GCT_CCC,train,missense,pos_component_173,3,[173],d858bce87be17c31
chr17_58696805_GCT_GAC,train,missense,pos_component_173,3,[173],8f0c8212eda244bd
chr17_58696805_GCT_GGC,train,missense,pos_component_173,3,[173],48b7908142475c9e
chr17_58696805_GCT_GTG,train,missense,pos_component_173,3,[173],5f8d1ac315e28b9a
chr17_58696805_G_A,train,missense,pos_component_173,3,[173],829e62190f675e43
chr17_58696805_G_C,train,missense,pos_component_173,3,[173],d858bce87be17c31
chr17_58696805_G_T,train,missense,pos_component_173,3,[173],9e8e64f08a61b7fb
chr17_58696806_C_A,train,missense,pos_component_173,3,[173],8f0c8212eda244bd
chr17_58696806_C_G,train,missense,pos_component_173,3,[173],48b7908142475c9e
chr17_58696806_C_T,train,missense,pos_component_173,3,[173],5f8d1ac315e28b9a
chr17_58696807_T_A,train,synonymous,pos_component_173,3,[173],3a606709ec99c9de
chr17_58696807_T_C,train,synonymous,pos_component_173,3,[173],3a606709ec99c9de
chr17_58696807_T_G,train,synonymous,pos_component_173,3,[173],3a606709ec99c9de
chr17_58696808_ACT_,train,inframe_indel,pos_component_174,1,[174],d9d7d1e02c05b662
chr17_58696808_ACT_AAC,train,missense,pos_component_174,1,[174],ef9f4e03d7611f11
chr17_58696808_ACT_AGC,train,missense,pos_component_174,1,[174],808908ab72083154
chr17_58696808_ACT_ATC,train,missense,pos_component_174,1,[174],5b445bf1735f8f26
chr17_58696808_ACT_CCC,train,missense,pos_component_174,1,[174],7195a5951dd97219
chr17_58696808_ACT_GCC,train,missense,pos_component_174,1,[174],0fc16cf74909f855
chr17_58696808_A_C,train,missense,pos_component_174,1,[174],7195a5951dd97219
chr17_58696808_A_G,train,missense,pos_component_174,1,[174],0fc16cf74909f855
chr17_58696808_A_T,train,missense,pos_component_174,1,[174],808908ab72083154
chr17_58696809_C_A,train,missense,pos_component_174,1,[174],ef9f4e03d7611f11
chr17_58696809_C_G,train,missense,pos_component_174,1,[174],808908ab72083154
chr17_58696809_C_T,train,missense,pos_component_174,1,[174],5b445bf1735f8f26
chr17_58696810_T_A,train,synonymous,pos_component_174,1,[174],22c7c078667e5145
chr17_58696810_T_C,train,synonymous,pos_component_174,1,[174],22c7c078667e5145
chr17_58696810_T_G,train,synonymous,pos_component_174,1,[174],22c7c078667e5145
chr17_58696811_GCC_,train,inframe_indel,pos_component_175,2,[175],6ddc6f9fdd25d4c7
chr17_58696811_GCC_ACA,train,missense,pos_component_175,2,[175],29758305971ec910
chr17_58696811_GCC_AGC,train,missense,pos_component_175,2,[175],7895e0e841de0e3d
chr17_58696811_GCC_CCT,train,missense,pos_component_175,2,[175],fd315be444ae729a
chr17_58696811_GCC_GAT,train,missense,pos_component_175,2,[175],bd21ea34afdb0b22
chr17_58696811_GCC_GGA,train,missense,pos_component_175,2,[175],b02eb7db85e684c3
chr17_58696811_GCC_GTG,train,missense,pos_component_175,2,[175],49c9ef245cb1e37c
chr17_58696811_G_A,train,missense,pos_component_175,2,[175],29758305971ec910
chr17_58696811_G_C,train,missense,pos_component_175,2,[175],fd315be444ae729a
chr17_58696811_G_T,train,missense,pos_component_175,2,[175],7895e0e841de0e3d
chr17_58696812_C_A,train,missense,pos_component_175,2,[175],bd21ea34afdb0b22
chr17_58696812_C_G,train,missense,pos_component_175,2,[175],b02eb7db85e684c3
chr17_58696812_C_T,train,missense,pos_component_175,2,[175],49c9ef245cb1e37c
chr17_58696813_C_A,train,synonymous,pos_component_175,2,[175],f22fa4e12120c763
chr17_58696813_C_G,train,synonymous,pos_component_175,2,[175],f22fa4e12120c763
chr17_58696813_C_T,train,synonymous,pos_component_175,2,[175],f22fa4e12120c763
chr17_58696814_TGC_,train,inframe_indel,pos_component_176,6,[176],9bc4a3b7ce3294f4
chr17_58696814_TGC_CGG,train,missense,pos_component_176,6,[176],98d87c2c44a78eef
chr17_58696814_TGC_GCC,train,missense,pos_component_176,6,[176],b413f6f7a55f7e0d
chr17_58696814_TGC_GGA,train,missense,pos_component_176,6,[176],e10f8d42c40bfdcd
chr17_58696814_TGC_TAT,train,missense,pos_component_176,6,[176],11b4fea87e62a88a
chr17_58696814_TGC_TTT,train,missense,pos_component_176,6,[176],94364d67008d6e41
chr17_58696814_T_A,train,missense,pos_component_176,6,[176],7e38d52ad1e6912f
chr17_58696814_T_C,train,missense,pos_component_176,6,[176],98d87c2c44a78eef
chr17_58696814_T_G,train,missense,pos_component_176,6,[176],e10f8d42c40bfdcd
chr17_58696815_G_A,train,missense,pos_component_176,6,[176],11b4fea87e62a88a
chr17_58696815_G_C,train,missense,pos_component_176,6,[176],7e38d52ad1e6912f
chr17_58696815_G_T,train,missense,pos_component_176,6,[176],94364d67008d6e41
chr17_58696816_C_G,train,missense,pos_component_176,6,[176],1f02e2ea83ad0d40
chr17_58696816_C_T,train,synonymous,pos_component_176,6,[176],f1d1e618c59aac3c
chr17_58696817_ATT_,test,inframe_indel,pos_component_177,1,[177],fbad678350f58d44
chr17_58696817_ATT_AAC,test,missense,pos_component_177,1,[177],554585f41b4ea20b
chr17_58696817_ATT_ACC,test,missense,pos_component_177,1,[177],194edae351c53143
chr17_58696817_ATT_AGC,test,missense,pos_component_177,1,[177],e0bc3c5f79f8fd3c
chr17_58696817_ATT_CTG,test,missense,pos_component_177,1,[177],b53974ee1fa7a293
chr17_58696817_ATT_GCC,test,missense,pos_component_177,1,[177],338a8651ebe5c3df
chr17_58696817_ATT_GTG,test,missense,pos_component_177,1,[177],fbf625e04f0f757c
chr17_58696817_ATT_TTC,test,missense,pos_component_177,1,[177],a7dabf65675f5c64
chr17_58696817_A_C,test,missense,pos_component_177,1,[177],b53974ee1fa7a293
chr17_58696817_A_G,test,missense,pos_component_177,1,[177],fbf625e04f0f757c
chr17_58696817_A_T,test,missense,pos_component_177,1,[177],a7dabf65675f5c64
chr17_58696818_T_A,test,missense,pos_component_177,1,[177],554585f41b4ea20b
chr17_58696818_T_C,test,missense,pos_component_177,1,[177],194edae351c53143
chr17_58696818_T_G,test,missense,pos_component_177,1,[177],e0bc3c5f79f8fd3c
chr17_58696819_T_A,test,synonymous,pos_component_177,1,[177],0fadde9d3a3a815a
chr17_58696819_T_C,test,synonymous,pos_component_177,1,[177],0fadde9d3a3a815a
chr17_58696819_T_G,test,missense,pos_component_177,1,[177],5b0780e5e852e6d8
chr17_58696820_CAG_,train,inframe_indel,pos_component_178,0,[178],6705b6f1751bedfa
chr17_58696820_CAG_AAA,train,missense,pos_component_178,0,[178],103a81bb2127a634
chr17_58696820_CAG_AGA,train,missense,pos_component_178,0,[178],df14989f36f9e2c9
chr17_58696820_CAG_CCC,train,missense,pos_component_178,0,[178],6a11421629f79258
chr17_58696820_CAG_CTC,train,missense,pos_component_178,0,[178],9642af2e765ef72f
chr17_58696820_CAG_GAA,train,missense,pos_component_178,0,[178],2e8798687429a325
chr17_58696820_CAG_GCC,train,missense,pos_component_178,0,[178],5e380883b9c8a304
chr17_58696820_C_A,train,missense,pos_component_178,0,[178],103a81bb2127a634
chr17_58696820_C_G,train,missense,pos_component_178,0,[178],2e8798687429a325
chr17_58696821_A_C,train,missense,pos_component_178,0,[178],6a11421629f79258
chr17_58696821_A_G,train,missense,pos_component_178,0,[178],df14989f36f9e2c9
chr17_58696821_A_T,train,missense,pos_component_178,0,[178],9642af2e765ef72f
chr17_58696822_G_A,train,synonymous,pos_component_178,0,[178],7220e287823cb9e5
chr17_58696822_G_C,train,missense,pos_component_178,0,[178],970a7ccf4c7c2a7a
chr17_58696822_G_T,train,missense,pos_component_178,0,[178],970a7ccf4c7c2a7a
chr17_58696823_CAC_,val,inframe_indel,pos_component_179,2,[179],5f6d865df1604d9a
chr17_58696823_CAC_AAT,val,missense,pos_component_179,2,[179],7d2aa815353d3fbd
chr17_58696823_CAC_CCT,val,missense,pos_component_179,2,[179],32fa54dd08ac1aab
chr17_58696823_CAC_CGG,val,missense,pos_component_179,2,[179],7214f08391b9aa7c
chr17_58696823_CAC_CTG,val,missense,pos_component_179,2,[179],30f01e2b4c00355a
chr17_58696823_CAC_GAT,val,missense,pos_component_179,2,[179],043a65fe90588602
chr17_58696823_CAC_GCC,val,missense,pos_component_179,2,[179],de8f0d49cb05f90f
chr17_58696823_CAC_TAT,val,missense,pos_component_179,2,[179],24ee4e3ac690cce1
chr17_58696823_C_A,val,missense,pos_component_179,2,[179],7d2aa815353d3fbd
chr17_58696823_C_G,val,missense,pos_component_179,2,[179],043a65fe90588602
chr17_58696823_C_T,val,missense,pos_component_179,2,[179],24ee4e3ac690cce1
chr17_58696824_A_C,val,missense,pos_component_179,2,[179],32fa54dd08ac1aab
chr17_58696824_A_G,val,missense,pos_component_179,2,[179],7214f08391b9aa7c
chr17_58696824_A_T,val,missense,pos_component_179,2,[179],30f01e2b4c00355a
chr17_58696825_C_A,val,missense,pos_component_179,2,[179],682e9afa17cdd612
chr17_58696825_C_G,val,missense,pos_component_179,2,[179],682e9afa17cdd612
chr17_58696825_C_T,val,synonymous,pos_component_179,2,[179],9d0f817f97d6173a
chr17_58696826_CTT_,train,inframe_indel,pos_component_180,4,[180],bcb6d8f2de9aece2
chr17_58696826_CTT_ATC,train,missense,pos_component_180,4,[180],5709a39828343ed7
chr17_58696826_CTT_CAC,train,missense,pos_component_180,4,[180],11cbadab1f0cac7e
chr17_58696826_CTT_CCC,train,missense,pos_component_180,4,[180],6d5f7e2cb7a2a252
chr17_58696826_CTT_CGG,train,missense,pos_component_180,4,[180],8ab82c70b6ba0e39
chr17_58696826_CTT_GCC,train,missense,pos_component_180,4,[180],9b00d3ec7ce4a5f7
chr17_58696826_CTT_GTG,train,missense,pos_component_180,4,[180],f392ed005a89df1e
chr17_58696826_CTT_TTA,train,synonymous,pos_component_180,4,[180],7a70cff7c3cd7fb5
chr17_58696826_CTT_TTC,train,missense,pos_component_180,4,[180],e4bb1a4ac95b00d4
chr17_58696826_CTT_TTG,train,synonymous,pos_component_180,4,[180],7a70cff7c3cd7fb5
chr17_58696826_C_A,train,missense,pos_component_180,4,[180],5709a39828343ed7
chr17_58696826_C_G,train,missense,pos_component_180,4,[180],f392ed005a89df1e
chr17_58696826_C_T,train,missense,pos_component_180,4,[180],e4bb1a4ac95b00d4
chr17_58696827_T_A,train,missense,pos_component_180,4,[180],11cbadab1f0cac7e
chr17_58696827_T_C,train,missense,pos_component_180,4,[180],6d5f7e2cb7a2a252
chr17_58696827_T_G,train,missense,pos_component_180,4,[180],8ab82c70b6ba0e39
chr17_58696828_T_A,train,synonymous,pos_component_180,4,[180],7a70cff7c3cd7fb5
chr17_58696828_T_C,train,synonymous,pos_component_180,4,[180],7a70cff7c3cd7fb5
chr17_58696828_T_G,train,synonymous,pos_component_180,4,[180],7a70cff7c3cd7fb5
chr17_58696829_CAG_,train,inframe_indel,pos_component_181,0,[181],b093c8a6a2f2323f
chr17_58696829_CAG_AAA,train,missense,pos_component_181,0,[181],ca1beec65c7d8364
chr17_58696829_CAG_AGA,train,missense,pos_component_181,0,[181],b30fd2d5fab835cb
chr17_58696829_CAG_CCC,train,missense,pos_component_181,0,[181],3ea5fa87f88061ae
chr17_58696829_CAG_CTC,train,missense,pos_component_181,0,[181],7d84c720e8cb5992
chr17_58696829_CAG_GAA,train,missense,pos_component_181,0,[181],6c4867dfd48bcf02
chr17_58696829_CAG_GCC,train,missense,pos_component_181,0,[181],e956799ce632254e
chr17_58696829_C_A,train,missense,pos_component_181,0,[181],ca1beec65c7d8364
chr17_58696829_C_G,train,missense,pos_component_181,0,[181],6c4867dfd48bcf02
chr17_58696830_A_C,train,missense,pos_component_181,0,[181],3ea5fa87f88061ae
chr17_58696830_A_G,train,missense,pos_component_181,0,[181],b30fd2d5fab835cb
chr17_58696830_A_T,train,missense,pos_component_181,0,[181],7d84c720e8cb5992
chr17_58696831_G_A,train,synonymous,pos_component_181,0,[181],d05e33dafb5615ca
chr17_58696831_G_C,train,missense,pos_component_181,0,[181],af37b66cd29641de
chr17_58696831_G_T,train,missense,pos_component_181,0,[181],af37b66cd29641de
chr17_58696832_CTT_,train,inframe_indel,pos_component_182,2,[182],b7f7d9db8ab854e0
chr17_58696832_CTT_ATC,train,missense,pos_component_182,2,[182],2c9163ff28f87940
chr17_58696832_CTT_CAC,train,missense,pos_component_182,2,[182],72ff0230c06fa83c
chr17_58696832_CTT_CCC,train,missense,pos_component_182,2,[182],599e41dfb499d396
chr17_58696832_CTT_CGG,train,missense,pos_component_182,2,[182],7b2ce379080eeeaf
chr17_58696832_CTT_GCC,train,missense,pos_component_182,2,[182],e6dd2517d50958ab
chr17_58696832_CTT_GTG,train,missense,pos_component_182,2,[182],0458798a1cbff597
chr17_58696832_CTT_TTA,train,synonymous,pos_component_182,2,[182],7378943f9f961931
chr17_58696832_CTT_TTC,train,missense,pos_component_182,2,[182],cec85493851bd374
chr17_58696832_CTT_TTG,train,synonymous,pos_component_182,2,[182],7378943f9f961931
chr17_58696832_C_A,train,missense,pos_component_182,2,[182],2c9163ff28f87940
chr17_58696832_C_G,train,missense,pos_component_182,2,[182],0458798a1cbff597
chr17_58696832_C_T,train,missense,pos_component_182,2,[182],cec85493851bd374
chr17_58696833_T_A,train,missense,pos_component_182,2,[182],72ff0230c06fa83c
chr17_58696833_T_C,train,missense,pos_component_182,2,[182],599e41dfb499d396
chr17_58696833_T_G,train,missense,pos_component_182,2,[182],7b2ce379080eeeaf
chr17_58696834_T_A,train,synonymous,pos_component_182,2,[182],7378943f9f961931
chr17_58696834_T_C,train,synonymous,pos_component_182,2,[182],7378943f9f961931
chr17_58696834_T_G,train,synonymous,pos_component_182,2,[182],7378943f9f961931
chr17_58696835_ATA_,train,inframe_indel,pos_component_183,0,[183],7c92857f007d4cf3
chr17_58696835_ATA_AAG,train,missense,pos_component_183,0,[183],94db3bf271882da4
chr17_58696835_ATA_ACC,train,missense,pos_component_183,0,[183],bbc907e89254f83a
chr17_58696835_ATA_CGG,train,missense,pos_component_183,0,[183],278b2c8b5e199bac
chr17_58696835_ATA_CTG,train,missense,pos_component_183,0,[183],796513b9cd376b60
chr17_58696835_ATA_GCC,train,missense,pos_component_183,0,[183],194818a42165eb5a
chr17_58696835_ATA_GTG,train,missense,pos_component_183,0,[183],fde3ed64f18c9f48
chr17_58696835_A_C,train,missense,pos_component_183,0,[183],796513b9cd376b60
chr17_58696835_A_G,train,missense,pos_component_183,0,[183],fde3ed64f18c9f48
chr17_58696835_A_T,train,missense,pos_component_183,0,[183],796513b9cd376b60
chr17_58696836_T_A,train,missense,pos_component_183,0,[183],94db3bf271882da4
chr17_58696836_T_C,train,missense,pos_component_183,0,[183],bbc907e89254f83a
chr17_58696836_T_G,train,missense,pos_component_183,0,[183],278b2c8b5e199bac
chr17_58696837_A_C,train,synonymous,pos_component_183,0,[183],7f5c06aee102b889
chr17_58696837_A_G,train,missense,pos_component_183,0,[183],7d17b27dc81e1524
chr17_58696837_A_T,train,synonymous,pos_component_183,0,[183],7f5c06aee102b889
chr17_58696838_GCA_,test,inframe_indel,pos_component_184,3,[184],9678861705c629a7
chr17_58696838_GCA_ACC,test,missense,pos_component_184,3,[184],c8a1a3db9b94ea78
chr17_58696838_GCA_AGC,test,missense,pos_component_184,3,[184],f2b9efcb1ff5f70c
chr17_58696838_GCA_CCC,test,missense,pos_component_184,3,[184],4dcef61f5e95ed62
chr17_58696838_GCA_GAG,test,missense,pos_component_184,3,[184],27caca11178f9f7a
chr17_58696838_GCA_GGC,test,missense,pos_component_184,3,[184],8024db5e925c910e
chr17_58696838_GCA_GTG,test,missense,pos_component_184,3,[184],1f8d14971e674fb4
chr17_58696838_G_A,test,missense,pos_component_184,3,[184],c8a1a3db9b94ea78
chr17_58696838_G_C,test,missense,pos_component_184,3,[184],4dcef61f5e95ed62
chr17_58696838_G_T,test,missense,pos_component_184,3,[184],f2b9efcb1ff5f70c
chr17_58696839_C_A,test,missense,pos_component_184,3,[184],27caca11178f9f7a
chr17_58696839_C_G,test,missense,pos_component_184,3,[184],8024db5e925c910e
chr17_58696839_C_T,test,missense,pos_component_184,3,[184],1f8d14971e674fb4
chr17_58696840_A_C,test,synonymous,pos_component_184,3,[184],bf3ca707307d297f
chr17_58696840_A_G,test,synonymous,pos_component_184,3,[184],bf3ca707307d297f
chr17_58696840_A_T,test,synonymous,pos_component_184,3,[184],bf3ca707307d297f
chr17_58696841_GAA_,train,inframe_indel,pos_component_185,4,[185],3168c52b3e1cc37e
chr17_58696841_GAA_AAG,train,missense,pos_component_185,4,[185],f3ca39310bf193e4
chr17_58696841_GAA_CAG,train,missense,pos_component_185,4,[185],de35b93fc49388f6
chr17_58696841_GAA_GCC,train,missense,pos_component_185,4,[185],8c74d26c7d02bb40
chr17_58696841_GAA_GGC,train,missense,pos_component_185,4,[185],1d699ed4246c0cc3
chr17_58696841_GAA_GTG,train,missense,pos_component_185,4,[185],ae97f8e32042bbeb
chr17_58696841_G_A,train,missense,pos_component_185,4,[185],f3ca39310bf193e4
chr17_58696841_G_C,train,missense,pos_component_185,4,[185],de35b93fc49388f6
chr17_58696842_A_C,train,missense,pos_component_185,4,[185],8c74d26c7d02bb40
chr17_58696842_A_G,train,missense,pos_component_185,4,[185],1d699ed4246c0cc3
chr17_58696842_A_T,train,missense,pos_component_185,4,[185],ae97f8e32042bbeb
chr17_58696842__AAA,train,inframe_indel,pos_component_186,0,"[186, 187]",8eb4124a941051a1
chr17_58696843_A_C,train,missense,pos_component_185,4,[185],1ea951228da2b405
chr17_58696843_A_G,train,synonymous,pos_component_185,4,[185],21a4d717d71f431a
chr17_58696843_A_T,train,missense,pos_component_185,4,[185],1ea951228da2b405
chr17_58696844_AAA_,train,inframe_indel,pos_component_186,0,[186],29bda59ddb2b5fdb
chr17_58696844_AAA_ACC,train,missense,pos_component_186,0,[186],8aa9dafb96530e18
chr17_58696844_AAA_ATC,train,missense,pos_component_186,0,[186],d9ace50470b6f833
chr17_58696844_AAA_CAG,train,missense,pos_component_186,0,[186],5472a66d35cbea81
chr17_58696844_AAA_CGG,train,missense,pos_component_186,0,[186],54cf213553bc9076
chr17_58696844_AAA_GAG,train,missense,pos_component_186,0,[186],edcf5433c0931b4b
chr17_58696844_AAA_GCC,train,missense,pos_component_186,0,[186],3fb767704f389556
chr17_58696844_A_C,train,missense,pos_component_186,0,[186],5472a66d35cbea81
chr17_58696844_A_G,train,missense,pos_component_186,0,[186],edcf5433c0931b4b
chr17_58696845_A_C,train,missense,pos_component_186,0,[186],8aa9dafb96530e18
chr17_58696845_A_G,train,missense,pos_component_186,0,[186],54cf213553bc9076
chr17_58696845_A_T,train,missense,pos_component_186,0,[186],d9ace50470b6f833
chr17_58696846_A_C,train,missense,pos_component_186,0,[186],c4156749181016c8
chr17_58696846_A_G,train,synonymous,pos_component_186,0,[186],bdb6bcf3604d85ec
chr17_58696846_A_T,train,missense,pos_component_186,0,[186],c4156749181016c8
chr17_58696847_CAC_,train,inframe_indel,pos_component_186,0,[187],7439fda6cf814a04
chr17_58696847_CAC_AAT,train,missense,pos_component_186,0,[187],314c753a9eaf0536
chr17_58696847_CAC_CCT,train,missense,pos_component_186,0,[187],b8c70faf2890f511
chr17_58696847_CAC_CGG,train,missense,pos_component_186,0,[187],9cf5be17ae839712
chr17_58696847_CAC_CTG,train,missense,pos_component_186,0,[187],cc2051179ac0fd67
chr17_58696847_CAC_GAT,train,missense,pos_component_186,0,[187],9fff75c3c7dd674b
chr17_58696847_CAC_GCC,train,missense,pos_component_186,0,[187],4f0af766a8ff4d3f
chr17_58696847_CAC_TAT,train,missense,pos_component_186,0,[187],25ae62e6dbe34084
chr17_58696847_C_A,train,missense,pos_component_186,0,[187],314c753a9eaf0536
chr17_58696847_C_G,train,missense,pos_component_186,0,[187],9fff75c3c7dd674b
chr17_58696847_C_T,train,missense,pos_component_186,0,[187],25ae62e6dbe34084
chr17_58696848_A_C,train,missense,pos_component_186,0,[187],b8c70faf2890f511
chr17_58696848_A_G,train,missense,pos_component_186,0,[187],9cf5be17ae839712
chr17_58696848_A_T,train,missense,pos_component_186,0,[187],cc2051179ac0fd67
chr17_58696849_C_A,train,missense,pos_component_186,0,[187],201697a4d478eb65
chr17_58696849_C_G,train,missense,pos_component_186,0,[187],201697a4d478eb65
chr17_58696849_C_T,train,synonymous,pos_component_186,0,[187],9de61dbd1233b52a
chr17_58696850_AAG_,train,inframe_indel,pos_component_188,6,[188],9af0564084b49f55
chr17_58696850_AAG_ACC,train,missense,pos_component_188,6,[188],f630a6853b8124be
chr17_58696850_AAG_CAA,train,missense,pos_component_188,6,[188],6932371bf888ec3c
chr17_58696850_AAG_CGG,train,missense,pos_component_188,6,[188],5ae940f9f71c085f
chr17_58696850_AAG_GAA,train,missense,pos_component_188,6,[188],492cdf914ea65053
chr17_58696850_AAG_GCC,train,missense,pos_component_188,6,[188],8da4e33c0eb591ed
chr17_58696850_A_C,train,missense,pos_component_188,6,[188],6932371bf888ec3c
chr17_58696850_A_G,train,missense,pos_component_188,6,[188],492cdf914ea65053
chr17_58696851_A_C,train,missense,pos_component_188,6,[188],f630a6853b8124be
chr17_58696851_A_G,train,missense,pos_component_188,6,[188],5ae940f9f71c085f
chr17_58696851_A_T,train,missense,pos_component_188,6,[188],0a9302c80053f065
chr17_58696852_G_A,train,synonymous,pos_component_188,6,[188],a9bd48c14383aeeb
chr17_58696852_G_C,train,missense,pos_component_188,6,[188],2842797f971b7f51
chr17_58696852_G_T,train,missense,pos_component_188,6,[188],2842797f971b7f51
chr17_58696853_GGA_,val,inframe_indel,pos_component_189,6,[189],60667b6dc738ec13
chr17_58696853_GGA_CGG,val,missense,pos_component_189,6,[189],e4be013302f8bab0
chr17_58696853_GGA_GAG,val,missense,pos_component_189,6,[189],f08dffb20caa34b8
chr17_58696853_GGA_GCC,val,missense,pos_component_189,6,[189],9a687cb03183882a
chr17_58696853_GGA_GTG,val,missense,pos_component_189,6,[189],8a4f1697ab5d886d
chr17_58696853_G_A,val,missense,pos_component_189,6,[189],e4be013302f8bab0
chr17_58696853_G_C,val,missense,pos_component_189,6,[189],e4be013302f8bab0
chr17_58696854_G_A,val,missense,pos_component_189,6,[189],f08dffb20caa34b8
chr17_58696854_G_C,val,missense,pos_component_189,6,[189],9a687cb03183882a
chr17_58696854_G_T,val,missense,pos_component_189,6,[189],8a4f1697ab5d886d
chr17_58696855_A_C,val,synonymous,pos_component_189,6,[189],cb115d8aef43bacb
chr17_58696855_A_G,val,synonymous,pos_component_189,6,[189],cb115d8aef43bacb
chr17_58696855_A_T,val,synonymous,pos_component_189,6,[189],cb115d8aef43bacb
chr17_58696856_GAG_,val,inframe_indel,pos_component_191,3,[191],4b7caaf768d90899
chr17_58696856_GAG_AAA,val,missense,pos_component_190,4,[190],6b436ef9912cc794
chr17_58696856_GAG_CAA,val,missense,pos_component_190,4,[190],97701ff6b392972a
chr17_58696856_GAG_GCC,val,missense,pos_component_190,4,[190],13dbdcea3135163b
chr17_58696856_GAG_GGC,val,missense,pos_component_190,4,[190],d348b6ee80ab2a97
chr17_58696856_GAG_GTC,val,missense,pos_component_190,4,[190],696c792e8e9c9d3a
chr17_58696856_G_A,val,missense,pos_component_190,4,[190],6b436ef9912cc794
chr17_58696856_G_C,val,missense,pos_component_190,4,[190],97701ff6b392972a
chr17_58696857_A_C,val,missense,pos_component_190,4,[190],13dbdcea3135163b
chr17_58696857_A_G,val,missense,pos_component_190,4,[190],d348b6ee80ab2a97
chr17_58696857_A_T,val,missense,pos_component_190,4,[190],696c792e8e9c9d3a
chr17_58696858_G_A,val,synonymous,pos_component_190,4,[190],a504950a803eea1f
chr17_58696858_G_C,val,missense,pos_component_190,4,[190],8ab69005e1bdf03f
chr17_58696858_G_T,val,missense,pos_component_190,4,[190],8ab69005e1bdf03f
chr17_58696859_G_A,val,missense,pos_component_191,3,[191],1e0a5e01a17957c4
chr17_58696859_G_C,val,missense,pos_component_191,3,[191],84b8328d5dc1bac5
chr17_58703196_A_C,val,missense,pos_component_191,3,[191],eeffe5ea79262228
chr17_58703196_A_G,val,missense,pos_component_191,3,[191],dd18b066bec18c8f
chr17_58703196_A_T,val,missense,pos_component_191,3,[191],5e18d4130781b697
chr17_58703197_A_C,val,missense,pos_component_191,3,[191],cb5e7514d0a52104
chr17_58703197_A_G,val,synonymous,pos_component_191,3,[191],68db3143b1756269
chr17_58703197_A_T,val,missense,pos_component_191,3,[191],cb5e7514d0a52104
chr17_58703198_CAC_,test,inframe_indel,pos_component_192,3,[192],2911eb917507a17f
chr17_58703198_CAC_AAT,test,missense,pos_component_192,3,[192],1b8d102ffcdb51d4
chr17_58703198_CAC_CCT,test,missense,pos_component_192,3,[192],b2e7989f46484f14
chr17_58703198_CAC_CGG,test,missense,pos_component_192,3,[192],f613a4e2c55ff2c0
chr17_58703198_CAC_CTG,test,missense,pos_component_192,3,[192],2acf77125ea597d2
chr17_58703198_CAC_GAT,test,missense,pos_component_192,3,[192],4782f3839565cf0b
chr17_58703198_CAC_GCC,test,missense,pos_component_192,3,[192],3ee8c4e98af5fde7
chr17_58703198_CAC_TAT,test,missense,pos_component_192,3,[192],13ea2fbc18f1f3d0
chr17_58703198_C_A,test,missense,pos_component_192,3,[192],1b8d102ffcdb51d4
chr17_58703198_C_G,test,missense,pos_component_192,3,[192],4782f3839565cf0b
chr17_58703198_C_T,test,missense,pos_component_192,3,[192],13ea2fbc18f1f3d0
chr17_58703199_A_C,test,missense,pos_component_192,3,[192],b2e7989f46484f14
chr17_58703199_A_G,test,missense,pos_component_192,3,[192],f613a4e2c55ff2c0
chr17_58703199_A_T,test,missense,pos_component_192,3,[192],2acf77125ea597d2
chr17_58703200_C_A,test,missense,pos_component_192,3,[192],cddcf799ddc1e721
chr17_58703200_C_G,test,missense,pos_component_192,3,[192],cddcf799ddc1e721
chr17_58703200_C_T,test,synonymous,pos_component_192,3,[192],3b6b0ef039999c79
chr17_58703201_CGA_,train,inframe_indel,pos_component_193,2,[193],fa99f81b2ef90b20
chr17_58703201_CGA_AGG,train,synonymous,pos_component_193,2,[193],056f7d3867b17bb1
chr17_58703201_CGA_CAG,train,missense,pos_component_193,2,[193],8c3bcc5d92fdb015
chr17_58703201_CGA_CCC,train,missense,pos_component_193,2,[193],608473eb2ce3e2b3
chr17_58703201_CGA_CTG,train,missense,pos_component_193,2,[193],a6b2b603976c8dde
chr17_58703201_CGA_GCC,train,missense,pos_component_193,2,[193],8e31711d4a8f1dd3
chr17_58703201_CGA_GGC,train,missense,pos_component_193,2,[193],a1cc5f5988bc218f
chr17_58703201_C_A,train,synonymous,pos_component_193,2,[193],056f7d3867b17bb1
chr17_58703201_C_G,train,missense,pos_component_193,2,[193],a1cc5f5988bc218f
chr17_58703202_G_A,train,missense,pos_component_193,2,[193],8c3bcc5d92fdb015
chr17_58703202_G_C,train,missense,pos_component_193,2,[193],608473eb2ce3e2b3
chr17_58703202_G_T,train,missense,pos_component_193,2,[193],a6b2b603976c8dde
chr17_58703203_A_C,train,synonymous,pos_component_193,2,[193],056f7d3867b17bb1
chr17_58703203_A_G,train,synonymous,pos_component_193,2,[193],056f7d3867b17bb1
chr17_58703203_A_T,train,synonymous,pos_component_193,2,[193],056f7d3867b17bb1
chr17_58703204_AAA_,train,inframe_indel,pos_component_194,2,[194],ab3010c48b5bd347
chr17_58703204_AAA_ACC,train,missense,pos_component_194,2,[194],c94ab2800df8fd40
chr17_58703204_AAA_ATC,train,missense,pos_component_194,2,[194],a3083a96fff09140
chr17_58703204_AAA_CAG,train,missense,pos_component_194,2,[194],0dacc8225addc9ef
chr17_58703204_AAA_CGG,train,missense,pos_component_194,2,[194],35e23f6db44a6e01
chr17_58703204_AAA_GAG,train,missense,pos_component_194,2,[194],1bca8ae1faffa1e3
chr17_58703204_AAA_GCC,train,missense,pos_component_194,2,[194],75ba59724e9aece0
chr17_58703204_A_C,train,missense,pos_component_194,2,[194],0dacc8225addc9ef
chr17_58703204_A_G,train,missense,pos_component_194,2,[194],1bca8ae1faffa1e3
chr17_58703205_A_C,train,missense,pos_component_194,2,[194],c94ab2800df8fd40
chr17_58703205_A_G,train,missense,pos_component_194,2,[194],35e23f6db44a6e01
chr17_58703205_A_T,train,missense,pos_component_194,2,[194],a3083a96fff09140
chr17_58703206_A_C,train,missense,pos_component_194,2,[194],49f3a7a6096546d6
chr17_58703206_A_G,train,synonymous,pos_component_194,2,[194],9c0112a86baae1ab
chr17_58703206_A_T,train,missense,pos_component_194,2,[194],49f3a7a6096546d6
chr17_58703207_GCT_,train,inframe_indel,pos_component_195,2,[195],628f885dc3a09dae
chr17_58703207_GCT_ACC,train,missense,pos_component_195,2,[195],4b7e13bbe8cf66ff
chr17_58703207_GCT_AGC,train,missense,pos_component_195,2,[195],5cb225696cf9795e
chr17_58703207_GCT_CCC,train,missense,pos_component_195,2,[195],685f61106626653c
chr17_58703207_GCT_GAC,train,missense,pos_component_195,2,[195],4d65b63867f75865
chr17_58703207_GCT_GGC,train,missense,pos_component_195,2,[195],944eec7b1e7c0067
chr17_58703207_GCT_GTG,train,missense,pos_component_195,2,[195],459f791663f4ddc0
chr17_58703207_G_A,train,missense,pos_component_195,2,[195],4b7e13bbe8cf66ff
chr17_58703207_G_C,train,missense,pos_component_195,2,[195],685f61106626653c
chr17_58703207_G_T,train,missense,pos_component_195,2,[195],5cb225696cf9795e
chr17_58703208_C_A,train,missense,pos_component_195,2,[195],4d65b63867f75865
chr17_58703208_C_G,train,missense,pos_component_195,2,[195],944eec7b1e7c0067
chr17_58703208_C_T,train,missense,pos_component_195,2,[195],459f791663f4ddc0
chr17_58703209_T_A,train,synonymous,pos_component_195,2,[195],db5557c2d48f9234
chr17_58703209_T_C,train,synonymous,pos_component_195,2,[195],db5557c2d48f9234
chr17_58703209_T_G,train,synonymous,pos_component_195,2,[195],db5557c2d48f9234
chr17_58703210_TTG_,test,inframe_indel,pos_component_196,4,[196],f9907df798b1da3f
chr17_58703210_TTG_AGC,test,missense,pos_component_196,4,[196],d2bc6693558db121
chr17_58703210_TTG_CTA,test,synonymous,pos_component_196,4,[196],c1ff02f1c64e0448
chr17_58703210_TTG_CTC,test,synonymous,pos_component_196,4,[196],c1ff02f1c64e0448
chr17_58703210_TTG_CTT,test,synonymous,pos_component_196,4,[196],c1ff02f1c64e0448
chr17_58703210_TTG_GCC,test,missense,pos_component_196,4,[196],89363a70f48efb79
chr17_58703210_TTG_GTC,test,missense,pos_component_196,4,[196],e46658a774dea61c
chr17_58703210_T_A,test,missense,pos_component_196,4,[196],84ddbdacafde5959
chr17_58703210_T_C,test,synonymous,pos_component_196,4,[196],c1ff02f1c64e0448
chr17_58703210_T_G,test,missense,pos_component_196,4,[196],e46658a774dea61c
chr17_58703211_T_C,test,missense,pos_component_196,4,[196],d2bc6693558db121
chr17_58703211_T_G,test,missense,pos_component_196,4,[196],61c10707450ab460
chr17_58703212_G_A,test,synonymous,pos_component_196,4,[196],c1ff02f1c64e0448
chr17_58703212_G_C,test,missense,pos_component_196,4,[196],537ad03524004a5b
chr17_58703212_G_T,test,missense,pos_component_196,4,[196],537ad03524004a5b
chr17_58703213_GAG_,test,inframe_indel,pos_component_197,6,[197],86dfa8bd2499f301
chr17_58703213_GAG_AAA,test,missense,pos_component_197,6,[197],8b044a0ce9d0ef58
chr17_58703213_GAG_CAA,test,missense,pos_component_197,6,[197],cfcab182f7b58b86
chr17_58703213_GAG_GCC,test,missense,pos_component_197,6,[197],e860cf56d33587d0
chr17_58703213_GAG_GGC,test,missense,pos_component_197,6,[197],879c5d99ca2568ed
chr17_58703213_GAG_GTC,test,missense,pos_component_197,6,[197],e6b7907301bf5d25
chr17_58703213_G_A,test,missense,pos_component_197,6,[197],8b044a0ce9d0ef58
chr17_58703213_G_C,test,missense,pos_component_197,6,[197],cfcab182f7b58b86
chr17_58703214_A_C,test,missense,pos_component_197,6,[197],e860cf56d33587d0
chr17_58703214_A_G,test,missense,pos_component_197,6,[197],879c5d99ca2568ed
chr17_58703214_A_T,test,missense,pos_component_197,6,[197],e6b7907301bf5d25
chr17_58703215_G_A,test,synonymous,pos_component_197,6,[197],c011c268613dde20
chr17_58703215_G_C,test,missense,pos_component_197,6,[197],318dced6c0f41531
chr17_58703215_G_T,test,missense,pos_component_197,6,[197],318dced6c0f41531
chr17_58703216_GAT_,train,inframe_indel,pos_component_198,5,[198],82f88eee0bce4e19
chr17_58703216_GAT_AAC,train,missense,pos_component_198,5,[198],8bcffd22a4e1549d
chr17_58703216_GAT_CAC,train,missense,pos_component_198,5,[198],f21ed24292fdb2d2
chr17_58703216_GAT_GCC,train,missense,pos_component_198,5,[198],5d7fd7b403bfbbbc
chr17_58703216_GAT_GGC,train,missense,pos_component_198,5,[198],4f738ae62f1ac70e
chr17_58703216_GAT_GTG,train,missense,pos_component_198,5,[198],dc1ed0ebf2ea4d7c
chr17_58703216_GAT_TAC,train,missense,pos_component_198,5,[198],f3eb7b0b8307c080
chr17_58703216_G_A,train,missense,pos_component_198,5,[198],8bcffd22a4e1549d
chr17_58703216_G_C,train,missense,pos_component_198,5,[198],f21ed24292fdb2d2
chr17_58703216_G_T,train,missense,pos_component_198,5,[198],f3eb7b0b8307c080
chr17_58703217_A_C,train,missense,pos_component_198,5,[198],5d7fd7b403bfbbbc
chr17_58703217_A_G,train,missense,pos_component_198,5,[198],4f738ae62f1ac70e
chr17_58703217_A_T,train,missense,pos_component_198,5,[198],dc1ed0ebf2ea4d7c
chr17_58703218_T_A,train,missense,pos_component_198,5,[198],1d62611230bc58a9
chr17_58703218_T_C,train,synonymous,pos_component_198,5,[198],13e890e118d7fe7f
chr17_58703218_T_G,train,missense,pos_component_198,5,[198],1d62611230bc58a9
chr17_58703219_TTC_,train,inframe_indel,pos_component_199,6,[199],0b88d424f714fd2b
chr17_58703219_TTC_AGC,train,missense,pos_component_199,6,[199],996e18fa42df250c
chr17_58703219_TTC_ATT,train,missense,pos_component_199,6,[199],bcc959a769666694
chr17_58703219_TTC_CTG,train,missense,pos_component_199,6,[199],25d69eaeeac441d4
chr17_58703219_TTC_GCC,train,missense,pos_component_199,6,[199],689d78ec5471c001
chr17_58703219_TTC_GTG,train,missense,pos_component_199,6,[199],35433c78c2ddefea
chr17_58703219_TTC_TAT,train,missense,pos_component_199,6,[199],499c462bdedc08d7
chr17_58703219_TTC_TGT,train,missense,pos_component_199,6,[199],fb309d170ba2f959
chr17_58703219_T_A,train,missense,pos_component_199,6,[199],bcc959a769666694
chr17_58703219_T_C,train,missense,pos_component_199,6,[199],25d69eaeeac441d4
chr17_58703219_T_G,train,missense,pos_component_199,6,[199],35433c78c2ddefea
chr17_58703220_T_A,train,missense,pos_component_199,6,[199],499c462bdedc08d7
chr17_58703220_T_C,train,missense,pos_component_199,6,[199],996e18fa42df250c
chr17_58703220_T_G,train,missense,pos_component_199,6,[199],fb309d170ba2f959
chr17_58703221_C_A,train,missense,pos_component_199,6,[199],25d69eaeeac441d4
chr17_58703221_C_G,train,missense,pos_component_199,6,[199],25d69eaeeac441d4
chr17_58703221_C_T,train,synonymous,pos_component_199,6,[199],da042ef89a7adad6
chr17_58703222_ACT_,train,inframe_indel,pos_component_200,3,[200],3f8490a0ca873fe7
chr17_58703222_ACT_AAC,train,missense,pos_component_200,3,[200],31a7dc4c10cee80b
chr17_58703222_ACT_AGC,train,missense,pos_component_200,3,[200],0f52b40855580237
chr17_58703222_ACT_ATC,train,missense,pos_component_200,3,[200],77cff98df25f0601
chr17_58703222_ACT_CCC,train,missense,pos_component_200,3,[200],1432efae5e5bf42c
chr17_58703222_ACT_GCC,train,missense,pos_component_200,3,[200],c0bc76f93ca494c1
chr17_58703222_A_C,train,missense,pos_component_200,3,[200],1432efae5e5bf42c
chr17_58703222_A_G,train,missense,pos_component_200,3,[200],c0bc76f93ca494c1
chr17_58703222_A_T,train,missense,pos_component_200,3,[200],0f52b40855580237
chr17_58703223_C_A,train,missense,pos_component_200,3,[200],31a7dc4c10cee80b
chr17_58703223_C_G,train,missense,pos_component_200,3,[200],0f52b40855580237
chr17_58703223_C_T,train,missense,pos_component_200,3,[200],77cff98df25f0601
chr17_58703224_T_A,train,synonymous,pos_component_200,3,[200],21f0d7bb5333e09d
chr17_58703224_T_C,train,synonymous,pos_component_200,3,[200],21f0d7bb5333e09d
chr17_58703224_T_G,train,synonymous,pos_component_200,3,[200],21f0d7bb5333e09d
chr17_58703225_CTT_,val,inframe_indel,pos_component_201,0,[201],209a9a5c0dba428f
chr17_58703225_CTT_ATC,val,missense,pos_component_201,0,[201],98b99d088b401d8a
chr17_58703225_CTT_CAC,val,missense,pos_component_201,0,[201],25f683613da80186
chr17_58703225_CTT_CCC,val,missense,pos_component_201,0,[201],35aec03f1a6e85ae
chr17_58703225_CTT_CGG,val,missense,pos_component_201,0,[201],769accc30c095b50
chr17_58703225_CTT_GCC,val,missense,pos_component_201,0,[201],32b678a5be6f4927
chr17_58703225_CTT_GTG,val,missense,pos_component_201,0,[201],92d6848cd0f4f15f
chr17_58703225_CTT_TTA,val,synonymous,pos_component_201,0,[201],03b94c6762b08765
chr17_58703225_CTT_TTC,val,missense,pos_component_201,0,[201],9e81b9b445f316b1
chr17_58703225_CTT_TTG,val,synonymous,pos_component_201,0,[201],03b94c6762b08765
chr17_58703225_C_A,val,missense,pos_component_201,0,[201],98b99d088b401d8a
chr17_58703225_C_G,val,missense,pos_component_201,0,[201],92d6848cd0f4f15f
chr17_58703225_C_T,val,missense,pos_component_201,0,[201],9e81b9b445f316b1
chr17_58703226_T_A,val,missense,pos_component_201,0,[201],25f683613da80186
chr17_58703226_T_C,val,missense,pos_component_201,0,[201],35aec03f1a6e85ae
chr17_58703226_T_G,val,missense,pos_component_201,0,[201],769accc30c095b50
chr17_58703227_T_A,val,synonymous,pos_component_201,0,[201],03b94c6762b08765
chr17_58703227_T_C,val,synonymous,pos_component_201,0,[201],03b94c6762b08765
chr17_58703227_T_G,val,synonymous,pos_component_201,0,[201],03b94c6762b08765
chr17_58703228_GAT_,train,inframe_indel,pos_component_202,2,[202],977f27039f26c225
chr17_58703228_GAT_AAC,train,missense,pos_component_202,2,[202],6f3aaef7863a37d1
chr17_58703228_GAT_CAC,train,missense,pos_component_202,2,[202],d8fa3a50e0d7116d
chr17_58703228_GAT_GCC,train,missense,pos_component_202,2,[202],019c9c3daa328377
chr17_58703228_GAT_GGC,train,missense,pos_component_202,2,[202],383b3542b607dd91
chr17_58703228_GAT_GTG,train,missense,pos_component_202,2,[202],2e6adc00cf52cfd8
chr17_58703228_GAT_TAC,train,missense,pos_component_202,2,[202],53566453065c7e62
chr17_58703228_G_A,train,missense,pos_component_202,2,[202],6f3aaef7863a37d1
chr17_58703228_G_C,train,missense,pos_component_202,2,[202],d8fa3a50e0d7116d
chr17_58703228_G_T,train,missense,pos_component_202,2,[202],53566453065c7e62
chr17_58703229_A_C,train,missense,pos_component_202,2,[202],019c9c3daa328377
chr17_58703229_A_G,train,missense,pos_component_202,2,[202],383b3542b607dd91
chr17_58703229_A_T,train,missense,pos_component_202,2,[202],2e6adc00cf52cfd8
chr17_58703230_T_A,train,missense,pos_component_202,2,[202],2037fa7c1eca173f
chr17_58703230_T_C,train,synonymous,pos_component_202,2,[202],69f3ce0e952e1ff6
chr17_58703230_T_G,train,missense,pos_component_202,2,[202],2037fa7c1eca173f
chr17_58703231_AAT_,train,inframe_indel,pos_component_203,4,[203],fdce990e16966e04
chr17_58703231_AAT_ACC,train,missense,pos_component_203,4,[203],7ea829fda288a095
chr17_58703231_AAT_AGC,train,missense,pos_component_203,4,[203],888a50260c527c9b
chr17_58703231_AAT_ATC,train,missense,pos_component_203,4,[203],e5c0a5307a28f025
chr17_58703231_AAT_CAC,train,missense,pos_component_203,4,[203],1277eef55f1dc425
chr17_58703231_AAT_GAC,train,missense,pos_component_203,4,[203],cff2e917a3b8ca2c
chr17_58703231_AAT_GCC,train,missense,pos_component_203,4,[203],6a823c99bdc57cfd
chr17_58703231_AAT_TAC,train,missense,pos_component_203,4,[203],191e6bb5f62e6aad
chr17_58703231_A_C,train,missense,pos_component_203,4,[203],1277eef55f1dc425
chr17_58703231_A_G,train,missense,pos_component_203,4,[203],cff2e917a3b8ca2c
chr17_58703231_A_T,train,missense,pos_component_203,4,[203],191e6bb5f62e6aad
chr17_58703232_A_C,train,missense,pos_component_203,4,[203],7ea829fda288a095
chr17_58703232_A_G,train,missense,pos_component_203,4,[203],888a50260c527c9b
chr17_58703232_A_T,train,missense,pos_component_203,4,[203],e5c0a5307a28f025
chr17_58703233_T_A,train,missense,pos_component_203,4,[203],02d99942dbab1b30
chr17_58703233_T_C,train,synonymous,pos_component_203,4,[203],ae715e7d0709591e
chr17_58703233_T_G,train,missense,pos_component_203,4,[203],02d99942dbab1b30
chr17_58703234_ATT_,train,inframe_indel,pos_component_204,0,[204],eb8086444e75e1a2
chr17_58703234_ATT_AAC,train,missense,pos_component_204,0,[204],2be9e182667143a7
chr17_58703234_ATT_ACC,train,missense,pos_component_204,0,[204],c0c6a6d300c7b0cf
chr17_58703234_ATT_AGC,train,missense,pos_component_204,0,[204],e6fb1324282dfdf2
chr17_58703234_ATT_CTG,train,missense,pos_component_204,0,[204],76f8d57266a6f35a
chr17_58703234_ATT_GCC,train,missense,pos_component_204,0,[204],7f93333d59daba2a
chr17_58703234_ATT_GTG,train,missense,pos_component_204,0,[204],7eb975defbdc0205
chr17_58703234_ATT_TTC,train,missense,pos_component_204,0,[204],6a5b95b9f5397812
chr17_58703234_A_C,train,missense,pos_component_204,0,[204],76f8d57266a6f35a
chr17_58703234_A_G,train,missense,pos_component_204,0,[204],7eb975defbdc0205
chr17_58703234_A_T,train,missense,pos_component_204,0,[204],6a5b95b9f5397812
chr17_58703235_T_A,train,missense,pos_component_204,0,[204],2be9e182667143a7
chr17_58703235_T_C,train,missense,pos_component_204,0,[204],c0c6a6d300c7b0cf
chr17_58703235_T_G,train,missense,pos_component_204,0,[204],e6fb1324282dfdf2
chr17_58703236_T_A,train,synonymous,pos_component_204,0,[204],70acf2a0cdc471e6
chr17_58703236_T_C,train,synonymous,pos_component_204,0,[204],70acf2a0cdc471e6
chr17_58703236_T_G,train,missense,pos_component_204,0,[204],905bdcbd6a93e423
chr17_58703237_CTT_,train,inframe_indel,pos_component_205,4,[205],b3e4aafc9952883a
chr17_58703237_CTT_ATC,train,missense,pos_component_205,4,[205],5c12b4240d410967
chr17_58703237_CTT_CAC,train,missense,pos_component_205,4,[205],8ba8ff597b76f24e
chr17_58703237_CTT_CCC,train,missense,pos_component_205,4,[205],da7a32338d9e4fb5
chr17_58703237_CTT_CGG,train,missense,pos_component_205,4,[205],cf68ca2641346cd8
chr17_58703237_CTT_GCC,train,missense,pos_component_205,4,[205],368422e877402410
chr17_58703237_CTT_GTG,train,missense,pos_component_205,4,[205],88694cfa84c586f0
chr17_58703237_CTT_TTA,train,synonymous,pos_component_205,4,[205],a82475bc8efa8503
chr17_58703237_CTT_TTC,train,missense,pos_component_205,4,[205],a4eba5ba82b12adc
chr17_58703237_CTT_TTG,train,synonymous,pos_component_205,4,[205],a82475bc8efa8503
chr17_58703237_C_A,train,missense,pos_component_205,4,[205],5c12b4240d410967
chr17_58703237_C_G,train,missense,pos_component_205,4,[205],88694cfa84c586f0
chr17_58703237_C_T,train,missense,pos_component_205,4,[205],a4eba5ba82b12adc
chr17_58703238_T_A,train,missense,pos_component_205,4,[205],8ba8ff597b76f24e
chr17_58703238_T_C,train,missense,pos_component_205,4,[205],da7a32338d9e4fb5
chr17_58703238_T_G,train,missense,pos_component_205,4,[205],cf68ca2641346cd8
chr17_58703239_T_A,train,synonymous,pos_component_205,4,[205],a82475bc8efa8503
chr17_58703239_T_C,train,synonymous,pos_component_205,4,[205],a82475bc8efa8503
chr17_58703239_T_G,train,synonymous,pos_component_205,4,[205],a82475bc8efa8503
chr17_58703240_TCT_,train,inframe_indel,pos_component_206,6,[206],3726c6e4bc6b1470
chr17_58703240_TCT_ACC,train,missense,pos_component_206,6,[206],f4c88ea4dbf01db5
chr17_58703240_TCT_AGC,train,synonymous,pos_component_206,6,[206],badfabe576b86558
chr17_58703240_TCT_AGT,train,synonymous,pos_component_206,6,[206],badfabe576b86558
chr17_58703240_TCT_CCC,train,missense,pos_component_206,6,[206],6c4905ae3b361bfc
chr17_58703240_TCT_GCC,train,missense,pos_component_206,6,[206],bb26e6ff0e45580f
chr17_58703240_TCT_TAC,train,missense,pos_component_206,6,[206],0ce0238c739988e0
chr17_58703240_TCT_TGC,train,missense,pos_component_206,6,[206],bc9c53ef5f30249d
chr17_58703240_TCT_TTC,train,missense,pos_component_206,6,[206],3a136888129898c4
chr17_58703240_T_A,train,missense,pos_component_206,6,[206],f4c88ea4dbf01db5
chr17_58703240_T_C,train,missense,pos_component_206,6,[206],6c4905ae3b361bfc
chr17_58703240_T_G,train,missense,pos_component_206,6,[206],bb26e6ff0e45580f
chr17_58703241_C_A,train,missense,pos_component_206,6,[206],0ce0238c739988e0
chr17_58703241_C_G,train,missense,pos_component_206,6,[206],bc9c53ef5f30249d
chr17_58703241_C_T,train,missense,pos_component_206,6,[206],3a136888129898c4
chr17_58703242_T_A,train,synonymous,pos_component_206,6,[206],badfabe576b86558
chr17_58703242_T_C,train,synonymous,pos_component_206,6,[206],badfabe576b86558
chr17_58703242_T_G,train,synonymous,pos_component_206,6,[206],badfabe576b86558
chr17_58703243_CAT_,train,inframe_indel,pos_component_207,0,[207],63d9a04419bcc02e
chr17_58703243_CAT_AAC,train,missense,pos_component_207,0,[207],f0b49752cc1d569c
chr17_58703243_CAT_CCC,train,missense,pos_component_207,0,[207],e5ce9f578534e0a6
chr17_58703243_CAT_CGG,train,missense,pos_component_207,0,[207],89c101edad31eb12
chr17_58703243_CAT_CTG,train,missense,pos_component_207,0,[207],b43147ff276f3998
chr17_58703243_CAT_GAC,train,missense,pos_component_207,0,[207],519698993cecbe0b
chr17_58703243_CAT_GCC,train,missense,pos_component_207,0,[207],10a944b7a2a4c8b5
chr17_58703243_CAT_TAC,train,missense,pos_component_207,0,[207],d3cf599278077b7b
chr17_58703243_C_A,train,missense,pos_component_207,0,[207],f0b49752cc1d569c
chr17_58703243_C_G,train,missense,pos_component_207,0,[207],519698993cecbe0b
chr17_58703243_C_T,train,missense,pos_component_207,0,[207],d3cf599278077b7b
chr17_58703244_A_C,train,missense,pos_component_207,0,[207],e5ce9f578534e0a6
chr17_58703244_A_G,train,missense,pos_component_207,0,[207],89c101edad31eb12
chr17_58703244_A_T,train,missense,pos_component_207,0,[207],b43147ff276f3998
chr17_58703245_T_A,train,missense,pos_component_207,0,[207],7aa18088e6f63adb
chr17_58703245_T_C,train,synonymous,pos_component_207,0,[207],29a070c2936e3877
chr17_58703245_T_G,train,missense,pos_component_207,0,[207],7aa18088e6f63adb
chr17_58703246_ATT_,val,inframe_indel,pos_component_208,5,[208],e34d789f1a20f760
chr17_58703246_ATT_AAC,val,missense,pos_component_208,5,[208],0028ef6d27610619
chr17_58703246_ATT_ACC,val,missense,pos_component_208,5,[208],7f97f3eb0e7ca2fc
chr17_58703246_ATT_AGC,val,missense,pos_component_208,5,[208],b1b54ce68c371861
chr17_58703246_ATT_CTG,val,missense,pos_component_208,5,[208],2b52b70baa87778c
chr17_58703246_ATT_GCC,val,missense,pos_component_208,5,[208],b1fbc20a639dafea
chr17_58703246_ATT_GTG,val,missense,pos_component_208,5,[208],b9ef79a44dc81bfa
chr17_58703246_ATT_TTC,val,missense,pos_component_208,5,[208],dfbd543ac1d5d74c
chr17_58703246_A_C,val,missense,pos_component_208,5,[208],2b52b70baa87778c
chr17_58703246_A_G,val,missense,pos_component_208,5,[208],b9ef79a44dc81bfa
chr17_58703246_A_T,val,missense,pos_component_208,5,[208],dfbd543ac1d5d74c
chr17_58703247_T_A,val,missense,pos_component_208,5,[208],0028ef6d27610619
chr17_58703247_T_C,val,missense,pos_component_208,5,[208],7f97f3eb0e7ca2fc
chr17_58703247_T_G,val,missense,pos_component_208,5,[208],b1b54ce68c371861
chr17_58703248_T_A,val,synonymous,pos_component_208,5,[208],a5967f694e55415b
chr17_58703248_T_C,val,synonymous,pos_component_208,5,[208],a5967f694e55415b
chr17_58703248_T_G,val,missense,pos_component_208,5,[208],40a22b2a491f9a13
chr17_58703249_TAT_AAC,train,missense,pos_component_209,3,[209],6e690518f10a5b81
chr17_58703249_TAT_AGC,train,missense,pos_component_209,3,[209],e7d8c19a4c6eb2cc
chr17_58703249_TAT_CAC,train,missense,pos_component_209,3,[209],b4c13f41b5e293cd
chr17_58703249_TAT_GAC,train,missense,pos_component_209,3,[209],37ccbe15441090c8
chr17_58703249_TAT_GCC,train,missense,pos_component_209,3,[209],7f415f01331ec808
chr17_58703249_TAT_TGC,train,missense,pos_component_209,3,[209],c6e0414ae36cafa0
chr17_58703249_TAT_TTC,train,missense,pos_component_209,3,[209],eaf801aea26c8310
chr17_58703249_T_A,train,missense,pos_component_209,3,[209],6e690518f10a5b81
chr17_58703249_T_C,train,missense,pos_component_209,3,[209],b4c13f41b5e293cd
chr17_58703249_T_G,train,missense,pos_component_209,3,[209],37ccbe15441090c8
chr17_58703250_A_C,train,missense,pos_component_209,3,[209],e7d8c19a4c6eb2cc
chr17_58703250_A_G,train,missense,pos_component_209,3,[209],c6e0414ae36cafa0
chr17_58703250_A_T,train,missense,pos_component_209,3,[209],eaf801aea26c8310
chr17_58703251_T_C,train,synonymous,pos_component_209,3,[209],b47607c12e98dbde
chr17_58703252_TAT_,test,inframe_indel,pos_component_210,0,[210],ac1bf4f26d40658e
chr17_58703252_TAT_AAC,test,missense,pos_component_210,0,[210],d9dffbb69f82f29c
chr17_58703252_TAT_AGC,test,missense,pos_component_210,0,[210],efc4bd0029773ccf
chr17_58703252_TAT_CAC,test,missense,pos_component_210,0,[210],2c3645d22f7eed74
chr17_58703252_TAT_GAC,test,missense,pos_component_210,0,[210],23bc7db94c20b8a3
chr17_58703252_TAT_GCC,test,missense,pos_component_210,0,[210],deb74afe7c06de54
chr17_58703252_TAT_TGC,test,missense,pos_component_210,0,[210],36823185c5207071
chr17_58703252_TAT_TTC,test,missense,pos_component_210,0,[210],27b9a535ba1e85f9
chr17_58703252_T_A,test,missense,pos_component_210,0,[210],d9dffbb69f82f29c
chr17_58703252_T_C,test,missense,pos_component_210,0,[210],2c3645d22f7eed74
chr17_58703252_T_G,test,missense,pos_component_210,0,[210],23bc7db94c20b8a3
chr17_58703253_A_C,test,missense,pos_component_210,0,[210],efc4bd0029773ccf
chr17_58703253_A_G,test,missense,pos_component_210,0,[210],36823185c5207071
chr17_58703253_A_T,test,missense,pos_component_210,0,[210],27b9a535ba1e85f9
chr17_58703254_T_C,test,synonymous,pos_component_210,0,[210],d7bb87fce3411006
chr17_58703255_TTT_,train,inframe_indel,pos_component_211,0,[211],bc2997789ae79061
chr17_58703255_TTT_AGC,train,missense,pos_component_211,0,[211],aa41496801788185
chr17_58703255_TTT_ATC,train,missense,pos_component_211,0,[211],0dd5889f21f0ae41
chr17_58703255_TTT_CTG,train,missense,pos_component_211,0,[211],1a36281223ff3ddc
chr17_58703255_TTT_GCC,train,missense,pos_component_211,0,[211],96462309efcf7a14
chr17_58703255_TTT_GTG,train,missense,pos_component_211,0,[211],a92e750d0c54d871
chr17_58703255_TTT_TAC,train,missense,pos_component_211,0,[211],2537af470af73716
chr17_58703255_TTT_TGC,train,missense,pos_component_211,0,[211],fe1423e192195efd
chr17_58703255_T_A,train,missense,pos_component_211,0,[211],0dd5889f21f0ae41
chr17_58703255_T_C,train,missense,pos_component_211,0,[211],1a36281223ff3ddc
chr17_58703255_T_G,train,missense,pos_component_211,0,[211],a92e750d0c54d871
chr17_58703256_T_A,train,missense,pos_component_211,0,[211],2537af470af73716
chr17_58703256_T_C,train,missense,pos_component_211,0,[211],aa41496801788185
chr17_58703256_T_G,train,missense,pos_component_211,0,[211],fe1423e192195efd
chr17_58703257_T_A,train,missense,pos_component_211,0,[211],1a36281223ff3ddc
chr17_58703257_T_C,train,synonymous,pos_component_211,0,[211],a24685a3aa509431
chr17_58703257_T_G,train,missense,pos_component_211,0,[211],1a36281223ff3ddc
chr17_58703258_CGC_,train,inframe_indel,pos_component_212,3,[212],900ff803bd8fef76
chr17_58703258_CGC_AGA,train,synonymous,pos_component_212,3,[212],daeb9c593ad1a0de
chr17_58703258_CGC_AGG,train,synonymous,pos_component_212,3,[212],daeb9c593ad1a0de
chr17_58703258_CGC_CAT,train,missense,pos_component_212,3,[212],7cdc78422203f6b9
chr17_58703258_CGC_CCT,train,missense,pos_component_212,3,[212],0c68cd97d1815b07
chr17_58703258_CGC_CTG,train,missense,pos_component_212,3,[212],46844ffe750adc69
chr17_58703258_CGC_GCC,train,missense,pos_component_212,3,[212],958ac74494e3c946
chr17_58703258_CGC_GGA,train,missense,pos_component_212,3,[212],80245c0ba422bb7b
chr17_58703258_CGC_TCC,train,missense,pos_component_212,3,[212],9de4ab1a2d098de1
chr17_58703258_CGC_TGT,train,missense,pos_component_212,3,[212],0862c762d09fbbe9
chr17_58703258_C_A,train,missense,pos_component_212,3,[212],9de4ab1a2d098de1
chr17_58703258_C_G,train,missense,pos_component_212,3,[212],80245c0ba422bb7b
chr17_58703258_C_T,train,missense,pos_component_212,3,[212],0862c762d09fbbe9
chr17_58703259_G_A,train,missense,pos_component_212,3,[212],7cdc78422203f6b9
chr17_58703259_G_C,train,missense,pos_component_212,3,[212],0c68cd97d1815b07
chr17_58703259_G_T,train,missense,pos_component_212,3,[212],46844ffe750adc69
chr17_58703260_C_A,train,synonymous,pos_component_212,3,[212],daeb9c593ad1a0de
chr17_58703260_C_G,train,synonymous,pos_component_212,3,[212],daeb9c593ad1a0de
chr17_58703260_C_T,train,synonymous,pos_component_212,3,[212],daeb9c593ad1a0de
chr17_58703261_TGT_,train,inframe_indel,pos_component_213,0,[213],0c98250fe7918ed2
chr17_58703261_TGT_AGC,train,missense,pos_component_213,0,[213],8702279cb1e33602
chr17_58703261_TGT_CGG,train,missense,pos_component_213,0,[213],76ea6d2f67de1ddb
chr17_58703261_TGT_GCC,train,missense,pos_component_213,0,[213],58961346a8ce724f
chr17_58703261_TGT_GGC,train,missense,pos_component_213,0,[213],fbf847712b379654
chr17_58703261_TGT_TAC,train,missense,pos_component_213,0,[213],feedcd1e6eb942b1
chr17_58703261_TGT_TTC,train,missense,pos_component_213,0,[213],f730a1338fc9a503
chr17_58703261_T_A,train,missense,pos_component_213,0,[213],8702279cb1e33602
chr17_58703261_T_C,train,missense,pos_component_213,0,[213],76ea6d2f67de1ddb
chr17_58703261_T_G,train,missense,pos_component_213,0,[213],fbf847712b379654
chr17_58703262_G_A,train,missense,pos_component_213,0,[213],feedcd1e6eb942b1
chr17_58703262_G_C,train,missense,pos_component_213,0,[213],8702279cb1e33602
chr17_58703262_G_T,train,missense,pos_component_213,0,[213],f730a1338fc9a503
chr17_58703263_T_C,train,synonymous,pos_component_213,0,[213],56369ceb9f897584
chr17_58703263_T_G,train,missense,pos_component_213,0,[213],6109551f825472d5
chr17_58703264_CGT_,test,inframe_indel,pos_component_214,1,[214],26f676cb6cb67d68
chr17_58703264_CGT_AGA,test,synonymous,pos_component_214,1,[214],0ee9b265bb2b747f
chr17_58703264_CGT_AGC,test,missense,pos_component_214,1,[214],847c17e62fefcf4a
chr17_58703264_CGT_AGG,test,synonymous,pos_component_214,1,[214],0ee9b265bb2b747f
chr17_58703264_CGT_CAC,test,missense,pos_component_214,1,[214],91bc2a6e4c381be9
chr17_58703264_CGT_CCC,test,missense,pos_component_214,1,[214],16576156ae77d704
chr17_58703264_CGT_CTG,test,missense,pos_component_214,1,[214],ed4b7429718f4506
chr17_58703264_CGT_GCC,test,missense,pos_component_214,1,[214],81b0fb2e24484332
chr17_58703264_CGT_GGC,test,missense,pos_component_214,1,[214],b3321d3799426a02
chr17_58703264_CGT_TGC,test,missense,pos_component_214,1,[214],4a161dde1b4312fe
chr17_58703264_C_A,test,missense,pos_component_214,1,[214],847c17e62fefcf4a
chr17_58703264_C_G,test,missense,pos_component_214,1,[214],b3321d3799426a02
chr17_58703264_C_T,test,missense,pos_component_214,1,[214],4a161dde1b4312fe
chr17_58703265_G_A,test,missense,pos_component_214,1,[214],91bc2a6e4c381be9
chr17_58703265_G_C,test,missense,pos_component_214,1,[214],16576156ae77d704
chr17_58703265_G_T,test,missense,pos_component_214,1,[214],ed4b7429718f4506
chr17_58703266_T_A,test,synonymous,pos_component_214,1,[214],0ee9b265bb2b747f
chr17_58703266_T_C,test,synonymous,pos_component_214,1,[214],0ee9b265bb2b747f
chr17_58703266_T_G,test,synonymous,pos_component_214,1,[214],0ee9b265bb2b747f
chr17_58703267_GAC_,train,inframe_indel,pos_component_215,5,[215],0c644225bbcc3072
chr17_58703267_GAC_AAT,train,missense,pos_component_215,5,[215],6eb7542aa8b18519
chr17_58703267_GAC_CAT,train,missense,pos_component_215,5,[215],07e331c157c7fdfe
chr17_58703267_GAC_GCT,train,missense,pos_component_215,5,[215],32833172b33fcb0b
chr17_58703267_GAC_GGA,train,missense,pos_component_215,5,[215],80d2dea9ddfa6749
chr17_58703267_GAC_GTG,train,missense,pos_component_215,5,[215],9850bac91a5328b6
chr17_58703267_GAC_TAT,train,missense,pos_component_215,5,[215],23f3e5269abdb67b
chr17_58703267_G_A,train,missense,pos_component_215,5,[215],6eb7542aa8b18519
chr17_58703267_G_C,train,missense,pos_component_215,5,[215],07e331c157c7fdfe
chr17_58703267_G_T,train,missense,pos_component_215,5,[215],23f3e5269abdb67b
chr17_58703268_A_C,train,missense,pos_component_215,5,[215],32833172b33fcb0b
chr17_58703268_A_G,train,missense,pos_component_215,5,[215],80d2dea9ddfa6749
chr17_58703268_A_T,train,missense,pos_component_215,5,[215],9850bac91a5328b6
chr17_58703269_C_A,train,missense,pos_component_215,5,[215],e0788552e1ebf4b5
chr17_58703269_C_G,train,missense,pos_component_215,5,[215],e0788552e1ebf4b5
chr17_58703269_C_T,train,synonymous,pos_component_215,5,[215],59e5df305c9d99f9
chr17_58703270_TAC_,train,inframe_indel,pos_component_216,2,[216],7b4a22bdd490229e
chr17_58703270_TAC_AAT,train,missense,pos_component_216,2,[216],18db80d6522c2caa
chr17_58703270_TAC_AGC,train,missense,pos_component_216,2,[216],ce3e3e21dade27ef
chr17_58703270_TAC_CAT,train,missense,pos_component_216,2,[216],46f4b81a98ec5174
chr17_58703270_TAC_GAT,train,missense,pos_component_216,2,[216],68be9c5b64f933d9
chr17_58703270_TAC_GCC,train,missense,pos_component_216,2,[216],82bd70d16a2c4670
chr17_58703270_TAC_TGT,train,missense,pos_component_216,2,[216],c3de435fc2b5d58e
chr17_58703270_TAC_TTT,train,missense,pos_component_216,2,[216],f589308d12eb4b39
chr17_58703270_T_A,train,missense,pos_component_216,2,[216],18db80d6522c2caa
chr17_58703270_T_C,train,missense,pos_component_216,2,[216],46f4b81a98ec5174
chr17_58703270_T_G,train,missense,pos_component_216,2,[216],68be9c5b64f933d9
chr17_58703271_A_C,train,missense,pos_component_216,2,[216],ce3e3e21dade27ef
chr17_58703271_A_G,train,missense,pos_component_216,2,[216],c3de435fc2b5d58e
chr17_58703271_A_T,train,missense,pos_component_216,2,[216],f589308d12eb4b39
chr17_58703272_C_T,train,synonymous,pos_component_216,2,[216],ca6e2ea185aba588
chr17_58703273_ACA_,train,inframe_indel,pos_component_217,5,[217],ede3ec7d7fd41ac9
chr17_58703273_ACA_AAG,train,missense,pos_component_217,5,[217],8ca0b8e9847e2b54
chr17_58703273_ACA_AGC,train,missense,pos_component_217,5,[217],d2ddb3cebbfe29f3
chr17_58703273_ACA_ATC,train,missense,pos_component_217,5,[217],8b8a6872d8985114
chr17_58703273_ACA_CCC,train,missense,pos_component_217,5,[217],a25ae422b6cc6065
chr17_58703273_ACA_CGG,train,missense,pos_component_217,5,[217],68a40141fda3d8f8
chr17_58703273_ACA_GCC,train,missense,pos_component_217,5,[217],1cff1ea9690d1a1b
chr17_58703273_A_C,train,missense,pos_component_217,5,[217],a25ae422b6cc6065
chr17_58703273_A_G,train,missense,pos_component_217,5,[217],1cff1ea9690d1a1b
chr17_58703273_A_T,train,missense,pos_component_217,5,[217],d2ddb3cebbfe29f3
chr17_58703274_C_A,train,missense,pos_component_217,5,[217],8ca0b8e9847e2b54
chr17_58703274_C_G,train,missense,pos_component_217,5,[217],68a40141fda3d8f8
chr17_58703274_C_T,train,missense,pos_component_217,5,[217],8b8a6872d8985114
chr17_58703275_A_C,train,synonymous,pos_component_217,5,[217],8775551df0a5ee2c
chr17_58703275_A_G,train,synonymous,pos_component_217,5,[217],8775551df0a5ee2c
chr17_58703275_A_T,train,synonymous,pos_component_217,5,[217],8775551df0a5ee2c
chr17_58703276_GAG_,train,inframe_indel,pos_component_218,0,[218],21cf2a54cdd88d2e
chr17_58703276_GAG_AAA,train,missense,pos_component_218,0,[218],ac64dcf9d2fe241b
chr17_58703276_GAG_CAA,train,missense,pos_component_218,0,[218],2489c19acaf2a271
chr17_58703276_GAG_GCC,train,missense,pos_component_218,0,[218],72f34fabb7df47e1
chr17_58703276_GAG_GGC,train,missense,pos_component_218,0,[218],7675dc8858d8e475
chr17_58703276_GAG_GTC,train,missense,pos_component_218,0,[218],d91ef898f3a3f33e
chr17_58703276_G_A,train,missense,pos_component_218,0,[218],ac64dcf9d2fe241b
chr17_58703276_G_C,train,missense,pos_component_218,0,[218],2489c19acaf2a271
chr17_58703277_A_C,train,missense,pos_component_218,0,[218],72f34fabb7df47e1
chr17_58703277_A_G,train,missense,pos_component_218,0,[218],7675dc8858d8e475
chr17_58703277_A_T,train,missense,pos_component_218,0,[218],d91ef898f3a3f33e
chr17_58703278_G_A,train,synonymous,pos_component_218,0,[218],34dcac95937e6629
chr17_58703278_G_C,train,missense,pos_component_218,0,[218],2541fdbe21902586
chr17_58703278_G_T,train,missense,pos_component_218,0,[218],2541fdbe21902586
chr17_58703279_TTA_,val,inframe_indel,pos_component_220,5,[220],3715fec068bcc359
chr17_58703279_TTA_AGC,train,missense,pos_component_219,5,[219],7739f9da165a959f
chr17_58703279_TTA_ATC,train,missense,pos_component_219,5,[219],5f0e6d77b66c9d85
chr17_58703279_TTA_CTC,train,synonymous,pos_component_219,5,[219],fb711140434e2736
chr17_58703279_TTA_CTG,train,synonymous,pos_component_219,5,[219],fb711140434e2736
chr17_58703279_TTA_CTT,train,synonymous,pos_component_219,5,[219],fb711140434e2736
chr17_58703279_TTA_GCC,train,missense,pos_component_219,5,[219],051d4af11e046c47
chr17_58703279_TTA_GTG,train,missense,pos_component_219,5,[219],0e435641cffed569
chr17_58703279_T_A,train,missense,pos_component_219,5,[219],5f0e6d77b66c9d85
chr17_58703279_T_C,train,synonymous,pos_component_219,5,[219],fb711140434e2736
chr17_58703279_T_G,train,missense,pos_component_219,5,[219],0e435641cffed569
chr17_58703280_T_C,train,missense,pos_component_219,5,[219],7739f9da165a959f
chr17_58703281_A_C,train,missense,pos_component_219,5,[219],6d275d80b0b3b083
chr17_58703281_A_G,train,synonymous,pos_component_219,5,[219],fb711140434e2736
chr17_58703281_A_T,train,missense,pos_component_219,5,[219],6d275d80b0b3b083
chr17_58703282_CTG_,val,inframe_indel,pos_component_220,5,[220],3715fec068bcc359
chr17_58703282_CTG_AGA,val,missense,pos_component_220,5,[220],71cfac04bb29162e
chr17_58703282_CTG_CAA,val,missense,pos_component_220,5,[220],18575a273b4c9e6d
chr17_58703282_CTG_CCC,val,missense,pos_component_220,5,[220],17148ae8f46d10dc
chr17_58703282_CTG_GCC,val,missense,pos_component_220,5,[220],e6146c8d6f5552c4
chr17_58703282_CTG_GTC,val,missense,pos_component_220,5,[220],4f140b0a18c4e6de
chr17_58703282_CTG_TTA,val,synonymous,pos_component_220,5,[220],8cc21127989a4437
chr17_58703282_C_A,val,missense,pos_component_220,5,[220],5202f65390622394
chr17_58703282_C_G,val,missense,pos_component_220,5,[220],4f140b0a18c4e6de
chr17_58703282_C_T,val,synonymous,pos_component_220,5,[220],8cc21127989a4437
chr17_58703283_T_A,val,missense,pos_component_220,5,[220],18575a273b4c9e6d
chr17_58703283_T_C,val,missense,pos_component_220,5,[220],17148ae8f46d10dc
chr17_58703283_T_G,val,missense,pos_component_220,5,[220],71cfac04bb29162e
chr17_58703284_G_A,val,synonymous,pos_component_220,5,[220],8cc21127989a4437
chr17_58703284_G_C,val,synonymous,pos_component_220,5,[220],8cc21127989a4437
chr17_58703284_G_T,val,synonymous,pos_component_220,5,[220],8cc21127989a4437
chr17_58703285_GCA_,train,inframe_indel,pos_component_221,1,[221],984220052dffc0ea
chr17_58703285_GCA_ACC,train,missense,pos_component_221,1,[221],0fd3c5785f763d31
chr17_58703285_GCA_AGC,train,missense,pos_component_221,1,[221],c1ff602776d4ae6f
chr17_58703285_GCA_CCC,train,missense,pos_component_221,1,[221],559b71a20e37dc9f
chr17_58703285_GCA_GAG,train,missense,pos_component_221,1,[221],15deb9627bd0e609
chr17_58703285_GCA_GGC,train,missense,pos_component_221,1,[221],7a563e8406d90a39
chr17_58703285_GCA_GTG,train,missense,pos_component_221,1,[221],aa739075b779cace
chr17_58703285_G_A,train,missense,pos_component_221,1,[221],0fd3c5785f763d31
chr17_58703285_G_C,train,missense,pos_component_221,1,[221],559b71a20e37dc9f
chr17_58703285_G_T,train,missense,pos_component_221,1,[221],c1ff602776d4ae6f
chr17_58703286_C_A,train,missense,pos_component_221,1,[221],15deb9627bd0e609
chr17_58703286_C_G,train,missense,pos_component_221,1,[221],7a563e8406d90a39
chr17_58703286_C_T,train,missense,pos_component_221,1,[221],aa739075b779cace
chr17_58703287_A_C,train,synonymous,pos_component_221,1,[221],af8443f5c59f18d4
chr17_58703287_A_G,train,synonymous,pos_component_221,1,[221],af8443f5c59f18d4
chr17_58703287_A_T,train,synonymous,pos_component_221,1,[221],af8443f5c59f18d4
chr17_58703288_CAA_,val,inframe_indel,pos_component_222,2,[222],08f8cea81ac90ce8
chr17_58703288_CAA_AAG,val,missense,pos_component_222,2,[222],51130cd0272582ec
chr17_58703288_CAA_CCC,val,missense,pos_component_222,2,[222],b945e51f9a994747
chr17_58703288_CAA_CGG,val,missense,pos_component_222,2,[222],4979170bbee7d568
chr17_58703288_CAA_CTG,val,missense,pos_component_222,2,[222],fb048b9509cb834b
chr17_58703288_CAA_GAG,val,missense,pos_component_222,2,[222],12c73d3c0c00769d
chr17_58703288_CAA_GCC,val,missense,pos_component_222,2,[222],3a36c0fb103e8b6b
chr17_58703288_C_A,val,missense,pos_component_222,2,[222],51130cd0272582ec
chr17_58703288_C_G,val,missense,pos_component_222,2,[222],12c73d3c0c00769d
chr17_58703289_A_C,val,missense,pos_component_222,2,[222],b945e51f9a994747
chr17_58703289_A_G,val,missense,pos_component_222,2,[222],4979170bbee7d568
chr17_58703289_A_T,val,missense,pos_component_222,2,[222],fb048b9509cb834b
chr17_58703290_A_C,val,missense,pos_component_222,2,[222],207749331a6154a0
chr17_58703290_A_G,val,synonymous,pos_component_222,2,[222],731f373566852893
chr17_58703290_A_T,val,missense,pos_component_222,2,[222],207749331a6154a0
chr17_58703291_GTT_,val,inframe_indel,pos_component_223,5,[223],bd47cdb9cbc40619
chr17_58703291_GTT_ATC,val,missense,pos_component_223,5,[223],66450cd5fcb57e67
chr17_58703291_GTT_CTG,val,missense,pos_component_223,5,[223],66240726885296a9
chr17_58703291_GTT_GAC,val,missense,pos_component_223,5,[223],2b1f329dcb70d106
chr17_58703291_GTT_GCC,val,missense,pos_component_223,5,[223],5cbde0a2a998eed9
chr17_58703291_GTT_GGC,val,missense,pos_component_223,5,[223],a7d5ad57cab7883a
chr17_58703291_GTT_TTC,val,missense,pos_component_223,5,[223],832624ba3f897806
chr17_58703291_G_A,val,missense,pos_component_223,5,[223],66450cd5fcb57e67
chr17_58703291_G_C,val,missense,pos_component_223,5,[223],66240726885296a9
chr17_58703291_G_T,val,missense,pos_component_223,5,[223],832624ba3f897806
chr17_58703292_T_A,val,missense,pos_component_223,5,[223],2b1f329dcb70d106
chr17_58703292_T_C,val,missense,pos_component_223,5,[223],5cbde0a2a998eed9
chr17_58703292_T_G,val,missense,pos_component_223,5,[223],a7d5ad57cab7883a
chr17_58703293_T_A,val,synonymous,pos_component_223,5,[223],d207ad560be09fef
chr17_58703293_T_C,val,synonymous,pos_component_223,5,[223],d207ad560be09fef
chr17_58703293_T_G,val,synonymous,pos_component_223,5,[223],d207ad560be09fef
chr17_58703294_TAT_,train,inframe_indel,pos_component_224,3,[224],2cf7734694c970c1
chr17_58703294_TAT_AAC,train,missense,pos_component_224,3,[224],734822692ed02ed4
chr17_58703294_TAT_AGC,train,missense,pos_component_224,3,[224],6a1ad4a3e6782405
chr17_58703294_TAT_CAC,train,missense,pos_component_224,3,[224],1e6ecab5ae8132cb
chr17_58703294_TAT_GAC,train,missense,pos_component_224,3,[224],a83cc753157fa322
chr17_58703294_TAT_GCC,train,missense,pos_component_224,3,[224],4fcd0ec430bdfc69
chr17_58703294_TAT_TGC,train,missense,pos_component_224,3,[224],a1ac37b6437fe7e9
chr17_58703294_TAT_TTC,train,missense,pos_component_224,3,[224],9e84cbc3405f6019
chr17_58703294_T_A,train,missense,pos_component_224,3,[224],734822692ed02ed4
chr17_58703294_T_C,train,missense,pos_component_224,3,[224],1e6ecab5ae8132cb
chr17_58703294_T_G,train,missense,pos_component_224,3,[224],a83cc753157fa322
chr17_58703295_A_C,train,missense,pos_component_224,3,[224],6a1ad4a3e6782405
chr17_58703295_A_G,train,missense,pos_component_224,3,[224],a1ac37b6437fe7e9
chr17_58703295_A_T,train,missense,pos_component_224,3,[224],9e84cbc3405f6019
chr17_58703296_TCT_,val,inframe_indel,pos_component_226,6,[226],4e68e883a4b6ea1a
chr17_58703296_T_C,train,synonymous,pos_component_224,3,[224],c19c0d09aeb39707
chr17_58703297_CTT_ATC,val,missense,pos_component_225,4,[225],fa924d87b5df3fe2
chr17_58703297_CTT_CAC,val,missense,pos_component_225,4,[225],cf44495812c628ce
chr17_58703297_CTT_CCC,val,missense,pos_component_225,4,[225],bbaa81a4b413911c
chr17_58703297_CTT_CGG,val,missense,pos_component_225,4,[225],3f2be10b932ec56b
chr17_58703297_CTT_GCC,val,missense,pos_component_225,4,[225],51ee164cc3f92a2f
chr17_58703297_CTT_GTG,val,missense,pos_component_225,4,[225],b484c24b4dacdd9c
chr17_58703297_CTT_TTA,val,synonymous,pos_component_225,4,[225],8c0631ff15de4b28
chr17_58703297_CTT_TTC,val,missense,pos_component_225,4,[225],3d5f7a4053dea26f
chr17_58703297_CTT_TTG,val,synonymous,pos_component_225,4,[225],8c0631ff15de4b28
chr17_58703297_C_A,val,missense,pos_component_225,4,[225],fa924d87b5df3fe2
chr17_58703297_C_G,val,missense,pos_component_225,4,[225],b484c24b4dacdd9c
chr17_58703297_C_T,val,missense,pos_component_225,4,[225],3d5f7a4053dea26f
chr17_58703298_T_A,val,missense,pos_component_225,4,[225],cf44495812c628ce
chr17_58703298_T_C,val,missense,pos_component_225,4,[225],bbaa81a4b413911c
chr17_58703298_T_G,val,missense,pos_component_225,4,[225],3f2be10b932ec56b
chr17_58703299_T_A,val,synonymous,pos_component_225,4,[225],8c0631ff15de4b28
chr17_58703299_T_C,val,synonymous,pos_component_225,4,[225],8c0631ff15de4b28
chr17_58703299_T_G,val,synonymous,pos_component_225,4,[225],8c0631ff15de4b28
chr17_58703300_CTT_ATC,val,missense,pos_component_226,6,[226],52177a5abd78eb3f
chr17_58703300_CTT_CAC,val,missense,pos_component_226,6,[226],2cc8dabeb5a8cde2
chr17_58703300_CTT_CCC,val,missense,pos_component_226,6,[226],c6a4a92c215ca245
chr17_58703300_CTT_CGG,val,missense,pos_component_226,6,[226],b48ec36769dd7ebc
chr17_58703300_CTT_GCC,val,missense,pos_component_226,6,[226],4f00f9b75af46e71
chr17_58703300_CTT_GTG,val,missense,pos_component_226,6,[226],29284b598aed4194
chr17_58703300_CTT_TTA,val,synonymous,pos_component_226,6,[226],8b2bd04193506a9d
chr17_58703300_CTT_TTC,val,missense,pos_component_226,6,[226],ae14fbcca42715f6
chr17_58703300_CTT_TTG,val,synonymous,pos_component_226,6,[226],8b2bd04193506a9d
chr17_58703300_C_A,val,missense,pos_component_226,6,[226],52177a5abd78eb3f
chr17_58703300_C_G,val,missense,pos_component_226,6,[226],29284b598aed4194
chr17_58703300_C_T,val,missense,pos_component_226,6,[226],ae14fbcca42715f6
chr17_58703301_T_A,val,missense,pos_component_226,6,[226],2cc8dabeb5a8cde2
chr17_58703301_T_C,val,missense,pos_component_226,6,[226],c6a4a92c215ca245
chr17_58703301_T_G,val,missense,pos_component_226,6,[226],b48ec36769dd7ebc
chr17_58703302_T_A,val,synonymous,pos_component_226,6,[226],8b2bd04193506a9d
chr17_58703302_T_C,val,synonymous,pos_component_226,6,[226],8b2bd04193506a9d
chr17_58703302_T_G,val,synonymous,pos_component_226,6,[226],8b2bd04193506a9d
chr17_58703303_CCA_,train,inframe_indel,pos_component_227,4,[227],4a7ac18543cbf619
chr17_58703303_CCA_ACC,train,missense,pos_component_227,4,[227],6e696db3ec948731
chr17_58703303_CCA_AGC,train,missense,pos_component_227,4,[227],95e84cd1b5e4c698
chr17_58703303_CCA_CAG,train,missense,pos_component_227,4,[227],3eb29e6cc023169a
chr17_58703303_CCA_CGG,train,missense,pos_component_227,4,[227],800e36b7377f0e80
chr17_58703303_CCA_CTG,train,missense,pos_component_227,4,[227],67efccf3af7d8c32
chr17_58703303_CCA_GCC,train,missense,pos_component_227,4,[227],69d0c01e8640e6b5
chr17_58703303_C_A,train,missense,pos_component_227,4,[227],6e696db3ec948731
chr17_58703303_C_G,train,missense,pos_component_227,4,[227],69d0c01e8640e6b5
chr17_58703303_C_T,train,missense,pos_component_227,4,[227],95e84cd1b5e4c698
chr17_58703304_C_A,train,missense,pos_component_227,4,[227],3eb29e6cc023169a
chr17_58703304_C_G,train,missense,pos_component_227,4,[227],800e36b7377f0e80
chr17_58703304_C_T,train,missense,pos_component_227,4,[227],67efccf3af7d8c32
chr17_58703305_A_C,train,synonymous,pos_component_227,4,[227],2d691c34a08058b9
chr17_58703305_A_G,train,synonymous,pos_component_227,4,[227],2d691c34a08058b9
chr17_58703305_A_T,train,synonymous,pos_component_227,4,[227],2d691c34a08058b9
chr17_58703306_GAT_,train,inframe_indel,pos_component_228,6,[228],6fca404d9a0f9529
chr17_58703306_GAT_AAC,train,missense,pos_component_228,6,[228],ccfc79f2164473bc
chr17_58703306_GAT_CAC,train,missense,pos_component_228,6,[228],ef872bf7bb73263f
chr17_58703306_GAT_GCC,train,missense,pos_component_228,6,[228],9a345ca0ddb2a7ea
chr17_58703306_GAT_GGC,train,missense,pos_component_228,6,[228],3200d1acfdcf18fd
chr17_58703306_GAT_GTG,train,missense,pos_component_228,6,[228],15335e11ae177dc3
chr17_58703306_GAT_TAC,train,missense,pos_component_228,6,[228],7b31b5b92429d6d9
chr17_58703306_G_A,train,missense,pos_component_228,6,[228],ccfc79f2164473bc
chr17_58703306_G_C,train,missense,pos_component_228,6,[228],ef872bf7bb73263f
chr17_58703306_G_T,train,missense,pos_component_228,6,[228],7b31b5b92429d6d9
chr17_58703307_A_C,train,missense,pos_component_228,6,[228],9a345ca0ddb2a7ea
chr17_58703307_A_G,train,missense,pos_component_228,6,[228],3200d1acfdcf18fd
chr17_58703307_A_T,train,missense,pos_component_228,6,[228],15335e11ae177dc3
chr17_58703308_T_A,train,missense,pos_component_228,6,[228],1dbe2b1e6831d112
chr17_58703308_T_C,train,synonymous,pos_component_228,6,[228],c57c49a0e54920ca
chr17_58703308_T_G,train,missense,pos_component_228,6,[228],1dbe2b1e6831d112
chr17_58703309_TTT_,train,inframe_indel,pos_component_229,4,[229],6501c06ff32ffbc6
chr17_58703309_TTT_AGC,train,missense,pos_component_229,4,[229],521c8d71ec408036
chr17_58703309_TTT_ATC,train,missense,pos_component_229,4,[229],2038f11906c5cead
chr17_58703309_TTT_CTG,train,missense,pos_component_229,4,[229],3f26c89ad28ffd5c
chr17_58703309_TTT_GCC,train,missense,pos_component_229,4,[229],cd74f11d6028753e
chr17_58703309_TTT_GTG,train,missense,pos_component_229,4,[229],09fe9ae3370a9a63
chr17_58703309_TTT_TAC,train,missense,pos_component_229,4,[229],fd87c05c76bad222
chr17_58703309_TTT_TGC,train,missense,pos_component_229,4,[229],cb4d7ae39cd3bb14
chr17_58703309_T_A,train,missense,pos_component_229,4,[229],2038f11906c5cead
chr17_58703309_T_C,train,missense,pos_component_229,4,[229],3f26c89ad28ffd5c
chr17_58703309_T_G,train,missense,pos_component_229,4,[229],09fe9ae3370a9a63
chr17_58703310_T_A,train,missense,pos_component_229,4,[229],fd87c05c76bad222
chr17_58703310_T_C,train,missense,pos_component_229,4,[229],521c8d71ec408036
chr17_58703310_T_G,train,missense,pos_component_229,4,[229],cb4d7ae39cd3bb14
chr17_58703311_T_A,train,missense,pos_component_229,4,[229],3f26c89ad28ffd5c
chr17_58703311_T_G,train,missense,pos_component_229,4,[229],3f26c89ad28ffd5c
chr17_58703312_CTC_,train,inframe_indel,pos_component_230,2,[230],410618f7a7a1487a
chr17_58703312_CTC_ATT,train,missense,pos_component_230,2,[230],0ce00f0c4511a60d
chr17_58703312_CTC_CAT,train,missense,pos_component_230,2,[230],e6918fc07641eaf7
chr17_58703312_CTC_CCT,train,missense,pos_component_230,2,[230],2d574910f0f92048
chr17_58703312_CTC_CGG,train,missense,pos_component_230,2,[230],70a810e863795092
chr17_58703312_CTC_GCC,train,missense,pos_component_230,2,[230],464482a8668ee40e
chr17_58703312_CTC_GTG,train,missense,pos_component_230,2,[230],6dbb2603178f6e80
chr17_58703312_CTC_TTA,train,synonymous,pos_component_230,2,[230],e6cef724c6337c7b
chr17_58703312_CTC_TTG,train,synonymous,pos_component_230,2,[230],e6cef724c6337c7b
chr17_58703312_CTC_TTT,train,missense,pos_component_230,2,[230],cc035736ed9367ce
chr17_58703312_C_A,train,missense,pos_component_230,2,[230],0ce00f0c4511a60d
chr17_58703312_C_G,train,missense,pos_component_230,2,[230],6dbb2603178f6e80
chr17_58703312_C_T,train,missense,pos_component_230,2,[230],cc035736ed9367ce
chr17_58703313_T_A,train,missense,pos_component_230,2,[230],e6918fc07641eaf7
chr17_58703313_T_C,train,missense,pos_component_230,2,[230],2d574910f0f92048
chr17_58703313_T_G,train,missense,pos_component_230,2,[230],70a810e863795092
chr17_58703314_C_A,train,synonymous,pos_component_230,2,[230],e6cef724c6337c7b
chr17_58703314_C_G,train,synonymous,pos_component_230,2,[230],e6cef724c6337c7b
chr17_58703315_TCA_,train,inframe_indel,pos_component_231,4,[231],d992ee023f8fdbd1
chr17_58703315_TCA_ACC,train,missense,pos_component_231,4,[231],9d86a1274e6fe783
chr17_58703315_TCA_AGC,train,synonymous,pos_component_231,4,[231],f3903d181cfad19a
chr17_58703315_TCA_AGT,train,synonymous,pos_component_231,4,[231],f3903d181cfad19a
chr17_58703315_TCA_CCC,train,missense,pos_component_231,4,[231],002cd74af5e78b65
chr17_58703315_TCA_CTG,train,missense,pos_component_231,4,[231],a6e96e735d41ae4f
chr17_58703315_TCA_GCC,train,missense,pos_component_231,4,[231],9bc9871628fe26d3
chr17_58703315_T_A,train,missense,pos_component_231,4,[231],9d86a1274e6fe783
chr17_58703315_T_C,train,missense,pos_component_231,4,[231],002cd74af5e78b65
chr17_58703315_T_G,train,missense,pos_component_231,4,[231],9bc9871628fe26d3
chr17_58703316_C_T,train,missense,pos_component_231,4,[231],a6e96e735d41ae4f
chr17_58703317_A_C,train,synonymous,pos_component_231,4,[231],f3903d181cfad19a
chr17_58703317_A_G,train,synonymous,pos_component_231,4,[231],f3903d181cfad19a
chr17_58703317_A_T,train,synonymous,pos_component_231,4,[231],f3903d181cfad19a
chr17_58703318_GAA_,train,inframe_indel,pos_component_232,3,[232],ce8273162524612a
chr17_58703318_GAA_AAG,train,missense,pos_component_232,3,[232],032522cc0637bbac
chr17_58703318_GAA_CAG,train,missense,pos_component_232,3,[232],7358270d4e8846b2
chr17_58703318_GAA_GCC,train,missense,pos_component_232,3,[232],151ffffd05f9568d
chr17_58703318_GAA_GGC,train,missense,pos_component_232,3,[232],dbf28c6796b98182
chr17_58703318_GAA_GTG,train,missense,pos_component_232,3,[232],8d09b29b4311c22e
chr17_58703318_G_A,train,missense,pos_component_232,3,[232],032522cc0637bbac
chr17_58703318_G_C,train,missense,pos_component_232,3,[232],7358270d4e8846b2
chr17_58703319_A_C,train,missense,pos_component_232,3,[232],151ffffd05f9568d
chr17_58703319_A_G,train,missense,pos_component_232,3,[232],dbf28c6796b98182
chr17_58703319_A_T,train,missense,pos_component_232,3,[232],8d09b29b4311c22e
chr17_58703320_A_C,train,missense,pos_component_232,3,[232],469f54e962786e33
chr17_58703320_A_G,train,synonymous,pos_component_232,3,[232],e1928b5878ba70a4
chr17_58703320_A_T,train,missense,pos_component_232,3,[232],469f54e962786e33
chr17_58703321_CAC_,train,inframe_indel,pos_component_233,3,[233],763ed85e68058b88
chr17_58703321_CAC_AAT,train,missense,pos_component_233,3,[233],a5dd98a606ae1139
chr17_58703321_CAC_CCT,train,missense,pos_component_233,3,[233],211264eacf7da3e9
chr17_58703321_CAC_CGG,train,missense,pos_component_233,3,[233],a72d91b372c78410
chr17_58703321_CAC_CTG,train,missense,pos_component_233,3,[233],6123a6ec47883e1f
chr17_58703321_CAC_GAT,train,missense,pos_component_233,3,[233],471a1a563fd83217
chr17_58703321_CAC_GCC,train,missense,pos_component_233,3,[233],56476aebf1354da6
chr17_58703321_CAC_TAT,train,missense,pos_component_233,3,[233],da7b9677105547b0
chr17_58703321_C_A,train,missense,pos_component_233,3,[233],a5dd98a606ae1139
chr17_58703321_C_G,train,missense,pos_component_233,3,[233],471a1a563fd83217
chr17_58703321_C_T,train,missense,pos_component_233,3,[233],da7b9677105547b0
chr17_58703322_A_C,train,missense,pos_component_233,3,[233],211264eacf7da3e9
chr17_58703322_A_G,train,missense,pos_component_233,3,[233],a72d91b372c78410
chr17_58703322_A_T,train,missense,pos_component_233,3,[233],6123a6ec47883e1f
chr17_58703323_C_A,train,missense,pos_component_233,3,[233],c5bd5189a450fe1f
chr17_58703323_C_G,train,missense,pos_component_233,3,[233],c5bd5189a450fe1f
chr17_58703323_C_T,train,synonymous,pos_component_233,3,[233],73b81686cdadf6d1
chr17_58703324_TCA_,train,inframe_indel,pos_component_234,1,[234],6de350d66768534b
chr17_58703324_TCA_ACC,train,missense,pos_component_234,1,[234],36512673b58a91f7
chr17_58703324_TCA_AGC,train,synonymous,pos_component_234,1,[234],ca4728cd0d16ac9c
chr17_58703324_TCA_AGT,train,synonymous,pos_component_234,1,[234],ca4728cd0d16ac9c
chr17_58703324_TCA_CCC,train,missense,pos_component_234,1,[234],9fe5bf11b9fedb62
chr17_58703324_TCA_CTG,train,missense,pos_component_234,1,[234],86424bed2b32c62b
chr17_58703324_TCA_GCC,train,missense,pos_component_234,1,[234],3c0c2ff7e21b4d41
chr17_58703324_T_A,train,missense,pos_component_234,1,[234],36512673b58a91f7
chr17_58703324_T_C,train,missense,pos_component_234,1,[234],9fe5bf11b9fedb62
chr17_58703324_T_G,train,missense,pos_component_234,1,[234],3c0c2ff7e21b4d41
chr17_58703325_C_T,train,missense,pos_component_234,1,[234],86424bed2b32c62b
chr17_58703326_A_C,train,synonymous,pos_component_234,1,[234],ca4728cd0d16ac9c
chr17_58703326_A_G,train,synonymous,pos_component_234,1,[234],ca4728cd0d16ac9c
chr17_58703326_A_T,train,synonymous,pos_component_234,1,[234],ca4728cd0d16ac9c
chr17_58703327_AAG_,train,inframe_indel,pos_component_235,0,[235],77b8656fd58076d1
chr17_58703327_AAG_ACC,train,missense,pos_component_235,0,[235],78af75015528ae9a
chr17_58703327_AAG_CAA,train,missense,pos_component_235,0,[235],0d7245d8e4e8e520
chr17_58703327_AAG_CGG,train,missense,pos_component_235,0,[235],be685e6ebde40b5c
chr17_58703327_AAG_GAA,train,missense,pos_component_235,0,[235],38c050164e443f43
chr17_58703327_AAG_GCC,train,missense,pos_component_235,0,[235],d197905c205aff82
chr17_58703327_A_C,train,missense,pos_component_235,0,[235],0d7245d8e4e8e520
chr17_58703327_A_G,train,missense,pos_component_235,0,[235],38c050164e443f43
chr17_58703328_A_C,train,missense,pos_component_235,0,[235],78af75015528ae9a
chr17_58703328_A_G,train,missense,pos_component_235,0,[235],be685e6ebde40b5c
chr17_58703328_A_T,train,missense,pos_component_235,0,[235],97f68d747f99e4b5
chr17_58703329_G_A,train,synonymous,pos_component_235,0,[235],41d9029dd611d002
chr17_58703329_G_C,train,missense,pos_component_235,0,[235],8a72e42a254336d0
chr17_58703329_G_T,train,missense,pos_component_235,0,[235],8a72e42a254336d0
chr17_58709859_GTT_,train,inframe_indel,pos_component_236,1,[236],14a506c56a4a109a
chr17_58709859_GTT_ATC,train,missense,pos_component_236,1,[236],90d95793fe67e304
chr17_58709859_GTT_CTG,train,missense,pos_component_236,1,[236],83f98cdc57be5bf2
chr17_58709859_GTT_GAC,train,missense,pos_component_236,1,[236],1daf940006f7b731
chr17_58709859_GTT_GCC,train,missense,pos_component_236,1,[236],a8ef8d5f8b82603a
chr17_58709859_GTT_GGC,train,missense,pos_component_236,1,[236],b6ec6fcf1db3da18
chr17_58709859_GTT_TTC,train,missense,pos_component_236,1,[236],325234a268d6f1e4
chr17_58709859_G_A,train,missense,pos_component_236,1,[236],90d95793fe67e304
chr17_58709859_G_C,train,missense,pos_component_236,1,[236],83f98cdc57be5bf2
chr17_58709859_G_T,train,missense,pos_component_236,1,[236],325234a268d6f1e4
chr17_58709860_T_A,train,missense,pos_component_236,1,[236],1daf940006f7b731
chr17_58709860_T_C,train,missense,pos_component_236,1,[236],a8ef8d5f8b82603a
chr17_58709860_T_G,train,missense,pos_component_236,1,[236],b6ec6fcf1db3da18
chr17_58709861_T_A,train,synonymous,pos_component_236,1,[236],03b4201624f36763
chr17_58709861_T_C,train,synonymous,pos_component_236,1,[236],03b4201624f36763
chr17_58709861_T_G,train,synonymous,pos_component_236,1,[236],03b4201624f36763
chr17_58709862_CGA_,train,inframe_indel,pos_component_237,1,[237],d784d7c69a0fe7fe
chr17_58709862_CGA_AGG,train,synonymous,pos_component_237,1,[237],3dcccb6b0239bab9
chr17_58709862_CGA_CAG,train,missense,pos_component_237,1,[237],6f7c0c98620ea8e6
chr17_58709862_CGA_CCC,train,missense,pos_component_237,1,[237],e86a26a5d8fcfd51
chr17_58709862_CGA_CTG,train,missense,pos_component_237,1,[237],644503c3b5642226
chr17_58709862_CGA_GCC,train,missense,pos_component_237,1,[237],b302776bf6885295
chr17_58709862_CGA_GGC,train,missense,pos_component_237,1,[237],7f4afe4713f7549d
chr17_58709862_C_A,train,synonymous,pos_component_237,1,[237],3dcccb6b0239bab9
chr17_58709862_C_G,train,missense,pos_component_237,1,[237],7f4afe4713f7549d
chr17_58709863_G_A,train,missense,pos_component_237,1,[237],6f7c0c98620ea8e6
chr17_58709863_G_C,train,missense,pos_component_237,1,[237],e86a26a5d8fcfd51
chr17_58709863_G_T,train,missense,pos_component_237,1,[237],644503c3b5642226
chr17_58709864_A_C,train,synonymous,pos_component_237,1,[237],3dcccb6b0239bab9
chr17_58709864_A_G,train,synonymous,pos_component_237,1,[237],3dcccb6b0239bab9
chr17_58709864_A_T,train,synonymous,pos_component_237,1,[237],3dcccb6b0239bab9
chr17_58709865_CTA_,train,inframe_indel,pos_component_238,3,[238],20e8e3a5f1bd9022
chr17_58709865_CTA_ATC,train,missense,pos_component_238,3,[238],6b992c4d5fd4173b
chr17_58709865_CTA_CAG,train,missense,pos_component_238,3,[238],7cb3098af01bdfbd
chr17_58709865_CTA_CCC,train,missense,pos_component_238,3,[238],a0c0d84db6e2aac9
chr17_58709865_CTA_CGG,train,missense,pos_component_238,3,[238],e0bec91ccdcdf12d
chr17_58709865_CTA_GCC,train,missense,pos_component_238,3,[238],5c4fc1e198ef3ada
chr17_58709865_CTA_GTG,train,missense,pos_component_238,3,[238],06d9613bd7ba8e60
chr17_58709865_CTA_TTG,train,synonymous,pos_component_238,3,[238],11a380bf2e718b05
chr17_58709865_C_A,train,missense,pos_component_238,3,[238],6b992c4d5fd4173b
chr17_58709865_C_G,train,missense,pos_component_238,3,[238],06d9613bd7ba8e60
chr17_58709865_C_T,train,synonymous,pos_component_238,3,[238],11a380bf2e718b05
chr17_58709866_T_A,train,missense,pos_component_238,3,[238],7cb3098af01bdfbd
chr17_58709866_T_C,train,missense,pos_component_238,3,[238],a0c0d84db6e2aac9
chr17_58709866_T_G,train,missense,pos_component_238,3,[238],e0bec91ccdcdf12d
chr17_58709867_A_C,train,synonymous,pos_component_238,3,[238],11a380bf2e718b05
chr17_58709867_A_G,train,synonymous,pos_component_238,3,[238],11a380bf2e718b05
chr17_58709867_A_T,train,synonymous,pos_component_238,3,[238],11a380bf2e718b05
chr17_58709868_GTG_,test,inframe_indel,pos_component_239,6,[239],a3dedb3b8e6eb38e
chr17_58709868_GTG_CTC,test,missense,pos_component_239,6,[239],946cd01d84d13f77
chr17_58709868_GTG_GAA,test,missense,pos_component_239,6,[239],1dfc9e78c5defeb7
chr17_58709868_GTG_GCC,test,missense,pos_component_239,6,[239],f276f3cea51e5081
chr17_58709868_GTG_GGC,test,missense,pos_component_239,6,[239],1057e53f073bd4c5
chr17_58709868_G_A,test,missense,pos_component_239,6,[239],715af76660e38aeb
chr17_58709868_G_C,test,missense,pos_component_239,6,[239],946cd01d84d13f77
chr17_58709868_G_T,test,missense,pos_component_239,6,[239],946cd01d84d13f77
chr17_58709869_T_A,test,missense,pos_component_239,6,[239],1dfc9e78c5defeb7
chr17_58709869_T_C,test,missense,pos_component_239,6,[239],f276f3cea51e5081
chr17_58709869_T_G,test,missense,pos_component_239,6,[239],1057e53f073bd4c5
chr17_58709870_G_A,test,synonymous,pos_component_239,6,[239],5c077aecdef4d7f5
chr17_58709870_G_C,test,synonymous,pos_component_239,6,[239],5c077aecdef4d7f5
chr17_58709870_G_T,test,synonymous,pos_component_239,6,[239],5c077aecdef4d7f5
chr17_58709871_ATA_,train,inframe_indel,pos_component_240,4,[240],325ec57bc5f3db67
chr17_58709871_ATA_AAG,train,missense,pos_component_240,4,[240],a35d1b0f6aa19d37
chr17_58709871_ATA_ACC,train,missense,pos_component_240,4,[240],f72b0c686d647909
chr17_58709871_ATA_CGG,train,missense,pos_component_240,4,[240],fa2491d997658ddb
chr17_58709871_ATA_CTG,train,missense,pos_component_240,4,[240],f4e8258bc91fefc7
chr17_58709871_ATA_GCC,train,missense,pos_component_240,4,[240],6381c84b289ad7fe
chr17_58709871_ATA_GTG,train,missense,pos_component_240,4,[240],f3d7b9e1961483f6
chr17_58709871_A_C,train,missense,pos_component_240,4,[240],f4e8258bc91fefc7
chr17_58709871_A_G,train,missense,pos_component_240,4,[240],f3d7b9e1961483f6
chr17_58709871_A_T,train,missense,pos_component_240,4,[240],f4e8258bc91fefc7
chr17_58709872_T_A,train,missense,pos_component_240,4,[240],a35d1b0f6aa19d37
chr17_58709872_T_C,train,missense,pos_component_240,4,[240],f72b0c686d647909
chr17_58709872_T_G,train,missense,pos_component_240,4,[240],fa2491d997658ddb
chr17_58709873_A_C,train,synonymous,pos_component_240,4,[240],9136fbd167e450e6
chr17_58709873_A_G,train,missense,pos_component_240,4,[240],72cabe5c5b4186b3
chr17_58709873_A_T,train,synonymous,pos_component_240,4,[240],9136fbd167e450e6
chr17_58709874_GTG_,train,inframe_indel,pos_component_241,1,[241],66176a924273030d
chr17_58709874_GTG_CTC,train,missense,pos_component_241,1,[241],aa30787db88cb0ed
chr17_58709874_GTG_GAA,train,missense,pos_component_241,1,[241],9b2cb48c4c2106fb
chr17_58709874_GTG_GCC,train,missense,pos_component_241,1,[241],577130306e1d67eb
chr17_58709874_GTG_GGC,train,missense,pos_component_241,1,[241],131af956c38f0f56
chr17_58709874_G_A,train,missense,pos_component_241,1,[241],157ea620371a76cc
chr17_58709874_G_C,train,missense,pos_component_241,1,[241],aa30787db88cb0ed
chr17_58709874_G_T,train,missense,pos_component_241,1,[241],aa30787db88cb0ed
chr17_58709875_T_A,train,missense,pos_component_241,1,[241],9b2cb48c4c2106fb
chr17_58709875_T_C,train,missense,pos_component_241,1,[241],577130306e1d67eb
chr17_58709875_T_G,train,missense,pos_component_241,1,[241],131af956c38f0f56
chr17_58709876_G_A,train,synonymous,pos_component_241,1,[241],7afe355f0181ea39
chr17_58709876_G_C,train,synonymous,pos_component_241,1,[241],7afe355f0181ea39
chr17_58709876_G_T,train,synonymous,pos_component_241,1,[241],7afe355f0181ea39
chr17_58709877_GAT_,test,inframe_indel,pos_component_242,3,[242],0a55a62d1e869cda
chr17_58709877_GAT_AAC,test,missense,pos_component_242,3,[242],1fe098b3de4b550a
chr17_58709877_GAT_CAC,test,missense,pos_component_242,3,[242],5213bcb222eaae9b
chr17_58709877_GAT_GCC,test,missense,pos_component_242,3,[242],65174807e1e9220a
chr17_58709877_GAT_GGC,test,missense,pos_component_242,3,[242],cd4e9c97ceabe9d9
chr17_58709877_GAT_GTG,test,missense,pos_component_242,3,[242],423a588a189fe283
chr17_58709877_GAT_TAC,test,missense,pos_component_242,3,[242],d7012c54062a62e5
chr17_58709877_G_A,test,missense,pos_component_242,3,[242],1fe098b3de4b550a
chr17_58709877_G_C,test,missense,pos_component_242,3,[242],5213bcb222eaae9b
chr17_58709877_G_T,test,missense,pos_component_242,3,[242],d7012c54062a62e5
chr17_58709878_A_C,test,missense,pos_component_242,3,[242],65174807e1e9220a
chr17_58709878_A_G,test,missense,pos_component_242,3,[242],cd4e9c97ceabe9d9
chr17_58709878_A_T,test,missense,pos_component_242,3,[242],423a588a189fe283
chr17_58709879_T_A,test,missense,pos_component_242,3,[242],a4ca3dee6412dae5
chr17_58709879_T_C,test,synonymous,pos_component_242,3,[242],d6fc03da97087edc
chr17_58709879_T_G,test,missense,pos_component_242,3,[242],a4ca3dee6412dae5
chr17_58709880_GGT_,train,inframe_indel,pos_component_243,6,[243],4f6bf8409ec16799
chr17_58709880_GGT_AGC,train,missense,pos_component_243,6,[243],d8324f3b2a08f14a
chr17_58709880_GGT_CGG,train,missense,pos_component_243,6,[243],4ac5a6e4c0099d58
chr17_58709880_GGT_GAC,train,missense,pos_component_243,6,[243],c7fee0ab096cbb49
chr17_58709880_GGT_GCC,train,missense,pos_component_243,6,[243],e181065159694ea7
chr17_58709880_GGT_GTG,train,missense,pos_component_243,6,[243],d5c31c4eaa57e10b
chr17_58709880_GGT_TGC,train,missense,pos_component_243,6,[243],869e541c09831de8
chr17_58709880_G_A,train,missense,pos_component_243,6,[243],d8324f3b2a08f14a
chr17_58709880_G_C,train,missense,pos_component_243,6,[243],4ac5a6e4c0099d58
chr17_58709880_G_T,train,missense,pos_component_243,6,[243],869e541c09831de8
chr17_58709881_G_A,train,missense,pos_component_243,6,[243],c7fee0ab096cbb49
chr17_58709881_G_C,train,missense,pos_component_243,6,[243],e181065159694ea7
chr17_58709881_G_T,train,missense,pos_component_243,6,[243],d5c31c4eaa57e10b
chr17_58709882_T_A,train,synonymous,pos_component_243,6,[243],7c670db8bb86e137
chr17_58709882_T_C,train,synonymous,pos_component_243,6,[243],7c670db8bb86e137
chr17_58709882_T_G,train,synonymous,pos_component_243,6,[243],7c670db8bb86e137
chr17_58709883_ATT_,train,inframe_indel,pos_component_244,3,[244],dc3253ced65cac23
chr17_58709883_ATT_AAC,train,missense,pos_component_244,3,[244],e7312882da04127a
chr17_58709883_ATT_ACC,train,missense,pos_component_244,3,[244],dd7d757378d74df8
chr17_58709883_ATT_AGC,train,missense,pos_component_244,3,[244],ebf8dc3aa08b4995
chr17_58709883_ATT_CTG,train,missense,pos_component_244,3,[244],d98fddf9730483b8
chr17_58709883_ATT_GCC,train,missense,pos_component_244,3,[244],dda645e32954865a
chr17_58709883_ATT_GTG,train,missense,pos_component_244,3,[244],f8ff4e49dddc5989
chr17_58709883_ATT_TTC,train,missense,pos_component_244,3,[244],752b30567bede045
chr17_58709883_A_C,train,missense,pos_component_244,3,[244],d98fddf9730483b8
chr17_58709883_A_G,train,missense,pos_component_244,3,[244],f8ff4e49dddc5989
chr17_58709883_A_T,train,missense,pos_component_244,3,[244],752b30567bede045
chr17_58709884_T_A,train,missense,pos_component_244,3,[244],e7312882da04127a
chr17_58709884_T_C,train,missense,pos_component_244,3,[244],dd7d757378d74df8
chr17_58709884_T_G,train,missense,pos_component_244,3,[244],ebf8dc3aa08b4995
chr17_58709885_T_A,train,synonymous,pos_component_244,3,[244],8b76153b58b94463
chr17_58709885_T_C,train,synonymous,pos_component_244,3,[244],8b76153b58b94463
chr17_58709885_T_G,train,missense,pos_component_244,3,[244],ae5ce6e15bb5f657
chr17_58709886_GCT_,train,inframe_indel,pos_component_245,5,[245],c353c152cb5ca72b
chr17_58709886_GCT_ACC,train,missense,pos_component_245,5,[245],6fd2eed30fd41264
chr17_58709886_GCT_AGC,train,missense,pos_component_245,5,[245],1a8e3107f5f18246
chr17_58709886_GCT_CCC,train,missense,pos_component_245,5,[245],213c0a9b7084cb1b
chr17_58709886_GCT_GAC,train,missense,pos_component_245,5,[245],3263ec32b6d5b7b4
chr17_58709886_GCT_GGC,train,missense,pos_component_245,5,[245],5bc50afd137ab0e3
chr17_58709886_GCT_GTG,train,missense,pos_component_245,5,[245],8fdbe61fbf2abb16
chr17_58709886_G_A,train,missense,pos_component_245,5,[245],6fd2eed30fd41264
chr17_58709886_G_C,train,missense,pos_component_245,5,[245],213c0a9b7084cb1b
chr17_58709886_G_T,train,missense,pos_component_245,5,[245],1a8e3107f5f18246
chr17_58709887_C_A,train,missense,pos_component_245,5,[245],3263ec32b6d5b7b4
chr17_58709887_C_G,train,missense,pos_component_245,5,[245],5bc50afd137ab0e3
chr17_58709887_C_T,train,missense,pos_component_245,5,[245],8fdbe61fbf2abb16
chr17_58709888_T_A,train,synonymous,pos_component_245,5,[245],cd6ba1b40686020e
chr17_58709888_T_C,train,synonymous,pos_component_245,5,[245],cd6ba1b40686020e
chr17_58709888_T_G,train,synonymous,pos_component_245,5,[245],cd6ba1b40686020e
chr17_58709889_TTT_,train,inframe_indel,pos_component_246,4,[246],869f4eec98bd2374
chr17_58709889_TTT_AGC,train,missense,pos_component_246,4,[246],3a5f7bc7ffebf491
chr17_58709889_TTT_ATC,train,missense,pos_component_246,4,[246],aece572953b1f3f2
chr17_58709889_TTT_CTG,train,missense,pos_component_246,4,[246],cbae23299a0c88bc
chr17_58709889_TTT_GCC,train,missense,pos_component_246,4,[246],ead87fed52eaf87a
chr17_58709889_TTT_GTG,train,missense,pos_component_246,4,[246],e10cdee0a306a810
chr17_58709889_TTT_TAC,train,missense,pos_component_246,4,[246],aa943877859ae662
chr17_58709889_TTT_TGC,train,missense,pos_component_246,4,[246],dd154660e9efeb2e
chr17_58709889_T_A,train,missense,pos_component_246,4,[246],aece572953b1f3f2
chr17_58709889_T_C,train,missense,pos_component_246,4,[246],cbae23299a0c88bc
chr17_58709889_T_G,train,missense,pos_component_246,4,[246],e10cdee0a306a810
chr17_58709890_T_A,train,missense,pos_component_246,4,[246],aa943877859ae662
chr17_58709890_T_C,train,missense,pos_component_246,4,[246],3a5f7bc7ffebf491
chr17_58709890_T_G,train,missense,pos_component_246,4,[246],dd154660e9efeb2e
chr17_58709891_T_A,train,missense,pos_component_246,4,[246],cbae23299a0c88bc
chr17_58709891_T_C,train,synonymous,pos_component_246,4,[246],fc8165d2cce38ec5
chr17_58709891_T_G,train,missense,pos_component_246,4,[246],cbae23299a0c88bc
chr17_58709892_CCA_,train,inframe_indel,pos_component_247,1,[247],f585615df3bbd812
chr17_58709892_CCA_ACC,train,missense,pos_component_247,1,[247],12f75f0f281fc9cb
chr17_58709892_CCA_AGC,train,missense,pos_component_247,1,[247],01b2ebba7ef20441
chr17_58709892_CCA_CAG,train,missense,pos_component_247,1,[247],cd91c51fbcb70fa7
chr17_58709892_CCA_CGG,train,missense,pos_component_247,1,[247],49c45119ef53c37c
chr17_58709892_CCA_CTG,train,missense,pos_component_247,1,[247],0804475437d82774
chr17_58709892_CCA_GCC,train,missense,pos_component_247,1,[247],75247a40fa2fcffe
chr17_58709892_C_A,train,missense,pos_component_247,1,[247],12f75f0f281fc9cb
chr17_58709892_C_G,train,missense,pos_component_247,1,[247],75247a40fa2fcffe
chr17_58709892_C_T,train,missense,pos_component_247,1,[247],01b2ebba7ef20441
chr17_58709893_C_A,train,missense,pos_component_247,1,[247],cd91c51fbcb70fa7
chr17_58709893_C_G,train,missense,pos_component_247,1,[247],49c45119ef53c37c
chr17_58709893_C_T,train,missense,pos_component_247,1,[247],0804475437d82774
chr17_58709894_A_C,train,synonymous,pos_component_247,1,[247],447f600acdf139a3
chr17_58709894_A_G,train,synonymous,pos_component_247,1,[247],447f600acdf139a3
chr17_58709894_A_T,train,synonymous,pos_component_247,1,[247],447f600acdf139a3
chr17_58709895_TTT_,train,inframe_indel,pos_component_248,6,[248],63fdfe508bcb01c6
chr17_58709895_TTT_AGC,train,missense,pos_component_248,6,[248],526b78d13a4ba2c6
chr17_58709895_TTT_ATC,train,missense,pos_component_248,6,[248],48ece9ee9ec0ff4e
chr17_58709895_TTT_CTG,train,missense,pos_component_248,6,[248],8da364715788d21b
chr17_58709895_TTT_GCC,train,missense,pos_component_248,6,[248],aeac0a92c82b381d
chr17_58709895_TTT_GTG,train,missense,pos_component_248,6,[248],57e6115bcb784eef
chr17_58709895_TTT_TAC,train,missense,pos_component_248,6,[248],6f050bca33f1c373
chr17_58709895_TTT_TGC,train,missense,pos_component_248,6,[248],bffe16c6457bce48
chr17_58709895_T_A,train,missense,pos_component_248,6,[248],48ece9ee9ec0ff4e
chr17_58709895_T_C,train,missense,pos_component_248,6,[248],8da364715788d21b
chr17_58709895_T_G,train,missense,pos_component_248,6,[248],57e6115bcb784eef
chr17_58709896_T_A,train,missense,pos_component_248,6,[248],6f050bca33f1c373
chr17_58709896_T_C,train,missense,pos_component_248,6,[248],526b78d13a4ba2c6
chr17_58709896_T_G,train,missense,pos_component_248,6,[248],bffe16c6457bce48
chr17_58709897_T_A,train,missense,pos_component_248,6,[248],8da364715788d21b
chr17_58709897_T_C,train,synonymous,pos_component_248,6,[248],6157da16483b0804
chr17_58709897_T_G,train,missense,pos_component_248,6,[248],8da364715788d21b
chr17_58709898_CGT_,train,inframe_indel,pos_component_249,6,[249],b4e592c0505a9743
chr17_58709898_CGT_AGA,train,synonymous,pos_component_249,6,[249],cb16da1a6f71a466
chr17_58709898_CGT_AGC,train,missense,pos_component_249,6,[249],b95f989da93f8c16
chr17_58709898_CGT_AGG,train,synonymous,pos_component_249,6,[249],cb16da1a6f71a466
chr17_58709898_CGT_CAC,train,missense,pos_component_249,6,[249],1ce9bbe03f339eef
chr17_58709898_CGT_CCC,train,missense,pos_component_249,6,[249],c87d7149a4f09e99
chr17_58709898_CGT_CTG,train,missense,pos_component_249,6,[249],05e28e1e1be8e9c1
chr17_58709898_CGT_GCC,train,missense,pos_component_249,6,[249],455c8b63b80de819
chr17_58709898_CGT_GGC,train,missense,pos_component_249,6,[249],0b029c13ef374e3f
chr17_58709898_CGT_TGC,train,missense,pos_component_249,6,[249],3d4e0b2f2cf9439f
chr17_58709898_C_A,train,missense,pos_component_249,6,[249],b95f989da93f8c16
chr17_58709898_C_G,train,missense,pos_component_249,6,[249],0b029c13ef374e3f
chr17_58709898_C_T,train,missense,pos_component_249,6,[249],3d4e0b2f2cf9439f
chr17_58709899_G_A,train,missense,pos_component_249,6,[249],1ce9bbe03f339eef
chr17_58709899_G_C,train,missense,pos_component_249,6,[249],c87d7149a4f09e99
chr17_58709899_G_T,train,missense,pos_component_249,6,[249],05e28e1e1be8e9c1
chr17_58709900_T_A,train,synonymous,pos_component_249,6,[249],cb16da1a6f71a466
chr17_58709900_T_C,train,synonymous,pos_component_249,6,[249],cb16da1a6f71a466
chr17_58709900_T_G,train,synonymous,pos_component_249,6,[249],cb16da1a6f71a466
chr17_58709901_CAT_,train,inframe_indel,pos_component_250,4,[250],bf704dcfa2c9190e
chr17_58709901_CAT_AAC,train,missense,pos_component_250,4,[250],aaf0b72d5c7bdf28
chr17_58709901_CAT_CCC,train,missense,pos_component_250,4,[250],ec54cb80a952a07e
chr17_58709901_CAT_CGG,train,missense,pos_component_250,4,[250],d36efb7f083d9c4e
chr17_58709901_CAT_CTG,train,missense,pos_component_250,4,[250],1f6d728ec618d728
chr17_58709901_CAT_GAC,train,missense,pos_component_250,4,[250],cd0e532b1ac3e1d2
chr17_58709901_CAT_GCC,train,missense,pos_component_250,4,[250],4eb6291dbbf01155
chr17_58709901_CAT_TAC,train,missense,pos_component_250,4,[250],1819f471516dac78
chr17_58709901_C_A,train,missense,pos_component_250,4,[250],aaf0b72d5c7bdf28
chr17_58709901_C_G,train,missense,pos_component_250,4,[250],cd0e532b1ac3e1d2
chr17_58709901_C_T,train,missense,pos_component_250,4,[250],1819f471516dac78
chr17_58709902_A_C,train,missense,pos_component_250,4,[250],ec54cb80a952a07e
chr17_58709902_A_G,train,missense,pos_component_250,4,[250],d36efb7f083d9c4e
chr17_58709902_A_T,train,missense,pos_component_250,4,[250],1f6d728ec618d728
chr17_58709903_T_A,train,missense,pos_component_250,4,[250],6323730c2857a0ae
chr17_58709903_T_C,train,synonymous,pos_component_250,4,[250],53376a0f8cb399ce
chr17_58709903_T_G,train,missense,pos_component_250,4,[250],6323730c2857a0ae
chr17_58709904_GAC_,train,inframe_indel,pos_component_251,1,[251],08dc93084f91a2f0
chr17_58709904_GAC_AAT,train,missense,pos_component_251,1,[251],ab377d73a06c045c
chr17_58709904_GAC_CAT,train,missense,pos_component_251,1,[251],92e849503d09616f
chr17_58709904_GAC_GCT,train,missense,pos_component_251,1,[251],256d2229877bd4c7
chr17_58709904_GAC_GGA,train,missense,pos_component_251,1,[251],e6d31de5858f4e02
chr17_58709904_GAC_GTG,train,missense,pos_component_251,1,[251],6b431796cbad9cd5
chr17_58709904_GAC_TAT,train,missense,pos_component_251,1,[251],b2aedcee51aa4de7
chr17_58709904_G_A,train,missense,pos_component_251,1,[251],ab377d73a06c045c
chr17_58709904_G_C,train,missense,pos_component_251,1,[251],92e849503d09616f
chr17_58709904_G_T,train,missense,pos_component_251,1,[251],b2aedcee51aa4de7
chr17_58709905_A_C,train,missense,pos_component_251,1,[251],256d2229877bd4c7
chr17_58709905_A_G,train,missense,pos_component_251,1,[251],e6d31de5858f4e02
chr17_58709905_A_T,train,missense,pos_component_251,1,[251],6b431796cbad9cd5
chr17_58709906_C_A,train,missense,pos_component_251,1,[251],4b9e20959d2cc017
chr17_58709906_C_G,train,missense,pos_component_251,1,[251],4b9e20959d2cc017
chr17_58709906_C_T,train,synonymous,pos_component_251,1,[251],7faf5f5ce555fae7
chr17_58709907_CTA_,train,inframe_indel,pos_component_252,5,[252],eae86dd52f01def9
chr17_58709907_CTA_ATC,train,missense,pos_component_252,5,[252],268745453b765ae6
chr17_58709907_CTA_CAG,train,missense,pos_component_252,5,[252],337852185870b1d0
chr17_58709907_CTA_CCC,train,missense,pos_component_252,5,[252],9cb10dae63a2f88d
chr17_58709907_CTA_CGG,train,missense,pos_component_252,5,[252],02e5a9f1e94cbe34
chr17_58709907_CTA_GCC,train,missense,pos_component_252,5,[252],017e5935b3c1334f
chr17_58709907_CTA_GTG,train,missense,pos_component_252,5,[252],0c26977d0c52412d
chr17_58709907_CTA_TTG,train,synonymous,pos_component_252,5,[252],8d61a453574384da
chr17_58709907_C_A,train,missense,pos_component_252,5,[252],268745453b765ae6
chr17_58709907_C_G,train,missense,pos_component_252,5,[252],0c26977d0c52412d
chr17_58709907_C_T,train,synonymous,pos_component_252,5,[252],8d61a453574384da
chr17_58709908_T_A,train,missense,pos_component_252,5,[252],337852185870b1d0
chr17_58709908_T_C,train,missense,pos_component_252,5,[252],9cb10dae63a2f88d
chr17_58709908_T_G,train,missense,pos_component_252,5,[252],02e5a9f1e94cbe34
chr17_58709909_A_C,train,synonymous,pos_component_252,5,[252],8d61a453574384da
chr17_58709909_A_G,train,synonymous,pos_component_252,5,[252],8d61a453574384da
chr17_58709909_A_T,train,synonymous,pos_component_252,5,[252],8d61a453574384da
chr17_58709910_GAT_,train,inframe_indel,pos_component_254,4,[254],0681763094da3cbd
chr17_58709910_GAT_AAC,train,missense,pos_component_253,2,[253],1b7aebe72b7a5ff0
chr17_58709910_GAT_CAC,train,missense,pos_component_253,2,[253],a91ae04f33e99569
chr17_58709910_GAT_GCC,train,missense,pos_component_253,2,[253],c77e62123b3a6ded
chr17_58709910_GAT_GGC,train,missense,pos_component_253,2,[253],1f751b6e1625f531
chr17_58709910_GAT_GTG,train,missense,pos_component_253,2,[253],48a2c4d6792a4d25
chr17_58709910_GAT_TAC,train,missense,pos_component_253,2,[253],5e422ac2997b8f79
chr17_58709910_G_A,train,missense,pos_component_253,2,[253],1b7aebe72b7a5ff0
chr17_58709910_G_C,train,missense,pos_component_253,2,[253],a91ae04f33e99569
chr17_58709910_G_T,train,missense,pos_component_253,2,[253],5e422ac2997b8f79
chr17_58709911_A_C,train,missense,pos_component_253,2,[253],c77e62123b3a6ded
chr17_58709911_A_G,train,missense,pos_component_253,2,[253],1f751b6e1625f531
chr17_58709911_A_T,train,missense,pos_component_253,2,[253],48a2c4d6792a4d25
chr17_58709912_T_A,train,missense,pos_component_253,2,[253],d11eacfc1c0750d3
chr17_58709912_T_C,train,synonymous,pos_component_253,2,[253],91a8e7014e2a9bc3
chr17_58709912_T_G,train,missense,pos_component_253,2,[253],d11eacfc1c0750d3
chr17_58709913_GAC_,train,inframe_indel,pos_component_254,4,[254],0681763094da3cbd
chr17_58709913_GAC_AAT,train,missense,pos_component_254,4,[254],1206dfaa6151ed02
chr17_58709913_GAC_CAT,train,missense,pos_component_254,4,[254],437b4c74e8dc69ae
chr17_58709913_GAC_GCT,train,missense,pos_component_254,4,[254],6ba6816c9707c640
chr17_58709913_GAC_GGA,train,missense,pos_component_254,4,[254],a8782354a28f9c6c
chr17_58709913_GAC_GTG,train,missense,pos_component_254,4,[254],873d7249c2b75290
chr17_58709913_GAC_TAT,train,missense,pos_component_254,4,[254],9b10ae0d0295f8ff
chr17_58709913_G_A,train,missense,pos_component_254,4,[254],1206dfaa6151ed02
chr17_58709913_G_C,train,missense,pos_component_254,4,[254],437b4c74e8dc69ae
chr17_58709913_G_T,train,missense,pos_component_254,4,[254],9b10ae0d0295f8ff
chr17_58709914_A_C,train,missense,pos_component_254,4,[254],6ba6816c9707c640
chr17_58709914_A_G,train,missense,pos_component_254,4,[254],a8782354a28f9c6c
chr17_58709914_A_T,train,missense,pos_component_254,4,[254],873d7249c2b75290
chr17_58709915_C_A,train,missense,pos_component_254,4,[254],a620991a6eb0870b
chr17_58709915_C_G,train,missense,pos_component_254,4,[254],a620991a6eb0870b
chr17_58709915_C_T,train,synonymous,pos_component_254,4,[254],f990c8c06e1f8dbb
chr17_58709916_CTG_,train,inframe_indel,pos_component_255,0,[255],d66bf351a95d0c8a
chr17_58709916_CTG_AGA,train,missense,pos_component_255,0,[255],575c4d7ad14dcd6f
chr17_58709916_CTG_CAA,train,missense,pos_component_255,0,[255],dacc4943e4494551
chr17_58709916_CTG_CCC,train,missense,pos_component_255,0,[255],4917229f4f8c7076
chr17_58709916_CTG_GCC,train,missense,pos_component_255,0,[255],32b00ee3ea778682
chr17_58709916_CTG_GTC,train,missense,pos_component_255,0,[255],de27c8d31dee3471
chr17_58709916_CTG_TTA,train,synonymous,pos_component_255,0,[255],839914ef75683708
chr17_58709916_C_A,train,missense,pos_component_255,0,[255],9d13ec2651036788
chr17_58709916_C_G,train,missense,pos_component_255,0,[255],de27c8d31dee3471
chr17_58709916_C_T,train,synonymous,pos_component_255,0,[255],839914ef75683708
chr17_58709917_T_A,train,missense,pos_component_255,0,[255],dacc4943e4494551
chr17_58709917_T_C,train,missense,pos_component_255,0,[255],4917229f4f8c7076
chr17_58709917_T_G,train,missense,pos_component_255,0,[255],575c4d7ad14dcd6f
chr17_58709918_G_A,train,synonymous,pos_component_255,0,[255],839914ef75683708
chr17_58709918_G_C,train,synonymous,pos_component_255,0,[255],839914ef75683708
chr17_58709918_G_T,train,synonymous,pos_component_255,0,[255],839914ef75683708
chr17_58709919_TCT_,train,inframe_indel,pos_component_256,4,[256],adc54ec2c8df6b3d
chr17_58709919_TCT_ACC,train,missense,pos_component_256,4,[256],9844aec8a22a2bae
chr17_58709919_TCT_AGC,train,synonymous,pos_component_256,4,[256],8cd0ef439f1d7f46
chr17_58709919_TCT_AGT,train,synonymous,pos_component_256,4,[256],8cd0ef439f1d7f46
chr17_58709919_TCT_CCC,train,missense,pos_component_256,4,[256],c8a99d5c415cbc27
chr17_58709919_TCT_GCC,train,missense,pos_component_256,4,[256],ea61a931f4fca9b8
chr17_58709919_TCT_TAC,train,missense,pos_component_256,4,[256],49fdf7c26689d0df
chr17_58709919_TCT_TGC,train,missense,pos_component_256,4,[256],9964eed687f32c92
chr17_58709919_TCT_TTC,train,missense,pos_component_256,4,[256],52602e7d62aaa970
chr17_58709919_T_A,train,missense,pos_component_256,4,[256],9844aec8a22a2bae
chr17_58709919_T_C,train,missense,pos_component_256,4,[256],c8a99d5c415cbc27
chr17_58709919_T_G,train,missense,pos_component_256,4,[256],ea61a931f4fca9b8
chr17_58709920_C_A,train,missense,pos_component_256,4,[256],49fdf7c26689d0df
chr17_58709920_C_G,train,missense,pos_component_256,4,[256],9964eed687f32c92
chr17_58709920_C_T,train,missense,pos_component_256,4,[256],52602e7d62aaa970
chr17_58709921_T_A,train,synonymous,pos_component_256,4,[256],8cd0ef439f1d7f46
chr17_58709921_T_C,train,synonymous,pos_component_256,4,[256],8cd0ef439f1d7f46
chr17_58709921_T_G,train,synonymous,pos_component_256,4,[256],8cd0ef439f1d7f46
chr17_58709922_CTT_,train,inframe_indel,pos_component_257,1,[257],95f8ea114c6834d8
chr17_58709922_CTT_ATC,train,missense,pos_component_257,1,[257],acc519923e8b4745
chr17_58709922_CTT_CAC,train,missense,pos_component_257,1,[257],0ab560fc059e7aab
chr17_58709922_CTT_CCC,train,missense,pos_component_257,1,[257],4b437973719bb8a7
chr17_58709922_CTT_CGG,train,missense,pos_component_257,1,[257],f19e69b783880b63
chr17_58709922_CTT_GCC,train,missense,pos_component_257,1,[257],ffb03c64e7eb2684
chr17_58709922_CTT_GTG,train,missense,pos_component_257,1,[257],8d995b9b58417454
chr17_58709922_CTT_TTA,train,synonymous,pos_component_257,1,[257],77d512b6d1103752
chr17_58709922_CTT_TTC,train,missense,pos_component_257,1,[257],149f80169826271a
chr17_58709922_CTT_TTG,train,synonymous,pos_component_257,1,[257],77d512b6d1103752
chr17_58709922_C_A,train,missense,pos_component_257,1,[257],acc519923e8b4745
chr17_58709922_C_G,train,missense,pos_component_257,1,[257],8d995b9b58417454
chr17_58709922_C_T,train,missense,pos_component_257,1,[257],149f80169826271a
chr17_58709923_T_A,train,missense,pos_component_257,1,[257],0ab560fc059e7aab
chr17_58709923_T_C,train,missense,pos_component_257,1,[257],4b437973719bb8a7
chr17_58709923_T_G,train,missense,pos_component_257,1,[257],f19e69b783880b63
chr17_58709924_T_A,train,synonymous,pos_component_257,1,[257],77d512b6d1103752
chr17_58709924_T_C,train,synonymous,pos_component_257,1,[257],77d512b6d1103752
chr17_58709924_T_G,train,synonymous,pos_component_257,1,[257],77d512b6d1103752
chr17_58709925_CGT_,train,inframe_indel,pos_component_258,5,[258],77569251af0d5674
chr17_58709925_CGT_AGA,train,synonymous,pos_component_258,5,[258],912521e73eb3c5e1
chr17_58709925_CGT_AGC,train,missense,pos_component_258,5,[258],8fcc2e9c73c15e42
chr17_58709925_CGT_AGG,train,synonymous,pos_component_258,5,[258],912521e73eb3c5e1
chr17_58709925_CGT_CAC,train,missense,pos_component_258,5,[258],d7f692a98063aa61
chr17_58709925_CGT_CCC,train,missense,pos_component_258,5,[258],2e21c53aac1cf9b0
chr17_58709925_CGT_CTG,train,missense,pos_component_258,5,[258],08c84de5595317aa
chr17_58709925_CGT_GCC,train,missense,pos_component_258,5,[258],cd5c9dd70a5a9a91
chr17_58709925_CGT_GGC,train,missense,pos_component_258,5,[258],576042464fa0a047
chr17_58709925_CGT_TGC,train,missense,pos_component_258,5,[258],a481794e42e72ff9
chr17_58709925_C_A,train,missense,pos_component_258,5,[258],8fcc2e9c73c15e42
chr17_58709925_C_G,train,missense,pos_component_258,5,[258],576042464fa0a047
chr17_58709925_C_T,train,missense,pos_component_258,5,[258],a481794e42e72ff9
chr17_58709926_G_A,train,missense,pos_component_258,5,[258],d7f692a98063aa61
chr17_58709926_G_C,train,missense,pos_component_258,5,[258],2e21c53aac1cf9b0
chr17_58709926_G_T,train,missense,pos_component_258,5,[258],08c84de5595317aa
chr17_58709927_T_A,train,synonymous,pos_component_258,5,[258],912521e73eb3c5e1
chr17_58709927_T_C,train,synonymous,pos_component_258,5,[258],912521e73eb3c5e1
chr17_58709927_T_G,train,synonymous,pos_component_258,5,[258],912521e73eb3c5e1
chr17_58709928_ACT_,train,inframe_indel,pos_component_259,5,[259],5b7337b25014e470
chr17_58709928_ACT_AAC,train,missense,pos_component_259,5,[259],e3208db37e3c66df
chr17_58709928_ACT_AGC,train,missense,pos_component_259,5,[259],ef370831e4c7c89a
chr17_58709928_ACT_ATC,train,missense,pos_component_259,5,[259],1ee22b0c725b3698
chr17_58709928_ACT_CCC,train,missense,pos_component_259,5,[259],30dbe84717c2d485
chr17_58709928_ACT_GCC,train,missense,pos_component_259,5,[259],04bd74db540869e5
chr17_58709928_A_C,train,missense,pos_component_259,5,[259],30dbe84717c2d485
chr17_58709928_A_G,train,missense,pos_component_259,5,[259],04bd74db540869e5
chr17_58709928_A_T,train,missense,pos_component_259,5,[259],ef370831e4c7c89a
chr17_58709929_C_A,train,missense,pos_component_259,5,[259],e3208db37e3c66df
chr17_58709929_C_G,train,missense,pos_component_259,5,[259],ef370831e4c7c89a
chr17_58709929_C_T,train,missense,pos_component_259,5,[259],1ee22b0c725b3698
chr17_58709930_T_A,train,synonymous,pos_component_259,5,[259],287cab0deb4a2a20
chr17_58709930_T_C,train,synonymous,pos_component_259,5,[259],287cab0deb4a2a20
chr17_58709930_T_G,train,synonymous,pos_component_259,5,[259],287cab0deb4a2a20
chr17_58709931_CGG_,train,inframe_indel,pos_component_260,6,[260],61aa020364aee511
chr17_58709931_CGG_AGA,train,synonymous,pos_component_260,6,[260],b53403f1e81d2327
chr17_58709931_CGG_CAA,train,missense,pos_component_260,6,[260],ee22c7df14e79e76
chr17_58709931_CGG_CCC,train,missense,pos_component_260,6,[260],6dfa8b1be89dfa12
chr17_58709931_CGG_CTC,train,missense,pos_component_260,6,[260],faf8cf73ce1cf84e
chr17_58709931_CGG_GCC,train,missense,pos_component_260,6,[260],e698fde137265575
chr17_58709931_CGG_GGC,train,missense,pos_component_260,6,[260],87fd9580fa6d3396
chr17_58709931_C_A,train,synonymous,pos_component_260,6,[260],b53403f1e81d2327
chr17_58709931_C_G,train,missense,pos_component_260,6,[260],87fd9580fa6d3396
chr17_58709931_C_T,train,missense,pos_component_260,6,[260],411586a4a7386630
chr17_58709932_G_A,train,missense,pos_component_260,6,[260],ee22c7df14e79e76
chr17_58709932_G_C,train,missense,pos_component_260,6,[260],6dfa8b1be89dfa12
chr17_58709932_G_T,train,missense,pos_component_260,6,[260],faf8cf73ce1cf84e
chr17_58709933_G_A,train,synonymous,pos_component_260,6,[260],b53403f1e81d2327
chr17_58709933_G_C,train,synonymous,pos_component_260,6,[260],b53403f1e81d2327
chr17_58709933_G_T,train,synonymous,pos_component_260,6,[260],b53403f1e81d2327
chr17_58709934_TTA_AGC,train,missense,pos_component_261,2,[261],858ce098be11eda1
chr17_58709934_TTA_ATC,train,missense,pos_component_261,2,[261],0ad6e68e793533bf
chr17_58709934_TTA_CTC,train,synonymous,pos_component_261,2,[261],6b821d93fb54d770
chr17_58709934_TTA_CTG,train,synonymous,pos_component_261,2,[261],6b821d93fb54d770
chr17_58709934_TTA_CTT,train,synonymous,pos_component_261,2,[261],6b821d93fb54d770
chr17_58709934_TTA_GCC,train,missense,pos_component_261,2,[261],188d1ed3fdbe1787
chr17_58709934_TTA_GTG,train,missense,pos_component_261,2,[261],3c4c06ed865579e8
chr17_58709934_T_A,train,missense,pos_component_261,2,[261],0ad6e68e793533bf
chr17_58709934_T_C,train,synonymous,pos_component_261,2,[261],6b821d93fb54d770
chr17_58709934_T_G,train,missense,pos_component_261,2,[261],3c4c06ed865579e8
chr17_58709935_T_C,train,missense,pos_component_261,2,[261],858ce098be11eda1
chr17_58709936_A_C,train,missense,pos_component_261,2,[261],bb24a766f759aa34
chr17_58709936_A_G,train,synonymous,pos_component_261,2,[261],6b821d93fb54d770
chr17_58709936_A_T,train,missense,pos_component_261,2,[261],bb24a766f759aa34
chr17_58709937_TTA_,train,inframe_indel,pos_component_262,4,[262],6b9204bcbb96ee0d
chr17_58709937_TTA_AGC,train,missense,pos_component_262,4,[262],7f30a8e72000d981
chr17_58709937_TTA_ATC,train,missense,pos_component_262,4,[262],1b2709501d8189c8
chr17_58709937_TTA_CTC,train,synonymous,pos_component_262,4,[262],75571c4ed3bd315e
chr17_58709937_TTA_CTG,train,synonymous,pos_component_262,4,[262],75571c4ed3bd315e
chr17_58709937_TTA_CTT,train,synonymous,pos_component_262,4,[262],75571c4ed3bd315e
chr17_58709937_TTA_GCC,train,missense,pos_component_262,4,[262],b31d4fa5dd2ac6f3
chr17_58709937_TTA_GTG,train,missense,pos_component_262,4,[262],098dcdc2f683b185
chr17_58709937_T_A,train,missense,pos_component_262,4,[262],1b2709501d8189c8
chr17_58709937_T_C,train,synonymous,pos_component_262,4,[262],75571c4ed3bd315e
chr17_58709937_T_G,train,missense,pos_component_262,4,[262],098dcdc2f683b185
chr17_58709938_T_C,train,missense,pos_component_262,4,[262],7f30a8e72000d981
chr17_58709939_A_C,train,missense,pos_component_262,4,[262],a37b2aa80b5625f4
chr17_58709939_A_G,train,synonymous,pos_component_262,4,[262],75571c4ed3bd315e
chr17_58709939_A_T,train,missense,pos_component_262,4,[262],a37b2aa80b5625f4
chr17_58709940_AAT_,train,inframe_indel,pos_component_263,3,[263],12cb0bb6f0a9f679
chr17_58709940_AAT_ACC,train,missense,pos_component_263,3,[263],e84cacefe2580dda
chr17_58709940_AAT_AGC,train,missense,pos_component_263,3,[263],d94d8be07945eaac
chr17_58709940_AAT_ATC,train,missense,pos_component_263,3,[263],c0826e0bf8fe753e
chr17_58709940_AAT_CAC,train,missense,pos_component_263,3,[263],31b3cbcf41f8a682
chr17_58709940_AAT_GAC,train,missense,pos_component_263,3,[263],61a52ba3c94655ae
chr17_58709940_AAT_GCC,train,missense,pos_component_263,3,[263],a37992dd30113afe
chr17_58709940_AAT_TAC,train,missense,pos_component_263,3,[263],f72d8a6ac16e6082
chr17_58709940_A_C,train,missense,pos_component_263,3,[263],31b3cbcf41f8a682
chr17_58709940_A_G,train,missense,pos_component_263,3,[263],61a52ba3c94655ae
chr17_58709940_A_T,train,missense,pos_component_263,3,[263],f72d8a6ac16e6082
chr17_58709941_A_C,train,missense,pos_component_263,3,[263],e84cacefe2580dda
chr17_58709941_A_G,train,missense,pos_component_263,3,[263],d94d8be07945eaac
chr17_58709941_A_T,train,missense,pos_component_263,3,[263],c0826e0bf8fe753e
chr17_58709942_T_A,train,missense,pos_component_263,3,[263],9b558a8a27fb81da
chr17_58709942_T_C,train,synonymous,pos_component_263,3,[263],bc607fa33b481bf5
chr17_58709942_T_G,train,missense,pos_component_263,3,[263],9b558a8a27fb81da
chr17_58709943_GGT_,train,inframe_indel,pos_component_264,0,[264],9cb9d8e9de61eac6
chr17_58709943_GGT_AGC,train,missense,pos_component_264,0,[264],5e104c60a0e8575f
chr17_58709943_GGT_CGG,train,missense,pos_component_264,0,[264],f5d2cf51564b2845
chr17_58709943_GGT_GAC,train,missense,pos_component_264,0,[264],2243f77456965c28
chr17_58709943_GGT_GCC,train,missense,pos_component_264,0,[264],56f1e7f8f5d952d0
chr17_58709943_GGT_GTG,train,missense,pos_component_264,0,[264],f3922c6535439b71
chr17_58709943_GGT_TGC,train,missense,pos_component_264,0,[264],28c57b7af349a1e8
chr17_58709943_G_A,train,missense,pos_component_264,0,[264],5e104c60a0e8575f
chr17_58709943_G_C,train,missense,pos_component_264,0,[264],f5d2cf51564b2845
chr17_58709943_G_T,train,missense,pos_component_264,0,[264],28c57b7af349a1e8
chr17_58709944_G_A,train,missense,pos_component_264,0,[264],2243f77456965c28
chr17_58709944_G_C,train,missense,pos_component_264,0,[264],56f1e7f8f5d952d0
chr17_58709944_G_T,train,missense,pos_component_264,0,[264],f3922c6535439b71
chr17_58709945_T_A,train,synonymous,pos_component_264,0,[264],14484d53bce35bfb
chr17_58709945_T_G,train,synonymous,pos_component_264,0,[264],14484d53bce35bfb
chr17_58709946_CTG_,train,inframe_indel,pos_component_265,0,[265],0f886c5fd3a4d9fe
chr17_58709946_CTG_AGA,train,missense,pos_component_265,0,[265],32dfd87d712c2b1c
chr17_58709946_CTG_CAA,train,missense,pos_component_265,0,[265],fb2d2a760489f755
chr17_58709946_CTG_CCC,train,missense,pos_component_265,0,[265],f910b0dc9ab0bea7
chr17_58709946_CTG_GCC,train,missense,pos_component_265,0,[265],6f0532e2ce1d305c
chr17_58709946_CTG_GTC,train,missense,pos_component_265,0,[265],83376187f9aeeb24
chr17_58709946_CTG_TTA,train,synonymous,pos_component_265,0,[265],d6a655a61383c468
chr17_58709946_C_A,train,missense,pos_component_265,0,[265],2c9266ca99180eed
chr17_58709946_C_G,train,missense,pos_component_265,0,[265],83376187f9aeeb24
chr17_58709946_C_T,train,synonymous,pos_component_265,0,[265],d6a655a61383c468
chr17_58709947_T_A,train,missense,pos_component_265,0,[265],fb2d2a760489f755
chr17_58709947_T_C,train,missense,pos_component_265,0,[265],f910b0dc9ab0bea7
chr17_58709947_T_G,train,missense,pos_component_265,0,[265],32dfd87d712c2b1c
chr17_58709948_G_C,train,synonymous,pos_component_265,0,[265],d6a655a61383c468
chr17_58709948_G_T,train,synonymous,pos_component_265,0,[265],d6a655a61383c468
chr17_58709949_GCC_,train,inframe_indel,pos_component_266,2,[266],ef812bada1e39e4d
chr17_58709949_GCC_ACA,train,missense,pos_component_266,2,[266],63d26bacf30a142a
chr17_58709949_GCC_AGC,train,missense,pos_component_266,2,[266],f8b917168a60c3f8
chr17_58709949_GCC_CCT,train,missense,pos_component_266,2,[266],c6307c8868af629f
chr17_58709949_GCC_GAT,train,missense,pos_component_266,2,[266],6a162e22561bd860
chr17_58709949_GCC_GGA,train,missense,pos_component_266,2,[266],c4dc7e94f4e97395
chr17_58709949_GCC_GTG,train,missense,pos_component_266,2,[266],c389968c9a7c6ec3
chr17_58709949_G_A,train,missense,pos_component_266,2,[266],63d26bacf30a142a
chr17_58709949_G_C,train,missense,pos_component_266,2,[266],c6307c8868af629f
chr17_58709949_G_T,train,missense,pos_component_266,2,[266],f8b917168a60c3f8
chr17_58709950_C_A,train,missense,pos_component_266,2,[266],6a162e22561bd860
chr17_58709950_C_G,train,missense,pos_component_266,2,[266],c4dc7e94f4e97395
chr17_58709950_C_T,train,missense,pos_component_266,2,[266],c389968c9a7c6ec3
chr17_58709951_C_A,train,synonymous,pos_component_266,2,[266],ee88534ca7e7d3eb
chr17_58709951_C_G,train,synonymous,pos_component_266,2,[266],ee88534ca7e7d3eb
chr17_58709951_C_T,train,synonymous,pos_component_266,2,[266],ee88534ca7e7d3eb
chr17_58709952_CAG_,train,inframe_indel,pos_component_268,4,[268],fe0e09320604a0ee
chr17_58709952_CAG_AAA,train,missense,pos_component_267,6,[267],f8c6e149f2e419b2
chr17_58709952_CAG_AGA,train,missense,pos_component_267,6,[267],678936e4636f7b9a
chr17_58709952_CAG_CCC,train,missense,pos_component_267,6,[267],b327e0fa48a8c0fd
chr17_58709952_CAG_CTC,train,missense,pos_component_267,6,[267],308c7d72e894c11c
chr17_58709952_CAG_GAA,train,missense,pos_component_267,6,[267],ed06e2f5fbfc991f
chr17_58709952_CAG_GCC,train,missense,pos_component_267,6,[267],ab4401afb9707bd6
chr17_58709952_C_A,train,missense,pos_component_267,6,[267],f8c6e149f2e419b2
chr17_58709952_C_G,train,missense,pos_component_267,6,[267],ed06e2f5fbfc991f
chr17_58709953_A_C,train,missense,pos_component_267,6,[267],b327e0fa48a8c0fd
chr17_58709953_A_G,train,missense,pos_component_267,6,[267],678936e4636f7b9a
chr17_58709953_A_T,train,missense,pos_component_267,6,[267],308c7d72e894c11c
chr17_58709954_G_A,train,synonymous,pos_component_267,6,[267],f45f5f177e08bd9e
chr17_58709954_G_C,train,missense,pos_component_267,6,[267],a4ade4cf6cf6dfaf
chr17_58709954_G_T,train,missense,pos_component_267,6,[267],a4ade4cf6cf6dfaf
chr17_58709955_CAA_,train,inframe_indel,pos_component_268,4,[268],fe0e09320604a0ee
chr17_58709955_CAA_AAG,train,missense,pos_component_268,4,[268],a50452c44e6a3693
chr17_58709955_CAA_CCC,train,missense,pos_component_268,4,[268],53ea8b3c72e46c1b
chr17_58709955_CAA_CGG,train,missense,pos_component_268,4,[268],d7d3b4044769af56
chr17_58709955_CAA_CTG,train,missense,pos_component_268,4,[268],4be792583e36843a
chr17_58709955_CAA_GAG,train,missense,pos_component_268,4,[268],4d73877dada5a5ba
chr17_58709955_CAA_GCC,train,missense,pos_component_268,4,[268],d0440df08880479c
chr17_58709955_C_A,train,missense,pos_component_268,4,[268],a50452c44e6a3693
chr17_58709955_C_G,train,missense,pos_component_268,4,[268],4d73877dada5a5ba
chr17_58709956_A_C,train,missense,pos_component_268,4,[268],53ea8b3c72e46c1b
chr17_58709956_A_G,train,missense,pos_component_268,4,[268],d7d3b4044769af56
chr17_58709956_A_T,train,missense,pos_component_268,4,[268],4be792583e36843a
chr17_58709957_A_C,train,missense,pos_component_268,4,[268],1882369af1fb2fca
chr17_58709957_A_G,train,synonymous,pos_component_268,4,[268],b4cabd67274aa532
chr17_58709957_A_T,train,missense,pos_component_268,4,[268],1882369af1fb2fca
chr17_58709958_ATG_,test,inframe_indel,pos_component_269,5,[269],63f451f4481bb1ef
chr17_58709958_ATG_AAA,test,missense,pos_component_269,5,[269],549721a8b8efb249
chr17_58709958_ATG_ACC,test,missense,pos_component_269,5,[269],09f962d3565368e9
chr17_58709958_ATG_CGG,test,missense,pos_component_269,5,[269],cbb8570277bc65f2
chr17_58709958_ATG_CTC,test,missense,pos_component_269,5,[269],af7c58eafb6dfb2b
chr17_58709958_ATG_GCC,test,missense,pos_component_269,5,[269],4ee29cd15af68755
chr17_58709958_ATG_GTC,test,missense,pos_component_269,5,[269],1712d7b6e469b338
chr17_58709958_A_C,test,missense,pos_component_269,5,[269],af7c58eafb6dfb2b
chr17_58709958_A_G,test,missense,pos_component_269,5,[269],1712d7b6e469b338
chr17_58709958_A_T,test,missense,pos_component_269,5,[269],af7c58eafb6dfb2b
chr17_58709959_T_A,test,missense,pos_component_269,5,[269],549721a8b8efb249
chr17_58709959_T_C,test,missense,pos_component_269,5,[269],09f962d3565368e9
chr17_58709959_T_G,test,missense,pos_component_269,5,[269],cbb8570277bc65f2
chr17_58709960_G_A,test,missense,pos_component_269,5,[269],52b88f8812f018d2
chr17_58709960_G_C,test,missense,pos_component_269,5,[269],52b88f8812f018d2
chr17_58709960_G_T,test,missense,pos_component_269,5,[269],52b88f8812f018d2
chr17_58709961_ATC_,train,inframe_indel,pos_component_270,1,[270],26d46ae3cad917af
chr17_58709961_ATC_AAT,train,missense,pos_component_270,1,[270],3b733d9268658611
chr17_58709961_ATC_ACA,train,missense,pos_component_270,1,[270],f731566428be2198
chr17_58709961_ATC_CTG,train,missense,pos_component_270,1,[270],e0ff7d63e58f0094
chr17_58709961_ATC_GCC,train,missense,pos_component_270,1,[270],be9c59c5f1338842
chr17_58709961_ATC_GTG,train,missense,pos_component_270,1,[270],aa49bf56ddcf988a
chr17_58709961_ATC_TCC,train,missense,pos_component_270,1,[270],12473b738d70bf5c
chr17_58709961_ATC_TTT,train,missense,pos_component_270,1,[270],52361e73fe501c96
chr17_58709961_A_C,train,missense,pos_component_270,1,[270],e0ff7d63e58f0094
chr17_58709961_A_G,train,missense,pos_component_270,1,[270],aa49bf56ddcf988a
chr17_58709961_A_T,train,missense,pos_component_270,1,[270],52361e73fe501c96
chr17_58709962_T_A,train,missense,pos_component_270,1,[270],3b733d9268658611
chr17_58709962_T_C,train,missense,pos_component_270,1,[270],f731566428be2198
chr17_58709962_T_G,train,missense,pos_component_270,1,[270],12473b738d70bf5c
chr17_58709963_C_A,train,synonymous,pos_component_270,1,[270],0dee5518986def49
chr17_58709963_C_G,train,missense,pos_component_270,1,[270],2b5189770129f540
chr17_58709963_C_T,train,synonymous,pos_component_270,1,[270],0dee5518986def49
chr17_58709964_AGC_,train,inframe_indel,pos_component_271,3,[271],0b5b2cf2ffde0780
chr17_58709964_AGC_AAT,train,missense,pos_component_271,3,[271],5f319287ae6d72df
chr17_58709964_AGC_ACA,train,missense,pos_component_271,3,[271],3cfc46093ead6c25
chr17_58709964_AGC_ATT,train,missense,pos_component_271,3,[271],e1e91c8154c7b4a7
chr17_58709964_AGC_CGG,train,missense,pos_component_271,3,[271],8d2ea22a3bf3c753
chr17_58709964_AGC_GCC,train,missense,pos_component_271,3,[271],cc3a34cb4e834800
chr17_58709964_AGC_GGA,train,missense,pos_component_271,3,[271],ce525964a95afbaf
chr17_58709964_AGC_TCA,train,synonymous,pos_component_271,3,[271],c9000467d98bb6d8
chr17_58709964_AGC_TCC,train,synonymous,pos_component_271,3,[271],c9000467d98bb6d8
chr17_58709964_AGC_TCG,train,synonymous,pos_component_271,3,[271],c9000467d98bb6d8
chr17_58709964_AGC_TCT,train,synonymous,pos_component_271,3,[271],c9000467d98bb6d8
chr17_58709964_AGC_TGT,train,missense,pos_component_271,3,[271],0c4d43cbb3311ce0
chr17_58709964_A_C,train,missense,pos_component_271,3,[271],8d2ea22a3bf3c753
chr17_58709964_A_G,train,missense,pos_component_271,3,[271],ce525964a95afbaf
chr17_58709964_A_T,train,missense,pos_component_271,3,[271],0c4d43cbb3311ce0
chr17_58709965_G_A,train,missense,pos_component_271,3,[271],5f319287ae6d72df
chr17_58709965_G_C,train,missense,pos_component_271,3,[271],3cfc46093ead6c25
chr17_58709965_G_T,train,missense,pos_component_271,3,[271],e1e91c8154c7b4a7
chr17_58709966_C_A,train,missense,pos_component_271,3,[271],8d2ea22a3bf3c753
chr17_58709966_C_G,train,missense,pos_component_271,3,[271],8d2ea22a3bf3c753
chr17_58709966_C_T,train,synonymous,pos_component_271,3,[271],c9000467d98bb6d8
chr17_58709967_CTT_,train,inframe_indel,pos_component_272,4,[272],19ae37085a335a5d
chr17_58709967_CTT_ATC,train,missense,pos_component_272,4,[272],286a1fe19e275c6e
chr17_58709967_CTT_CAC,train,missense,pos_component_272,4,[272],9c2894a6147862a9
chr17_58709967_CTT_CCC,train,missense,pos_component_272,4,[272],fb39eb1203944c1d
chr17_58709967_CTT_CGG,train,missense,pos_component_272,4,[272],136811b452ed1f50
chr17_58709967_CTT_GCC,train,missense,pos_component_272,4,[272],86cece183db7830d
chr17_58709967_CTT_GTG,train,missense,pos_component_272,4,[272],0a74cbbb573d55c1
chr17_58709967_CTT_TTA,train,synonymous,pos_component_272,4,[272],f9d0b736beccfb24
chr17_58709967_CTT_TTC,train,missense,pos_component_272,4,[272],ed3e9cf1ee31f41b
chr17_58709967_CTT_TTG,train,synonymous,pos_component_272,4,[272],f9d0b736beccfb24
chr17_58709967_C_A,train,missense,pos_component_272,4,[272],286a1fe19e275c6e
chr17_58709967_C_G,train,missense,pos_component_272,4,[272],0a74cbbb573d55c1
chr17_58709967_C_T,train,missense,pos_component_272,4,[272],ed3e9cf1ee31f41b
chr17_58709968_T_A,train,missense,pos_component_272,4,[272],9c2894a6147862a9
chr17_58709968_T_C,train,missense,pos_component_272,4,[272],fb39eb1203944c1d
chr17_58709968_T_G,train,missense,pos_component_272,4,[272],136811b452ed1f50
chr17_58709969_T_A,train,synonymous,pos_component_272,4,[272],f9d0b736beccfb24
chr17_58709969_T_C,train,synonymous,pos_component_272,4,[272],f9d0b736beccfb24
chr17_58709969_T_G,train,synonymous,pos_component_272,4,[272],f9d0b736beccfb24
chr17_58709970_GCA_,train,inframe_indel,pos_component_273,1,[273],c832ff0e4d55b919
chr17_58709970_GCA_ACC,train,missense,pos_component_273,1,[273],46e7166864fccca5
chr17_58709970_GCA_AGC,train,missense,pos_component_273,1,[273],95298183ec0c7d67
chr17_58709970_GCA_CCC,train,missense,pos_component_273,1,[273],1e616a3a40a9b829
chr17_58709970_GCA_GAG,train,missense,pos_component_273,1,[273],6ebac52056a29416
chr17_58709970_GCA_GGC,train,missense,pos_component_273,1,[273],466ea9cf921ebd57
chr17_58709970_GCA_GTG,train,missense,pos_component_273,1,[273],c5ae602ee6009cff
chr17_58709970_G_A,train,missense,pos_component_273,1,[273],46e7166864fccca5
chr17_58709970_G_C,train,missense,pos_component_273,1,[273],1e616a3a40a9b829
chr17_58709970_G_T,train,missense,pos_component_273,1,[273],95298183ec0c7d67
chr17_58709971_C_A,train,missense,pos_component_273,1,[273],6ebac52056a29416
chr17_58709971_C_G,train,missense,pos_component_273,1,[273],466ea9cf921ebd57
chr17_58709971_C_T,train,missense,pos_component_273,1,[273],c5ae602ee6009cff
chr17_58709972_A_C,train,synonymous,pos_component_273,1,[273],64d17605ce7c36c7
chr17_58709972_A_G,train,synonymous,pos_component_273,1,[273],64d17605ce7c36c7
chr17_58709972_A_T,train,synonymous,pos_component_273,1,[273],64d17605ce7c36c7
chr17_58709973_AAT_,train,inframe_indel,pos_component_275,5,[275],dc8597669ea8d335
chr17_58709973_AAT_ACC,test,missense,pos_component_274,5,[274],899829dc7a4b3a5f
chr17_58709973_AAT_AGC,test,missense,pos_component_274,5,[274],0a6228f95efff75f
chr17_58709973_AAT_ATC,test,missense,pos_component_274,5,[274],bf37ef480630e85f
chr17_58709973_AAT_CAC,test,missense,pos_component_274,5,[274],782289505f34f6de
chr17_58709973_AAT_GAC,test,missense,pos_component_274,5,[274],c60acc1f2220a9db
chr17_58709973_AAT_GCC,test,missense,pos_component_274,5,[274],c399fb10b282254b
chr17_58709973_AAT_TAC,test,missense,pos_component_274,5,[274],54e7a564a1ccd2ca
chr17_58709973_A_C,test,missense,pos_component_274,5,[274],782289505f34f6de
chr17_58709973_A_G,test,missense,pos_component_274,5,[274],c60acc1f2220a9db
chr17_58709973_A_T,test,missense,pos_component_274,5,[274],54e7a564a1ccd2ca
chr17_58709974_A_C,test,missense,pos_component_274,5,[274],899829dc7a4b3a5f
chr17_58709974_A_G,test,missense,pos_component_274,5,[274],0a6228f95efff75f
chr17_58709974_A_T,test,missense,pos_component_274,5,[274],bf37ef480630e85f
chr17_58709975_T_A,test,missense,pos_component_274,5,[274],d7661863333bab45
chr17_58709975_T_C,test,synonymous,pos_component_274,5,[274],9b35e66e7327483a
chr17_58709975_T_G,test,missense,pos_component_274,5,[274],d7661863333bab45
chr17_58709976_AAT_ACC,train,missense,pos_component_275,5,[275],aacad6acdced509d
chr17_58709976_AAT_AGC,train,missense,pos_component_275,5,[275],dfc653cb3e620c5e
chr17_58709976_AAT_ATC,train,missense,pos_component_275,5,[275],921a03c42a5002e4
chr17_58709976_AAT_CAC,train,missense,pos_component_275,5,[275],8b4f031a01157a6a
chr17_58709976_AAT_GAC,train,missense,pos_component_275,5,[275],7f0034602d5de6d2
chr17_58709976_AAT_GCC,train,missense,pos_component_275,5,[275],0414ec519bb1b84e
chr17_58709976_AAT_TAC,train,missense,pos_component_275,5,[275],76caf8df4773a64a
chr17_58709976_A_C,train,missense,pos_component_275,5,[275],8b4f031a01157a6a
chr17_58709976_A_G,train,missense,pos_component_275,5,[275],7f0034602d5de6d2
chr17_58709976_A_T,train,missense,pos_component_275,5,[275],76caf8df4773a64a
chr17_58709977_A_C,train,missense,pos_component_275,5,[275],aacad6acdced509d
chr17_58709977_A_G,train,missense,pos_component_275,5,[275],dfc653cb3e620c5e
chr17_58709977_A_T,train,missense,pos_component_275,5,[275],921a03c42a5002e4
chr17_58709978_T_A,train,missense,pos_component_275,5,[275],ad328a41991776dd
chr17_58709978_T_C,train,synonymous,pos_component_275,5,[275],67b840098b6fb804
chr17_58709978_T_G,train,missense,pos_component_275,5,[275],ad328a41991776dd
chr17_58709979_CAC_,val,inframe_indel,pos_component_276,1,[276],bd87fa754b5878d9
chr17_58709979_CAC_AAT,val,missense,pos_component_276,1,[276],9d8a21472817b929
chr17_58709979_CAC_CCT,val,missense,pos_component_276,1,[276],6337d2bb5b1a5f2b
chr17_58709979_CAC_CGG,val,missense,pos_component_276,1,[276],2128760bafcb0caf
chr17_58709979_CAC_CTG,val,missense,pos_component_276,1,[276],4df8be66710901dd
chr17_58709979_CAC_GAT,val,missense,pos_component_276,1,[276],fd56083e22038dd5
chr17_58709979_CAC_GCC,val,missense,pos_component_276,1,[276],9817a76d6bfed759
chr17_58709979_CAC_TAT,val,missense,pos_component_276,1,[276],f4e2da0df9d00f73
chr17_58709979_C_A,val,missense,pos_component_276,1,[276],9d8a21472817b929
chr17_58709979_C_G,val,missense,pos_component_276,1,[276],fd56083e22038dd5
chr17_58709979_C_T,val,missense,pos_component_276,1,[276],f4e2da0df9d00f73
chr17_58709980_A_C,val,missense,pos_component_276,1,[276],6337d2bb5b1a5f2b
chr17_58709980_A_G,val,missense,pos_component_276,1,[276],2128760bafcb0caf
chr17_58709980_A_T,val,missense,pos_component_276,1,[276],4df8be66710901dd
chr17_58709981_C_A,val,missense,pos_component_276,1,[276],8327a1a9565e7ec6
chr17_58709981_C_G,val,missense,pos_component_276,1,[276],8327a1a9565e7ec6
chr17_58709981_C_T,val,synonymous,pos_component_276,1,[276],18ca9a349727e90e
chr17_58709982_AGA_,test,inframe_indel,pos_component_277,3,[277],127fbe0f4c1db3a5
chr17_58709982_AGA_AAG,test,missense,pos_component_277,3,[277],77fa85c49ce036cf
chr17_58709982_AGA_ACC,test,missense,pos_component_277,3,[277],080e66881dfd720d
chr17_58709982_AGA_ATC,test,missense,pos_component_277,3,[277],65c2ea430684e9b5
chr17_58709982_AGA_CGC,test,synonymous,pos_component_277,3,[277],49eb8975739179f6
chr17_58709982_AGA_CGG,test,synonymous,pos_component_277,3,[277],49eb8975739179f6
chr17_58709982_AGA_CGT,test,synonymous,pos_component_277,3,[277],49eb8975739179f6
chr17_58709982_AGA_GCC,test,missense,pos_component_277,3,[277],5be32563e9f69a8a
chr17_58709982_AGA_GGC,test,missense,pos_component_277,3,[277],6e0029f37a49a1dd
chr17_58709982_AGA_TCC,test,missense,pos_component_277,3,[277],2d8d18de029b3f3e
chr17_58709982_A_C,test,synonymous,pos_component_277,3,[277],49eb8975739179f6
chr17_58709982_A_G,test,missense,pos_component_277,3,[277],6e0029f37a49a1dd
chr17_58709983_G_A,test,missense,pos_component_277,3,[277],77fa85c49ce036cf
chr17_58709983_G_C,test,missense,pos_component_277,3,[277],080e66881dfd720d
chr17_58709983_G_T,test,missense,pos_component_277,3,[277],65c2ea430684e9b5
chr17_58709984_A_C,test,missense,pos_component_277,3,[277],2d8d18de029b3f3e
chr17_58709984_A_G,test,synonymous,pos_component_277,3,[277],49eb8975739179f6
chr17_58709984_A_T,test,missense,pos_component_277,3,[277],2d8d18de029b3f3e
chr17_58709985_TTA_,train,inframe_indel,pos_component_278,2,[278],36b112380204f2ee
chr17_58709985_TTA_AGC,train,missense,pos_component_278,2,[278],bcc5dc671c30b043
chr17_58709985_TTA_ATC,train,missense,pos_component_278,2,[278],8e80bcee8af1bfdd
chr17_58709985_TTA_CTC,train,synonymous,pos_component_278,2,[278],bce64fe533d22d79
chr17_58709985_TTA_CTG,train,synonymous,pos_component_278,2,[278],bce64fe533d22d79
chr17_58709985_TTA_CTT,train,synonymous,pos_component_278,2,[278],bce64fe533d22d79
chr17_58709985_TTA_GCC,train,missense,pos_component_278,2,[278],8e7f1531620482c5
chr17_58709985_TTA_GTG,train,missense,pos_component_278,2,[278],aad8c433313cacb4
chr17_58709985_T_A,train,missense,pos_component_278,2,[278],8e80bcee8af1bfdd
chr17_58709985_T_C,train,synonymous,pos_component_278,2,[278],bce64fe533d22d79
chr17_58709985_T_G,train,missense,pos_component_278,2,[278],aad8c433313cacb4
chr17_58709986_T_C,train,missense,pos_component_278,2,[278],bcc5dc671c30b043
chr17_58709987_A_C,train,missense,pos_component_278,2,[278],29339746d80890c4
chr17_58709987_A_G,train,synonymous,pos_component_278,2,[278],bce64fe533d22d79
chr17_58709987_A_T,train,missense,pos_component_278,2,[278],29339746d80890c4
chr17_58709988_GCT_ACC,val,missense,pos_component_279,3,[279],223dfc0aa4b838ba
chr17_58709988_GCT_AGC,val,missense,pos_component_279,3,[279],e6dc6f78f3b6c7b9
chr17_58709988_GCT_CCC,val,missense,pos_component_279,3,[279],05f93681a613e405
chr17_58709988_GCT_GAC,val,missense,pos_component_279,3,[279],f2e8042f60825e8b
chr17_58709988_GCT_GGC,val,missense,pos_component_279,3,[279],bcf76841aee46f55
chr17_58709988_GCT_GTG,val,missense,pos_component_279,3,[279],208152ad0492e595
chr17_58709988_G_A,val,missense,pos_component_279,3,[279],223dfc0aa4b838ba
chr17_58709988_G_C,val,missense,pos_component_279,3,[279],05f93681a613e405
chr17_58709988_G_T,val,missense,pos_component_279,3,[279],e6dc6f78f3b6c7b9
chr17_58709989_C_A,val,missense,pos_component_279,3,[279],f2e8042f60825e8b
chr17_58709989_C_G,val,missense,pos_component_279,3,[279],bcf76841aee46f55
chr17_58709989_C_T,val,missense,pos_component_279,3,[279],208152ad0492e595
chr17_58709990_T_A,val,synonymous,pos_component_279,3,[279],bd11409f5a859279
chr17_58709990_T_C,val,synonymous,pos_component_279,3,[279],bd11409f5a859279
chr17_58709990_T_G,val,synonymous,pos_component_279,3,[279],bd11409f5a859279
chr17_58720746_GTA_,train,inframe_indel,pos_component_280,3,[280],d21f050cada98137
chr17_58720746_GTA_ATC,train,missense,pos_component_280,3,[280],76bad30032b0e7a7
chr17_58720746_GTA_CTG,train,missense,pos_component_280,3,[280],8258d4fb3581c158
chr17_58720746_GTA_GAG,train,missense,pos_component_280,3,[280],90de0135fe4a2cd5
chr17_58720746_GTA_GCC,train,missense,pos_component_280,3,[280],bd378b18a047924f
chr17_58720746_GTA_GGC,train,missense,pos_component_280,3,[280],f5dbfec06a2a939b
chr17_58720746_G_A,train,missense,pos_component_280,3,[280],76bad30032b0e7a7
chr17_58720746_G_C,train,missense,pos_component_280,3,[280],8258d4fb3581c158
chr17_58720746_G_T,train,missense,pos_component_280,3,[280],8258d4fb3581c158
chr17_58720747_T_A,train,missense,pos_component_280,3,[280],90de0135fe4a2cd5
chr17_58720747_T_C,train,missense,pos_component_280,3,[280],bd378b18a047924f
chr17_58720747_T_G,train,missense,pos_component_280,3,[280],f5dbfec06a2a939b
chr17_58720748_A_C,train,synonymous,pos_component_280,3,[280],e22cf7f0292e5671
chr17_58720748_A_G,train,synonymous,pos_component_280,3,[280],e22cf7f0292e5671
chr17_58720748_A_T,train,synonymous,pos_component_280,3,[280],e22cf7f0292e5671
chr17_58720749_ATT_,test,inframe_indel,pos_component_281,1,[281],a8813840810bb5c8
chr17_58720749_ATT_AAC,test,missense,pos_component_281,1,[281],b92b804ff2da5d95
chr17_58720749_ATT_ACC,test,missense,pos_component_281,1,[281],9f6dd807cd4f2ca4
chr17_58720749_ATT_AGC,test,missense,pos_component_281,1,[281],28df690e23e3ad88
chr17_58720749_ATT_CTG,test,missense,pos_component_281,1,[281],9e1b4b65f32f780a
chr17_58720749_ATT_GCC,test,missense,pos_component_281,1,[281],0db470077738c456
chr17_58720749_ATT_GTG,test,missense,pos_component_281,1,[281],4548702322d6ec6e
chr17_58720749_ATT_TTC,test,missense,pos_component_281,1,[281],3869cd62d87e92e0
chr17_58720749_A_C,test,missense,pos_component_281,1,[281],9e1b4b65f32f780a
chr17_58720749_A_G,test,missense,pos_component_281,1,[281],4548702322d6ec6e
chr17_58720749_A_T,test,missense,pos_component_281,1,[281],3869cd62d87e92e0
chr17_58720750_T_A,test,missense,pos_component_281,1,[281],b92b804ff2da5d95
chr17_58720750_T_C,test,missense,pos_component_281,1,[281],9f6dd807cd4f2ca4
chr17_58720750_T_G,test,missense,pos_component_281,1,[281],28df690e23e3ad88
chr17_58720751_T_A,test,synonymous,pos_component_281,1,[281],7bc10bfdb921ddf0
chr17_58720751_T_C,test,synonymous,pos_component_281,1,[281],7bc10bfdb921ddf0
chr17_58720751_T_G,test,missense,pos_component_281,1,[281],791ce016b2b24a3e
chr17_58720752_TTA_,train,inframe_indel,pos_component_282,0,[282],388b7448c50c6d36
chr17_58720752_TTA_AGC,train,missense,pos_component_282,0,[282],3f09bdd997ebb9da
chr17_58720752_TTA_ATC,train,missense,pos_component_282,0,[282],83a83e6835b8d293
chr17_58720752_TTA_CTC,train,synonymous,pos_component_282,0,[282],12b1eced790203bf
chr17_58720752_TTA_CTG,train,synonymous,pos_component_282,0,[282],12b1eced790203bf
chr17_58720752_TTA_CTT,train,synonymous,pos_component_282,0,[282],12b1eced790203bf
chr17_58720752_TTA_GCC,train,missense,pos_component_282,0,[282],232aab8e7682c2c8
chr17_58720752_TTA_GTG,train,missense,pos_component_282,0,[282],c737a5ef775eeaaf
chr17_58720752_T_A,train,missense,pos_component_282,0,[282],83a83e6835b8d293
chr17_58720752_T_C,train,synonymous,pos_component_282,0,[282],12b1eced790203bf
chr17_58720752_T_G,train,missense,pos_component_282,0,[282],c737a5ef775eeaaf
chr17_58720753_T_C,train,missense,pos_component_282,0,[282],3f09bdd997ebb9da
chr17_58720754_A_C,train,missense,pos_component_282,0,[282],ce5e07670fb3a0ca
chr17_58720754_A_G,train,synonymous,pos_component_282,0,[282],12b1eced790203bf
chr17_58720754_A_T,train,missense,pos_component_282,0,[282],ce5e07670fb3a0ca
chr17_58720755_ACT_,train,inframe_indel,pos_component_283,2,[283],254857fe485301f9
chr17_58720755_ACT_AAC,train,missense,pos_component_283,2,[283],d9d13274b2842284
chr17_58720755_ACT_AGC,train,missense,pos_component_283,2,[283],24861ee1b1b0738e
chr17_58720755_ACT_ATC,train,missense,pos_component_283,2,[283],920d2dab13448c84
chr17_58720755_ACT_CCC,train,missense,pos_component_283,2,[283],abc026f8cfcbe3e3
chr17_58720755_ACT_GCC,train,missense,pos_component_283,2,[283],074cda18aa873978
chr17_58720755_A_C,train,missense,pos_component_283,2,[283],abc026f8cfcbe3e3
chr17_58720755_A_G,train,missense,pos_component_283,2,[283],074cda18aa873978
chr17_58720755_A_T,train,missense,pos_component_283,2,[283],24861ee1b1b0738e
chr17_58720756_C_A,train,missense,pos_component_283,2,[283],d9d13274b2842284
chr17_58720756_C_G,train,missense,pos_component_283,2,[283],24861ee1b1b0738e
chr17_58720756_C_T,train,missense,pos_component_283,2,[283],920d2dab13448c84
chr17_58720757_T_A,train,synonymous,pos_component_283,2,[283],a3394a287c1a171d
chr17_58720757_T_G,train,synonymous,pos_component_283,2,[283],a3394a287c1a171d
chr17_58720758_AAC_,train,inframe_indel,pos_component_284,3,[284],2c17f7a40685e918
chr17_58720758_AAC_ACA,train,missense,pos_component_284,3,[284],78fcc1d4cdebf3b6
chr17_58720758_AAC_ATT,train,missense,pos_component_284,3,[284],7de85eb85b034613
chr17_58720758_AAC_CAT,train,missense,pos_component_284,3,[284],ef72ad11a7e4b812
chr17_58720758_AAC_GAT,train,missense,pos_component_284,3,[284],d1961581f2f7f218
chr17_58720758_AAC_GCC,train,missense,pos_component_284,3,[284],636fce71f7c7d363
chr17_58720758_AAC_TAT,train,missense,pos_component_284,3,[284],32abb16bebc5fb31
chr17_58720758_AAC_TCC,train,missense,pos_component_284,3,[284],c4ea62ad63c0cb88
chr17_58720758_A_C,train,missense,pos_component_284,3,[284],ef72ad11a7e4b812
chr17_58720758_A_G,train,missense,pos_component_284,3,[284],d1961581f2f7f218
chr17_58720758_A_T,train,missense,pos_component_284,3,[284],32abb16bebc5fb31
chr17_58720759_A_C,train,missense,pos_component_284,3,[284],78fcc1d4cdebf3b6
chr17_58720759_A_G,train,missense,pos_component_284,3,[284],c4ea62ad63c0cb88
chr17_58720759_A_T,train,missense,pos_component_284,3,[284],7de85eb85b034613
chr17_58720760_C_A,train,missense,pos_component_284,3,[284],34ab26ebbbefeb0e
chr17_58720760_C_G,train,missense,pos_component_284,3,[284],34ab26ebbbefeb0e
chr17_58720761_CAG_,train,inframe_indel,pos_component_285,2,[285],d4b7789b0bfc5201
chr17_58720761_CAG_AAA,train,missense,pos_component_285,2,[285],97d88c5bd7cc98c6
chr17_58720761_CAG_AGA,train,missense,pos_component_285,2,[285],369f13a2a9ce5010
chr17_58720761_CAG_CCC,train,missense,pos_component_285,2,[285],6f06f2a69b2d3e48
chr17_58720761_CAG_CTC,train,missense,pos_component_285,2,[285],27fb00c785153ee5
chr17_58720761_CAG_GAA,train,missense,pos_component_285,2,[285],6f044946ffb1e401
chr17_58720761_CAG_GCC,train,missense,pos_component_285,2,[285],cdbfc6a2b6b765a7
chr17_58720761_C_A,train,missense,pos_component_285,2,[285],97d88c5bd7cc98c6
chr17_58720761_C_G,train,missense,pos_component_285,2,[285],6f044946ffb1e401
chr17_58720762_A_C,train,missense,pos_component_285,2,[285],6f06f2a69b2d3e48
chr17_58720762_A_G,train,missense,pos_component_285,2,[285],369f13a2a9ce5010
chr17_58720762_A_T,train,missense,pos_component_285,2,[285],27fb00c785153ee5
chr17_58720763_G_A,train,synonymous,pos_component_285,2,[285],4f2559e897d9078d
chr17_58720763_G_C,train,missense,pos_component_285,2,[285],d1cac1b91143010b
chr17_58720763_G_T,train,missense,pos_component_285,2,[285],d1cac1b91143010b
chr17_58720764_ATG_,train,inframe_indel,pos_component_286,2,[286],3d1b46d405125939
chr17_58720764_ATG_AAA,train,missense,pos_component_286,2,[286],d99af23f5bcf7551
chr17_58720764_ATG_ACC,train,missense,pos_component_286,2,[286],e1abfbc1fb37f218
chr17_58720764_ATG_CGG,train,missense,pos_component_286,2,[286],939f31e223c31930
chr17_58720764_ATG_CTC,train,missense,pos_component_286,2,[286],9b3b377968750b8e
chr17_58720764_ATG_GCC,train,missense,pos_component_286,2,[286],3046bf6153080792
chr17_58720764_ATG_GTC,train,missense,pos_component_286,2,[286],5a35d6f28f3a936a
chr17_58720764_A_C,train,missense,pos_component_286,2,[286],9b3b377968750b8e
chr17_58720764_A_G,train,missense,pos_component_286,2,[286],5a35d6f28f3a936a
chr17_58720764_A_T,train,missense,pos_component_286,2,[286],9b3b377968750b8e
chr17_58720765_T_A,train,missense,pos_component_286,2,[286],d99af23f5bcf7551
chr17_58720765_T_C,train,missense,pos_component_286,2,[286],e1abfbc1fb37f218
chr17_58720765_T_G,train,missense,pos_component_286,2,[286],939f31e223c31930
chr17_58720766_G_A,train,missense,pos_component_286,2,[286],0c6f5579267fd956
chr17_58720766_G_C,train,missense,pos_component_286,2,[286],0c6f5579267fd956
chr17_58720766_G_T,train,missense,pos_component_286,2,[286],0c6f5579267fd956
chr17_58720767_ACA_AAG,train,missense,pos_component_287,1,[287],b3e1d3d296a31150
chr17_58720767_ACA_AGC,train,missense,pos_component_287,1,[287],ae45414acf689e88
chr17_58720767_ACA_ATC,train,missense,pos_component_287,1,[287],b3ca88a5c783d601
chr17_58720767_ACA_CCC,train,missense,pos_component_287,1,[287],61c52770d8deb2dd
chr17_58720767_ACA_CGG,train,missense,pos_component_287,1,[287],214ef47bee1ce6a5
chr17_58720767_ACA_GCC,train,missense,pos_component_287,1,[287],5595ba1a3935a1c4
chr17_58720767_A_C,train,missense,pos_component_287,1,[287],61c52770d8deb2dd
chr17_58720767_A_G,train,missense,pos_component_287,1,[287],5595ba1a3935a1c4
chr17_58720767_A_T,train,missense,pos_component_287,1,[287],ae45414acf689e88
chr17_58720768_C_A,train,missense,pos_component_287,1,[287],b3e1d3d296a31150
chr17_58720768_C_G,train,missense,pos_component_287,1,[287],214ef47bee1ce6a5
chr17_58720768_C_T,train,missense,pos_component_287,1,[287],b3ca88a5c783d601
chr17_58720769_A_C,train,synonymous,pos_component_287,1,[287],ed6c04aa238e46c1
chr17_58720769_A_G,train,synonymous,pos_component_287,1,[287],ed6c04aa238e46c1
chr17_58720769_A_T,train,synonymous,pos_component_287,1,[287],ed6c04aa238e46c1
chr17_58720770_ACA_,test,inframe_indel,pos_component_288,1,[288],d132e88bdb390f90
chr17_58720770_ACA_AAG,test,missense,pos_component_288,1,[288],0811fb546fafb374
chr17_58720770_ACA_AGC,test,missense,pos_component_288,1,[288],3ec166a6cf790da6
chr17_58720770_ACA_ATC,test,missense,pos_component_288,1,[288],f54e7ae3d4942e81
chr17_58720770_ACA_CCC,test,missense,pos_component_288,1,[288],f5460988cd99556a
chr17_58720770_ACA_CGG,test,missense,pos_component_288,1,[288],ca8772e16181bfd9
chr17_58720770_ACA_GCC,test,missense,pos_component_288,1,[288],693db9a6f4bdc6eb
chr17_58720770_A_C,test,missense,pos_component_288,1,[288],f5460988cd99556a
chr17_58720770_A_G,test,missense,pos_component_288,1,[288],693db9a6f4bdc6eb
chr17_58720770_A_T,test,missense,pos_component_288,1,[288],3ec166a6cf790da6
chr17_58720771_C_A,test,missense,pos_component_288,1,[288],0811fb546fafb374
chr17_58720771_C_G,test,missense,pos_component_288,1,[288],ca8772e16181bfd9
chr17_58720771_C_T,test,missense,pos_component_288,1,[288],f54e7ae3d4942e81
chr17_58720772_A_C,test,synonymous,pos_component_288,1,[288],bcd2b03222afe6d4
chr17_58720772_A_G,test,synonymous,pos_component_288,1,[288],bcd2b03222afe6d4
chr17_58720772_A_T,test,synonymous,pos_component_288,1,[288],bcd2b03222afe6d4
chr17_58720773_AAG_,test,inframe_indel,pos_component_289,0,[289],666261ea5691d284
chr17_58720773_AAG_ACC,test,missense,pos_component_289,0,[289],0d509f60c1ad0674
chr17_58720773_AAG_CAA,test,missense,pos_component_289,0,[289],923b0090eebf7536
chr17_58720773_AAG_CGG,test,missense,pos_component_289,0,[289],70812cbed7b8d5e6
chr17_58720773_AAG_GAA,test,missense,pos_component_289,0,[289],234acc5f6c73fede
chr17_58720773_AAG_GCC,test,missense,pos_component_289,0,[289],b7934fa0d274355e
chr17_58720773_A_C,test,missense,pos_component_289,0,[289],923b0090eebf7536
chr17_58720773_A_G,test,missense,pos_component_289,0,[289],234acc5f6c73fede
chr17_58720774_A_C,test,missense,pos_component_289,0,[289],0d509f60c1ad0674
chr17_58720774_A_G,test,missense,pos_component_289,0,[289],70812cbed7b8d5e6
chr17_58720774_A_T,test,missense,pos_component_289,0,[289],06c34bd764b77227
chr17_58720775_G_A,test,synonymous,pos_component_289,0,[289],8c37e364c3abbe27
chr17_58720775_G_C,test,missense,pos_component_289,0,[289],a2f9b059ee3ec305
chr17_58720775_G_T,test,missense,pos_component_289,0,[289],a2f9b059ee3ec305
chr17_58720776_ATT_,train,inframe_indel,pos_component_290,1,[290],2a2453c2e9699d64
chr17_58720776_ATT_AAC,train,missense,pos_component_290,1,[290],b6b18d11178e56d5
chr17_58720776_ATT_ACC,train,missense,pos_component_290,1,[290],707535045f3ba426
chr17_58720776_ATT_AGC,train,missense,pos_component_290,1,[290],64b8c6dfd86496f9
chr17_58720776_ATT_CTG,train,missense,pos_component_290,1,[290],5f04774edbf22c4d
chr17_58720776_ATT_GCC,train,missense,pos_component_290,1,[290],55576a9b18cfd750
chr17_58720776_ATT_GTG,train,missense,pos_component_290,1,[290],ae35810e1dc1da62
chr17_58720776_ATT_TTC,train,missense,pos_component_290,1,[290],b5bd67e0443de23a
chr17_58720776_A_C,train,missense,pos_component_290,1,[290],5f04774edbf22c4d
chr17_58720776_A_G,train,missense,pos_component_290,1,[290],ae35810e1dc1da62
chr17_58720776_A_T,train,missense,pos_component_290,1,[290],b5bd67e0443de23a
chr17_58720777_T_A,train,missense,pos_component_290,1,[290],b6b18d11178e56d5
chr17_58720777_T_C,train,missense,pos_component_290,1,[290],707535045f3ba426
chr17_58720777_T_G,train,missense,pos_component_290,1,[290],64b8c6dfd86496f9
chr17_58720778_T_A,train,synonymous,pos_component_290,1,[290],4691c19d55efb3ca
chr17_58720778_T_C,train,synonymous,pos_component_290,1,[290],4691c19d55efb3ca
chr17_58720778_T_G,train,missense,pos_component_290,1,[290],093933161a55e16d
chr17_58720779_GAT_,train,inframe_indel,pos_component_291,0,[291],46eafd90d8ea4f48
chr17_58720779_GAT_AAC,train,missense,pos_component_291,0,[291],2b743268ee7aab56
chr17_58720779_GAT_CAC,train,missense,pos_component_291,0,[291],2cb64f1ab64afa0b
chr17_58720779_GAT_GCC,train,missense,pos_component_291,0,[291],3f15b53cb1e5ae13
chr17_58720779_GAT_GGC,train,missense,pos_component_291,0,[291],945ebed46a19f79a
chr17_58720779_GAT_GTG,train,missense,pos_component_291,0,[291],f6bb9c38ca7c5266
chr17_58720779_GAT_TAC,train,missense,pos_component_291,0,[291],5ff782a61f74c637
chr17_58720779_G_A,train,missense,pos_component_291,0,[291],2b743268ee7aab56
chr17_58720779_G_C,train,missense,pos_component_291,0,[291],2cb64f1ab64afa0b
chr17_58720779_G_T,train,missense,pos_component_291,0,[291],5ff782a61f74c637
chr17_58720780_A_C,train,missense,pos_component_291,0,[291],3f15b53cb1e5ae13
chr17_58720780_A_G,train,missense,pos_component_291,0,[291],945ebed46a19f79a
chr17_58720780_A_T,train,missense,pos_component_291,0,[291],f6bb9c38ca7c5266
chr17_58720781_T_A,train,missense,pos_component_291,0,[291],55aea0e6fceb51b3
chr17_58720781_T_C,train,synonymous,pos_component_291,0,[291],b2a7f363ddc2a7ac
chr17_58720781_T_G,train,missense,pos_component_291,0,[291],55aea0e6fceb51b3
chr17_58720782_AGA_,test,inframe_indel,pos_component_292,5,[292],5a6799a2259bddff
chr17_58720782_AGA_AAG,test,missense,pos_component_292,5,[292],ad7dfed3755d479f
chr17_58720782_AGA_ACC,test,missense,pos_component_292,5,[292],f75ef1bf736cf933
chr17_58720782_AGA_ATC,test,missense,pos_component_292,5,[292],6a32837febf0a2f2
chr17_58720782_AGA_CGC,test,synonymous,pos_component_292,5,[292],ec88d4ebe2e21385
chr17_58720782_AGA_CGG,test,synonymous,pos_component_292,5,[292],ec88d4ebe2e21385
chr17_58720782_AGA_CGT,test,synonymous,pos_component_292,5,[292],ec88d4ebe2e21385
chr17_58720782_AGA_GCC,test,missense,pos_component_292,5,[292],4a30eca370cc33d0
chr17_58720782_AGA_GGC,test,missense,pos_component_292,5,[292],522601e95b0764b3
chr17_58720782_AGA_TCC,test,missense,pos_component_292,5,[292],66acafddc7b14266
chr17_58720782_A_C,test,synonymous,pos_component_292,5,[292],ec88d4ebe2e21385
chr17_58720782_A_G,test,missense,pos_component_292,5,[292],522601e95b0764b3
chr17_58720783_G_A,test,missense,pos_component_292,5,[292],ad7dfed3755d479f
chr17_58720783_G_C,test,missense,pos_component_292,5,[292],f75ef1bf736cf933
chr17_58720783_G_T,test,missense,pos_component_292,5,[292],6a32837febf0a2f2
chr17_58720784_A_C,test,missense,pos_component_292,5,[292],66acafddc7b14266
chr17_58720784_A_G,test,synonymous,pos_component_292,5,[292],ec88d4ebe2e21385
chr17_58720784_A_T,test,missense,pos_component_292,5,[292],66acafddc7b14266
chr17_58720785_AAT_,train,inframe_indel,pos_component_293,4,[293],ec9d66b976c67517
chr17_58720785_AAT_ACC,train,missense,pos_component_293,4,[293],c2f946d1511a4fd5
chr17_58720785_AAT_AGC,train,missense,pos_component_293,4,[293],76760bb54e557a80
chr17_58720785_AAT_ATC,train,missense,pos_component_293,4,[293],290a0c597a880923
chr17_58720785_AAT_CAC,train,missense,pos_component_293,4,[293],903f92715b4c3e24
chr17_58720785_AAT_GAC,train,missense,pos_component_293,4,[293],547cbb27e384e2be
chr17_58720785_AAT_GCC,train,missense,pos_component_293,4,[293],98377c6790a42cdd
chr17_58720785_AAT_TAC,train,missense,pos_component_293,4,[293],ab53d65d7838d46b
chr17_58720785_A_C,train,missense,pos_component_293,4,[293],903f92715b4c3e24
chr17_58720785_A_G,train,missense,pos_component_293,4,[293],547cbb27e384e2be
chr17_58720785_A_T,train,missense,pos_component_293,4,[293],ab53d65d7838d46b
chr17_58720786_A_C,train,missense,pos_component_293,4,[293],c2f946d1511a4fd5
chr17_58720786_A_G,train,missense,pos_component_293,4,[293],76760bb54e557a80
chr17_58720786_A_T,train,missense,pos_component_293,4,[293],290a0c597a880923
chr17_58720787_T_A,train,missense,pos_component_293,4,[293],33f1ec1242a4b815
chr17_58720787_T_C,train,synonymous,pos_component_293,4,[293],fd5782d3b0502202
chr17_58720787_T_G,train,missense,pos_component_293,4,[293],33f1ec1242a4b815
chr17_58720788_CAG_,train,inframe_indel,pos_component_294,1,[294],6660ada30a9d790e
chr17_58720788_CAG_AAA,train,missense,pos_component_294,1,[294],11a4d51d6ff814ca
chr17_58720788_CAG_AGA,train,missense,pos_component_294,1,[294],afd18b6d8d7a66ec
chr17_58720788_CAG_CCC,train,missense,pos_component_294,1,[294],a2442c4d7b894d06
chr17_58720788_CAG_CTC,train,missense,pos_component_294,1,[294],833b7fab092bc923
chr17_58720788_CAG_GAA,train,missense,pos_component_294,1,[294],69b1aa5e328f746f
chr17_58720788_CAG_GCC,train,missense,pos_component_294,1,[294],2afa07b312664142
chr17_58720788_C_A,train,missense,pos_component_294,1,[294],11a4d51d6ff814ca
chr17_58720788_C_G,train,missense,pos_component_294,1,[294],69b1aa5e328f746f
chr17_58720789_A_C,train,missense,pos_component_294,1,[294],a2442c4d7b894d06
chr17_58720789_A_G,train,missense,pos_component_294,1,[294],afd18b6d8d7a66ec
chr17_58720789_A_T,train,missense,pos_component_294,1,[294],833b7fab092bc923
chr17_58720790_G_A,train,synonymous,pos_component_294,1,[294],c1d063352656cac7
chr17_58720790_G_C,train,missense,pos_component_294,1,[294],ee9affbbb2aa90df
chr17_58720790_G_T,train,missense,pos_component_294,1,[294],ee9affbbb2aa90df
chr17_58720791_GCC_,val,inframe_indel,pos_component_295,3,[295],e4a8352d7c5ce6fa
chr17_58720791_GCC_ACA,val,missense,pos_component_295,3,[295],fad4a844ed926048
chr17_58720791_GCC_AGC,val,missense,pos_component_295,3,[295],c2d9284fa6c769dd
chr17_58720791_GCC_CCT,val,missense,pos_component_295,3,[295],01b73035ccb0b75a
chr17_58720791_GCC_GAT,val,missense,pos_component_295,3,[295],d42a01013414e2d5
chr17_58720791_GCC_GGA,val,missense,pos_component_295,3,[295],0b1417635320e5d7
chr17_58720791_GCC_GTG,val,missense,pos_component_295,3,[295],4e2ae58eca42d6a6
chr17_58720791_G_A,val,missense,pos_component_295,3,[295],fad4a844ed926048
chr17_58720791_G_C,val,missense,pos_component_295,3,[295],01b73035ccb0b75a
chr17_58720791_G_T,val,missense,pos_component_295,3,[295],c2d9284fa6c769dd
chr17_58720792_C_A,val,missense,pos_component_295,3,[295],d42a01013414e2d5
chr17_58720792_C_G,val,missense,pos_component_295,3,[295],0b1417635320e5d7
chr17_58720792_C_T,val,missense,pos_component_295,3,[295],4e2ae58eca42d6a6
chr17_58720793_C_A,val,synonymous,pos_component_295,3,[295],5731de682f9d29eb
chr17_58720793_C_G,val,synonymous,pos_component_295,3,[295],5731de682f9d29eb
chr17_58720793_C_T,val,synonymous,pos_component_295,3,[295],5731de682f9d29eb
chr17_58720794_TTG_,train,inframe_indel,pos_component_297,5,[297],a381934cc485db60
chr17_58720794_TTG_AGC,train,missense,pos_component_296,4,[296],506442b918a49653
chr17_58720794_TTG_CTA,train,synonymous,pos_component_296,4,[296],8a3b0863438b14a2
chr17_58720794_TTG_CTC,train,synonymous,pos_component_296,4,[296],8a3b0863438b14a2
chr17_58720794_TTG_CTT,train,synonymous,pos_component_296,4,[296],8a3b0863438b14a2
chr17_58720794_TTG_GCC,train,missense,pos_component_296,4,[296],7e30e44983cdde1c
chr17_58720794_TTG_GTC,train,missense,pos_component_296,4,[296],3d70ffd90c785591
chr17_58720794_T_A,train,missense,pos_component_296,4,[296],35ba6c523b244cfd
chr17_58720794_T_C,train,synonymous,pos_component_296,4,[296],8a3b0863438b14a2
chr17_58720794_T_G,train,missense,pos_component_296,4,[296],3d70ffd90c785591
chr17_58720795_T_C,train,missense,pos_component_296,4,[296],506442b918a49653
chr17_58720795_T_G,train,missense,pos_component_296,4,[296],90a6a60335fd5f40
chr17_58720796_G_A,train,synonymous,pos_component_296,4,[296],8a3b0863438b14a2
chr17_58720796_G_C,train,missense,pos_component_296,4,[296],8d475b73941010dc
chr17_58720796_G_T,train,missense,pos_component_296,4,[296],8d475b73941010dc
chr17_58720797_CTT_,train,inframe_indel,pos_component_297,5,[297],a381934cc485db60
chr17_58720797_CTT_ATC,train,missense,pos_component_297,5,[297],923d8223c94a51a6
chr17_58720797_CTT_CAC,train,missense,pos_component_297,5,[297],4f47f173c1c97eb4
chr17_58720797_CTT_CCC,train,missense,pos_component_297,5,[297],042b91ebf37e756d
chr17_58720797_CTT_CGG,train,missense,pos_component_297,5,[297],99af32dc7397abeb
chr17_58720797_CTT_GCC,train,missense,pos_component_297,5,[297],8336f4d4d70ed565
chr17_58720797_CTT_GTG,train,missense,pos_component_297,5,[297],5e4795b9508920c7
chr17_58720797_CTT_TTA,train,synonymous,pos_component_297,5,[297],fe7980b4d71fc997
chr17_58720797_CTT_TTC,train,missense,pos_component_297,5,[297],8e145ed41955bc0d
chr17_58720797_CTT_TTG,train,synonymous,pos_component_297,5,[297],fe7980b4d71fc997
chr17_58720797_C_A,train,missense,pos_component_297,5,[297],923d8223c94a51a6
chr17_58720797_C_G,train,missense,pos_component_297,5,[297],5e4795b9508920c7
chr17_58720797_C_T,train,missense,pos_component_297,5,[297],8e145ed41955bc0d
chr17_58720798_T_A,train,missense,pos_component_297,5,[297],4f47f173c1c97eb4
chr17_58720798_T_C,train,missense,pos_component_297,5,[297],042b91ebf37e756d
chr17_58720798_T_G,train,missense,pos_component_297,5,[297],99af32dc7397abeb
chr17_58720799_T_A,train,synonymous,pos_component_297,5,[297],fe7980b4d71fc997
chr17_58720799_T_C,train,synonymous,pos_component_297,5,[297],fe7980b4d71fc997
chr17_58720799_T_G,train,synonymous,pos_component_297,5,[297],fe7980b4d71fc997
chr17_58720800_GTT_,test,inframe_indel,pos_component_298,5,[298],7a85734209cb8ade
chr17_58720800_GTT_ATC,test,missense,pos_component_298,5,[298],0e8a53b81783233c
chr17_58720800_GTT_CTG,test,missense,pos_component_298,5,[298],cd13a1dda0a7cb4f
chr17_58720800_GTT_GAC,test,missense,pos_component_298,5,[298],af4d7f2e11560694
chr17_58720800_GTT_GCC,test,missense,pos_component_298,5,[298],fd500beae4f161ae
chr17_58720800_GTT_GGC,test,missense,pos_component_298,5,[298],69c34815f156b690
chr17_58720800_GTT_TTC,test,missense,pos_component_298,5,[298],7a718667291c1bb2
chr17_58720800_G_A,test,missense,pos_component_298,5,[298],0e8a53b81783233c
chr17_58720800_G_C,test,missense,pos_component_298,5,[298],cd13a1dda0a7cb4f
chr17_58720800_G_T,test,missense,pos_component_298,5,[298],7a718667291c1bb2
chr17_58720801_T_A,test,missense,pos_component_298,5,[298],af4d7f2e11560694
chr17_58720801_T_C,test,missense,pos_component_298,5,[298],fd500beae4f161ae
chr17_58720801_T_G,test,missense,pos_component_298,5,[298],69c34815f156b690
chr17_58720802_T_A,test,synonymous,pos_component_298,5,[298],489a3fdb83dabcbb
chr17_58720802_T_C,test,synonymous,pos_component_298,5,[298],489a3fdb83dabcbb
chr17_58720802_T_G,test,synonymous,pos_component_298,5,[298],489a3fdb83dabcbb
chr17_58720803_CCT_,val,inframe_indel,pos_component_299,5,[299],f58b85ae9ef79547
chr17_58720803_CCT_ACC,val,missense,pos_component_299,5,[299],68cc2a2e8c2b6ee7
chr17_58720803_CCT_AGC,val,missense,pos_component_299,5,[299],568218feeadfc283
chr17_58720803_CCT_CAC,val,missense,pos_component_299,5,[299],fb449441750dac46
chr17_58720803_CCT_CGG,val,missense,pos_component_299,5,[299],8187dbc27837042a
chr17_58720803_CCT_CTG,val,missense,pos_component_299,5,[299],6f55a600eb10b5c9
chr17_58720803_CCT_GCC,val,missense,pos_component_299,5,[299],ecce143c647895cd
chr17_58720803_C_A,val,missense,pos_component_299,5,[299],68cc2a2e8c2b6ee7
chr17_58720803_C_G,val,missense,pos_component_299,5,[299],ecce143c647895cd
chr17_58720803_C_T,val,missense,pos_component_299,5,[299],568218feeadfc283
chr17_58720804_C_A,val,missense,pos_component_299,5,[299],fb449441750dac46
chr17_58720804_C_G,val,missense,pos_component_299,5,[299],8187dbc27837042a
chr17_58720804_C_T,val,missense,pos_component_299,5,[299],6f55a600eb10b5c9
chr17_58720805_T_A,val,synonymous,pos_component_299,5,[299],e6b0e4bc2307fdb3
chr17_58720805_T_C,val,synonymous,pos_component_299,5,[299],e6b0e4bc2307fdb3
chr17_58720805_T_G,val,synonymous,pos_component_299,5,[299],e6b0e4bc2307fdb3
chr17_58720806_GCA_,val,inframe_indel,pos_component_300,2,[300],97f18e05f5659e29
chr17_58720806_GCA_ACC,val,missense,pos_component_300,2,[300],b5e9d06c9f552f0b
chr17_58720806_GCA_AGC,val,missense,pos_component_300,2,[300],677ab82b3068e671
chr17_58720806_GCA_CCC,val,missense,pos_component_300,2,[300],001666624f3d158e
chr17_58720806_GCA_GAG,val,missense,pos_component_300,2,[300],5bb91d144ebf925e
chr17_58720806_GCA_GGC,val,missense,pos_component_300,2,[300],0708b8a4a107f158
chr17_58720806_GCA_GTG,val,missense,pos_component_300,2,[300],cea151e70c228adf
chr17_58720806_G_A,val,missense,pos_component_300,2,[300],b5e9d06c9f552f0b
chr17_58720806_G_C,val,missense,pos_component_300,2,[300],001666624f3d158e
chr17_58720806_G_T,val,missense,pos_component_300,2,[300],677ab82b3068e671
chr17_58720807_C_A,val,missense,pos_component_300,2,[300],5bb91d144ebf925e
chr17_58720807_C_G,val,missense,pos_component_300,2,[300],0708b8a4a107f158
chr17_58720807_C_T,val,missense,pos_component_300,2,[300],cea151e70c228adf
chr17_58720808_A_C,val,synonymous,pos_component_300,2,[300],35c05d3c4b831ea9
chr17_58720808_A_G,val,synonymous,pos_component_300,2,[300],35c05d3c4b831ea9
chr17_58720808_A_T,val,synonymous,pos_component_300,2,[300],35c05d3c4b831ea9
chr17_58720809_TTA_,train,inframe_indel,pos_component_301,1,[301],21c617f4402361fe
chr17_58720809_TTA_AGC,train,missense,pos_component_301,1,[301],31df95879a3ff50a
chr17_58720809_TTA_ATC,train,missense,pos_component_301,1,[301],895adc6e6a249f59
chr17_58720809_TTA_CTC,train,synonymous,pos_component_301,1,[301],c032e8ca48854de8
chr17_58720809_TTA_CTG,train,synonymous,pos_component_301,1,[301],c032e8ca48854de8
chr17_58720809_TTA_CTT,train,synonymous,pos_component_301,1,[301],c032e8ca48854de8
chr17_58720809_TTA_GCC,train,missense,pos_component_301,1,[301],6b6f0f99e7391ad6
chr17_58720809_TTA_GTG,train,missense,pos_component_301,1,[301],046341a7db08cada
chr17_58720809_T_A,train,missense,pos_component_301,1,[301],895adc6e6a249f59
chr17_58720809_T_C,train,synonymous,pos_component_301,1,[301],c032e8ca48854de8
chr17_58720809_T_G,train,missense,pos_component_301,1,[301],046341a7db08cada
chr17_58720810_T_C,train,missense,pos_component_301,1,[301],31df95879a3ff50a
chr17_58720811_A_C,train,missense,pos_component_301,1,[301],7ba04669bc85f40e
chr17_58720811_A_G,train,synonymous,pos_component_301,1,[301],c032e8ca48854de8
chr17_58720811_A_T,train,missense,pos_component_301,1,[301],7ba04669bc85f40e
chr17_58720812_G_A,test,missense,pos_component_302,2,[302],778a5ec2c50018ce
chr17_58720812_G_C,test,missense,pos_component_302,2,[302],778a5ec2c50018ce
chr17_58720812_G_T,test,missense,pos_component_302,2,[302],4a6933c2bdbb7204
chr17_58724040_G_A,test,missense,pos_component_302,2,[302],8435e760b1cc1a25
chr17_58724040_G_C,test,missense,pos_component_302,2,[302],122a0caf63da3286
chr17_58724040_G_T,test,missense,pos_component_302,2,[302],80caacfef873429d
chr17_58724041_G_A,test,synonymous,pos_component_302,2,[302],368abd9b6be4a4a1
chr17_58724041_G_C,test,synonymous,pos_component_302,2,[302],368abd9b6be4a4a1
chr17_58724041_G_T,test,synonymous,pos_component_302,2,[302],368abd9b6be4a4a1
chr17_58724042_GAA_,train,inframe_indel,pos_component_303,6,[303],819ce25f2acd859b
chr17_58724042_GAA_AAG,train,missense,pos_component_303,6,[303],202858afa1680839
chr17_58724042_GAA_CAG,train,missense,pos_component_303,6,[303],7e24045ced9b6442
chr17_58724042_GAA_GCC,train,missense,pos_component_303,6,[303],b2cc8fcdda62fb25
chr17_58724042_GAA_GGC,train,missense,pos_component_303,6,[303],549ba3a98a647117
chr17_58724042_GAA_GTG,train,missense,pos_component_303,6,[303],6b28107e6526e402
chr17_58724042_G_A,train,missense,pos_component_303,6,[303],202858afa1680839
chr17_58724042_G_C,train,missense,pos_component_303,6,[303],7e24045ced9b6442
chr17_58724043_A_C,train,missense,pos_component_303,6,[303],b2cc8fcdda62fb25
chr17_58724043_A_G,train,missense,pos_component_303,6,[303],549ba3a98a647117
chr17_58724043_A_T,train,missense,pos_component_303,6,[303],6b28107e6526e402
chr17_58724044_A_C,train,missense,pos_component_303,6,[303],5cd174ab9c452f78
chr17_58724044_A_G,train,synonymous,pos_component_303,6,[303],90704db0d6104c35
chr17_58724044_A_T,train,missense,pos_component_303,6,[303],5cd174ab9c452f78
chr17_58724045_AGT_,val,inframe_indel,pos_component_304,1,[304],95f19b9692aa7b55
chr17_58724045_AGT_AAC,val,missense,pos_component_304,1,[304],846128472d55ce90
chr17_58724045_AGT_ACC,val,missense,pos_component_304,1,[304],6f18d24a5710fe92
chr17_58724045_AGT_ATC,val,missense,pos_component_304,1,[304],2dc101561c7495e4
chr17_58724045_AGT_CGG,val,missense,pos_component_304,1,[304],f4f97440acb21b46
chr17_58724045_AGT_GCC,val,missense,pos_component_304,1,[304],a269436623c02c05
chr17_58724045_AGT_GGC,val,missense,pos_component_304,1,[304],2fbf1f9aba869654
chr17_58724045_AGT_TCA,val,synonymous,pos_component_304,1,[304],0f2f230bd4b363ae
chr17_58724045_AGT_TCC,val,synonymous,pos_component_304,1,[304],0f2f230bd4b363ae
chr17_58724045_AGT_TCG,val,synonymous,pos_component_304,1,[304],0f2f230bd4b363ae
chr17_58724045_AGT_TCT,val,synonymous,pos_component_304,1,[304],0f2f230bd4b363ae
chr17_58724045_AGT_TGC,val,missense,pos_component_304,1,[304],64f3c6eb6b367742
chr17_58724045_A_C,val,missense,pos_component_304,1,[304],f4f97440acb21b46
chr17_58724045_A_G,val,missense,pos_component_304,1,[304],2fbf1f9aba869654
chr17_58724045_A_T,val,missense,pos_component_304,1,[304],64f3c6eb6b367742
chr17_58724046_G_A,val,missense,pos_component_304,1,[304],846128472d55ce90
chr17_58724046_G_C,val,missense,pos_component_304,1,[304],6f18d24a5710fe92
chr17_58724046_G_T,val,missense,pos_component_304,1,[304],2dc101561c7495e4
chr17_58724047_T_A,val,missense,pos_component_304,1,[304],f4f97440acb21b46
chr17_58724047_T_C,val,synonymous,pos_component_304,1,[304],0f2f230bd4b363ae
chr17_58724047_T_G,val,missense,pos_component_304,1,[304],f4f97440acb21b46
chr17_58724048_TGG_,test,inframe_indel,pos_component_305,3,[305],85511553335a84df
chr17_58724048_TGG_AGA,test,missense,pos_component_305,3,[305],ffac026499e33289
chr17_58724048_TGG_AGC,test,missense,pos_component_305,3,[305],7d7e2f17deff9ac0
chr17_58724048_TGG_CTG,test,missense,pos_component_305,3,[305],18c887ca9132b323
chr17_58724048_TGG_GCC,test,missense,pos_component_305,3,[305],44df8a68d751e962
chr17_58724048_TGG_GGC,test,missense,pos_component_305,3,[305],be3f827f6820051e
chr17_58724048_T_A,test,missense,pos_component_305,3,[305],ffac026499e33289
chr17_58724048_T_C,test,missense,pos_component_305,3,[305],ffac026499e33289
chr17_58724048_T_G,test,missense,pos_component_305,3,[305],be3f827f6820051e
chr17_58724049_G_C,test,missense,pos_component_305,3,[305],7d7e2f17deff9ac0
chr17_58724049_G_T,test,missense,pos_component_305,3,[305],18c887ca9132b323
chr17_58724050_G_C,test,missense,pos_component_305,3,[305],cbe303e69a32d09a
chr17_58724050_G_T,test,missense,pos_component_305,3,[305],cbe303e69a32d09a
chr17_58724051_GGA_,train,inframe_indel,pos_component_306,2,[306],eca70f98f4a1615c
chr17_58724051_GGA_CGG,train,missense,pos_component_306,2,[306],97b277eb873b3bbd
chr17_58724051_GGA_GAG,train,missense,pos_component_306,2,[306],65c3946d7643940a
chr17_58724051_GGA_GCC,train,missense,pos_component_306,2,[306],4bb35ab4a1e33672
chr17_58724051_GGA_GTG,train,missense,pos_component_306,2,[306],162491a7a9abd16d
chr17_58724051_G_A,train,missense,pos_component_306,2,[306],97b277eb873b3bbd
chr17_58724051_G_C,train,missense,pos_component_306,2,[306],97b277eb873b3bbd
chr17_58724052_G_A,train,missense,pos_component_306,2,[306],65c3946d7643940a
chr17_58724052_G_C,train,missense,pos_component_306,2,[306],4bb35ab4a1e33672
chr17_58724052_G_T,train,missense,pos_component_306,2,[306],162491a7a9abd16d
chr17_58724053_A_C,train,synonymous,pos_component_306,2,[306],d69b93ed651475fa
chr17_58724053_A_G,train,synonymous,pos_component_306,2,[306],d69b93ed651475fa
chr17_58724053_A_T,train,synonymous,pos_component_306,2,[306],d69b93ed651475fa
chr17_58724054_CAT_,train,inframe_indel,pos_component_307,1,[307],56ab9ef5437a8ef3
chr17_58724054_CAT_AAC,train,missense,pos_component_307,1,[307],00a02c73570acf3a
chr17_58724054_CAT_CCC,train,missense,pos_component_307,1,[307],af6898214d6dd884
chr17_58724054_CAT_CGG,train,missense,pos_component_307,1,[307],f8ad6123b9eeed41
chr17_58724054_CAT_CTG,train,missense,pos_component_307,1,[307],abbacb6183960539
chr17_58724054_CAT_GAC,train,missense,pos_component_307,1,[307],653895522844bc52
chr17_58724054_CAT_GCC,train,missense,pos_component_307,1,[307],98fb580408d39a6f
chr17_58724054_CAT_TAC,train,missense,pos_component_307,1,[307],2280a46bf5912192
chr17_58724054_C_A,train,missense,pos_component_307,1,[307],00a02c73570acf3a
chr17_58724054_C_G,train,missense,pos_component_307,1,[307],653895522844bc52
chr17_58724054_C_T,train,missense,pos_component_307,1,[307],2280a46bf5912192
chr17_58724055_A_C,train,missense,pos_component_307,1,[307],af6898214d6dd884
chr17_58724055_A_G,train,missense,pos_component_307,1,[307],f8ad6123b9eeed41
chr17_58724055_A_T,train,missense,pos_component_307,1,[307],abbacb6183960539
chr17_58724056_T_A,train,missense,pos_component_307,1,[307],9d533ef6811829ab
chr17_58724056_T_C,train,synonymous,pos_component_307,1,[307],f3047d70aa1d9d9f
chr17_58724056_T_G,train,missense,pos_component_307,1,[307],9d533ef6811829ab
chr17_58724057_GCT_,train,inframe_indel,pos_component_309,4,[309],4cfeceaea56f4fa3
chr17_58724057_GCT_ACC,train,missense,pos_component_308,1,[308],065f5c638c6f8c89
chr17_58724057_GCT_AGC,train,missense,pos_component_308,1,[308],de2188a157e3f467
chr17_58724057_GCT_CCC,train,missense,pos_component_308,1,[308],3299cbf7dbecf619
chr17_58724057_GCT_GAC,train,missense,pos_component_308,1,[308],e6ea0fd3425f1f43
chr17_58724057_GCT_GGC,train,missense,pos_component_308,1,[308],0df0ea5812346564
chr17_58724057_GCT_GTG,train,missense,pos_component_308,1,[308],35117fe18292ad8c
chr17_58724057_G_A,train,missense,pos_component_308,1,[308],065f5c638c6f8c89
chr17_58724057_G_C,train,missense,pos_component_308,1,[308],3299cbf7dbecf619
chr17_58724057_G_T,train,missense,pos_component_308,1,[308],de2188a157e3f467
chr17_58724058_C_A,train,missense,pos_component_308,1,[308],e6ea0fd3425f1f43
chr17_58724058_C_G,train,missense,pos_component_308,1,[308],0df0ea5812346564
chr17_58724058_C_T,train,missense,pos_component_308,1,[308],35117fe18292ad8c
chr17_58724059_T_A,train,synonymous,pos_component_308,1,[308],d33c6a91fbb8b6bd
chr17_58724059_T_C,train,synonymous,pos_component_308,1,[308],d33c6a91fbb8b6bd
chr17_58724059_T_G,train,synonymous,pos_component_308,1,[308],d33c6a91fbb8b6bd
chr17_58724060_GCT_ACC,train,missense,pos_component_309,4,[309],0cad989e0a15eee5
chr17_58724060_GCT_AGC,train,missense,pos_component_309,4,[309],9d075ffb92b309df
chr17_58724060_GCT_CCC,train,missense,pos_component_309,4,[309],982dcc559975507a
chr17_58724060_GCT_GAC,train,missense,pos_component_309,4,[309],c73760746edac7df
chr17_58724060_GCT_GGC,train,missense,pos_component_309,4,[309],35ba8cba8f803fab
chr17_58724060_GCT_GTG,train,missense,pos_component_309,4,[309],e6ed323dc79cd577
chr17_58724060_G_A,train,missense,pos_component_309,4,[309],0cad989e0a15eee5
chr17_58724060_G_C,train,missense,pos_component_309,4,[309],982dcc559975507a
chr17_58724060_G_T,train,missense,pos_component_309,4,[309],9d075ffb92b309df
chr17_58724061_C_A,train,missense,pos_component_309,4,[309],c73760746edac7df
chr17_58724061_C_G,train,missense,pos_component_309,4,[309],35ba8cba8f803fab
chr17_58724061_C_T,train,missense,pos_component_309,4,[309],e6ed323dc79cd577
chr17_58724062_T_A,train,synonymous,pos_component_309,4,[309],0aa44d11bc4f5648
chr17_58724062_T_C,train,synonymous,pos_component_309,4,[309],0aa44d11bc4f5648
chr17_58724062_T_G,train,synonymous,pos_component_309,4,[309],0aa44d11bc4f5648
chr17_58724063_ACG_,train,inframe_indel,pos_component_310,3,[310],85e9951f13fc20df
chr17_58724063_ACG_AAA,train,missense,pos_component_310,3,[310],a0bf38a31b9829f8
chr17_58724063_ACG_AGC,train,missense,pos_component_310,3,[310],e0cf0f52fb7a9666
chr17_58724063_ACG_CCC,train,missense,pos_component_310,3,[310],2f1ab56145ab4722
chr17_58724063_ACG_CGG,train,missense,pos_component_310,3,[310],cae270af45a66441
chr17_58724063_ACG_GCC,train,missense,pos_component_310,3,[310],15280b48109a4b4b
chr17_58724063_A_C,train,missense,pos_component_310,3,[310],2f1ab56145ab4722
chr17_58724063_A_G,train,missense,pos_component_310,3,[310],15280b48109a4b4b
chr17_58724063_A_T,train,missense,pos_component_310,3,[310],e0cf0f52fb7a9666
chr17_58724064_C_A,train,missense,pos_component_310,3,[310],a0bf38a31b9829f8
chr17_58724064_C_G,train,missense,pos_component_310,3,[310],cae270af45a66441
chr17_58724064_C_T,train,missense,pos_component_310,3,[310],4664d1ddcc32ba0d
chr17_58724065_G_C,train,synonymous,pos_component_310,3,[310],aa892d4ef4fa82a8
chr17_58724065_G_T,train,synonymous,pos_component_310,3,[310],aa892d4ef4fa82a8
chr17_58724066_ATA_,test,inframe_indel,pos_component_311,4,[311],2a0e6b0fe87a6402
chr17_58724066_ATA_AAG,test,missense,pos_component_311,4,[311],cd16f074bc8a991d
chr17_58724066_ATA_ACC,test,missense,pos_component_311,4,[311],4ba8b3cedd0930d2
chr17_58724066_ATA_CGG,test,missense,pos_component_311,4,[311],5d98a2fd4483bc79
chr17_58724066_ATA_CTG,test,missense,pos_component_311,4,[311],cce7dc211831017b
chr17_58724066_ATA_GCC,test,missense,pos_component_311,4,[311],a3ca02de3283a146
chr17_58724066_ATA_GTG,test,missense,pos_component_311,4,[311],dae4c7cea60b202f
chr17_58724066_A_C,test,missense,pos_component_311,4,[311],cce7dc211831017b
chr17_58724066_A_G,test,missense,pos_component_311,4,[311],dae4c7cea60b202f
chr17_58724066_A_T,test,missense,pos_component_311,4,[311],cce7dc211831017b
chr17_58724067_T_A,test,missense,pos_component_311,4,[311],cd16f074bc8a991d
chr17_58724067_T_C,test,missense,pos_component_311,4,[311],4ba8b3cedd0930d2
chr17_58724067_T_G,test,missense,pos_component_311,4,[311],5d98a2fd4483bc79
chr17_58724068_A_C,test,synonymous,pos_component_311,4,[311],c367a09a4bde466e
chr17_58724068_A_G,test,missense,pos_component_311,4,[311],d78fecaf37cb2935
chr17_58724068_A_T,test,synonymous,pos_component_311,4,[311],c367a09a4bde466e
chr17_58724069_CGA_,val,inframe_indel,pos_component_312,1,[312],0e0b8cda5ca84794
chr17_58724069_CGA_AGG,val,synonymous,pos_component_312,1,[312],018e506fb7c80e61
chr17_58724069_CGA_CAG,val,missense,pos_component_312,1,[312],ed0791ca23cc2533
chr17_58724069_CGA_CCC,val,missense,pos_component_312,1,[312],3d8e1ce584248399
chr17_58724069_CGA_CTG,val,missense,pos_component_312,1,[312],6400ef0a2de7a1eb
chr17_58724069_CGA_GCC,val,missense,pos_component_312,1,[312],fdfbaf026eaff434
chr17_58724069_CGA_GGC,val,missense,pos_component_312,1,[312],3401a85e6f6d8f30
chr17_58724069_C_A,val,synonymous,pos_component_312,1,[312],018e506fb7c80e61
chr17_58724069_C_G,val,missense,pos_component_312,1,[312],3401a85e6f6d8f30
chr17_58724070_G_A,val,missense,pos_component_312,1,[312],ed0791ca23cc2533
chr17_58724070_G_C,val,missense,pos_component_312,1,[312],3d8e1ce584248399
chr17_58724070_G_T,val,missense,pos_component_312,1,[312],6400ef0a2de7a1eb
chr17_58724071_A_C,val,synonymous,pos_component_312,1,[312],018e506fb7c80e61
chr17_58724071_A_T,val,synonymous,pos_component_312,1,[312],018e506fb7c80e61
chr17_58724072_CTA_,train,inframe_indel,pos_component_313,3,[313],45307c8e9a77d868
chr17_58724072_CTA_ATC,train,missense,pos_component_313,3,[313],ca6126165db5ec1b
chr17_58724072_CTA_CAG,train,missense,pos_component_313,3,[313],8409ac9935e819fb
chr17_58724072_CTA_CCC,train,missense,pos_component_313,3,[313],9f9704592ad06e6a
chr17_58724072_CTA_CGG,train,missense,pos_component_313,3,[313],c779213c6242f5a3
chr17_58724072_CTA_GCC,train,missense,pos_component_313,3,[313],6a144574690efe5d
chr17_58724072_CTA_GTG,train,missense,pos_component_313,3,[313],2e679e4d4a1d0481
chr17_58724072_CTA_TTG,train,synonymous,pos_component_313,3,[313],3942ea4d1f5c86c4
chr17_58724072_C_A,train,missense,pos_component_313,3,[313],ca6126165db5ec1b
chr17_58724072_C_G,train,missense,pos_component_313,3,[313],2e679e4d4a1d0481
chr17_58724072_C_T,train,synonymous,pos_component_313,3,[313],3942ea4d1f5c86c4
chr17_58724073_TAA_,train,inframe_indel,pos_component_314,3,[314],2e4e847c72fcc688
chr17_58724073_T_A,train,missense,pos_component_313,3,[313],8409ac9935e819fb
chr17_58724073_T_C,train,missense,pos_component_313,3,[313],9f9704592ad06e6a
chr17_58724073_T_G,train,missense,pos_component_313,3,[313],c779213c6242f5a3
chr17_58724074_A_C,train,synonymous,pos_component_313,3,[313],3942ea4d1f5c86c4
chr17_58724074_A_G,train,synonymous,pos_component_313,3,[313],3942ea4d1f5c86c4
chr17_58724074_A_T,train,synonymous,pos_component_313,3,[313],3942ea4d1f5c86c4
chr17_58724075_ATC_,train,inframe_indel,pos_component_314,3,[314],6b75907ca06d0fa9
chr17_58724075_ATC_AAT,train,missense,pos_component_314,3,[314],a65928d6622cd0ea
chr17_58724075_ATC_ACA,train,missense,pos_component_314,3,[314],ff8b51fd6d17e7db
chr17_58724075_ATC_CTG,train,missense,pos_component_314,3,[314],28f604315b8f2ad9
chr17_58724075_ATC_GCC,train,missense,pos_component_314,3,[314],cabb13b459d2ea02
chr17_58724075_ATC_GTG,train,missense,pos_component_314,3,[314],57a7d9b42d338219
chr17_58724075_ATC_TCC,train,missense,pos_component_314,3,[314],d38b6ee5bae51e97
chr17_58724075_ATC_TTT,train,missense,pos_component_314,3,[314],9cc0113c473d462c
chr17_58724075_A_C,train,missense,pos_component_314,3,[314],28f604315b8f2ad9
chr17_58724075_A_G,train,missense,pos_component_314,3,[314],57a7d9b42d338219
chr17_58724075_A_T,train,missense,pos_component_314,3,[314],9cc0113c473d462c
chr17_58724076_T_A,train,missense,pos_component_314,3,[314],a65928d6622cd0ea
chr17_58724076_T_C,train,missense,pos_component_314,3,[314],ff8b51fd6d17e7db
chr17_58724076_T_G,train,missense,pos_component_314,3,[314],d38b6ee5bae51e97
chr17_58724077_C_A,train,synonymous,pos_component_314,3,[314],a8086736ae05efcd
chr17_58724077_C_G,train,missense,pos_component_314,3,[314],6e6eebc11e166f71
chr17_58724077_C_T,train,synonymous,pos_component_314,3,[314],a8086736ae05efcd
chr17_58724078_TTT_,test,inframe_indel,pos_component_315,3,[315],0ff6fe6fea53e538
chr17_58724078_TTT_AGC,test,missense,pos_component_315,3,[315],6836f98e4833fdca
chr17_58724078_TTT_ATC,test,missense,pos_component_315,3,[315],0b465ce4891b4af2
chr17_58724078_TTT_CTG,test,missense,pos_component_315,3,[315],4e3093a6eed9818d
chr17_58724078_TTT_GCC,test,missense,pos_component_315,3,[315],c50288ed0ca567b1
chr17_58724078_TTT_GTG,test,missense,pos_component_315,3,[315],d40cabe31669551c
chr17_58724078_TTT_TAC,test,missense,pos_component_315,3,[315],1335b63b600f1210
chr17_58724078_TTT_TGC,test,missense,pos_component_315,3,[315],8437e9f968586d59
chr17_58724078_T_A,test,missense,pos_component_315,3,[315],0b465ce4891b4af2
chr17_58724078_T_C,test,missense,pos_component_315,3,[315],4e3093a6eed9818d
chr17_58724078_T_G,test,missense,pos_component_315,3,[315],d40cabe31669551c
chr17_58724079_T_A,test,missense,pos_component_315,3,[315],1335b63b600f1210
chr17_58724079_T_C,test,missense,pos_component_315,3,[315],6836f98e4833fdca
chr17_58724079_T_G,test,missense,pos_component_315,3,[315],8437e9f968586d59
chr17_58724080_T_A,test,missense,pos_component_315,3,[315],4e3093a6eed9818d
chr17_58724080_T_C,test,synonymous,pos_component_315,3,[315],661c5ee038ad7c38
chr17_58724080_T_G,test,missense,pos_component_315,3,[315],4e3093a6eed9818d
chr17_58724081_CAT_,test,inframe_indel,pos_component_316,1,[316],111ed2412f952490
chr17_58724081_CAT_AAC,test,missense,pos_component_316,1,[316],f25bfbd25d3b5919
chr17_58724081_CAT_CCC,test,missense,pos_component_316,1,[316],3be70f078fbecd6b
chr17_58724081_CAT_CGG,test,missense,pos_component_316,1,[316],0efeaf98d58efb67
chr17_58724081_CAT_CTG,test,missense,pos_component_316,1,[316],12d5c31c3644d51f
chr17_58724081_CAT_GAC,test,missense,pos_component_316,1,[316],9532128b6b618b33
chr17_58724081_CAT_GCC,test,missense,pos_component_316,1,[316],8cc9bb0173c3158c
chr17_58724081_CAT_TAC,test,missense,pos_component_316,1,[316],cc809d5c4316445d
chr17_58724081_C_A,test,missense,pos_component_316,1,[316],f25bfbd25d3b5919
chr17_58724081_C_G,test,missense,pos_component_316,1,[316],9532128b6b618b33
chr17_58724081_C_T,test,missense,pos_component_316,1,[316],cc809d5c4316445d
chr17_58724082_A_C,test,missense,pos_component_316,1,[316],3be70f078fbecd6b
chr17_58724082_A_G,test,missense,pos_component_316,1,[316],0efeaf98d58efb67
chr17_58724082_A_T,test,missense,pos_component_316,1,[316],12d5c31c3644d51f
chr17_58724083_T_A,test,missense,pos_component_316,1,[316],dc6489be70d82ecb
chr17_58724083_T_C,test,synonymous,pos_component_316,1,[316],ca7eea5d98b3fba9
chr17_58724083_T_G,test,missense,pos_component_316,1,[316],dc6489be70d82ecb
chr17_58724084_TGG_,train,inframe_indel,pos_component_317,2,[317],743aa09bf6cdb2a9
chr17_58724084_TGG_AGA,train,missense,pos_component_317,2,[317],8a03c12c583e429a
chr17_58724084_TGG_AGC,train,missense,pos_component_317,2,[317],2082588a29be1c4a
chr17_58724084_TGG_CTG,train,missense,pos_component_317,2,[317],27f0f51022c8773d
chr17_58724084_TGG_GCC,train,missense,pos_component_317,2,[317],85776871e6fa3553
chr17_58724084_TGG_GGC,train,missense,pos_component_317,2,[317],783c52e18fc3ca28
chr17_58724084_T_A,train,missense,pos_component_317,2,[317],8a03c12c583e429a
chr17_58724084_T_C,train,missense,pos_component_317,2,[317],8a03c12c583e429a
chr17_58724084_T_G,train,missense,pos_component_317,2,[317],783c52e18fc3ca28
chr17_58724085_G_C,train,missense,pos_component_317,2,[317],2082588a29be1c4a
chr17_58724085_G_T,train,missense,pos_component_317,2,[317],27f0f51022c8773d
chr17_58724086_G_C,train,missense,pos_component_317,2,[317],cdbcbed0bea1938c
chr17_58724086_G_T,train,missense,pos_component_317,2,[317],cdbcbed0bea1938c
chr17_58724087_GAC_,test,inframe_indel,pos_component_318,6,[318],780bbdd59fc0c964
chr17_58724087_GAC_AAT,test,missense,pos_component_318,6,[318],da7e0a7ed3b9dff7
chr17_58724087_GAC_CAT,test,missense,pos_component_318,6,[318],55f3dd8a672b9cb7
chr17_58724087_GAC_GCT,test,missense,pos_component_318,6,[318],fe6612587aa5a445
chr17_58724087_GAC_GGA,test,missense,pos_component_318,6,[318],60b690e5f9e450d8
chr17_58724087_GAC_GTG,test,missense,pos_component_318,6,[318],9534b1470ea87e32
chr17_58724087_GAC_TAT,test,missense,pos_component_318,6,[318],afb3fcf55de38ec1
chr17_58724087_G_A,test,missense,pos_component_318,6,[318],da7e0a7ed3b9dff7
chr17_58724087_G_C,test,missense,pos_component_318,6,[318],55f3dd8a672b9cb7
chr17_58724087_G_T,test,missense,pos_component_318,6,[318],afb3fcf55de38ec1
chr17_58724088_A_C,test,missense,pos_component_318,6,[318],fe6612587aa5a445
chr17_58724088_A_G,test,missense,pos_component_318,6,[318],60b690e5f9e450d8
chr17_58724088_A_T,test,missense,pos_component_318,6,[318],9534b1470ea87e32
chr17_58724089_C_A,test,missense,pos_component_318,6,[318],c461686715ac636f
chr17_58724089_C_G,test,missense,pos_component_318,6,[318],c461686715ac636f
chr17_58724089_C_T,test,synonymous,pos_component_318,6,[318],4ab23b57acc8ea10
chr17_58724090_CGA_,test,inframe_indel,pos_component_319,1,[319],3e281e6a26f5b38f
chr17_58724090_CGA_AGG,test,synonymous,pos_component_319,1,[319],7cf13e086c097483
chr17_58724090_CGA_CAG,test,missense,pos_component_319,1,[319],7e5a98d525c6642b
chr17_58724090_CGA_CCC,test,missense,pos_component_319,1,[319],d913768db790b21c
chr17_58724090_CGA_CTG,test,missense,pos_component_319,1,[319],61aa7e7cae6f17c3
chr17_58724090_CGA_GCC,test,missense,pos_component_319,1,[319],0869c8722a6963fc
chr17_58724090_CGA_GGC,test,missense,pos_component_319,1,[319],36b7797a7c66aad1
chr17_58724090_C_A,test,synonymous,pos_component_319,1,[319],7cf13e086c097483
chr17_58724090_C_G,test,missense,pos_component_319,1,[319],36b7797a7c66aad1
chr17_58724091_G_A,test,missense,pos_component_319,1,[319],7e5a98d525c6642b
chr17_58724091_G_C,test,missense,pos_component_319,1,[319],d913768db790b21c
chr17_58724091_G_T,test,missense,pos_component_319,1,[319],61aa7e7cae6f17c3
chr17_58724092_A_C,test,synonymous,pos_component_319,1,[319],7cf13e086c097483
chr17_58724092_A_G,test,synonymous,pos_component_319,1,[319],7cf13e086c097483
chr17_58724092_A_T,test,synonymous,pos_component_319,1,[319],7cf13e086c097483
chr17_58724093_AAG_,train,inframe_indel,pos_component_320,4,[320],80a72e7935885676
chr17_58724093_AAG_ACC,train,missense,pos_component_320,4,[320],a6148e8538a83b8c
chr17_58724093_AAG_CAA,train,missense,pos_component_320,4,[320],0d9894efc500b400
chr17_58724093_AAG_CGG,train,missense,pos_component_320,4,[320],392c39c1406b552f
chr17_58724093_AAG_GAA,train,missense,pos_component_320,4,[320],fca943a8e622f839
chr17_58724093_AAG_GCC,train,missense,pos_component_320,4,[320],f9986e598055858d
chr17_58724093_A_C,train,missense,pos_component_320,4,[320],0d9894efc500b400
chr17_58724093_A_G,train,missense,pos_component_320,4,[320],fca943a8e622f839
chr17_58724094_A_C,train,missense,pos_component_320,4,[320],a6148e8538a83b8c
chr17_58724094_A_G,train,missense,pos_component_320,4,[320],392c39c1406b552f
chr17_58724094_A_T,train,missense,pos_component_320,4,[320],b743371d5eda9ed7
chr17_58724095_G_A,train,synonymous,pos_component_320,4,[320],8c6f71c33d794435
chr17_58724095_G_C,train,missense,pos_component_320,4,[320],5bc73a84eb23495e
chr17_58724095_G_T,train,missense,pos_component_320,4,[320],5bc73a84eb23495e
chr17_58724096_CAA_,train,inframe_indel,pos_component_321,3,[321],4b716ea5f4a40f1b
chr17_58724096_CAA_AAG,train,missense,pos_component_321,3,[321],69131f7e969eabf3
chr17_58724096_CAA_CCC,train,missense,pos_component_321,3,[321],37a7aa4acbd999b5
chr17_58724096_CAA_CGG,train,missense,pos_component_321,3,[321],c6c4dfe8039d0e9a
chr17_58724096_CAA_CTG,train,missense,pos_component_321,3,[321],6029170f8172b140
chr17_58724096_CAA_GAG,train,missense,pos_component_321,3,[321],11960f150c0052c8
chr17_58724096_CAA_GCC,train,missense,pos_component_321,3,[321],70d776a0041bbedd
chr17_58724096_C_A,train,missense,pos_component_321,3,[321],69131f7e969eabf3
chr17_58724096_C_G,train,missense,pos_component_321,3,[321],11960f150c0052c8
chr17_58724097_A_C,train,missense,pos_component_321,3,[321],37a7aa4acbd999b5
chr17_58724097_A_G,train,missense,pos_component_321,3,[321],c6c4dfe8039d0e9a
chr17_58724097_A_T,train,missense,pos_component_321,3,[321],6029170f8172b140
chr17_58724098_A_C,train,missense,pos_component_321,3,[321],046b924ce31af329
chr17_58724098_A_G,train,synonymous,pos_component_321,3,[321],573abf4a3cc66425
chr17_58724098_A_T,train,missense,pos_component_321,3,[321],046b924ce31af329
chr17_58724099_A_C,test,synonymous,pos_component_322,1,[322],3f53805fc4500e12
chr17_58724099_A_G,test,missense,pos_component_322,1,[322],15f84cdeed43e77e
chr17_58724099_A_T,test,missense,pos_component_322,1,[322],d174a977327bcf32
chr17_58724100_G_A,test,missense,pos_component_322,1,[322],8abe39099efa907b
chr17_58724100_G_C,test,missense,pos_component_322,1,[322],e8ae7ef99baa9f02
chr17_58724100_G_T,test,missense,pos_component_322,1,[322],5f41ad4d2eaa521b
chr17_58732484_G_A,test,synonymous,pos_component_322,1,[322],3f53805fc4500e12
chr17_58732484_G_C,test,missense,pos_component_322,1,[322],f583911d81c02e9f
chr17_58732484_G_T,test,missense,pos_component_322,1,[322],f583911d81c02e9f
chr17_58732485_TTG_,train,inframe_indel,pos_component_323,6,[323],1fc810e06a1ed95b
chr17_58732485_TTG_AGC,train,missense,pos_component_323,6,[323],344c364e7c31c3c0
chr17_58732485_TTG_CTA,train,synonymous,pos_component_323,6,[323],11ce2556555bdff0
chr17_58732485_TTG_CTC,train,synonymous,pos_component_323,6,[323],11ce2556555bdff0
chr17_58732485_TTG_CTT,train,synonymous,pos_component_323,6,[323],11ce2556555bdff0
chr17_58732485_TTG_GCC,train,missense,pos_component_323,6,[323],0f2905fd90cc9253
chr17_58732485_TTG_GTC,train,missense,pos_component_323,6,[323],6f38bba82e3c6024
chr17_58732485_T_A,train,missense,pos_component_323,6,[323],3c54d56987bfb626
chr17_58732485_T_C,train,synonymous,pos_component_323,6,[323],11ce2556555bdff0
chr17_58732485_T_G,train,missense,pos_component_323,6,[323],6f38bba82e3c6024
chr17_58732486_T_C,train,missense,pos_component_323,6,[323],344c364e7c31c3c0
chr17_58732486_T_G,train,missense,pos_component_323,6,[323],613ffe4182e84274
chr17_58732487_G_A,train,synonymous,pos_component_323,6,[323],11ce2556555bdff0
chr17_58732487_G_C,train,missense,pos_component_323,6,[323],e1a4b0ce23a06e00
chr17_58732487_G_T,train,missense,pos_component_323,6,[323],e1a4b0ce23a06e00
chr17_58732488_GCA_,train,inframe_indel,pos_component_324,6,[324],eaaf3b7534e42c58
chr17_58732488_GCA_ACC,train,missense,pos_component_324,6,[324],61175c2130a0ba84
chr17_58732488_GCA_AGC,train,missense,pos_component_324,6,[324],46a3f9b12c94d6f7
chr17_58732488_GCA_CCC,train,missense,pos_component_324,6,[324],bb6d405e3f9cdb5d
chr17_58732488_GCA_GAG,train,missense,pos_component_324,6,[324],eb540a3c81d4edce
chr17_58732488_GCA_GGC,train,missense,pos_component_324,6,[324],9e059664f764f500
chr17_58732488_GCA_GTG,train,missense,pos_component_324,6,[324],23f3d702d84d28bc
chr17_58732488_G_A,train,missense,pos_component_324,6,[324],61175c2130a0ba84
chr17_58732488_G_C,train,missense,pos_component_324,6,[324],bb6d405e3f9cdb5d
chr17_58732488_G_T,train,missense,pos_component_324,6,[324],46a3f9b12c94d6f7
chr17_58732489_C_A,train,missense,pos_component_324,6,[324],eb540a3c81d4edce
chr17_58732489_C_G,train,missense,pos_component_324,6,[324],9e059664f764f500
chr17_58732489_C_T,train,missense,pos_component_324,6,[324],23f3d702d84d28bc
chr17_58732490_A_C,train,synonymous,pos_component_324,6,[324],58ae0af1db52e7e4
chr17_58732490_A_G,train,synonymous,pos_component_324,6,[324],58ae0af1db52e7e4
chr17_58732490_A_T,train,synonymous,pos_component_324,6,[324],58ae0af1db52e7e4
chr17_58732491_ACA_,train,inframe_indel,pos_component_325,2,[325],c3322c8e4e310637
chr17_58732491_ACA_AAG,train,missense,pos_component_325,2,[325],a18421f455e7e9b2
chr17_58732491_ACA_AGC,train,missense,pos_component_325,2,[325],c7203229f36ab66e
chr17_58732491_ACA_ATC,train,missense,pos_component_325,2,[325],5a620236ad06fe32
chr17_58732491_ACA_CCC,train,missense,pos_component_325,2,[325],6a307a49ad0fbde2
chr17_58732491_ACA_CGG,train,missense,pos_component_325,2,[325],085df382c504c871
chr17_58732491_ACA_GCC,train,missense,pos_component_325,2,[325],20e3ad3642cc7cf4
chr17_58732491_A_C,train,missense,pos_component_325,2,[325],6a307a49ad0fbde2
chr17_58732491_A_G,train,missense,pos_component_325,2,[325],20e3ad3642cc7cf4
chr17_58732491_A_T,train,missense,pos_component_325,2,[325],c7203229f36ab66e
chr17_58732492_C_A,train,missense,pos_component_325,2,[325],a18421f455e7e9b2
chr17_58732492_C_G,train,missense,pos_component_325,2,[325],085df382c504c871
chr17_58732492_C_T,train,missense,pos_component_325,2,[325],5a620236ad06fe32
chr17_58732493_A_C,train,synonymous,pos_component_325,2,[325],7e442bf4915e47e2
chr17_58732493_A_G,train,synonymous,pos_component_325,2,[325],7e442bf4915e47e2
chr17_58732493_A_T,train,synonymous,pos_component_325,2,[325],7e442bf4915e47e2
chr17_58732494_TTG_,train,inframe_indel,pos_component_326,0,[326],27e70a96cc46ebff
chr17_58732494_TTG_AGC,train,missense,pos_component_326,0,[326],55309805016e4462
chr17_58732494_TTG_CTA,train,synonymous,pos_component_326,0,[326],0645dd5a460cbb6d
chr17_58732494_TTG_CTC,train,synonymous,pos_component_326,0,[326],0645dd5a460cbb6d
chr17_58732494_TTG_CTT,train,synonymous,pos_component_326,0,[326],0645dd5a460cbb6d
chr17_58732494_TTG_GCC,train,missense,pos_component_326,0,[326],051b13cb7a7c6fd7
chr17_58732494_TTG_GTC,train,missense,pos_component_326,0,[326],f301bc22a82ccf99
chr17_58732494_T_A,train,missense,pos_component_326,0,[326],40857ea4bc985a0e
chr17_58732494_T_C,train,synonymous,pos_component_326,0,[326],0645dd5a460cbb6d
chr17_58732494_T_G,train,missense,pos_component_326,0,[326],f301bc22a82ccf99
chr17_58732495_T_C,train,missense,pos_component_326,0,[326],55309805016e4462
chr17_58732495_T_G,train,missense,pos_component_326,0,[326],167cc5c39be8540f
chr17_58732496_G_A,train,synonymous,pos_component_326,0,[326],0645dd5a460cbb6d
chr17_58732496_G_C,train,missense,pos_component_326,0,[326],9b13f76a8256805e
chr17_58732496_G_T,train,missense,pos_component_326,0,[326],9b13f76a8256805e
chr17_58732497_TAC_,train,inframe_indel,pos_component_327,1,[327],86a9677376363913
chr17_58732497_TAC_AAT,train,missense,pos_component_327,1,[327],6f06d51ac18e83a4
chr17_58732497_TAC_AGC,train,missense,pos_component_327,1,[327],302a255d3f0de0f5
chr17_58732497_TAC_CAT,train,missense,pos_component_327,1,[327],d00c3462baf4a0e0
chr17_58732497_TAC_GAT,train,missense,pos_component_327,1,[327],b7f59781438c3ff6
chr17_58732497_TAC_GCC,train,missense,pos_component_327,1,[327],546f434ff2cd5a9f
chr17_58732497_TAC_TGT,train,missense,pos_component_327,1,[327],2ba8e06fe19ecc7b
chr17_58732497_TAC_TTT,train,missense,pos_component_327,1,[327],9409be97008c3e3c
chr17_58732497_T_A,train,missense,pos_component_327,1,[327],6f06d51ac18e83a4
chr17_58732497_T_C,train,missense,pos_component_327,1,[327],d00c3462baf4a0e0
chr17_58732497_T_G,train,missense,pos_component_327,1,[327],b7f59781438c3ff6
chr17_58732498_A_C,train,missense,pos_component_327,1,[327],302a255d3f0de0f5
chr17_58732498_A_G,train,missense,pos_component_327,1,[327],2ba8e06fe19ecc7b
chr17_58732498_A_T,train,missense,pos_component_327,1,[327],9409be97008c3e3c
chr17_58732499_C_T,train,synonymous,pos_component_327,1,[327],f3f1fe2baa30398a
chr17_58732500_AAG_,val,inframe_indel,pos_component_328,3,[328],cb22e21de371b1d8
chr17_58732500_AAG_ACC,val,missense,pos_component_328,3,[328],4b3035768094c96d
chr17_58732500_AAG_CAA,val,missense,pos_component_328,3,[328],21dd68b393af4602
chr17_58732500_AAG_CGG,val,missense,pos_component_328,3,[328],47d02a8af6315b62
chr17_58732500_AAG_GAA,val,missense,pos_component_328,3,[328],132f8791d92d19c5
chr17_58732500_AAG_GCC,val,missense,pos_component_328,3,[328],89147d1f9302c383
chr17_58732500_A_C,val,missense,pos_component_328,3,[328],21dd68b393af4602
chr17_58732500_A_G,val,missense,pos_component_328,3,[328],132f8791d92d19c5
chr17_58732501_A_C,val,missense,pos_component_328,3,[328],4b3035768094c96d
chr17_58732501_A_G,val,missense,pos_component_328,3,[328],47d02a8af6315b62
chr17_58732501_A_T,val,missense,pos_component_328,3,[328],b7c9960988f4f5c0
chr17_58732502_G_A,val,synonymous,pos_component_328,3,[328],8af8fa20d1ee936a
chr17_58732502_G_C,val,missense,pos_component_328,3,[328],d4676d6eecd45c0b
chr17_58732502_G_T,val,missense,pos_component_328,3,[328],d4676d6eecd45c0b
chr17_58732503_TCA_,test,inframe_indel,pos_component_329,3,[329],4ea7c277b50e12c7
chr17_58732503_TCA_ACC,test,missense,pos_component_329,3,[329],428e3cf3195138c2
chr17_58732503_TCA_AGC,test,synonymous,pos_component_329,3,[329],5c3e5fbac58854eb
chr17_58732503_TCA_AGT,test,synonymous,pos_component_329,3,[329],5c3e5fbac58854eb
chr17_58732503_TCA_CCC,test,missense,pos_component_329,3,[329],a5b6c6479159c62d
chr17_58732503_TCA_CTG,test,missense,pos_component_329,3,[329],eee165edb51147d7
chr17_58732503_TCA_GCC,test,missense,pos_component_329,3,[329],2c8c07a969724441
chr17_58732503_T_A,test,missense,pos_component_329,3,[329],428e3cf3195138c2
chr17_58732503_T_C,test,missense,pos_component_329,3,[329],a5b6c6479159c62d
chr17_58732503_T_G,test,missense,pos_component_329,3,[329],2c8c07a969724441
chr17_58732504_C_T,test,missense,pos_component_329,3,[329],eee165edb51147d7
chr17_58732505_A_C,test,synonymous,pos_component_329,3,[329],5c3e5fbac58854eb
chr17_58732505_A_G,test,synonymous,pos_component_329,3,[329],5c3e5fbac58854eb
chr17_58732505_A_T,test,synonymous,pos_component_329,3,[329],5c3e5fbac58854eb
chr17_58732506_CCC_,val,inframe_indel,pos_component_330,5,[330],6c027480257bb753
chr17_58732506_CCC_ACA,val,missense,pos_component_330,5,[330],10663e8418f1ec91
chr17_58732506_CCC_AGC,val,missense,pos_component_330,5,[330],0fd0df20438c84c7
chr17_58732506_CCC_CAT,val,missense,pos_component_330,5,[330],a8590e0c61856162
chr17_58732506_CCC_CGG,val,missense,pos_component_330,5,[330],59d65018692d410e
chr17_58732506_CCC_CTG,val,missense,pos_component_330,5,[330],7fa08b6ebcf367f8
chr17_58732506_CCC_GCT,val,missense,pos_component_330,5,[330],6f8467d9ba458ac7
chr17_58732506_C_A,val,missense,pos_component_330,5,[330],10663e8418f1ec91
chr17_58732506_C_G,val,missense,pos_component_330,5,[330],6f8467d9ba458ac7
chr17_58732506_C_T,val,missense,pos_component_330,5,[330],0fd0df20438c84c7
chr17_58732507_C_A,val,missense,pos_component_330,5,[330],a8590e0c61856162
chr17_58732507_C_G,val,missense,pos_component_330,5,[330],59d65018692d410e
chr17_58732507_C_T,val,missense,pos_component_330,5,[330],7fa08b6ebcf367f8
chr17_58732508_C_A,val,synonymous,pos_component_330,5,[330],5719dadb6cae709a
chr17_58732508_C_G,val,synonymous,pos_component_330,5,[330],5719dadb6cae709a
chr17_58732508_C_T,val,synonymous,pos_component_330,5,[330],5719dadb6cae709a
chr17_58732509_AGC_,train,inframe_indel,pos_component_331,1,[331],9842319948fa39df
chr17_58732509_AGC_AAT,train,missense,pos_component_331,1,[331],d66aaa15647496ab
chr17_58732509_AGC_ACA,train,missense,pos_component_331,1,[331],f1475da1387eeef1
chr17_58732509_AGC_ATT,train,missense,pos_component_331,1,[331],5cdb6e6a99e8de23
chr17_58732509_AGC_CGG,train,missense,pos_component_331,1,[331],fee3b8b8e77a5972
chr17_58732509_AGC_GCC,train,missense,pos_component_331,1,[331],54cb2870b8d903f0
chr17_58732509_AGC_GGA,train,missense,pos_component_331,1,[331],f30318f598eab6f7
chr17_58732509_AGC_TCA,train,synonymous,pos_component_331,1,[331],e56d7366392b9b1a
chr17_58732509_AGC_TCC,train,synonymous,pos_component_331,1,[331],e56d7366392b9b1a
chr17_58732509_AGC_TCG,train,synonymous,pos_component_331,1,[331],e56d7366392b9b1a
chr17_58732509_AGC_TCT,train,synonymous,pos_component_331,1,[331],e56d7366392b9b1a
chr17_58732509_AGC_TGT,train,missense,pos_component_331,1,[331],2b4197f28a8326d4
chr17_58732509_A_C,train,missense,pos_component_331,1,[331],fee3b8b8e77a5972
chr17_58732509_A_G,train,missense,pos_component_331,1,[331],f30318f598eab6f7
chr17_58732509_A_T,train,missense,pos_component_331,1,[331],2b4197f28a8326d4
chr17_58732510_G_A,train,missense,pos_component_331,1,[331],d66aaa15647496ab
chr17_58732510_G_C,train,missense,pos_component_331,1,[331],f1475da1387eeef1
chr17_58732510_G_T,train,missense,pos_component_331,1,[331],5cdb6e6a99e8de23
chr17_58732511_C_A,train,missense,pos_component_331,1,[331],fee3b8b8e77a5972
chr17_58732511_C_G,train,missense,pos_component_331,1,[331],fee3b8b8e77a5972
chr17_58732511_C_T,train,synonymous,pos_component_331,1,[331],e56d7366392b9b1a
chr17_58732512_CAA_,train,inframe_indel,pos_component_332,4,[332],595a8efb30118c06
chr17_58732512_CAA_AAG,train,missense,pos_component_332,4,[332],3221f353fead8b51
chr17_58732512_CAA_CCC,train,missense,pos_component_332,4,[332],01910b2129b0def6
chr17_58732512_CAA_CGG,train,missense,pos_component_332,4,[332],09a6bd00d99a92e6
chr17_58732512_CAA_CTG,train,missense,pos_component_332,4,[332],478cdc07e5d92f1d
chr17_58732512_CAA_GAG,train,missense,pos_component_332,4,[332],269c569de43d735f
chr17_58732512_CAA_GCC,train,missense,pos_component_332,4,[332],df36264afca81164
chr17_58732512_C_A,train,missense,pos_component_332,4,[332],3221f353fead8b51
chr17_58732512_C_G,train,missense,pos_component_332,4,[332],269c569de43d735f
chr17_58732513_A_C,train,missense,pos_component_332,4,[332],01910b2129b0def6
chr17_58732513_A_G,train,missense,pos_component_332,4,[332],09a6bd00d99a92e6
chr17_58732513_A_T,train,missense,pos_component_332,4,[332],478cdc07e5d92f1d
chr17_58732514_A_C,train,missense,pos_component_332,4,[332],fd667ef49cecd77c
chr17_58732514_A_T,train,missense,pos_component_332,4,[332],fd667ef49cecd77c
chr17_58732515_AAA_,train,inframe_indel,pos_component_333,0,[333],e0f008721b160c50
chr17_58732515_AAA_ACC,train,missense,pos_component_333,0,[333],703a8ef7d829b44a
chr17_58732515_AAA_ATC,train,missense,pos_component_333,0,[333],1ee0280c1c87db95
chr17_58732515_AAA_CAG,train,missense,pos_component_333,0,[333],359311673f22d4c5
chr17_58732515_AAA_CGG,train,missense,pos_component_333,0,[333],feb52f18cb059658
chr17_58732515_AAA_GAG,train,missense,pos_component_333,0,[333],1f1d6d2adcd70a92
chr17_58732515_AAA_GCC,train,missense,pos_component_333,0,[333],33d8abb9bc08f4a1
chr17_58732515_A_C,train,missense,pos_component_333,0,[333],359311673f22d4c5
chr17_58732515_A_G,train,missense,pos_component_333,0,[333],1f1d6d2adcd70a92
chr17_58732516_A_C,train,missense,pos_component_333,0,[333],703a8ef7d829b44a
chr17_58732516_A_G,train,missense,pos_component_333,0,[333],feb52f18cb059658
chr17_58732516_A_T,train,missense,pos_component_333,0,[333],1ee0280c1c87db95
chr17_58732517_A_C,train,missense,pos_component_333,0,[333],7e2c3479e9c7c1b1
chr17_58732517_A_T,train,missense,pos_component_333,0,[333],7e2c3479e9c7c1b1
chr17_58732518_GAA_,train,inframe_indel,pos_component_334,2,[334],a19b4743c3e1c90e
chr17_58732518_GAA_AAG,train,missense,pos_component_334,2,[334],326491e964dd5480
chr17_58732518_GAA_CAG,train,missense,pos_component_334,2,[334],5a2f0a700e6f6bb2
chr17_58732518_GAA_GCC,train,missense,pos_component_334,2,[334],17b07adb387b50f0
chr17_58732518_GAA_GGC,train,missense,pos_component_334,2,[334],dd840e8442c330cd
chr17_58732518_GAA_GTG,train,missense,pos_component_334,2,[334],6b8c14e3b9d65f2a
chr17_58732518_G_A,train,missense,pos_component_334,2,[334],326491e964dd5480
chr17_58732518_G_C,train,missense,pos_component_334,2,[334],5a2f0a700e6f6bb2
chr17_58732519_A_C,train,missense,pos_component_334,2,[334],17b07adb387b50f0
chr17_58732519_A_G,train,missense,pos_component_334,2,[334],dd840e8442c330cd
chr17_58732519_A_T,train,missense,pos_component_334,2,[334],6b8c14e3b9d65f2a
chr17_58732520_A_C,train,missense,pos_component_334,2,[334],5387bb56c971981e
chr17_58732520_A_G,train,synonymous,pos_component_334,2,[334],17298e4347544c2e
chr17_58732520_A_T,train,missense,pos_component_334,2,[334],5387bb56c971981e
chr17_58732521_TGC_,test,inframe_indel,pos_component_335,2,[335],3b092dfd20c926a3
chr17_58732521_TGC_CGG,test,missense,pos_component_335,2,[335],13697cfc0785368b
chr17_58732521_TGC_GCC,test,missense,pos_component_335,2,[335],6bb8926cf73186dc
chr17_58732521_TGC_GGA,test,missense,pos_component_335,2,[335],e7d9cad4f3fd3127
chr17_58732521_TGC_TAT,test,missense,pos_component_335,2,[335],d97fb7be1f0feacf
chr17_58732521_TGC_TTT,test,missense,pos_component_335,2,[335],9c85bc17c336315e
chr17_58732521_T_A,test,missense,pos_component_335,2,[335],5fb37a3e6d7fc60b
chr17_58732521_T_C,test,missense,pos_component_335,2,[335],13697cfc0785368b
chr17_58732521_T_G,test,missense,pos_component_335,2,[335],e7d9cad4f3fd3127
chr17_58732522_G_A,test,missense,pos_component_335,2,[335],d97fb7be1f0feacf
chr17_58732522_G_C,test,missense,pos_component_335,2,[335],5fb37a3e6d7fc60b
chr17_58732522_G_T,test,missense,pos_component_335,2,[335],9c85bc17c336315e
chr17_58732523_C_G,test,missense,pos_component_335,2,[335],4479dc4286a2c091
chr17_58732523_C_T,test,synonymous,pos_component_335,2,[335],c373ee04d391fa6f
chr17_58732524_ACA_,train,inframe_indel,pos_component_336,6,[336],d73fc1a3031077eb
chr17_58732524_ACA_AAG,train,missense,pos_component_336,6,[336],308511ca4abbda6d
chr17_58732524_ACA_AGC,train,missense,pos_component_336,6,[336],5b256061d679cbc5
chr17_58732524_ACA_ATC,train,missense,pos_component_336,6,[336],a55159dbf9a68a19
chr17_58732524_ACA_CCC,train,missense,pos_component_336,6,[336],32b67917ad609ef3
chr17_58732524_ACA_CGG,train,missense,pos_component_336,6,[336],8528099b6a4c4ddb
chr17_58732524_ACA_GCC,train,missense,pos_component_336,6,[336],81c87843afb147f5
chr17_58732524_A_C,train,missense,pos_component_336,6,[336],32b67917ad609ef3
chr17_58732524_A_G,train,missense,pos_component_336,6,[336],81c87843afb147f5
chr17_58732524_A_T,train,missense,pos_component_336,6,[336],5b256061d679cbc5
chr17_58732525_C_A,train,missense,pos_component_336,6,[336],308511ca4abbda6d
chr17_58732525_C_G,train,missense,pos_component_336,6,[336],8528099b6a4c4ddb
chr17_58732525_C_T,train,missense,pos_component_336,6,[336],a55159dbf9a68a19
chr17_58732526_A_C,train,synonymous,pos_component_336,6,[336],937d958b72ab1c06
chr17_58732526_A_G,train,synonymous,pos_component_336,6,[336],937d958b72ab1c06
chr17_58732526_A_T,train,synonymous,pos_component_336,6,[336],937d958b72ab1c06
chr17_58732527_GTA_,val,inframe_indel,pos_component_337,0,[337],08dfcc61df285d0a
chr17_58732527_GTA_ATC,val,missense,pos_component_337,0,[337],b6e88ff62c1deb1d
chr17_58732527_GTA_CTG,val,missense,pos_component_337,0,[337],f0c268cd4f52eca7
chr17_58732527_GTA_GAG,val,missense,pos_component_337,0,[337],ecd4e0d37d78ddfd
chr17_58732527_GTA_GCC,val,missense,pos_component_337,0,[337],9c7da9913550335e
chr17_58732527_GTA_GGC,val,missense,pos_component_337,0,[337],b9ac76c399e8458e
chr17_58732527_G_A,val,missense,pos_component_337,0,[337],b6e88ff62c1deb1d
chr17_58732527_G_C,val,missense,pos_component_337,0,[337],f0c268cd4f52eca7
chr17_58732527_G_T,val,missense,pos_component_337,0,[337],f0c268cd4f52eca7
chr17_58732528_T_A,val,missense,pos_component_337,0,[337],ecd4e0d37d78ddfd
chr17_58732528_T_C,val,missense,pos_component_337,0,[337],9c7da9913550335e
chr17_58732528_T_G,val,missense,pos_component_337,0,[337],b9ac76c399e8458e
chr17_58732529_A_C,val,synonymous,pos_component_337,0,[337],2e97a25c8cbaf897
chr17_58732529_A_G,val,synonymous,pos_component_337,0,[337],2e97a25c8cbaf897
chr17_58732529_A_T,val,synonymous,pos_component_337,0,[337],2e97a25c8cbaf897
chr17_58732530_CTG_,train,inframe_indel,pos_component_338,5,[338],028aaacbb13d070c
chr17_58732530_CTG_AGA,train,missense,pos_component_338,5,[338],cfc90cad81acb934
chr17_58732530_CTG_CAA,train,missense,pos_component_338,5,[338],bd52b0be4ed98939
chr17_58732530_CTG_CCC,train,missense,pos_component_338,5,[338],634d475d8d950059
chr17_58732530_CTG_GCC,train,missense,pos_component_338,5,[338],324bba584103a064
chr17_58732530_CTG_GTC,train,missense,pos_component_338,5,[338],2ca60929defa4731
chr17_58732530_CTG_TTA,train,synonymous,pos_component_338,5,[338],2649611aea7d87e9
chr17_58732530_C_A,train,missense,pos_component_338,5,[338],4cb0c02f66ec246c
chr17_58732530_C_G,train,missense,pos_component_338,5,[338],2ca60929defa4731
chr17_58732530_C_T,train,synonymous,pos_component_338,5,[338],2649611aea7d87e9
chr17_58732531_T_A,train,missense,pos_component_338,5,[338],bd52b0be4ed98939
chr17_58732531_T_C,train,missense,pos_component_338,5,[338],634d475d8d950059
chr17_58732531_T_G,train,missense,pos_component_338,5,[338],cfc90cad81acb934
chr17_58732532_G_A,train,synonymous,pos_component_338,5,[338],2649611aea7d87e9
chr17_58732532_G_C,train,synonymous,pos_component_338,5,[338],2649611aea7d87e9
chr17_58732532_G_T,train,synonymous,pos_component_338,5,[338],2649611aea7d87e9
chr17_58732533_TTT_,train,inframe_indel,pos_component_339,1,[339],b58934f4a5cdbcfd
chr17_58732533_TTT_AGC,train,missense,pos_component_339,1,[339],56e417d8f76b9406
chr17_58732533_TTT_ATC,train,missense,pos_component_339,1,[339],48b1c4ef0508ce82
chr17_58732533_TTT_CTG,train,missense,pos_component_339,1,[339],8ec15691d77658b0
chr17_58732533_TTT_GCC,train,missense,pos_component_339,1,[339],31c09a465495d301
chr17_58732533_TTT_GTG,train,missense,pos_component_339,1,[339],bba54abb97b6947e
chr17_58732533_TTT_TAC,train,missense,pos_component_339,1,[339],54fea68f263c25ea
chr17_58732533_TTT_TGC,train,missense,pos_component_339,1,[339],def204d919fd1156
chr17_58732533_T_A,train,missense,pos_component_339,1,[339],48b1c4ef0508ce82
chr17_58732533_T_C,train,missense,pos_component_339,1,[339],8ec15691d77658b0
chr17_58732533_T_G,train,missense,pos_component_339,1,[339],bba54abb97b6947e
chr17_58732534_T_A,train,missense,pos_component_339,1,[339],54fea68f263c25ea
chr17_58732534_T_C,train,missense,pos_component_339,1,[339],56e417d8f76b9406
chr17_58732534_T_G,train,missense,pos_component_339,1,[339],def204d919fd1156
chr17_58732535_T_A,train,missense,pos_component_339,1,[339],8ec15691d77658b0
chr17_58732535_T_C,train,synonymous,pos_component_339,1,[339],3c04de54809d4da2
chr17_58732535_T_G,train,missense,pos_component_339,1,[339],8ec15691d77658b0
chr17_58732536_CAA_,train,inframe_indel,pos_component_340,6,[340],4d0829a91458fb9e
chr17_58732536_CAA_AAG,train,missense,pos_component_340,6,[340],82192fb13b7a70d1
chr17_58732536_CAA_CCC,train,missense,pos_component_340,6,[340],ff712063a1ebdb54
chr17_58732536_CAA_CGG,train,missense,pos_component_340,6,[340],73dc028da749a07d
chr17_58732536_CAA_CTG,train,missense,pos_component_340,6,[340],04ef2fe1be0f29b5
chr17_58732536_CAA_GAG,train,missense,pos_component_340,6,[340],7b0fd1ef407d102c
chr17_58732536_CAA_GCC,train,missense,pos_component_340,6,[340],e9c6c88f1b288580
chr17_58732536_C_A,train,missense,pos_component_340,6,[340],82192fb13b7a70d1
chr17_58732536_C_G,train,missense,pos_component_340,6,[340],7b0fd1ef407d102c
chr17_58732537_A_C,train,missense,pos_component_340,6,[340],ff712063a1ebdb54
chr17_58732537_A_G,train,missense,pos_component_340,6,[340],73dc028da749a07d
chr17_58732537_A_T,train,missense,pos_component_340,6,[340],04ef2fe1be0f29b5
chr17_58732538_A_C,train,missense,pos_component_340,6,[340],6a48fe6a0dd1d119
chr17_58732538_A_G,train,synonymous,pos_component_340,6,[340],ce7a362e10dccb2b
chr17_58732538_A_T,train,missense,pos_component_340,6,[340],6a48fe6a0dd1d119
chr17_58732539_ATC_,train,inframe_indel,pos_component_341,1,[341],532418945a359cd5
chr17_58732539_ATC_AAT,train,missense,pos_component_341,1,[341],f4872c3ed8b3cd61
chr17_58732539_ATC_ACA,train,missense,pos_component_341,1,[341],524b5a3c809690c6
chr17_58732539_ATC_CTG,train,missense,pos_component_341,1,[341],f6fdd61eaae4e0a5
chr17_58732539_ATC_GCC,train,missense,pos_component_341,1,[341],be212473aef9334d
chr17_58732539_ATC_GTG,train,missense,pos_component_341,1,[341],cea0c2d8869e5bd0
chr17_58732539_ATC_TCC,train,missense,pos_component_341,1,[341],e4a285bbddd73d6b
chr17_58732539_ATC_TTT,train,missense,pos_component_341,1,[341],24708529cd800d97
chr17_58732539_A_C,train,missense,pos_component_341,1,[341],f6fdd61eaae4e0a5
chr17_58732539_A_G,train,missense,pos_component_341,1,[341],cea0c2d8869e5bd0
chr17_58732539_A_T,train,missense,pos_component_341,1,[341],24708529cd800d97
chr17_58732540_T_A,train,missense,pos_component_341,1,[341],f4872c3ed8b3cd61
chr17_58732540_T_C,train,missense,pos_component_341,1,[341],524b5a3c809690c6
chr17_58732540_T_G,train,missense,pos_component_341,1,[341],e4a285bbddd73d6b
chr17_58732541_C_A,train,synonymous,pos_component_341,1,[341],7dbdac9df1c56323
chr17_58732541_C_G,train,missense,pos_component_341,1,[341],8fcfdf478895c32c
chr17_58732541_C_T,train,synonymous,pos_component_341,1,[341],7dbdac9df1c56323
chr17_58732542_AAA_,val,inframe_indel,pos_component_342,5,[342],b52a05d3a45e6817
chr17_58732542_AAA_ACC,val,missense,pos_component_342,5,[342],84bae00861cce583
chr17_58732542_AAA_ATC,val,missense,pos_component_342,5,[342],034d41cd6952d574
chr17_58732542_AAA_CAG,val,missense,pos_component_342,5,[342],980c7cf223857d92
chr17_58732542_AAA_CGG,val,missense,pos_component_342,5,[342],32c8021de5cb85f0
chr17_58732542_AAA_GAG,val,missense,pos_component_342,5,[342],4e29b4e46054821f
chr17_58732542_AAA_GCC,val,missense,pos_component_342,5,[342],802df4d8a3e7eb55
chr17_58732542_A_C,val,missense,pos_component_342,5,[342],980c7cf223857d92
chr17_58732542_A_G,val,missense,pos_component_342,5,[342],4e29b4e46054821f
chr17_58732543_A_C,val,missense,pos_component_342,5,[342],84bae00861cce583
chr17_58732543_A_G,val,missense,pos_component_342,5,[342],32c8021de5cb85f0
chr17_58732543_A_T,val,missense,pos_component_342,5,[342],034d41cd6952d574
chr17_58732544_A_C,val,missense,pos_component_342,5,[342],c49bd34995dbd3b5
chr17_58732544_A_G,val,synonymous,pos_component_342,5,[342],0574252374e179bc
chr17_58732544_A_T,val,missense,pos_component_342,5,[342],c49bd34995dbd3b5
chr17_58734118_CCT_,train,inframe_indel,pos_component_343,0,[343],c16007e5af742f84
chr17_58734118_CCT_ACC,train,missense,pos_component_343,0,[343],9061d16137f13a4b
chr17_58734118_CCT_AGC,train,missense,pos_component_343,0,[343],281e50b1e9ec3257
chr17_58734118_CCT_CAC,train,missense,pos_component_343,0,[343],dc13ae1126a331ff
chr17_58734118_CCT_CGG,train,missense,pos_component_343,0,[343],2cb2fa7291965a46
chr17_58734118_CCT_CTG,train,missense,pos_component_343,0,[343],14d18256ac7be7c3
chr17_58734118_CCT_GCC,train,missense,pos_component_343,0,[343],0d375fc4a271b148
chr17_58734118_C_A,train,missense,pos_component_343,0,[343],9061d16137f13a4b
chr17_58734118_C_G,train,missense,pos_component_343,0,[343],0d375fc4a271b148
chr17_58734118_C_T,train,missense,pos_component_343,0,[343],281e50b1e9ec3257
chr17_58734119_C_A,train,missense,pos_component_343,0,[343],dc13ae1126a331ff
chr17_58734119_C_G,train,missense,pos_component_343,0,[343],2cb2fa7291965a46
chr17_58734119_C_T,train,missense,pos_component_343,0,[343],14d18256ac7be7c3
chr17_58734120_T_A,train,synonymous,pos_component_343,0,[343],4d2c39f8feb63edb
chr17_58734120_T_C,train,synonymous,pos_component_343,0,[343],4d2c39f8feb63edb
chr17_58734120_T_G,train,synonymous,pos_component_343,0,[343],4d2c39f8feb63edb
chr17_58734121_CAG_,val,inframe_indel,pos_component_344,2,[344],7e7171c95271e1a3
chr17_58734121_CAG_AAA,val,missense,pos_component_344,2,[344],6ce533ea5806199c
chr17_58734121_CAG_AGA,val,missense,pos_component_344,2,[344],5c2d76a8372c6f25
chr17_58734121_CAG_CCC,val,missense,pos_component_344,2,[344],8819acdffb788351
chr17_58734121_CAG_CTC,val,missense,pos_component_344,2,[344],e23a95edaee80457
chr17_58734121_CAG_GAA,val,missense,pos_component_344,2,[344],d553d58fe35ddde4
chr17_58734121_CAG_GCC,val,missense,pos_component_344,2,[344],989d3302b5247d4d
chr17_58734121_C_A,val,missense,pos_component_344,2,[344],6ce533ea5806199c
chr17_58734121_C_G,val,missense,pos_component_344,2,[344],d553d58fe35ddde4
chr17_58734122_A_C,val,missense,pos_component_344,2,[344],8819acdffb788351
chr17_58734122_A_G,val,missense,pos_component_344,2,[344],5c2d76a8372c6f25
chr17_58734122_A_T,val,missense,pos_component_344,2,[344],e23a95edaee80457
chr17_58734123_G_A,val,synonymous,pos_component_344,2,[344],ae6742388c804f5f
chr17_58734123_G_C,val,missense,pos_component_344,2,[344],0df084f44815e229
chr17_58734123_G_T,val,missense,pos_component_344,2,[344],0df084f44815e229
chr17_58734124_GGA_,train,inframe_indel,pos_component_345,2,[345],293b8db48761beea
chr17_58734124_GGA_CGG,train,missense,pos_component_345,2,[345],ad25310b08f1c304
chr17_58734124_GGA_GAG,train,missense,pos_component_345,2,[345],ed457160b793902a
chr17_58734124_GGA_GCC,train,missense,pos_component_345,2,[345],110e32d10d53b49e
chr17_58734124_GGA_GTG,train,missense,pos_component_345,2,[345],a6ba92727f852887
chr17_58734124_G_A,train,missense,pos_component_345,2,[345],ad25310b08f1c304
chr17_58734124_G_C,train,missense,pos_component_345,2,[345],ad25310b08f1c304
chr17_58734125_G_A,train,missense,pos_component_345,2,[345],ed457160b793902a
chr17_58734125_G_C,train,missense,pos_component_345,2,[345],110e32d10d53b49e
chr17_58734125_G_T,train,missense,pos_component_345,2,[345],a6ba92727f852887
chr17_58734126_A_C,train,synonymous,pos_component_345,2,[345],c35f412ebce78160
chr17_58734126_A_G,train,synonymous,pos_component_345,2,[345],c35f412ebce78160
chr17_58734126_A_T,train,synonymous,pos_component_345,2,[345],c35f412ebce78160
chr17_58734127_TTT_,train,inframe_indel,pos_component_346,3,[346],f431752a66c0e57f
chr17_58734127_TTT_AGC,train,missense,pos_component_346,3,[346],1b2c4c5252df71e3
chr17_58734127_TTT_ATC,train,missense,pos_component_346,3,[346],e0105e1c94a89dd5
chr17_58734127_TTT_CTG,train,missense,pos_component_346,3,[346],6a0522bcaffaa984
chr17_58734127_TTT_GCC,train,missense,pos_component_346,3,[346],516326f03d2f19ed
chr17_58734127_TTT_GTG,train,missense,pos_component_346,3,[346],edc21a973a22bc3b
chr17_58734127_TTT_TAC,train,missense,pos_component_346,3,[346],92e4f94b1f8ab2c8
chr17_58734127_TTT_TGC,train,missense,pos_component_346,3,[346],16147acfe56ad04b
chr17_58734127_T_A,train,missense,pos_component_346,3,[346],e0105e1c94a89dd5
chr17_58734127_T_C,train,missense,pos_component_346,3,[346],6a0522bcaffaa984
chr17_58734127_T_G,train,missense,pos_component_346,3,[346],edc21a973a22bc3b
chr17_58734128_T_A,train,missense,pos_component_346,3,[346],92e4f94b1f8ab2c8
chr17_58734128_T_C,train,missense,pos_component_346,3,[346],1b2c4c5252df71e3
chr17_58734128_T_G,train,missense,pos_component_346,3,[346],16147acfe56ad04b
chr17_58734129_T_A,train,missense,pos_component_346,3,[346],6a0522bcaffaa984
chr17_58734129_T_C,train,synonymous,pos_component_346,3,[346],e7e9accc64aee33f
chr17_58734129_T_G,train,missense,pos_component_346,3,[346],6a0522bcaffaa984
chr17_58734130_AGA_,train,inframe_indel,pos_component_347,4,[347],cfb9d8f9567d9e8d
chr17_58734130_AGA_AAG,train,missense,pos_component_347,4,[347],3fb554d4a97322e2
chr17_58734130_AGA_ACC,train,missense,pos_component_347,4,[347],edd2e80722262c3d
chr17_58734130_AGA_ATC,train,missense,pos_component_347,4,[347],f26c666c11de6fb3
chr17_58734130_AGA_CGC,train,synonymous,pos_component_347,4,[347],94fc4766682e4170
chr17_58734130_AGA_CGG,train,synonymous,pos_component_347,4,[347],94fc4766682e4170
chr17_58734130_AGA_CGT,train,synonymous,pos_component_347,4,[347],94fc4766682e4170
chr17_58734130_AGA_GCC,train,missense,pos_component_347,4,[347],3afea52f50b188f9
chr17_58734130_AGA_GGC,train,missense,pos_component_347,4,[347],c199fb1a35b82cc1
chr17_58734130_AGA_TCC,train,missense,pos_component_347,4,[347],94b981c8413eacfe
chr17_58734130_A_C,train,synonymous,pos_component_347,4,[347],94fc4766682e4170
chr17_58734130_A_G,train,missense,pos_component_347,4,[347],c199fb1a35b82cc1
chr17_58734131_G_A,train,missense,pos_component_347,4,[347],3fb554d4a97322e2
chr17_58734131_G_C,train,missense,pos_component_347,4,[347],edd2e80722262c3d
chr17_58734131_G_T,train,missense,pos_component_347,4,[347],f26c666c11de6fb3
chr17_58734132_A_C,train,missense,pos_component_347,4,[347],94b981c8413eacfe
chr17_58734132_A_G,train,synonymous,pos_component_347,4,[347],94fc4766682e4170
chr17_58734132_A_T,train,missense,pos_component_347,4,[347],94b981c8413eacfe
chr17_58734133_GAT_,train,inframe_indel,pos_component_348,1,[348],801a8b5ecc2fe1e0
chr17_58734133_GAT_AAC,train,missense,pos_component_348,1,[348],b895ac5561024af9
chr17_58734133_GAT_CAC,train,missense,pos_component_348,1,[348],6215b52d303fd918
chr17_58734133_GAT_GCC,train,missense,pos_component_348,1,[348],8fcb01a53e59bb79
chr17_58734133_GAT_GGC,train,missense,pos_component_348,1,[348],f82e3738d4b3241a
chr17_58734133_GAT_GTG,train,missense,pos_component_348,1,[348],a058299dc056fb44
chr17_58734133_GAT_TAC,train,missense,pos_component_348,1,[348],2fd460bbfeb8f4b2
chr17_58734133_G_A,train,missense,pos_component_348,1,[348],b895ac5561024af9
chr17_58734133_G_C,train,missense,pos_component_348,1,[348],6215b52d303fd918
chr17_58734133_G_T,train,missense,pos_component_348,1,[348],2fd460bbfeb8f4b2
chr17_58734134_A_C,train,missense,pos_component_348,1,[348],8fcb01a53e59bb79
chr17_58734134_A_G,train,missense,pos_component_348,1,[348],f82e3738d4b3241a
chr17_58734134_A_T,train,missense,pos_component_348,1,[348],a058299dc056fb44
chr17_58734135_T_A,train,missense,pos_component_348,1,[348],c0a7ab76df6a4006
chr17_58734135_T_C,train,synonymous,pos_component_348,1,[348],967c6712f1cb2935
chr17_58734135_T_G,train,missense,pos_component_348,1,[348],c0a7ab76df6a4006
chr17_58734136_ACT_,train,inframe_indel,pos_component_349,5,[349],cc39009ae8b8a995
chr17_58734136_ACT_AAC,train,missense,pos_component_349,5,[349],2851169552ed2e69
chr17_58734136_ACT_AGC,train,missense,pos_component_349,5,[349],177345a45ec05132
chr17_58734136_ACT_ATC,train,missense,pos_component_349,5,[349],12ce1da3a23d0ca8
chr17_58734136_ACT_CCC,train,missense,pos_component_349,5,[349],1db3cba41309f2fd
chr17_58734136_ACT_GCC,train,missense,pos_component_349,5,[349],175c78b8fb6bdc27
chr17_58734136_A_C,train,missense,pos_component_349,5,[349],1db3cba41309f2fd
chr17_58734136_A_G,train,missense,pos_component_349,5,[349],175c78b8fb6bdc27
chr17_58734136_A_T,train,missense,pos_component_349,5,[349],177345a45ec05132
chr17_58734137_C_A,train,missense,pos_component_349,5,[349],2851169552ed2e69
chr17_58734137_C_G,train,missense,pos_component_349,5,[349],177345a45ec05132
chr17_58734137_C_T,train,missense,pos_component_349,5,[349],12ce1da3a23d0ca8
chr17_58734138_T_A,train,synonymous,pos_component_349,5,[349],1a5c0c5e722630b3
chr17_58734138_T_C,train,synonymous,pos_component_349,5,[349],1a5c0c5e722630b3
chr17_58734138_T_G,train,synonymous,pos_component_349,5,[349],1a5c0c5e722630b3
chr17_58734139_GTT_,test,inframe_indel,pos_component_351,4,[351],2d223812a059f765
chr17_58734139_GTT_ATC,train,missense,pos_component_350,6,[350],112e24d55c5a72a4
chr17_58734139_GTT_CTG,train,missense,pos_component_350,6,[350],dc93ccea69974acc
chr17_58734139_GTT_GAC,train,missense,pos_component_350,6,[350],d17c90cd0dd47846
chr17_58734139_GTT_GCC,train,missense,pos_component_350,6,[350],e6c4b877ed904dd7
chr17_58734139_GTT_GGC,train,missense,pos_component_350,6,[350],7732cb38e908901f
chr17_58734139_GTT_TTC,train,missense,pos_component_350,6,[350],fbd95c3b602ccff8
chr17_58734139_G_A,train,missense,pos_component_350,6,[350],112e24d55c5a72a4
chr17_58734139_G_C,train,missense,pos_component_350,6,[350],dc93ccea69974acc
chr17_58734139_G_T,train,missense,pos_component_350,6,[350],fbd95c3b602ccff8
chr17_58734140_T_A,train,missense,pos_component_350,6,[350],d17c90cd0dd47846
chr17_58734140_T_C,train,missense,pos_component_350,6,[350],e6c4b877ed904dd7
chr17_58734140_T_G,train,missense,pos_component_350,6,[350],7732cb38e908901f
chr17_58734141_T_A,train,synonymous,pos_component_350,6,[350],d3a4bea947b40f98
chr17_58734141_T_C,train,synonymous,pos_component_350,6,[350],d3a4bea947b40f98
chr17_58734141_T_G,train,synonymous,pos_component_350,6,[350],d3a4bea947b40f98
chr17_58734142_GTT_ATC,test,missense,pos_component_351,4,[351],85a9de569b894009
chr17_58734142_GTT_CTG,test,missense,pos_component_351,4,[351],638c80527a577d14
chr17_58734142_GTT_GAC,test,missense,pos_component_351,4,[351],8324abb75d19d33e
chr17_58734142_GTT_GCC,test,missense,pos_component_351,4,[351],585568903861e990
chr17_58734142_GTT_GGC,test,missense,pos_component_351,4,[351],cfd9037e145b9fc4
chr17_58734142_GTT_TTC,test,missense,pos_component_351,4,[351],409a60bc20722c83
chr17_58734142_G_A,test,missense,pos_component_351,4,[351],85a9de569b894009
chr17_58734142_G_C,test,missense,pos_component_351,4,[351],638c80527a577d14
chr17_58734142_G_T,test,missense,pos_component_351,4,[351],409a60bc20722c83
chr17_58734143_T_A,test,missense,pos_component_351,4,[351],8324abb75d19d33e
chr17_58734143_T_C,test,missense,pos_component_351,4,[351],585568903861e990
chr17_58734143_T_G,test,missense,pos_component_351,4,[351],cfd9037e145b9fc4
chr17_58734144_T_A,test,synonymous,pos_component_351,4,[351],acd350b40718942b
chr17_58734144_T_C,test,synonymous,pos_component_351,4,[351],acd350b40718942b
chr17_58734144_T_G,test,synonymous,pos_component_351,4,[351],acd350b40718942b
chr17_58734145_ACT_,val,inframe_indel,pos_component_352,2,[352],9837e892a0cd7c0b
chr17_58734145_ACT_AAC,val,missense,pos_component_352,2,[352],4b3e24af785c2d16
chr17_58734145_ACT_AGC,val,missense,pos_component_352,2,[352],ad812cf559533df3
chr17_58734145_ACT_ATC,val,missense,pos_component_352,2,[352],501e32c1e89fc91b
chr17_58734145_ACT_CCC,val,missense,pos_component_352,2,[352],26c48575b59a1e4f
chr17_58734145_ACT_GCC,val,missense,pos_component_352,2,[352],4b96c9a8280b045e
chr17_58734145_A_C,val,missense,pos_component_352,2,[352],26c48575b59a1e4f
chr17_58734145_A_G,val,missense,pos_component_352,2,[352],4b96c9a8280b045e
chr17_58734145_A_T,val,missense,pos_component_352,2,[352],ad812cf559533df3
chr17_58734146_C_A,val,missense,pos_component_352,2,[352],4b3e24af785c2d16
chr17_58734146_C_G,val,missense,pos_component_352,2,[352],ad812cf559533df3
chr17_58734146_C_T,val,missense,pos_component_352,2,[352],501e32c1e89fc91b
chr17_58734147_T_A,val,synonymous,pos_component_352,2,[352],2cfd8b35e8641760
chr17_58734147_T_C,val,synonymous,pos_component_352,2,[352],2cfd8b35e8641760
chr17_58734147_T_G,val,synonymous,pos_component_352,2,[352],2cfd8b35e8641760
chr17_58734148_TCT_,train,inframe_indel,pos_component_353,4,[353],37f286cc0ae6ec0e
chr17_58734148_TCT_ACC,train,missense,pos_component_353,4,[353],630b7633c97d1f17
chr17_58734148_TCT_AGC,train,synonymous,pos_component_353,4,[353],0811c6426dda53e2
chr17_58734148_TCT_AGT,train,synonymous,pos_component_353,4,[353],0811c6426dda53e2
chr17_58734148_TCT_CCC,train,missense,pos_component_353,4,[353],df04a10b1f7e4822
chr17_58734148_TCT_GCC,train,missense,pos_component_353,4,[353],48f21327c81bd7f3
chr17_58734148_TCT_TAC,train,missense,pos_component_353,4,[353],c49a758d648a92f8
chr17_58734148_TCT_TGC,train,missense,pos_component_353,4,[353],e8d9e26799e95d6c
chr17_58734148_TCT_TTC,train,missense,pos_component_353,4,[353],11a03bace98f79e3
chr17_58734148_T_A,train,missense,pos_component_353,4,[353],630b7633c97d1f17
chr17_58734148_T_C,train,missense,pos_component_353,4,[353],df04a10b1f7e4822
chr17_58734148_T_G,train,missense,pos_component_353,4,[353],48f21327c81bd7f3
chr17_58734149_C_A,train,missense,pos_component_353,4,[353],c49a758d648a92f8
chr17_58734149_C_G,train,missense,pos_component_353,4,[353],e8d9e26799e95d6c
chr17_58734149_C_T,train,missense,pos_component_353,4,[353],11a03bace98f79e3
chr17_58734150_T_A,train,synonymous,pos_component_353,4,[353],0811c6426dda53e2
chr17_58734150_T_C,train,synonymous,pos_component_353,4,[353],0811c6426dda53e2
chr17_58734150_T_G,train,synonymous,pos_component_353,4,[353],0811c6426dda53e2
chr17_58734151_GCA_,train,inframe_indel,pos_component_354,3,[354],92d8dd168ff79341
chr17_58734151_GCA_ACC,train,missense,pos_component_354,3,[354],7261a6568604c4a0
chr17_58734151_GCA_AGC,train,missense,pos_component_354,3,[354],1a557c4dcc39952f
chr17_58734151_GCA_CCC,train,missense,pos_component_354,3,[354],5d95b6096c1af4f5
chr17_58734151_GCA_GAG,train,missense,pos_component_354,3,[354],87e019ed8b06c924
chr17_58734151_GCA_GGC,train,missense,pos_component_354,3,[354],3d4da98a60ec39b8
chr17_58734151_GCA_GTG,train,missense,pos_component_354,3,[354],acd18258b46a0da7
chr17_58734151_G_A,train,missense,pos_component_354,3,[354],7261a6568604c4a0
chr17_58734151_G_C,train,missense,pos_component_354,3,[354],5d95b6096c1af4f5
chr17_58734151_G_T,train,missense,pos_component_354,3,[354],1a557c4dcc39952f
chr17_58734152_C_A,train,missense,pos_component_354,3,[354],87e019ed8b06c924
chr17_58734152_C_G,train,missense,pos_component_354,3,[354],3d4da98a60ec39b8
chr17_58734152_C_T,train,missense,pos_component_354,3,[354],acd18258b46a0da7
chr17_58734153_A_C,train,synonymous,pos_component_354,3,[354],93f2bd92bc1791f6
chr17_58734153_A_G,train,synonymous,pos_component_354,3,[354],93f2bd92bc1791f6
chr17_58734153_A_T,train,synonymous,pos_component_354,3,[354],93f2bd92bc1791f6
chr17_58734154_TGT_,train,inframe_indel,pos_component_355,1,[355],2afd2d5c693510e8
chr17_58734154_TGT_AGC,train,missense,pos_component_355,1,[355],f4a830d377c1eefc
chr17_58734154_TGT_CGG,train,missense,pos_component_355,1,[355],690517e55a064849
chr17_58734154_TGT_GCC,train,missense,pos_component_355,1,[355],18efaed5a56dfafc
chr17_58734154_TGT_GGC,train,missense,pos_component_355,1,[355],ec283cb93cce94e3
chr17_58734154_TGT_TAC,train,missense,pos_component_355,1,[355],29dff57685429617
chr17_58734154_TGT_TTC,train,missense,pos_component_355,1,[355],a2110a746b48371d
chr17_58734154_T_A,train,missense,pos_component_355,1,[355],f4a830d377c1eefc
chr17_58734154_T_C,train,missense,pos_component_355,1,[355],690517e55a064849
chr17_58734154_T_G,train,missense,pos_component_355,1,[355],ec283cb93cce94e3
chr17_58734155_G_A,train,missense,pos_component_355,1,[355],29dff57685429617
chr17_58734155_G_C,train,missense,pos_component_355,1,[355],f4a830d377c1eefc
chr17_58734155_G_T,train,missense,pos_component_355,1,[355],a2110a746b48371d
chr17_58734156_T_C,train,synonymous,pos_component_355,1,[355],178a0ff8b8de6695
chr17_58734156_T_G,train,missense,pos_component_355,1,[355],58d1c11feb3ccc4e
chr17_58734157_TCA_,train,inframe_indel,pos_component_356,3,[356],e08d36c521380b38
chr17_58734157_TCA_ACC,train,missense,pos_component_356,3,[356],73910a475a79fb5b
chr17_58734157_TCA_AGC,train,synonymous,pos_component_356,3,[356],f1e7bdd07a8a6bf1
chr17_58734157_TCA_AGT,train,synonymous,pos_component_356,3,[356],f1e7bdd07a8a6bf1
chr17_58734157_TCA_CCC,train,missense,pos_component_356,3,[356],0b6039528e3e0934
chr17_58734157_TCA_CTG,train,missense,pos_component_356,3,[356],f564cdb5fe073040
chr17_58734157_TCA_GCC,train,missense,pos_component_356,3,[356],08988fb4c5924de0
chr17_58734157_T_A,train,missense,pos_component_356,3,[356],73910a475a79fb5b
chr17_58734157_T_C,train,missense,pos_component_356,3,[356],0b6039528e3e0934
chr17_58734157_T_G,train,missense,pos_component_356,3,[356],08988fb4c5924de0
chr17_58734158_C_T,train,missense,pos_component_356,3,[356],f564cdb5fe073040
chr17_58734159_A_C,train,synonymous,pos_component_356,3,[356],f1e7bdd07a8a6bf1
chr17_58734159_A_G,train,synonymous,pos_component_356,3,[356],f1e7bdd07a8a6bf1
chr17_58734159_A_T,train,synonymous,pos_component_356,3,[356],f1e7bdd07a8a6bf1
chr17_58734160_TTG_,val,inframe_indel,pos_component_357,1,[357],a64553577fc83503
chr17_58734160_TTG_AGC,val,missense,pos_component_357,1,[357],9c8f6ef96ce8de9a
chr17_58734160_TTG_CTA,val,synonymous,pos_component_357,1,[357],2ba7f84db4c80169
chr17_58734160_TTG_CTC,val,synonymous,pos_component_357,1,[357],2ba7f84db4c80169
chr17_58734160_TTG_CTT,val,synonymous,pos_component_357,1,[357],2ba7f84db4c80169
chr17_58734160_TTG_GCC,val,missense,pos_component_357,1,[357],aa3ac3505f69c3d4
chr17_58734160_TTG_GTC,val,missense,pos_component_357,1,[357],052103f10b6c18ea
chr17_58734160_T_A,val,missense,pos_component_357,1,[357],73e580785bb2c12f
chr17_58734160_T_C,val,synonymous,pos_component_357,1,[357],2ba7f84db4c80169
chr17_58734160_T_G,val,missense,pos_component_357,1,[357],052103f10b6c18ea
chr17_58734161_T_C,val,missense,pos_component_357,1,[357],9c8f6ef96ce8de9a
chr17_58734161_T_G,val,missense,pos_component_357,1,[357],9b5dc4843750a251
chr17_58734162_G_A,val,synonymous,pos_component_357,1,[357],2ba7f84db4c80169
chr17_58734162_G_C,val,missense,pos_component_357,1,[357],47d04524ceb0e1d8
chr17_58734162_G_T,val,missense,pos_component_357,1,[357],47d04524ceb0e1d8
chr17_58734163_CAA_,train,inframe_indel,pos_component_358,5,[358],714aa7041f549099
chr17_58734163_CAA_AAG,train,missense,pos_component_358,5,[358],d1d61d72ed6345c9
chr17_58734163_CAA_CCC,train,missense,pos_component_358,5,[358],75999d41bf363e4c
chr17_58734163_CAA_CGG,train,missense,pos_component_358,5,[358],a85cec84ee65ea58
chr17_58734163_CAA_CTG,train,missense,pos_component_358,5,[358],5002b7993cce7405
chr17_58734163_CAA_GAG,train,missense,pos_component_358,5,[358],29dda39bb321ba8e
chr17_58734163_CAA_GCC,train,missense,pos_component_358,5,[358],c918454c7ce75a45
chr17_58734163_C_A,train,missense,pos_component_358,5,[358],d1d61d72ed6345c9
chr17_58734163_C_G,train,missense,pos_component_358,5,[358],29dda39bb321ba8e
chr17_58734164_A_C,train,missense,pos_component_358,5,[358],75999d41bf363e4c
chr17_58734164_A_G,train,missense,pos_component_358,5,[358],a85cec84ee65ea58
chr17_58734164_A_T,train,missense,pos_component_358,5,[358],5002b7993cce7405
chr17_58734165_A_C,train,missense,pos_component_358,5,[358],0baef9a017e9f556
chr17_58734165_A_G,train,synonymous,pos_component_358,5,[358],d73f2ae9dfeb8ec3
chr17_58734165_A_T,train,missense,pos_component_358,5,[358],0baef9a017e9f556
chr17_58734166_ACA_,train,inframe_indel,pos_component_359,1,[359],d3e7aacb0725fbb1
chr17_58734166_ACA_AAG,train,missense,pos_component_359,1,[359],4249c12ac549931c
chr17_58734166_ACA_AGC,train,missense,pos_component_359,1,[359],9773b8c0d473735f
chr17_58734166_ACA_ATC,train,missense,pos_component_359,1,[359],1832cd991584c7cb
chr17_58734166_ACA_CCC,train,missense,pos_component_359,1,[359],aba5f608c520f733
chr17_58734166_ACA_CGG,train,missense,pos_component_359,1,[359],82c89ebf64ec7155
chr17_58734166_ACA_GCC,train,missense,pos_component_359,1,[359],7145c93e6774ac02
chr17_58734166_A_C,train,missense,pos_component_359,1,[359],aba5f608c520f733
chr17_58734166_A_G,train,missense,pos_component_359,1,[359],7145c93e6774ac02
chr17_58734166_A_T,train,missense,pos_component_359,1,[359],9773b8c0d473735f
chr17_58734167_C_A,train,missense,pos_component_359,1,[359],4249c12ac549931c
chr17_58734167_C_G,train,missense,pos_component_359,1,[359],82c89ebf64ec7155
chr17_58734167_C_T,train,missense,pos_component_359,1,[359],1832cd991584c7cb
chr17_58734168_A_C,train,synonymous,pos_component_359,1,[359],0059785bea03ddb0
chr17_58734168_A_G,train,synonymous,pos_component_359,1,[359],0059785bea03ddb0
chr17_58734168_A_T,train,synonymous,pos_component_359,1,[359],0059785bea03ddb0
chr17_58734169_GAA_,train,inframe_indel,pos_component_360,6,[360],67c8e2b7351a443f
chr17_58734169_GAA_AAG,train,missense,pos_component_360,6,[360],ce57f7aa15e26e62
chr17_58734169_GAA_CAG,train,missense,pos_component_360,6,[360],937ded8b9dd480ab
chr17_58734169_GAA_GCC,train,missense,pos_component_360,6,[360],c6114dbba355d5dc
chr17_58734169_GAA_GGC,train,missense,pos_component_360,6,[360],0343f88e18e65c74
chr17_58734169_GAA_GTG,train,missense,pos_component_360,6,[360],bbd7dd1e04cd1d61
chr17_58734169_G_A,train,missense,pos_component_360,6,[360],ce57f7aa15e26e62
chr17_58734169_G_C,train,missense,pos_component_360,6,[360],937ded8b9dd480ab
chr17_58734170_A_C,train,missense,pos_component_360,6,[360],c6114dbba355d5dc
chr17_58734170_A_G,train,missense,pos_component_360,6,[360],0343f88e18e65c74
chr17_58734170_A_T,train,missense,pos_component_360,6,[360],bbd7dd1e04cd1d61
chr17_58734171_A_C,train,missense,pos_component_360,6,[360],ab67d3e5acf9e887
chr17_58734171_A_G,train,synonymous,pos_component_360,6,[360],7ab2bbecb6a833bc
chr17_58734171_A_T,train,missense,pos_component_360,6,[360],ab67d3e5acf9e887
chr17_58734172_GGT_,train,inframe_indel,pos_component_361,1,[361],111fd380ec7f1c24
chr17_58734172_GGT_AGC,train,missense,pos_component_361,1,[361],d79a85dc0b47ff5d
chr17_58734172_GGT_CGG,train,missense,pos_component_361,1,[361],af62dafb4d8f104c
chr17_58734172_GGT_GAC,train,missense,pos_component_361,1,[361],735c3abb6e563ef2
chr17_58734172_GGT_GCC,train,missense,pos_component_361,1,[361],f8d0a2198f961f4d
chr17_58734172_GGT_GTG,train,missense,pos_component_361,1,[361],5d9f0fc1330a1a67
chr17_58734172_GGT_TGC,train,missense,pos_component_361,1,[361],0653e46b3c06311e
chr17_58734172_G_A,train,missense,pos_component_361,1,[361],d79a85dc0b47ff5d
chr17_58734172_G_C,train,missense,pos_component_361,1,[361],af62dafb4d8f104c
chr17_58734172_G_T,train,missense,pos_component_361,1,[361],0653e46b3c06311e
chr17_58734173_G_A,train,missense,pos_component_361,1,[361],735c3abb6e563ef2
chr17_58734173_G_C,train,missense,pos_component_361,1,[361],f8d0a2198f961f4d
chr17_58734173_G_T,train,missense,pos_component_361,1,[361],5d9f0fc1330a1a67
chr17_58734174_T_A,train,synonymous,pos_component_361,1,[361],0ab229c178ddcef2
chr17_58734174_T_C,train,synonymous,pos_component_361,1,[361],0ab229c178ddcef2
chr17_58734174_T_G,train,synonymous,pos_component_361,1,[361],0ab229c178ddcef2
chr17_58734175_TCC_,train,inframe_indel,pos_component_362,3,[362],548f1dd25d09833a
chr17_58734175_TCC_ACA,train,missense,pos_component_362,3,[362],28b346194dc8aeef
chr17_58734175_TCC_AGC,train,synonymous,pos_component_362,3,[362],904a9f1436ba5590
chr17_58734175_TCC_AGT,train,synonymous,pos_component_362,3,[362],904a9f1436ba5590
chr17_58734175_TCC_CCT,train,missense,pos_component_362,3,[362],c2c62bb001ee8d03
chr17_58734175_TCC_GCT,train,missense,pos_component_362,3,[362],1732fd0e94deeac9
chr17_58734175_TCC_TAT,train,missense,pos_component_362,3,[362],62e00b70d9ea58dc
chr17_58734175_TCC_TGT,train,missense,pos_component_362,3,[362],47b273bc70925c9b
chr17_58734175_TCC_TTT,train,missense,pos_component_362,3,[362],61cf046eb9992f57
chr17_58734175_T_A,train,missense,pos_component_362,3,[362],28b346194dc8aeef
chr17_58734175_T_C,train,missense,pos_component_362,3,[362],c2c62bb001ee8d03
chr17_58734175_T_G,train,missense,pos_component_362,3,[362],1732fd0e94deeac9
chr17_58734176_C_A,train,missense,pos_component_362,3,[362],62e00b70d9ea58dc
chr17_58734176_C_G,train,missense,pos_component_362,3,[362],47b273bc70925c9b
chr17_58734176_C_T,train,missense,pos_component_362,3,[362],61cf046eb9992f57
chr17_58734177_C_A,train,synonymous,pos_component_362,3,[362],904a9f1436ba5590
chr17_58734177_C_G,train,synonymous,pos_component_362,3,[362],904a9f1436ba5590
chr17_58734177_C_T,train,synonymous,pos_component_362,3,[362],904a9f1436ba5590
chr17_58734178_TTG_,test,inframe_indel,pos_component_363,4,[363],f55cf0ee3c6d0372
chr17_58734178_TTG_AGC,test,missense,pos_component_363,4,[363],04d920cacc88f3da
chr17_58734178_TTG_CTA,test,synonymous,pos_component_363,4,[363],1ff3972bb76c4d30
chr17_58734178_TTG_CTC,test,synonymous,pos_component_363,4,[363],1ff3972bb76c4d30
chr17_58734178_TTG_CTT,test,synonymous,pos_component_363,4,[363],1ff3972bb76c4d30
chr17_58734178_TTG_GCC,test,missense,pos_component_363,4,[363],13c5a42a69a95166
chr17_58734178_TTG_GTC,test,missense,pos_component_363,4,[363],285162e7675c5c8b
chr17_58734178_T_A,test,missense,pos_component_363,4,[363],454a643d2111857a
chr17_58734178_T_C,test,synonymous,pos_component_363,4,[363],1ff3972bb76c4d30
chr17_58734178_T_G,test,missense,pos_component_363,4,[363],285162e7675c5c8b
chr17_58734179_T_C,test,missense,pos_component_363,4,[363],04d920cacc88f3da
chr17_58734179_T_G,test,missense,pos_component_363,4,[363],f803e94bd249b184
chr17_58734180_G_A,test,synonymous,pos_component_363,4,[363],1ff3972bb76c4d30
chr17_58734180_G_C,test,missense,pos_component_363,4,[363],5dab197991af4765
chr17_58734180_G_T,test,missense,pos_component_363,4,[363],5dab197991af4765
chr17_58734181_AGC_,val,inframe_indel,pos_component_364,6,[364],6f79ef29a2a56939
chr17_58734181_AGC_AAT,val,missense,pos_component_364,6,[364],690c7618e9d2b9fd
chr17_58734181_AGC_ACA,val,missense,pos_component_364,6,[364],7ac5456daa5567b1
chr17_58734181_AGC_ATT,val,missense,pos_component_364,6,[364],67caf405d7f96424
chr17_58734181_AGC_CGG,val,missense,pos_component_364,6,[364],311edfa6ca64d5f8
chr17_58734181_AGC_GCC,val,missense,pos_component_364,6,[364],ff53142b9bd09d0d
chr17_58734181_AGC_GGA,val,missense,pos_component_364,6,[364],06b26a95260f67dd
chr17_58734181_AGC_TCA,val,synonymous,pos_component_364,6,[364],b214f33d4908c3d0
chr17_58734181_AGC_TCC,val,synonymous,pos_component_364,6,[364],b214f33d4908c3d0
chr17_58734181_AGC_TCG,val,synonymous,pos_component_364,6,[364],b214f33d4908c3d0
chr17_58734181_AGC_TCT,val,synonymous,pos_component_364,6,[364],b214f33d4908c3d0
chr17_58734181_AGC_TGT,val,missense,pos_component_364,6,[364],8e44009d8460d058
chr17_58734181_A_C,val,missense,pos_component_364,6,[364],311edfa6ca64d5f8
chr17_58734181_A_G,val,missense,pos_component_364,6,[364],06b26a95260f67dd
chr17_58734181_A_T,val,missense,pos_component_364,6,[364],8e44009d8460d058
chr17_58734182_G_A,val,missense,pos_component_364,6,[364],690c7618e9d2b9fd
chr17_58734182_G_C,val,missense,pos_component_364,6,[364],7ac5456daa5567b1
chr17_58734182_G_T,val,missense,pos_component_364,6,[364],67caf405d7f96424
chr17_58734183_C_A,val,missense,pos_component_364,6,[364],311edfa6ca64d5f8
chr17_58734183_C_G,val,missense,pos_component_364,6,[364],311edfa6ca64d5f8
chr17_58734183_C_T,val,synonymous,pos_component_364,6,[364],b214f33d4908c3d0
chr17_58734184_ACC_,train,inframe_indel,pos_component_365,5,[365],51736c095bc2989d
chr17_58734184_ACC_AAT,train,missense,pos_component_365,5,[365],81e89d7dfbaed46a
chr17_58734184_ACC_ATT,train,missense,pos_component_365,5,[365],fddc805e2e9c7e03
chr17_58734184_ACC_CCT,train,missense,pos_component_365,5,[365],1dff025688ee12e1
chr17_58734184_ACC_GCT,train,missense,pos_component_365,5,[365],231410261730f4c7
chr17_58734184_A_C,train,missense,pos_component_365,5,[365],1dff025688ee12e1
chr17_58734184_A_G,train,missense,pos_component_365,5,[365],231410261730f4c7
chr17_58734184_A_T,train,missense,pos_component_365,5,[365],c629eed67da34670
chr17_58734185_C_A,train,missense,pos_component_365,5,[365],81e89d7dfbaed46a
chr17_58734185_C_G,train,missense,pos_component_365,5,[365],c629eed67da34670
chr17_58734185_C_T,train,missense,pos_component_365,5,[365],fddc805e2e9c7e03
chr17_58734186_C_A,train,synonymous,pos_component_365,5,[365],9e721c5378168bed
chr17_58734186_C_G,train,synonymous,pos_component_365,5,[365],9e721c5378168bed
chr17_58734186_C_T,train,synonymous,pos_component_365,5,[365],9e721c5378168bed
chr17_58734187_CGG_,train,inframe_indel,pos_component_366,0,[366],ea267d63a57ad3eb
chr17_58734187_CGG_AGA,train,synonymous,pos_component_366,0,[366],b48084eded2d9611
chr17_58734187_CGG_CAA,train,missense,pos_component_366,0,[366],a04b0993e13ae01d
chr17_58734187_CGG_CCC,train,missense,pos_component_366,0,[366],4a7132feb14a674a
chr17_58734187_CGG_CTC,train,missense,pos_component_366,0,[366],5ac6e7f0a0129e5b
chr17_58734187_CGG_GCC,train,missense,pos_component_366,0,[366],9338a6f582f38f64
chr17_58734187_CGG_GGC,train,missense,pos_component_366,0,[366],24f07e9fc184c2e2
chr17_58734187_C_A,train,synonymous,pos_component_366,0,[366],b48084eded2d9611
chr17_58734187_C_G,train,missense,pos_component_366,0,[366],24f07e9fc184c2e2
chr17_58734187_C_T,train,missense,pos_component_366,0,[366],c64612915f9365f5
chr17_58734188_G_A,train,missense,pos_component_366,0,[366],a04b0993e13ae01d
chr17_58734188_G_C,train,missense,pos_component_366,0,[366],4a7132feb14a674a
chr17_58734188_G_T,train,missense,pos_component_366,0,[366],5ac6e7f0a0129e5b
chr17_58734189_G_A,train,synonymous,pos_component_366,0,[366],b48084eded2d9611
chr17_58734189_G_C,train,synonymous,pos_component_366,0,[366],b48084eded2d9611
chr17_58734189_G_T,train,synonymous,pos_component_366,0,[366],b48084eded2d9611
chr17_58734190_AAG_,train,inframe_indel,pos_component_367,2,[367],82f714f0921ff3f8
chr17_58734190_AAG_ACC,train,missense,pos_component_367,2,[367],cbcb90ceea818ef9
chr17_58734190_AAG_CAA,train,missense,pos_component_367,2,[367],4f6022ef9712ec16
chr17_58734190_AAG_CGG,train,missense,pos_component_367,2,[367],d97fc3963123a312
chr17_58734190_AAG_GAA,train,missense,pos_component_367,2,[367],e4a39d4e40dd2560
chr17_58734190_AAG_GCC,train,missense,pos_component_367,2,[367],11da234f4822f690
chr17_58734190_A_C,train,missense,pos_component_367,2,[367],4f6022ef9712ec16
chr17_58734190_A_G,train,missense,pos_component_367,2,[367],e4a39d4e40dd2560
chr17_58734191_A_C,train,missense,pos_component_367,2,[367],cbcb90ceea818ef9
chr17_58734191_A_G,train,missense,pos_component_367,2,[367],d97fc3963123a312
chr17_58734191_A_T,train,missense,pos_component_367,2,[367],e23fd23b140ad526
chr17_58734192_G_C,train,missense,pos_component_367,2,[367],2b6bd01b446da95b
chr17_58734192_G_T,train,missense,pos_component_367,2,[367],2b6bd01b446da95b
chr17_58734193_CGA_,train,inframe_indel,pos_component_368,0,[368],6480d732f4321530
chr17_58734193_CGA_AGG,train,synonymous,pos_component_368,0,[368],33c7e5eeaa730274
chr17_58734193_CGA_CAG,train,missense,pos_component_368,0,[368],80261e23e5a5d7b3
chr17_58734193_CGA_CCC,train,missense,pos_component_368,0,[368],64816811a49d5615
chr17_58734193_CGA_CTG,train,missense,pos_component_368,0,[368],2b02421c9dc5995e
chr17_58734193_CGA_GCC,train,missense,pos_component_368,0,[368],4c8f99dc1812eb2a
chr17_58734193_CGA_GGC,train,missense,pos_component_368,0,[368],9ae5f95179320528
chr17_58734193_C_A,train,synonymous,pos_component_368,0,[368],33c7e5eeaa730274
chr17_58734193_C_G,train,missense,pos_component_368,0,[368],9ae5f95179320528
chr17_58734194_G_A,train,missense,pos_component_368,0,[368],80261e23e5a5d7b3
chr17_58734194_G_C,train,missense,pos_component_368,0,[368],64816811a49d5615
chr17_58734194_G_T,train,missense,pos_component_368,0,[368],2b02421c9dc5995e
chr17_58734195_A_C,train,synonymous,pos_component_368,0,[368],33c7e5eeaa730274
chr17_58734195_A_T,train,synonymous,pos_component_368,0,[368],33c7e5eeaa730274
chr17_58734196_TCA_,train,inframe_indel,pos_component_369,6,[369],a9249c9a7b6e0ca1
chr17_58734196_TCA_ACC,train,missense,pos_component_369,6,[369],65eb1600797ef7e5
chr17_58734196_TCA_AGC,train,synonymous,pos_component_369,6,[369],2feb67c14979fc24
chr17_58734196_TCA_AGT,train,synonymous,pos_component_369,6,[369],2feb67c14979fc24
chr17_58734196_TCA_CCC,train,missense,pos_component_369,6,[369],204439965e1737aa
chr17_58734196_TCA_CTG,train,missense,pos_component_369,6,[369],8b0a23c9187b8afa
chr17_58734196_TCA_GCC,train,missense,pos_component_369,6,[369],93689a9555ddf96c
chr17_58734196_T_A,train,missense,pos_component_369,6,[369],65eb1600797ef7e5
chr17_58734196_T_C,train,missense,pos_component_369,6,[369],204439965e1737aa
chr17_58734196_T_G,train,missense,pos_component_369,6,[369],93689a9555ddf96c
chr17_58734197_C_T,train,missense,pos_component_369,6,[369],8b0a23c9187b8afa
chr17_58734198_A_C,train,synonymous,pos_component_369,6,[369],2feb67c14979fc24
chr17_58734198_A_G,train,synonymous,pos_component_369,6,[369],2feb67c14979fc24
chr17_58734198_A_T,train,synonymous,pos_component_369,6,[369],2feb67c14979fc24
chr17_58734199_CGA_,train,inframe_indel,pos_component_370,0,[370],4e0c1520423806f8
chr17_58734199_CGA_AGG,train,synonymous,pos_component_370,0,[370],8710ff84bfc90279
chr17_58734199_CGA_CAG,train,missense,pos_component_370,0,[370],3ce746d918031953
chr17_58734199_CGA_CCC,train,missense,pos_component_370,0,[370],4e13d8c529781223
chr17_58734199_CGA_CTG,train,missense,pos_component_370,0,[370],9800e90fbb39df26
chr17_58734199_CGA_GCC,train,missense,pos_component_370,0,[370],a65205a0750e56cb
chr17_58734199_CGA_GGC,train,missense,pos_component_370,0,[370],b8799cbf84662321
chr17_58734199_C_A,train,synonymous,pos_component_370,0,[370],8710ff84bfc90279
chr17_58734199_C_G,train,missense,pos_component_370,0,[370],b8799cbf84662321
chr17_58734200_G_A,train,missense,pos_component_370,0,[370],3ce746d918031953
chr17_58734200_G_C,train,missense,pos_component_370,0,[370],4e13d8c529781223
chr17_58734200_G_T,train,missense,pos_component_370,0,[370],9800e90fbb39df26
chr17_58734201_A_C,train,synonymous,pos_component_370,0,[370],8710ff84bfc90279
chr17_58734201_A_G,train,synonymous,pos_component_370,0,[370],8710ff84bfc90279
chr17_58734201_A_T,train,synonymous,pos_component_370,0,[370],8710ff84bfc90279
chr17_58734202_GAC_,train,inframe_indel,pos_component_371,6,[371],e604f1ea422767aa
chr17_58734202_GAC_AAT,train,missense,pos_component_371,6,[371],363ed9e28fb98b55
chr17_58734202_GAC_CAT,train,missense,pos_component_371,6,[371],dd2af0459bb3f02e
chr17_58734202_GAC_GCT,train,missense,pos_component_371,6,[371],de320cb0ccec2e2b
chr17_58734202_GAC_GGA,train,missense,pos_component_371,6,[371],da89926b034c7bb5
chr17_58734202_GAC_GTG,train,missense,pos_component_371,6,[371],3719989fe125c7c9
chr17_58734202_GAC_TAT,train,missense,pos_component_371,6,[371],c80536cf2c743214
chr17_58734202_G_A,train,missense,pos_component_371,6,[371],363ed9e28fb98b55
chr17_58734202_G_C,train,missense,pos_component_371,6,[371],dd2af0459bb3f02e
chr17_58734202_G_T,train,missense,pos_component_371,6,[371],c80536cf2c743214
chr17_58734203_A_C,train,missense,pos_component_371,6,[371],de320cb0ccec2e2b
chr17_58734203_A_G,train,missense,pos_component_371,6,[371],da89926b034c7bb5
chr17_58734203_A_T,train,missense,pos_component_371,6,[371],3719989fe125c7c9
chr17_58734204_C_A,train,missense,pos_component_371,6,[371],f1f505bb188d05af
chr17_58734204_C_G,train,missense,pos_component_371,6,[371],f1f505bb188d05af
chr17_58734204_C_T,train,synonymous,pos_component_371,6,[371],8afd86475eb29dff
chr17_58734205_CCA_,train,inframe_indel,pos_component_372,1,[372],383fe4077994c5bd
chr17_58734205_CCA_ACC,train,missense,pos_component_372,1,[372],83dd8683f4826e91
chr17_58734205_CCA_AGC,train,missense,pos_component_372,1,[372],1033a668802b35ce
chr17_58734205_CCA_CAG,train,missense,pos_component_372,1,[372],200a253029c88b3c
chr17_58734205_CCA_CGG,train,missense,pos_component_372,1,[372],2fa53b903ed4d9e7
chr17_58734205_CCA_CTG,train,missense,pos_component_372,1,[372],aea5c16952baa8ca
chr17_58734205_CCA_GCC,train,missense,pos_component_372,1,[372],0629173072b3fe28
chr17_58734205_C_A,train,missense,pos_component_372,1,[372],83dd8683f4826e91
chr17_58734205_C_G,train,missense,pos_component_372,1,[372],0629173072b3fe28
chr17_58734205_C_T,train,missense,pos_component_372,1,[372],1033a668802b35ce
chr17_58734206_C_A,train,missense,pos_component_372,1,[372],200a253029c88b3c
chr17_58734206_C_G,train,missense,pos_component_372,1,[372],2fa53b903ed4d9e7
chr17_58734206_C_T,train,missense,pos_component_372,1,[372],aea5c16952baa8ca
chr17_58734207_A_C,train,synonymous,pos_component_372,1,[372],14f4ce91aca652b1
chr17_58734207_A_G,train,synonymous,pos_component_372,1,[372],14f4ce91aca652b1
chr17_58734207_A_T,train,synonymous,pos_component_372,1,[372],14f4ce91aca652b1
chr17_58734208_GAG_,train,inframe_indel,pos_component_375,1,[375],7e327d35c652eb16
chr17_58734208_GAG_AAA,train,missense,pos_component_373,3,[373],e41226f46b7614b6
chr17_58734208_GAG_CAA,train,missense,pos_component_373,3,[373],d25325b9672f987e
chr17_58734208_GAG_GCC,train,missense,pos_component_373,3,[373],679bdacc0de0bee9
chr17_58734208_GAG_GGC,train,missense,pos_component_373,3,[373],4fc9bd91856e94b2
chr17_58734208_GAG_GTC,train,missense,pos_component_373,3,[373],9097ddd5ec59b259
chr17_58734208_G_A,train,missense,pos_component_373,3,[373],e41226f46b7614b6
chr17_58734208_G_C,train,missense,pos_component_373,3,[373],d25325b9672f987e
chr17_58734209_A_C,train,missense,pos_component_373,3,[373],679bdacc0de0bee9
chr17_58734209_A_G,train,missense,pos_component_373,3,[373],4fc9bd91856e94b2
chr17_58734209_A_T,train,missense,pos_component_373,3,[373],9097ddd5ec59b259
chr17_58734210_G_A,train,synonymous,pos_component_373,3,[373],9c75ff9df63e899f
chr17_58734210_G_C,train,missense,pos_component_373,3,[373],2803ffee88253eff
chr17_58734210_G_T,train,missense,pos_component_373,3,[373],2803ffee88253eff
chr17_58734211_GAA_,train,inframe_indel,pos_component_375,1,[375],7e327d35c652eb16
chr17_58734211_GAA_AAG,train,missense,pos_component_374,3,[374],5225ae854b604220
chr17_58734211_GAA_CAG,train,missense,pos_component_374,3,[374],f3a5c172e8a6a6ef
chr17_58734211_GAA_GCC,train,missense,pos_component_374,3,[374],287bb02bef2dac6d
chr17_58734211_GAA_GGC,train,missense,pos_component_374,3,[374],593389cd8ce2542b
chr17_58734211_GAA_GTG,train,missense,pos_component_374,3,[374],40b24034b8302c66
chr17_58734211_G_A,train,missense,pos_component_374,3,[374],5225ae854b604220
chr17_58734211_G_C,train,missense,pos_component_374,3,[374],f3a5c172e8a6a6ef
chr17_58734212_A_C,train,missense,pos_component_374,3,[374],287bb02bef2dac6d
chr17_58734212_A_G,train,missense,pos_component_374,3,[374],593389cd8ce2542b
chr17_58734212_A_T,train,missense,pos_component_374,3,[374],40b24034b8302c66
chr17_58734213_A_C,train,missense,pos_component_374,3,[374],85ac17efae2914a9
chr17_58734213_A_G,train,synonymous,pos_component_374,3,[374],4521241d6ac00d8d
chr17_58734213_A_T,train,missense,pos_component_374,3,[374],85ac17efae2914a9
chr17_58734214_GAA_AAG,train,missense,pos_component_375,1,[375],f322ce7f6c07d492
chr17_58734214_GAA_CAG,train,missense,pos_component_375,1,[375],e65a7a6e84fdad58
chr17_58734214_GAA_GCC,train,missense,pos_component_375,1,[375],5206db9c2d4b3ecb
chr17_58734214_GAA_GGC,train,missense,pos_component_375,1,[375],7d8b4af4c8bf2015
chr17_58734214_GAA_GTG,train,missense,pos_component_375,1,[375],5c498a5472fd3b87
chr17_58734214_G_A,train,missense,pos_component_375,1,[375],f322ce7f6c07d492
chr17_58734214_G_C,train,missense,pos_component_375,1,[375],e65a7a6e84fdad58
chr17_58734215_A_C,train,missense,pos_component_375,1,[375],5206db9c2d4b3ecb
chr17_58734215_A_G,train,missense,pos_component_375,1,[375],7d8b4af4c8bf2015
chr17_58734215_A_T,train,missense,pos_component_375,1,[375],5c498a5472fd3b87
chr17_58734216_ATT_,train,inframe_indel,pos_component_376,3,[376],5351b7d9f98279f9
chr17_58734216_A_C,train,missense,pos_component_375,1,[375],3013adf99bb55013
chr17_58734216_A_G,train,synonymous,pos_component_375,1,[375],4364797dd3a5b0d1
chr17_58734216_A_T,train,missense,pos_component_375,1,[375],3013adf99bb55013
chr17_58734217_TTA_AGC,train,missense,pos_component_376,3,[376],3cdbe11187d2a854
chr17_58734217_TTA_ATC,train,missense,pos_component_376,3,[376],ab77922249a89956
chr17_58734217_TTA_CTC,train,synonymous,pos_component_376,3,[376],0a50efb194fc0144
chr17_58734217_TTA_CTG,train,synonymous,pos_component_376,3,[376],0a50efb194fc0144
chr17_58734217_TTA_CTT,train,synonymous,pos_component_376,3,[376],0a50efb194fc0144
chr17_58734217_TTA_GCC,train,missense,pos_component_376,3,[376],bac4f8f92b15402a
chr17_58734217_TTA_GTG,train,missense,pos_component_376,3,[376],a79abd4886713594
chr17_58734217_T_A,train,missense,pos_component_376,3,[376],ab77922249a89956
chr17_58734217_T_C,train,synonymous,pos_component_376,3,[376],0a50efb194fc0144
chr17_58734217_T_G,train,missense,pos_component_376,3,[376],a79abd4886713594
chr17_58734218_T_C,train,missense,pos_component_376,3,[376],3cdbe11187d2a854
chr17_58734219_A_C,train,missense,pos_component_376,3,[376],2b0abf7a7696f0f4
chr17_58734219_A_G,train,synonymous,pos_component_376,3,[376],0a50efb194fc0144
chr17_58734219_A_T,train,missense,pos_component_376,3,[376],2b0abf7a7696f0f4
