split,var_id,type,n_valid,key_norm_mean,value_norm_mean,key_cos_offdiag_mean,key_cos_offdiag_min,reskey_cos_offdiag_mean,reskey_cos_offdiag_min,content_cos_offdiag_mean,pe_cos_offdiag_mean,key_centered_var_ratio,value_centered_var_ratio,content_norm_mean,pe_norm_mean,layer_emb_norm,meta_key_norm,stage1_attn_H,stage1_attn_H_norm,stage1_attn_maxp,stage1_attn_meta_weight
train,chr17_58692648_G_C,missense,13,11.768360137939453,1.1874315738677979,0.8054425716400146,-0.04548637568950653,0.9567803144454956,0.9222754240036011,0.8035008311271667,0.7975718379020691,0.1157660186290741,0.4788188636302948,1.1256604194641113,5.656854152679443,10.820245742797852,1.928686499595642,2.5414512157440186,0.9908387502275001,0.13927225768566132,0.13927225768566132
train,chr17_58692655_G_C,missense,15,11.855951309204102,1.200537919998169,0.8232446908950806,-0.04722286015748978,0.9545968174934387,0.9255825281143188,0.8644949197769165,0.7824580073356628,0.1080712080001831,0.37913262844085693,1.1492912769317627,5.656854152679443,10.820245742797852,1.917991280555725,2.685574531555176,0.9917004235970639,0.12355171889066696,0.12355171889066696
train,chr17_58692659_TTC_ATT,missense,17,11.941110610961914,1.1514381170272827,0.8362361788749695,-0.052182458341121674,0.9520547986030579,0.9210376739501953,0.8739655017852783,0.7691252827644348,0.10295334458351135,0.3561142086982727,1.1041924953460693,5.656854152679443,10.820245742797852,1.9073680639266968,2.8086936473846436,0.991345622904462,0.11206472665071487,0.11206472665071487
train,chr17_58692672_T_C,missense,21,12.155076026916504,1.1602908372879028,0.855016827583313,-0.0483584962785244,0.9479238986968994,0.9153722524642944,0.757375955581665,0.7466945648193359,0.09625265002250671,0.4063831567764282,1.1239882707595825,5.656854152679443,10.820245742797852,1.8863404989242554,3.0205414295196533,0.9921232282913632,0.09400050342082977,0.09400050342082977
train,chr17_58692675_A_C,missense,22,12.154505729675293,1.1062549352645874,0.8582800626754761,-0.05113896727561951,0.9471408128738403,0.9174162745475769,0.8144956827163696,0.7418891787528992,0.09500784426927567,0.3600483238697052,1.0693562030792236,5.656854629516602,10.820245742797852,1.8811299800872803,3.0667619705200195,0.9921448885919,0.09052373468875885,0.09052373468875885
train,chr17_58692683_TTG_GTC,missense,22,12.14794921875,1.0933536291122437,0.858148992061615,-0.053093113005161285,0.9469313025474548,0.9155455827713013,0.7215650677680969,0.7418891787528992,0.09518564492464066,0.433543860912323,1.0565794706344604,5.656854629516602,10.820245742797852,1.8656103610992432,3.0671818256378174,0.992280718210591,0.09027811884880066,0.09027811884880066
train,chr17_58692705_C_T,missense,22,12.15566349029541,1.0338943004608154,0.8577134609222412,-0.05632647126913071,0.9466409087181091,0.9181662201881409,0.6938048005104065,0.7418891787528992,0.09538748115301132,0.47413170337677,0.9959813356399536,5.656854629516602,10.820245742797852,1.8300673961639404,3.067453622817993,0.9923686487985002,0.0901796817779541,0.0901796817779541
train,chr17_58692721_G_T,missense,22,12.169334411621094,1.0306882858276367,0.8574501872062683,-0.05180997774004936,0.9464120268821716,0.9186684489250183,0.6783493161201477,0.7418891787528992,0.09560737013816833,0.5107731819152832,0.9938033819198608,5.656854629516602,10.820245742797852,1.8052685260772705,3.0679080486297607,0.9925156625709166,0.09007620811462402,0.09007620811462402
train,chr17_58692723_T_G,missense,22,12.178729057312012,1.0314311981201172,0.8577162027359009,-0.04713127762079239,0.9464449286460876,0.9175382852554321,0.66483473777771,0.7418891787528992,0.0955381989479065,0.5003197193145752,0.9948150515556335,5.656854629516602,10.820245742797852,1.8003690242767334,3.0680510997772217,0.9925619418277108,0.08941982686519623,0.08941982686519623
train,chr17_58692728_TCT_CCC,missense,22,12.168174743652344,1.0340263843536377,0.8565710783004761,-0.05391010642051697,0.945386528968811,0.9130762815475464,0.6367096304893494,0.7418891787528992,0.09653300791978836,0.5446987748146057,0.9979976415634155,5.656854629516602,10.820245742797852,1.7906311750411987,3.067528486251831,0.9923928682762225,0.0897221714258194,0.0897221714258194
train,chr17_58692734_GGG_GTC,missense,22,12.17988109588623,1.045047640800476,0.8572289347648621,-0.053853996098041534,0.946104884147644,0.9152224063873291,0.6576218605041504,0.7418891787528992,0.09591514617204666,0.527525007724762,1.0100034475326538,5.656854629516602,10.820245742797852,1.780975341796875,3.0677857398986816,0.9924760938063575,0.08966601639986038,0.08966601639986038
train,chr17_58692743_ACT_CCC,missense,22,12.161312103271484,1.0970869064331055,0.8555974364280701,-0.054537296295166016,0.9447218179702759,0.9071726202964783,0.6598883271217346,0.7418891787528992,0.09726448357105255,0.5914502143859863,1.0652029514312744,5.656854629516602,10.820245742797852,1.7666478157043457,3.06636643409729,0.9920169264468638,0.09003610908985138,0.09003610908985138
train,chr17_58692758_CTA_GCC,missense,22,12.120927810668945,1.0839178562164307,0.856716513633728,-0.05911770835518837,0.9462562799453735,0.9164251685142517,0.7487184405326843,0.7418891787528992,0.09575316309928894,0.41521236300468445,1.0525238513946533,5.656854629516602,10.820245742797852,1.7431917190551758,3.067371129989624,0.9923419610937488,0.0914791151881218,0.0914791151881218
train,chr17_58692769_A_T,missense,22,12.139031410217285,1.0703125,0.8570346832275391,-0.05802012234926224,0.9465274214744568,0.910720944404602,0.7624152302742004,0.7418891787528992,0.09549182653427124,0.3905971348285675,1.0389286279678345,5.656854629516602,10.820245742797852,1.7293767929077148,3.0670511722564697,0.992238449822719,0.09144873172044754,0.09144873172044754
train,chr17_58692779_CTT_GCC,missense,22,12.1802396774292,1.11690354347229,0.8573933839797974,-0.059061165899038315,0.9467965364456177,0.9149688482284546,0.7511183023452759,0.7418891787528992,0.09514007717370987,0.39674535393714905,1.0886006355285645,5.656854629516602,10.820245742797852,1.711265206336975,3.066704511642456,0.9921262997570875,0.09086195379495621,0.09086195379495621
train,chr17_58692785_AAA_CAG,missense,22,12.137507438659668,1.0868748426437378,0.8570170998573303,-0.06048091500997543,0.9468296766281128,0.9143474698066711,0.8098000884056091,0.7418891787528992,0.09520021080970764,0.34865257143974304,1.05756676197052,5.656854629516602,10.820245742797852,1.7023433446884155,3.0667998790740967,0.9921571525949504,0.09186480194330215,0.09186480194330215
train,chr17_58694934_T_C,missense,22,12.123714447021484,1.1345634460449219,0.8562792539596558,-0.06445614248514175,0.946174144744873,0.9163146018981934,0.7901118993759155,0.7418891787528992,0.09582219272851944,0.359662264585495,1.1079468727111816,5.656854629516602,10.820245742797852,1.6935120820999146,3.0666377544403076,0.9921047027705836,0.09201695024967194,0.09201695024967194
train,chr17_58694942_T_A,missense,22,12.12718391418457,1.1153497695922852,0.856674313545227,-0.06528673321008682,0.946592390537262,0.9140244722366333,0.793215274810791,0.7418891787528992,0.09542704373598099,0.3550264835357666,1.0884407758712769,5.656854629516602,10.820245742797852,1.6804373264312744,3.0660035610198975,0.9918995313987957,0.09189380705356598,0.09189380705356598
train,chr17_58694945_AAA_GCC,missense,22,12.132962226867676,1.122431755065918,0.8564807176589966,-0.06422960013151169,0.9464693069458008,0.9130790829658508,0.7957053184509277,0.7418891787528992,0.09555906057357788,0.35163506865501404,1.0960654020309448,5.656854629516602,10.820245742797852,1.6761252880096436,3.066389799118042,0.9920244853921402,0.0918504148721695,0.0918504148721695
train,chr17_58694952_A_C,missense,22,12.119624137878418,1.1024531126022339,0.8563975095748901,-0.06446868181228638,0.9464918375015259,0.9172494411468506,0.7528365850448608,0.7418891787528992,0.09555326402187347,0.39759376645088196,1.075542688369751,5.656854629516602,10.820245742797852,1.6675713062286377,3.066789150238037,0.9921536816506908,0.09186605364084244,0.09186605364084244
train,chr17_58694959_A_C,missense,22,12.118966102600098,1.0888283252716064,0.8568555116653442,-0.06792474538087845,0.9469476938247681,0.9175923466682434,0.7886914610862732,0.7418891787528992,0.09509848803281784,0.36061131954193115,1.0616719722747803,5.656854629516602,10.820245742797852,1.6591116189956665,3.0668387413024902,0.9921697251263795,0.0918664038181305,0.0918664038181305
train,chr17_58694966_CTG_CAA,missense,22,12.141006469726562,1.1104376316070557,0.855882465839386,-0.06248638778924942,0.9458828568458557,0.9157671928405762,0.7631401419639587,0.7418891787528992,0.09609436243772507,0.4143870174884796,1.0849061012268066,5.656854629516602,10.820245742797852,1.6466007232666016,3.066495656967163,0.992058732042168,0.09147424250841141,0.09147424250841141
train,chr17_58694972_ATT_ACC,missense,22,12.11955738067627,1.0706137418746948,0.8570735454559326,-0.07050947099924088,0.9474883675575256,0.9199436902999878,0.8168200254440308,0.7418891787528992,0.09464891999959946,0.34130099415779114,1.0435771942138672,5.656854629516602,10.820245742797852,1.6383806467056274,3.066436767578125,0.9920396804147876,0.09204760938882828,0.09204760938882828
train,chr17_58694976_T_A,missense,22,12.16875171661377,1.1474636793136597,0.8570393919944763,-0.06256103515625,0.9471538066864014,0.9192179441452026,0.7427194118499756,0.7418891787528992,0.09491170942783356,0.42536428570747375,1.124280571937561,5.656854629516602,10.820245742797852,1.6343071460723877,3.065910577774048,0.9918694498818794,0.09125510603189468,0.09125510603189468
train,chr17_58694988_G_T,missense,22,12.118412971496582,1.108919382095337,0.8565546274185181,-0.06675758957862854,0.9472252726554871,0.9166898131370544,0.8196070194244385,0.7418891787528992,0.09485392272472382,0.3305952847003937,1.0846651792526245,5.656854629516602,10.820245742797852,1.618259072303772,3.0665056705474854,0.9920619715901435,0.09250237792730331,0.09250237792730331
train,chr17_58694993_ACA_CGG,missense,22,12.1159086227417,1.08876371383667,0.8564066290855408,-0.07198470830917358,0.947204053401947,0.9166356325149536,0.8514445424079895,0.7418891787528992,0.09488733112812042,0.3094501197338104,1.0639246702194214,5.656854629516602,10.820245742797852,1.610384225845337,3.0662436485290527,0.9919772034181153,0.09239893406629562,0.09239893406629562
train,chr17_58694999_A_C,missense,22,12.1287202835083,1.0576889514923096,0.8565062284469604,-0.07853136956691742,0.9473851323127747,0.9162167310714722,0.8702538013458252,0.7418891787528992,0.09470384567975998,0.3001117706298828,1.0317403078079224,5.656854629516602,10.820245742797852,1.6026099920272827,3.0665993690490723,0.9920922845033437,0.09232790768146515,0.09232790768146515
train,chr17_58695009_A_T,missense,22,12.130852699279785,1.043593168258667,0.8565348386764526,-0.07751794159412384,0.9475616812705994,0.9154307842254639,0.894726574420929,0.7418891787528992,0.09454012662172318,0.2781645953655243,1.017519474029541,5.656854629516602,10.820245742797852,1.591139793395996,3.0661046504974365,0.9919322354069303,0.09237153083086014,0.09237153083086014
train,chr17_58695020_T_C,missense,22,12.136114120483398,1.0647194385528564,0.8550926446914673,-0.07928847521543503,0.9460393786430359,0.912549614906311,0.7712609171867371,0.7418891787528992,0.09591925144195557,0.38798069953918457,1.0403629541397095,5.656854629516602,10.820245742797852,1.5762073993682861,3.065859794616699,0.9918530207457175,0.09192192554473877,0.09192192554473877
train,chr17_58695029_C_T,missense,22,12.13171672821045,1.0517187118530273,0.8557576537132263,-0.07968103885650635,0.9468998908996582,0.9178059101104736,0.7850615382194519,0.7418891787528992,0.09515475481748581,0.37040701508522034,1.0272631645202637,5.656854629516602,10.820245742797852,1.5652828216552734,3.0658485889434814,0.9918493955372686,0.0921260267496109,0.0921260267496109
train,chr17_58695035_AAG_ACC,missense,22,12.136419296264648,1.06416916847229,0.8554144501686096,-0.08034224063158035,0.9465416073799133,0.9185483455657959,0.7460821270942688,0.7418891787528992,0.09546546638011932,0.40087491273880005,1.0406471490859985,5.656854629516602,10.820245742797852,1.5581326484680176,3.065948247909546,0.9918816367528352,0.09233887493610382,0.09233887493610382
train,chr17_58695038_T_A,missense,22,12.140632629394531,1.0234801769256592,0.8554415106773376,-0.07744553685188293,0.946531355381012,0.9147728681564331,0.7570945024490356,0.7418891787528992,0.09547066688537598,0.40496283769607544,0.998188853263855,5.656854629516602,10.820245742797852,1.5545974969863892,3.066118001937866,0.991936554804231,0.09205135703086853,0.09205135703086853
train,chr17_58695048_T_C,missense,22,12.165040969848633,1.007602572441101,0.8551143407821655,-0.07562898844480515,0.9460048675537109,0.918789803981781,0.6943843364715576,0.7418891787528992,0.09592103958129883,0.4863785207271576,0.9820523858070374,5.656854629516602,10.820245742797852,1.544154405593872,3.0662660598754883,0.9919844538350131,0.09100379794836044,0.09100379794836044
train,chr17_58695056_CTT_CCC,missense,22,12.16357421875,1.0776824951171875,0.8548293709754944,-0.08029594272375107,0.9456580281257629,0.908291757106781,0.580759584903717,0.7418891787528992,0.09622403234243393,0.5529272556304932,1.0559552907943726,5.656854629516602,10.820245742797852,1.5339564085006714,3.066450834274292,0.9920442312083724,0.09111740440130234,0.09111740440130234
train,chr17_58695065_GAG_GGC,missense,22,12.154505729675293,1.13839590549469,0.8543125987052917,-0.07557742297649384,0.9451398253440857,0.9153203964233398,0.5187203884124756,0.7418891787528992,0.09666915237903595,0.5893334150314331,1.1200335025787354,5.656854629516602,10.820245742797852,1.524006724357605,3.0667924880981445,0.992154761500016,0.09160580486059189,0.09160580486059189
train,chr17_58695068_CAT_AAC,missense,22,12.124217987060547,1.099683403968811,0.8544954657554626,-0.08238296210765839,0.9456204175949097,0.9164372682571411,0.5879982113838196,0.7418891787528992,0.09626559913158417,0.5178290009498596,1.0796328783035278,5.656854629516602,10.820245742797852,1.520745873451233,3.066131830215454,0.9919410284657212,0.09196478873491287,0.09196478873491287
train,chr17_58695074_CAG_CCC,missense,22,12.149394989013672,1.1376686096191406,0.8529573082923889,-0.07991518080234528,0.9439114928245544,0.9149446487426758,0.5166959762573242,0.7418891787528992,0.09781579673290253,0.5913456678390503,1.119733452796936,5.656854629516602,10.820245742797852,1.514308214187622,3.065682888031006,0.9917957887314819,0.09159468859434128,0.09159468859434128
train,chr17_58695083_ATA_CGG,missense,22,12.185792922973633,1.0988950729370117,0.8539382219314575,-0.07558794319629669,0.9448654651641846,0.9158381819725037,0.5803593993186951,0.7418891787528992,0.09691483527421951,0.5350238084793091,1.0795631408691406,5.656854629516602,10.820245742797852,1.5048640966415405,3.0665314197540283,0.9920703018563665,0.09120114147663116,0.09120114147663116
train,chr17_58695092_TTC_ATT,missense,22,12.160015106201172,1.0672986507415771,0.8538002967834473,-0.08209051191806793,0.9450417757034302,0.9076979160308838,0.5965303182601929,0.7418891787528992,0.09676218777894974,0.5207899808883667,1.046899676322937,5.656854629516602,10.820245742797852,1.4956769943237305,3.0664596557617188,0.9920470850958747,0.09152592718601227,0.09152592718601227
train,chr17_58695101_GCA_GGC,missense,22,12.146788597106934,1.1395905017852783,0.8542811870574951,-0.08678365498781204,0.9457879066467285,0.9177433252334595,0.5730001926422119,0.7418891787528992,0.09614463150501251,0.539841890335083,1.1230590343475342,5.656854629516602,10.820245742797852,1.4867497682571411,3.0661377906799316,0.9919429567680876,0.09199612587690353,0.09199612587690353
train,chr17_58695110_GAT_CAC,missense,22,12.136699676513672,1.1023882627487183,0.8539294600486755,-0.08357313275337219,0.9456108212471008,0.9175658226013184,0.6258854866027832,0.7418891787528992,0.0962679386138916,0.4801141023635864,1.0844979286193848,5.656854629516602,10.820245742797852,1.4780855178833008,3.0662221908569336,0.9919702615295962,0.09219970554113388,0.09219970554113388
train,chr17_58695113_ATT_ACC,missense,22,12.151451110839844,1.097142219543457,0.8540559411048889,-0.08739544451236725,0.9457255601882935,0.9151606559753418,0.634454607963562,0.7418891787528992,0.09616811573505402,0.4700361490249634,1.079136848449707,5.656854629516602,10.820245742797852,1.475256085395813,3.066317081451416,0.9920009601032698,0.09210794419050217,0.09210794419050217
train,chr17_58695136_A_T,missense,22,12.156081199645996,1.096104621887207,0.8544843792915344,-0.0932147353887558,0.9464594125747681,0.9154513478279114,0.669675886631012,0.7418891787528992,0.09554877877235413,0.4599948227405548,1.0789530277252197,5.656854629516602,10.820245742797852,1.4562855958938599,3.0665013790130615,0.9920605832124397,0.09223274141550064,0.09223274141550064
train,chr17_58695147_C_A,missense,22,12.19704532623291,1.138541340827942,0.8539731502532959,-0.08885957300662994,0.9457707405090332,0.9031277894973755,0.6862653493881226,0.7418891787528992,0.09620601683855057,0.4970797002315521,1.1238951683044434,5.656854629516602,10.820245742797852,1.4461092948913574,3.0654475688934326,0.9917196593540553,0.09128940105438232,0.09128940105438232
train,chr17_58695152_A_G,missense,22,12.144192695617676,1.0415191650390625,0.8548579812049866,-0.09332796931266785,0.9470647573471069,0.916469395160675,0.7319748401641846,0.7418891787528992,0.09499155730009079,0.38837480545043945,1.0224865674972534,5.656854629516602,10.820245742797852,1.44120454788208,3.065946578979492,0.9918810968281726,0.09209637343883514,0.09209637343883514
train,chr17_58695167_G_T,missense,22,12.159154891967773,1.0299228429794312,0.8543052673339844,-0.09060195088386536,0.9464261531829834,0.9149746894836426,0.7256568670272827,0.7418891787528992,0.09553082287311554,0.3926194906234741,1.0108962059020996,5.656854629516602,10.820245742797852,1.429483413696289,3.066663980484009,0.9921131873009958,0.09176851063966751,0.09176851063966751
train,chr17_58695171_T_A,missense,22,12.175761222839355,1.0942175388336182,0.8534184098243713,-0.09544496238231659,0.9453850388526917,0.9108114838600159,0.6852720975875854,0.7418891787528992,0.09655901789665222,0.4960939884185791,1.0783597230911255,5.656854629516602,10.820245742797852,1.4272325038909912,3.0657429695129395,0.9918152260193355,0.09133725613355637,0.09133725613355637
train,chr17_58695184_A_T,missense,22,12.15194320678711,1.0391833782196045,0.8538035750389099,-0.09835082292556763,0.9460743069648743,0.9156404733657837,0.7012695670127869,0.7418891787528992,0.09585782140493393,0.4127422869205475,1.0211186408996582,5.656854629516602,10.820245742797852,1.4185426235198975,3.066037654876709,0.9919105612883317,0.09173756837844849,0.09173756837844849
train,chr17_58695185_T_G,missense,22,12.134315490722656,1.044197678565979,0.8537231683731079,-0.0995941162109375,0.946079671382904,0.9157174825668335,0.6914405822753906,0.7418891787528992,0.09587288647890091,0.4170086681842804,1.0264712572097778,5.656854629516602,10.820245742797852,1.4164490699768066,3.065859079360962,0.9918527893494334,0.09190468490123749,0.09190468490123749
train,chr17_58696695_T_A,missense,22,12.159643173217773,1.0425623655319214,0.853888750076294,-0.09088532626628876,0.9460959434509277,0.915503203868866,0.6621270775794983,0.7418891787528992,0.09583984315395355,0.4490531086921692,1.024953007698059,5.656854629516602,10.820245742797852,1.4123570919036865,3.066326379776001,0.9920039682549614,0.09117051959037781,0.09117051959037781
train,chr17_58696706_G_C,missense,22,12.138705253601074,1.0551645755767822,0.8534196615219116,-0.09686867147684097,0.9460161328315735,0.9146394729614258,0.6088431477546692,0.7418891787528992,0.09597958624362946,0.49831491708755493,1.038527011871338,5.656854629516602,10.820245742797852,1.404555082321167,3.066589832305908,0.9920891992195575,0.09168960154056549,0.09168960154056549
train,chr17_58696721_C_G,missense,22,12.14012622833252,0.9994222521781921,0.8546983003616333,-0.09702306985855103,0.9475302696228027,0.9194672107696533,0.6307849884033203,0.7418891787528992,0.09455844759941101,0.4809655249118805,0.980560302734375,5.656854629516602,10.820245742797852,1.3955247402191162,3.067012071609497,0.9922258001591953,0.0914144366979599,0.0914144366979599
train,chr17_58696727_TGT_TAC,missense,22,12.134847640991211,1.0108156204223633,0.8535560369491577,-0.09589393436908722,0.9463515877723694,0.9173904061317444,0.604036271572113,0.7418891787528992,0.09561903774738312,0.49826937913894653,0.9926572442054749,5.656854629516602,10.820245742797852,1.3921388387680054,3.066815137863159,0.9921620890490085,0.09183483570814133,0.09183483570814133
train,chr17_58696730_TTT_TGC,missense,22,12.149880409240723,1.0740690231323242,0.8520039916038513,-0.10099514573812485,0.9445971250534058,0.9111266136169434,0.5755178928375244,0.7418891787528992,0.09726443141698837,0.5899105668067932,1.059001088142395,5.656854629516602,10.820245742797852,1.3904945850372314,3.066227912902832,0.9919721126998681,0.09132615476846695,0.09132615476846695
train,chr17_58696739_GTG_CTC,missense,22,12.133638381958008,1.0192456245422363,0.8534120321273804,-0.10647644102573395,0.9464079737663269,0.917256772518158,0.6387939453125,0.7418891787528992,0.09560469537973404,0.4673985242843628,1.0017926692962646,5.656854629516602,10.820245742797852,1.3857569694519043,3.0668387413024902,0.9921697251263795,0.09202831983566284,0.09202831983566284
train,chr17_58696745_GGT_GAC,missense,22,12.184666633605957,1.1073344945907593,0.8516260981559753,-0.10486918687820435,0.9440502524375916,0.9078391194343567,0.5449978113174438,0.7418891787528992,0.0978277400135994,0.6462734341621399,1.0942189693450928,5.656854629516602,10.820245742797852,1.382761836051941,3.0656578540802,0.9917876898615429,0.09056460112333298,0.09056460112333298
train,chr17_58696750_A_T,missense,22,12.131941795349121,1.039462924003601,0.852771520614624,-0.10979332774877548,0.945752739906311,0.913605272769928,0.6142652630805969,0.7418891787528992,0.09619861841201782,0.4887652099132538,1.0231842994689941,5.656854629516602,10.820245742797852,1.3813133239746094,3.066544532775879,0.9920745441215727,0.09180906414985657,0.09180906414985657
train,chr17_58696754_G_A,missense,22,12.142878532409668,1.0467592477798462,0.8521599173545837,-0.10081055760383606,0.9451044201850891,0.9136770367622375,0.5927848219871521,0.7418891787528992,0.09677200019359589,0.5136027932167053,1.030961275100708,5.656854629516602,10.820245742797852,1.3785147666931152,3.06704044342041,0.9922349788784595,0.09167463332414627,0.09167463332414627
train,chr17_58696762_T_G,missense,22,12.147530555725098,1.04156494140625,0.8525446057319641,-0.10152263939380646,0.9455939531326294,0.9178252220153809,0.5973255038261414,0.7418891787528992,0.09631159901618958,0.5084113478660583,1.0256468057632446,5.656854629516602,10.820245742797852,1.3758474588394165,3.066667318344116,0.992114267150321,0.09153922647237778,0.09153922647237778
train,chr17_58696766_ACA_AGC,missense,22,12.144265174865723,1.0297008752822876,0.8528028130531311,-0.10353929549455643,0.9458872675895691,0.9086034297943115,0.5931217074394226,0.7418891787528992,0.09607154130935669,0.513375461101532,1.013338565826416,5.656854629516602,10.820245742797852,1.373311996459961,3.0665721893310547,0.9920834914445529,0.0912870466709137,0.0912870466709137
train,chr17_58696775_AGT_TGC,missense,22,12.144015312194824,0.9830479621887207,0.8534908294677734,-0.1028352826833725,0.9465926885604858,0.9177148342132568,0.6223769187927246,0.7418891787528992,0.09539363533258438,0.4907751977443695,0.9646332263946533,5.656854629516602,10.820245742797852,1.3697559833526611,3.066479444503784,0.9920534870597313,0.09097810834646225,0.09097810834646225
train,chr17_58696779_T_G,missense,22,12.153270721435547,1.0165475606918335,0.8530241250991821,-0.1037592962384224,0.9460922479629517,0.9173617362976074,0.5919539928436279,0.7418891787528992,0.09584107249975204,0.5266448259353638,0.9997814893722534,5.656854629516602,10.820245742797852,1.3686367273330688,3.0667777061462402,0.9921499793101473,0.09078210592269897,0.09078210592269897
train,chr17_58696789_T_G,missense,22,12.132075309753418,1.0001646280288696,0.8526944518089294,-0.10935688018798828,0.9458955526351929,0.9133621454238892,0.6498772501945496,0.7418891787528992,0.09605216979980469,0.4657502770423889,0.9827688336372375,5.656854629516602,10.820245742797852,1.3654773235321045,3.0671660900115967,0.9922756274923438,0.09098990261554718,0.09098990261554718
train,chr17_58696796_G_T,missense,22,12.137816429138184,0.9920569658279419,0.8526899218559265,-0.10974413901567459,0.9460443258285522,0.9098790884017944,0.6302423477172852,0.7418891787528992,0.09594932198524475,0.48475325107574463,0.9744113087654114,5.656854629516602,10.820245742797852,1.362615704536438,3.0672948360443115,0.9923172788234585,0.09079990535974503,0.09079990535974503
train,chr17_58696805_G_T,missense,22,12.146944999694824,1.0384670495986938,0.8518268465995789,-0.10773027688264847,0.9450263381004333,0.9066575765609741,0.5802749395370483,0.7418891787528992,0.09687302261590958,0.5261996984481812,1.02315354347229,5.656854629516602,10.820245742797852,1.360052466392517,3.0671024322509766,0.9922550332230703,0.09035748243331909,0.09035748243331909
train,chr17_58696809_C_G,missense,22,12.140925407409668,0.9985865950584412,0.8520210981369019,-0.10586777329444885,0.945353090763092,0.9069015979766846,0.6389676332473755,0.7418891787528992,0.09660409390926361,0.47876644134521484,0.9814114570617676,5.656854629516602,10.820245742797852,1.3592643737792969,3.0672895908355713,0.9923155819173761,0.09050663560628891,0.09050663560628891
train,chr17_58696814_T_A,missense,22,12.132070541381836,0.9606296420097351,0.8532642126083374,-0.10368747264146805,0.9467333555221558,0.9146956205368042,0.6785635948181152,0.7418891787528992,0.09532954543828964,0.44369518756866455,0.9417174458503723,5.656854629516602,10.820245742797852,1.3577873706817627,3.0677762031555176,0.9924730085225713,0.09031651169061661,0.09031651169061661
train,chr17_58696827_T_G,missense,22,12.159634590148926,1.0278034210205078,0.8525963425636292,-0.10969188809394836,0.9459173679351807,0.9159964919090271,0.6685409545898438,0.7418891787528992,0.09604585915803909,0.4754452109336853,1.0122116804122925,5.656854629516602,10.820245742797852,1.3552310466766357,3.0674867630004883,0.9923793701596575,0.08960869163274765,0.08960869163274765
train,chr17_58696833_T_G,missense,22,12.144865989685059,1.0751773118972778,0.8521417379379272,-0.10880764573812485,0.9456151723861694,0.9146522879600525,0.6435858607292175,0.7418891787528992,0.09636224806308746,0.4856884181499481,1.0618928670883179,5.656854629516602,10.820245742797852,1.3541514873504639,3.0680997371673584,0.992577676775021,0.09044072031974792,0.09044072031974792
train,chr17_58696835_A_C,missense,22,12.136064529418945,1.0282573699951172,0.8530045747756958,-0.1126197874546051,0.9467331171035767,0.914548397064209,0.696395754814148,0.7418891787528992,0.09534028172492981,0.4168833792209625,1.0127619504928589,5.656854629516602,10.820245742797852,1.3536614179611206,3.067798614501953,0.992480258939469,0.09069668501615524,0.09069668501615524
train,chr17_58696844_AAA_ATC,missense,22,12.12431812286377,1.093648910522461,0.8528004884719849,-0.11020898073911667,0.9467570185661316,0.9169965982437134,0.720953106880188,0.7418891787528992,0.09533096104860306,0.3841818571090698,1.08132803440094,5.656854629516602,10.820245742797852,1.3523889780044556,3.0676143169403076,0.992420635830299,0.09095349907875061,0.09095349907875061
train,chr17_58696847_CAC_GAT,missense,22,12.12995433807373,1.0718756914138794,0.8529738783836365,-0.10687249898910522,0.9468631148338318,0.9159740209579468,0.7186261415481567,0.7418891787528992,0.09523636847734451,0.3926341235637665,1.058534860610962,5.656854629516602,10.820245742797852,1.3520307540893555,3.067434310913086,0.992362401098833,0.09062769263982773,0.09062769263982773
train,chr17_58703201_CGA_CTG,missense,22,12.12593936920166,1.03999662399292,0.852524995803833,-0.11597134172916412,0.9467466473579407,0.9158373475074768,0.7952502369880676,0.7418891787528992,0.09537270665168762,0.33772844076156616,1.0252071619033813,5.656854629516602,10.820245742797852,1.3505724668502808,3.0679125785827637,0.9925171280807151,0.09050669521093369,0.09050669521093369
train,chr17_58703207_GCT_CCC,missense,22,12.138835906982422,1.0330710411071777,0.8527101278305054,-0.11398542672395706,0.9467682242393494,0.9171895980834961,0.7361534237861633,0.7418891787528992,0.09535440802574158,0.3975527584552765,1.0179625749588013,5.656854629516602,10.820245742797852,1.350348711013794,3.0672597885131836,0.992305940405544,0.08970756828784943,0.08970756828784943
train,chr17_58703219_TTC_TAT,missense,22,12.12547779083252,1.0526388883590698,0.8517735004425049,-0.11683975905179977,0.9458695650100708,0.9147273302078247,0.6916296482086182,0.7418891787528992,0.09617762267589569,0.4440930187702179,1.038464903831482,5.656854629516602,10.820245742797852,1.350292444229126,3.067553758621216,0.9924010442782562,0.08960679173469543,0.08960679173469543
train,chr17_58703222_A_T,missense,22,12.125041961669922,1.07167649269104,0.8516212701797485,-0.11750225722789764,0.9456958770751953,0.9128657579421997,0.6510372161865234,0.7418891787528992,0.09633107483386993,0.4552437663078308,1.0584057569503784,5.656854629516602,10.820245742797852,1.350359559059143,3.06752610206604,0.992392096955276,0.0893750935792923,0.0893750935792923
train,chr17_58703231_A_C,missense,22,12.123741149902344,1.0180411338806152,0.8513287901878357,-0.12174849957227707,0.9454903602600098,0.9124883413314819,0.6441817879676819,0.7418891787528992,0.09650757908821106,0.45448172092437744,1.002197504043579,5.656854629516602,10.820245742797852,1.3507554531097412,3.0679399967193604,0.9925259982716007,0.08912120014429092,0.08912120014429092
train,chr17_58703234_ATT_AAC,missense,22,12.167816162109375,1.089590072631836,0.8505069613456726,-0.11729786545038223,0.9443612098693848,0.9045380353927612,0.5705273747444153,0.7418891787528992,0.09763287752866745,0.601608157157898,1.0771442651748657,5.656854629516602,10.820245742797852,1.3509517908096313,3.06710147857666,0.9922547246946917,0.08788023144006729,0.08788023144006729
train,chr17_58703240_TCT_GCC,missense,22,12.11863899230957,1.0177557468414307,0.8516931533813477,-0.11488062888383865,0.9459243416786194,0.9123023748397827,0.6522421836853027,0.7418891787528992,0.0961361825466156,0.4615996479988098,1.0018659830093384,5.656854629516602,10.820245742797852,1.3514412641525269,3.068263053894043,0.9926305122598611,0.08886954188346863,0.08886954188346863
train,chr17_58703249_TAT_AAC,missense,22,12.148836135864258,1.0095471143722534,0.8510777950286865,-0.11205165833234787,0.9451391100883484,0.916214108467102,0.5786281228065491,0.7418891787528992,0.09682797640562057,0.5356961488723755,0.9932200312614441,5.656854629516602,10.820245742797852,1.3524154424667358,3.0688836574554443,0.9928312871022535,0.08787607401609421,0.08787607401609421
train,chr17_58703256_T_G,missense,22,12.142873764038086,1.0311769247055054,0.8508939146995544,-0.11294079571962357,0.9449772834777832,0.9153639078140259,0.5753915309906006,0.7418891787528992,0.09698646515607834,0.5458924174308777,1.0158413648605347,5.656854629516602,10.820245742797852,1.353224277496338,3.069110631942749,0.992904716856367,0.08797681331634521,0.08797681331634521
train,chr17_58703261_TGT_GCC,missense,22,12.13910961151123,1.0236636400222778,0.8516436219215393,-0.12436465919017792,0.945896565914154,0.9128942489624023,0.6063895225524902,0.7418891787528992,0.09618737548589706,0.5231496691703796,1.0079256296157837,5.656854629516602,10.820245742797852,1.354159951210022,3.0690457820892334,0.9928837369266204,0.0878705084323883,0.0878705084323883
train,chr17_58703268_A_T,missense,22,12.140499114990234,1.0529927015304565,0.8513034582138062,-0.12248935550451279,0.945612907409668,0.9123677015304565,0.5446162223815918,0.7418891787528992,0.09645292907953262,0.5660611391067505,1.0386008024215698,5.656854629516602,10.820245742797852,1.3552216291427612,3.069455623626709,0.9930163269973359,0.0879824161529541,0.0879824161529541
train,chr17_58703274_C_A,missense,22,12.14039134979248,1.1016961336135864,0.8499450087547302,-0.1185884028673172,0.9441271424293518,0.9126657247543335,0.5729175209999084,0.7418891787528992,0.0977860614657402,0.5473503470420837,1.089566946029663,5.656854629516602,10.820245742797852,1.3564090728759766,3.0691006183624268,0.9929014773083915,0.08802443742752075,0.08802443742752075
train,chr17_58703281_A_T,missense,22,12.13369369506836,1.0564578771591187,0.8507620692253113,-0.12453097850084305,0.945111095905304,0.9147447943687439,0.6423026919364929,0.7418891787528992,0.09690914303064346,0.47054722905158997,1.042112112045288,5.656854629516602,10.820245742797852,1.3577214479446411,3.069612979888916,0.9930672341798096,0.0883895754814148,0.0883895754814148
train,chr17_58703294_T_G,missense,22,12.142913818359375,1.0370227098464966,0.8515962958335876,-0.1165919080376625,0.9460972547531128,0.9146232604980469,0.6631609201431274,0.7418891787528992,0.0960083082318306,0.45808500051498413,1.0215693712234497,5.656854629516602,10.820245742797852,1.3615440130233765,3.06913423538208,0.9929123529337381,0.08793781697750092,0.08793781697750092
train,chr17_58703306_G_T,missense,22,12.144381523132324,1.0745890140533447,0.8510444164276123,-0.1216982901096344,0.9456388354301453,0.916867733001709,0.6072167158126831,0.7418891787528992,0.09641005098819733,0.5049964189529419,1.060752511024475,5.656854629516602,10.820245742797852,1.3651537895202637,3.0695559978485107,0.9930487996091866,0.08798572421073914,0.08798572421073914
train,chr17_58703309_T_A,missense,22,12.163020133972168,1.122045874595642,0.8501526117324829,-0.12076736986637115,0.9446791410446167,0.9064120650291443,0.5403577089309692,0.7418891787528992,0.09726332873106003,0.572668194770813,1.1104227304458618,5.656854629516602,10.820245742797852,1.3661320209503174,3.0689923763275146,0.9928664593374171,0.08755270391702652,0.08755270391702652
train,chr17_58703315_T_C,missense,22,12.15233039855957,1.0602000951766968,0.8511175513267517,-0.12154015898704529,0.9456542134284973,0.910454273223877,0.57008296251297,0.7418891787528992,0.09638537466526031,0.5251489877700806,1.0455344915390015,5.656854629516602,10.820245742797852,1.3681788444519043,3.0688958168029785,0.992835220839081,0.08730804175138474,0.08730804175138474
train,chr17_58703322_A_C,missense,22,12.165398597717285,1.091987133026123,0.85125732421875,-0.12270137667655945,0.945919394493103,0.909532904624939,0.5404322743415833,0.7418891787528992,0.0962018147110939,0.5761975049972534,1.078731894493103,5.656854629516602,10.820245742797852,1.3703453540802002,3.069187641143799,0.9929296305229414,0.08669711649417877,0.08669711649417877
train,chr17_58703327_AAG_CAA,missense,22,12.153556823730469,1.0164066553115845,0.8514162302017212,-0.12290873378515244,0.9459612369537354,0.9145150780677795,0.6105426549911499,0.7418891787528992,0.09613731503486633,0.48554539680480957,0.999443531036377,5.656854629516602,10.820245742797852,1.3726307153701782,3.069824457168579,0.9931356503477704,0.08701948076486588,0.08701948076486588
train,chr17_58709859_GTT_ATC,missense,22,12.157923698425293,1.019581913948059,0.8510382771492004,-0.12198904156684875,0.9456008076667786,0.9139386415481567,0.5968519449234009,0.7418891787528992,0.09647870808839798,0.49520328640937805,1.0027135610580444,5.656854629516602,10.820245742797852,1.373817801475525,3.0698330402374268,0.9931384271031781,0.08683907240629196,0.08683907240629196
train,chr17_58709865_C_A,missense,22,12.159141540527344,1.053797721862793,0.8502894639968872,-0.12227524071931839,0.9448136687278748,0.908849835395813,0.546827495098114,0.7418891787528992,0.09721464663743973,0.5408859252929688,1.0384413003921509,5.656854629516602,10.820245742797852,1.3762800693511963,3.0699570178985596,0.9931785357923998,0.08639323711395264,0.08639323711395264
train,chr17_58709874_G_C,missense,22,12.155736923217773,1.0486905574798584,0.8498060703277588,-0.12659646570682526,0.9444570541381836,0.9089808464050293,0.5595247745513916,0.7418891787528992,0.09758900105953217,0.5389266610145569,1.0329047441482544,5.656854629516602,10.820245742797852,1.3801919221878052,3.07033634185791,0.9933012529549993,0.08662751317024231,0.08662751317024231
train,chr17_58709883_ATT_CTG,missense,22,12.14402961730957,1.0356632471084595,0.8506318926811218,-0.12018749862909317,0.9453477263450623,0.9115674495697021,0.5738920569419861,0.7418891787528992,0.09680727124214172,0.5200945138931274,1.0190584659576416,5.656854629516602,10.820245742797852,1.3843637704849243,3.070286273956299,0.9932850552151212,0.08661019802093506,0.08661019802093506
train,chr17_58709889_TTT_TGC,missense,22,12.152535438537598,1.0631762742996216,0.8510609865188599,-0.11734873801469803,0.9458978772163391,0.9198669195175171,0.5364013314247131,0.7418891787528992,0.09627287834882736,0.5673574209213257,1.0477423667907715,5.656854629516602,10.820245742797852,1.3872877359390259,3.070892572402954,0.9934812021318342,0.08605670183897018,0.08605670183897018
train,chr17_58709892_CCA_GCC,missense,22,12.140048027038574,1.049734115600586,0.8515337109565735,-0.11505382508039474,0.9463708400726318,0.9134238362312317,0.6000935435295105,0.7418891787528992,0.09584810584783554,0.5060979723930359,1.0335885286331177,5.656854629516602,10.820245742797852,1.3887921571731567,3.0708611011505127,0.9934710206953395,0.08647307753562927,0.08647307753562927
train,chr17_58709898_CGT_CCC,missense,22,12.169303894042969,1.0537487268447876,0.851504385471344,-0.12538912892341614,0.9462898373603821,0.9163668155670166,0.5756482481956482,0.7418891787528992,0.09592769294977188,0.5241847634315491,1.037647008895874,5.656854629516602,10.820245742797852,1.3918856382369995,3.071192979812622,0.9935783885711023,0.08521991223096848,0.08521991223096848
train,chr17_58709903_T_G,missense,22,12.151753425598145,1.0704164505004883,0.8511351943016052,-0.12850384414196014,0.9459969401359558,0.9172838926315308,0.5459175705909729,0.7418891787528992,0.09621942788362503,0.5414600372314453,1.0550326108932495,5.656854629516602,10.820245742797852,1.3934742212295532,3.0712296962738037,0.9935902669136795,0.08593975752592087,0.08593975752592087
train,chr17_58709907_CTA_GCC,missense,22,12.147600173950195,1.0724034309387207,0.8510375022888184,-0.1298866868019104,0.9459346532821655,0.9131680727005005,0.567474365234375,0.7418891787528992,0.09624770283699036,0.5393765568733215,1.0569590330123901,5.656854629516602,10.820245742797852,1.3967350721359253,3.070957899093628,0.9935023363257703,0.08569254726171494,0.08569254726171494
train,chr17_58709913_GAC_GGA,missense,22,12.168221473693848,1.0673420429229736,0.8503943681716919,-0.12511958181858063,0.9451999068260193,0.9133539199829102,0.5448119044303894,0.7418891787528992,0.09689370542764664,0.5433494448661804,1.0514962673187256,5.656854629516602,10.820245742797852,1.4001060724258423,3.071268320083618,0.9936027623130138,0.08542057871818542,0.08542057871818542
train,chr17_58709916_C_G,missense,22,12.158507347106934,1.0609508752822876,0.8501689434051514,-0.12285152822732925,0.9449988603591919,0.9103502035140991,0.5747100114822388,0.7418891787528992,0.0970856323838234,0.5294422507286072,1.0447183847427368,5.656854629516602,10.820245742797852,1.4018326997756958,3.070634365081787,0.9933976680733206,0.08544428646564484,0.08544428646564484
train,chr17_58709922_CTT_TTC,missense,22,12.160314559936523,1.0177608728408813,0.851207971572876,-0.12616711854934692,0.9461761713027954,0.9114874601364136,0.6008548736572266,0.7418891787528992,0.0960412546992302,0.5044112801551819,0.99930340051651,5.656854629516602,10.820245742797852,1.4053677320480347,3.0704143047332764,0.9933264751499521,0.0851544663310051,0.0851544663310051
train,chr17_58709928_ACT_ATC,missense,22,12.168611526489258,1.0541881322860718,0.8507689237594604,-0.12579691410064697,0.945758044719696,0.9087194800376892,0.5743670463562012,0.7418891787528992,0.09641954302787781,0.5534635782241821,1.0372917652130127,5.656854629516602,10.820245742797852,1.4090105295181274,3.070509433746338,0.9933572508557204,0.08476912975311279,0.08476912975311279
train,chr17_58709934_TTA_GCC,missense,22,12.179787635803223,1.0815024375915527,0.8497577905654907,-0.12522976100444794,0.9444655776023865,0.9072192907333374,0.5533810257911682,0.7418891787528992,0.09757240116596222,0.5482985973358154,1.0657281875610352,5.656854629516602,10.820245742797852,1.4127602577209473,3.0707833766937256,0.9934458756324813,0.08486101031303406,0.08486101031303406
train,chr17_58709940_AAT_ATC,missense,22,12.164344787597656,1.0547114610671997,0.8502418994903564,-0.13239845633506775,0.9452158808708191,0.9124356508255005,0.606319785118103,0.7418891787528992,0.09692458063364029,0.5177686214447021,1.037477970123291,5.656854629516602,10.820245742797852,1.4166160821914673,3.0716989040374756,0.9937420628759646,0.08485254645347595,0.08485254645347595
train,chr17_58709946_CTG_AGA,missense,22,12.211845397949219,1.1490776538848877,0.8495527505874634,-0.12617628276348114,0.9441080093383789,0.9021850824356079,0.5159955620765686,0.7418891787528992,0.0979817658662796,0.6236506700515747,1.1361491680145264,5.656854629516602,10.820245742797852,1.4205769300460815,3.0704734325408936,0.993345603909427,0.08338139951229095,0.08338139951229095
train,chr17_58709952_CAG_GCC,missense,22,12.169816970825195,1.0629386901855469,0.8506879210472107,-0.12599195539951324,0.9455621838569641,0.9113466739654541,0.5534464120864868,0.7418891787528992,0.09667015075683594,0.5447105169296265,1.0457148551940918,5.656854629516602,10.820245742797852,1.4246418476104736,3.071791410446167,0.9937719901286916,0.08410061150789261,0.08410061150789261
train,chr17_58709955_CAA_CGG,missense,22,12.15416431427002,1.0751261711120605,0.8505412936210632,-0.1279943883419037,0.9454964995384216,0.9140017032623291,0.5766115784645081,0.7418891787528992,0.09676699340343475,0.5229116678237915,1.0583839416503906,5.656854629516602,10.820245742797852,1.426712989807129,3.0718603134155273,0.9937942813040475,0.08418278396129608,0.08418278396129608
train,chr17_58709964_AGC_CGG,missense,22,12.147872924804688,1.0381102561950684,0.850151538848877,-0.12516073882579803,0.9450551271438599,0.9129474759101868,0.6073371171951294,0.7418891787528992,0.09713425487279892,0.5009951591491699,1.0193021297454834,5.656854629516602,10.820245742797852,1.433079719543457,3.0727217197418213,0.9940729595620436,0.08403635770082474,0.08403635770082474
train,chr17_58709968_T_G,missense,22,12.171685218811035,1.0866930484771729,0.8498228788375854,-0.12777315080165863,0.9444668292999268,0.9136016368865967,0.5175461769104004,0.7418891787528992,0.09766441583633423,0.5973024964332581,1.0700949430465698,5.656854629516602,10.820245742797852,1.4352526664733887,3.0719707012176514,0.9938299934638737,0.08310554176568985,0.08310554176568985
train,chr17_58709976_AAT_ACC,missense,22,12.131868362426758,1.02698814868927,0.851787269115448,-0.12378562241792679,0.9467958807945251,0.9148058891296387,0.6231892704963684,0.7418891787528992,0.0955687016248703,0.4846680760383606,1.0072294473648071,5.656854629516602,10.820245742797852,1.4419218301773071,3.0723888874053955,0.9939652831579022,0.08375668525695801,0.08375668525695801
train,chr17_58720746_GTA_ATC,missense,22,12.14522933959961,1.003617763519287,0.8510810732841492,-0.1222805380821228,0.9458858370780945,0.9168023467063904,0.6666431427001953,0.7418891787528992,0.09638077765703201,0.4399515390396118,0.9821932911872864,5.656854629516602,10.820245742797852,1.4535309076309204,3.0726523399353027,0.9940505141224983,0.08317141234874725,0.08317141234874725
train,chr17_58720755_A_G,missense,22,12.163002014160156,0.9693869948387146,0.8510399460792542,-0.12834475934505463,0.945815920829773,0.9135849475860596,0.6210982203483582,0.7418891787528992,0.09643597900867462,0.48312118649482727,0.9459869861602783,5.656854629516602,10.820245742797852,1.4607868194580078,3.072402238845825,0.9939696025552031,0.08249254524707794,0.08249254524707794
train,chr17_58720761_CAG_GAA,missense,22,12.174067497253418,0.981135368347168,0.8515520691871643,-0.12169787287712097,0.946302592754364,0.9176157712936401,0.6109854578971863,0.7418891787528992,0.0960111990571022,0.5098482966423035,0.958058774471283,5.656854629516602,10.820245742797852,1.4657434225082397,3.072766065597534,0.9940873061316498,0.08219877630472183,0.08219877630472183
train,chr17_58720765_T_A,missense,22,12.182049751281738,0.9898800849914551,0.8518778085708618,-0.12027500569820404,0.9466296434402466,0.9116968512535095,0.5901163816452026,0.7418891787528992,0.09570745378732681,0.5178369283676147,0.9671001434326172,5.656854629516602,10.820245742797852,1.468256950378418,3.072605609893799,0.9940353962319456,0.08191261440515518,0.08191261440515518
train,chr17_58720776_A_C,missense,22,12.136480331420898,0.984694242477417,0.8526210188865662,-0.12026707828044891,0.9475729465484619,0.9154812097549438,0.6567084193229675,0.7418891787528992,0.09484285861253738,0.4572214186191559,0.9611776471138,5.656854629516602,10.820245742797852,1.4785441160202026,3.0733225345611572,0.9942673324405795,0.08261464536190033,0.08261464536190033
train,chr17_58720779_GAT_GTG,missense,22,12.14710521697998,1.0461187362670898,0.8520166873931885,-0.12677885591983795,0.9468795657157898,0.9160647392272949,0.5588333606719971,0.7418891787528992,0.09548056870698929,0.5457488894462585,1.0254017114639282,5.656854629516602,10.820245742797852,1.4811736345291138,3.073040246963501,0.9941760080405054,0.08225823193788528,0.08225823193788528
train,chr17_58720788_CAG_CCC,missense,22,12.151012420654297,1.03957998752594,0.8512909412384033,-0.12040406465530396,0.9460046887397766,0.9123057126998901,0.5779377222061157,0.7418891787528992,0.09632333368062973,0.5365014672279358,1.0181695222854614,5.656854629516602,10.820245742797852,1.489198088645935,3.0727598667144775,0.9940853006971887,0.08202408999204636,0.08202408999204636
train,chr17_58720797_C_G,missense,22,12.152471542358398,1.015371561050415,0.8510295748710632,-0.12082959711551666,0.9456494450569153,0.9184874296188354,0.6134307980537415,0.7418891787528992,0.09665198624134064,0.49758797883987427,0.9924165606498718,5.656854629516602,10.820245742797852,1.4974244832992554,3.0737743377685547,0.9944134977599547,0.08217159658670425,0.08217159658670425
train,chr17_58724044_A_T,missense,22,12.15877628326416,1.0657329559326172,0.851440966129303,-0.1214558482170105,0.9463097453117371,0.9138084053993225,0.5795469284057617,0.7418891787528992,0.09606426954269409,0.5177465081214905,1.0443644523620605,5.656854629516602,10.820245742797852,1.5144699811935425,3.073162317276001,0.9942154996729698,0.08137895166873932,0.08137895166873932
train,chr17_58724054_CAT_TAC,missense,22,12.184721946716309,1.1146122217178345,0.8504760265350342,-0.1200772151350975,0.9451722502708435,0.9157718420028687,0.5689880847930908,0.7418891787528992,0.09708873182535172,0.5484640002250671,1.0950099229812622,5.656854629516602,10.820245742797852,1.526262640953064,3.072723865509033,0.9940736537508955,0.08041279762983322,0.08041279762983322
train,chr17_58724057_GCT_GGC,missense,22,12.174956321716309,1.0946321487426758,0.8506981134414673,-0.12199423462152481,0.9454848766326904,0.9150071144104004,0.5594905614852905,0.7418891787528992,0.09681544452905655,0.5489344000816345,1.0739352703094482,5.656854629516602,10.820245742797852,1.5292633771896362,3.0731887817382812,0.9942240613354768,0.08051371574401855,0.08051371574401855
train,chr17_58724064_C_T,missense,22,12.181312561035156,1.0643370151519775,0.8507566452026367,-0.12599420547485352,0.9455555081367493,0.9152392745018005,0.5893548130989075,0.7418891787528992,0.09677159786224365,0.5322412252426147,1.041908860206604,5.656854629516602,10.820245742797852,1.5353271961212158,3.073272466659546,0.9942511347007015,0.0801638662815094,0.0801638662815094
train,chr17_58724075_A_C,missense,22,12.169403076171875,1.0438189506530762,0.8508948683738708,-0.1244664341211319,0.9456749558448792,0.9106983542442322,0.5987729430198669,0.7418891787528992,0.09673475474119186,0.5067330598831177,1.019824504852295,5.656854629516602,10.820245742797852,1.5477006435394287,3.0750832557678223,0.9948369529596222,0.08062392473220825,0.08062392473220825
train,chr17_58724094_A_C,missense,22,12.140423774719238,1.0641276836395264,0.8516830205917358,-0.12179623544216156,0.9463768601417542,0.9130855202674866,0.6196703314781189,0.7418891787528992,0.09617435187101364,0.4964814782142639,1.0401878356933594,5.656854629516602,10.820245742797852,1.5668624639511108,3.075378656387329,0.9949325196249024,0.08043179661035538,0.08043179661035538
train,chr17_58724096_CAA_CCC,missense,22,12.181857109069824,1.0843164920806885,0.8509060144424438,-0.12416199594736099,0.945387601852417,0.9101210236549377,0.5663134455680847,0.7418891787528992,0.09702717512845993,0.5813958048820496,1.0611827373504639,5.656854629516602,10.820245742797852,1.5701249837875366,3.0739314556121826,0.9944643278103337,0.07930044829845428,0.07930044829845428
train,chr17_58732488_GCA_GAG,missense,22,12.184182167053223,1.0595762729644775,0.851945161819458,-0.12000330537557602,0.9465774297714233,0.9156994223594666,0.6518611907958984,0.7418891787528992,0.095918208360672,0.4582125246524811,1.0347929000854492,5.656854629516602,10.820245742797852,1.5800280570983887,3.0745575428009033,0.9946668766909033,0.07902771979570389,0.07902771979570389
train,chr17_58732496_G_C,missense,22,12.161738395690918,1.0259242057800293,0.8516402840614319,-0.11342893540859222,0.9461591839790344,0.9176869988441467,0.6466991901397705,0.7418891787528992,0.09627556800842285,0.47294262051582336,0.9992192983627319,5.656854629516602,10.820245742797852,1.5867258310317993,3.0744400024414062,0.9946288505682374,0.07945673912763596,0.07945673912763596
train,chr17_58732509_AGC_ACA,missense,22,12.136012077331543,1.0121071338653564,0.8524903655052185,-0.11724910140037537,0.9469887018203735,0.916022777557373,0.6886833906173706,0.7418891787528992,0.09555324912071228,0.42534777522087097,0.9839314222335815,5.656854629516602,10.820245742797852,1.6037977933883667,3.074491262435913,0.9946454339685886,0.07958465069532394,0.07958465069532394
train,chr17_58732515_AAA_GCC,missense,22,12.139540672302246,1.0341211557388306,0.8521742820739746,-0.11964453756809235,0.9466996788978577,0.9164903163909912,0.6657534837722778,0.7418891787528992,0.0958150178194046,0.44992974400520325,1.0066622495651245,5.656854629516602,10.820245742797852,1.6107560396194458,3.0747928619384766,0.9947430060683299,0.07923442125320435,0.07923442125320435
train,chr17_58732519_A_T,missense,22,12.159768104553223,1.0715389251708984,0.8514009118080139,-0.11885721981525421,0.9458409547805786,0.9132846593856812,0.5947238802909851,0.7418891787528992,0.09659971296787262,0.5236150622367859,1.0456949472427368,5.656854629516602,10.820245742797852,1.614262342453003,3.0745632648468018,0.9946687278611751,0.0789073258638382,0.0789073258638382
train,chr17_58732530_CTG_CCC,missense,22,12.156280517578125,1.0969070196151733,0.8504132032394409,-0.1168212741613388,0.9447876214981079,0.908566951751709,0.5741466879844666,0.7418891787528992,0.09758313000202179,0.5419005155563354,1.0715945959091187,5.656854629516602,10.820245742797852,1.6284672021865845,3.0758419036865234,0.9950823872848211,0.07864530384540558,0.07864530384540558
train,chr17_58732537_A_C,missense,22,12.211495399475098,1.1555553674697876,0.8499293327331543,-0.11731211841106415,0.9441872835159302,0.8960270881652832,0.603912353515625,0.7418891787528992,0.09830771386623383,0.6164266467094421,1.1326924562454224,5.656854629516602,10.820245742797852,1.6356761455535889,3.0741846561431885,0.9945462420948595,0.07781865447759628,0.07781865447759628
train,chr17_58732539_ATC_ACA,missense,22,12.18248462677002,1.064698338508606,0.8523772358894348,-0.11823072284460068,0.9467867016792297,0.916795551776886,0.6394422054290771,0.7418891787528992,0.09577924013137817,0.47374263405799866,1.0373361110687256,5.656854629516602,10.820245742797852,1.6393067836761475,3.0753421783447266,0.9949207184144198,0.07829174399375916,0.07829174399375916
train,chr17_58734124_G_C,missense,22,12.236351013183594,1.3092845678329468,0.8508361577987671,-0.11255285143852234,0.9448162913322449,0.9104567766189575,0.6181074976921082,0.7418891787528992,0.09767281264066696,0.5370997786521912,1.2928693294525146,5.656854629516602,10.820245742797852,1.6540031433105469,3.0749471187591553,0.994792910533573,0.07794971764087677,0.07794971764087677
train,chr17_58734132_A_T,missense,22,12.173711776733398,1.186441421508789,0.8521362543106079,-0.1109495460987091,0.9462639689445496,0.9134877920150757,0.728240966796875,0.7418891787528992,0.09624899923801422,0.3924338221549988,1.1638216972351074,5.656854629516602,10.820245742797852,1.6614537239074707,3.0757246017456055,0.9950444382942498,0.07900460064411163,0.07900460064411163
train,chr17_58734136_ACT_AAC,missense,22,12.153264045715332,1.1529642343521118,0.8521299362182617,-0.117807537317276,0.9464125037193298,0.9148318767547607,0.7465600967407227,0.7418891787528992,0.09617454558610916,0.35056501626968384,1.1283923387527466,5.656854629516602,10.820245742797852,1.6689718961715698,3.075751304626465,0.9950530770888514,0.07888367027044296,0.07888367027044296
train,chr17_58734139_G_T,missense,22,12.147741317749023,1.1850204467773438,0.8524399995803833,-0.11672866344451904,0.9467732906341553,0.9129244089126587,0.7533159255981445,0.7418891787528992,0.09587458521127701,0.3391569256782532,1.161794900894165,5.656854629516602,10.820245742797852,1.6727561950683594,3.075937271118164,0.995113240122684,0.07911831140518188,0.07911831140518188
train,chr17_58734151_GCA_CCC,missense,22,12.144294738769531,1.240332841873169,0.8528340458869934,-0.11334015429019928,0.9470764994621277,0.9164644479751587,0.8470718264579773,0.7418891787528992,0.09557546675205231,0.2596396505832672,1.2190124988555908,5.656854629516602,10.820245742797852,1.6880581378936768,3.0753581523895264,0.9949258862647619,0.07911320775747299,0.07911320775747299
train,chr17_58734157_TCA_GCC,missense,22,12.13813304901123,1.2466927766799927,0.85298752784729,-0.11224589496850967,0.9472857117652893,0.9181177020072937,0.9196981191635132,0.7418891787528992,0.09539137780666351,0.21637026965618134,1.2253063917160034,5.656854629516602,10.820245742797852,1.6958069801330566,3.07558274269104,0.9949985446979288,0.07905742526054382,0.07905742526054382
train,chr17_58734166_ACA_ATC,missense,22,12.148723602294922,1.2164942026138306,0.8535187840461731,-0.11185422539710999,0.9477857947349548,0.9183606505393982,0.932703971862793,0.7418891787528992,0.09493124485015869,0.19828307628631592,1.1931105852127075,5.656854629516602,10.820245742797852,1.7075512409210205,3.075082302093506,0.9948366444312435,0.07865069806575775,0.07865069806575775
train,chr17_58734172_GGT_AGC,missense,22,12.145416259765625,1.309005618095398,0.8531946539878845,-0.111018605530262,0.9473897814750671,0.9189718961715698,0.916029155254364,0.7418891787528992,0.09530046582221985,0.2002342939376831,1.2896506786346436,5.656854629516602,10.820245742797852,1.715460181236267,3.075237274169922,0.9948867802927707,0.07885914295911789,0.07885914295911789
train,chr17_58734176_C_G,missense,22,12.149314880371094,1.2366241216659546,0.8532241582870483,-0.11284793168306351,0.947421133518219,0.9181739687919617,0.9392430186271667,0.7418891787528992,0.0952695980668068,0.19073325395584106,1.2136328220367432,5.656854629516602,10.820245742797852,1.7194383144378662,3.0753958225250244,0.9949380731357177,0.07858218252658844,0.07858218252658844
train,chr17_58734190_AAG_GAA,missense,21,12.154918670654297,1.253056526184082,0.8489468693733215,-0.11020204424858093,0.947556734085083,0.9190627336502075,0.7636340260505676,0.7466945648193359,0.09720465540885925,0.35306501388549805,1.2287311553955078,5.656854152679443,10.820245742797852,1.7395617961883545,3.0272998809814453,0.9943431007344271,0.08169088512659073,0.08169088512659073
train,chr17_58734196_TCA_CTG,missense,19,12.095151901245117,1.2515915632247925,0.8413837552070618,-0.11164139956235886,0.9508659243583679,0.9207237958908081,0.921898365020752,0.7570365071296692,0.09896793216466904,0.22605079412460327,1.2240289449691772,5.656854629516602,10.820245742797852,1.7477186918258667,2.9266815185546875,0.993969153126488,0.09083837270736694,0.09083837270736694
train,chr17_58734202_GAC_GGA,missense,17,12.036669731140137,1.2351696491241455,0.8301671147346497,-0.11381996423006058,0.9533287286758423,0.9238355159759521,0.8964321613311768,0.7691252827644348,0.10272000730037689,0.2715406119823456,1.2026216983795166,5.656854152679443,10.820245742797852,1.7559359073638916,2.8139264583587646,0.9931925755828048,0.1012132465839386,0.1012132465839386
train,chr17_58734208_GAG_GTC,missense,15,11.979726791381836,1.2678254842758179,0.8160123825073242,-0.11360234767198563,0.9564188122749329,0.9298235177993774,0.9337175488471985,0.7824580073356628,0.10752645134925842,0.24754218757152557,1.2323691844940186,5.656854152679443,10.820245742797852,1.76421320438385,2.6865835189819336,0.9920730117515771,0.11456643044948578,0.11456643044948578
train,chr17_58734211_GAA_GCC,missense,14,11.936089515686035,1.307002305984497,0.8063933849334717,-0.10966664552688599,0.9572275876998901,0.9305551648139954,0.9330744743347168,0.7896599769592285,0.11142272502183914,0.2645142674446106,1.2715120315551758,5.656854629516602,10.820245742797852,1.7683742046356201,2.616050958633423,0.9912823527084235,0.12288957834243774,0.12288957834243774
train,chr17_58734217_TTA_GTG,missense,12,11.833551406860352,1.316035509109497,0.7841525077819824,-0.10668756067752838,0.9609695076942444,0.9323272705078125,0.9293901920318604,0.8064106106758118,0.11977210640907288,0.2888103127479553,1.2741533517837524,5.656854152679443,10.820245742797852,1.776740312576294,2.4582462310791016,0.9892710582463236,0.1448558121919632,0.1448558121919632
train,chr17_58692649_C_A,synonymous,13,11.726057052612305,1.1871535778045654,0.7933948040008545,-0.1411636769771576,0.9581623077392578,0.9289378523826599,0.911543607711792,0.7975718379020691,0.11664625257253647,0.33601897954940796,1.1246848106384277,5.656854152679443,10.820245742797852,1.936777949333191,2.5311222076416016,0.9868117669764003,0.15344814956188202,0.15344814956188202
train,chr17_58692655_G_A,synonymous,15,11.849639892578125,1.161328673362732,0.8123750686645508,-0.14451409876346588,0.9551005959510803,0.9293766021728516,0.889382541179657,0.7824580073356628,0.10938173532485962,0.3298507034778595,1.1064519882202148,5.656854152679443,10.820245742797852,1.9296025037765503,2.6766467094421387,0.9884036523225124,0.13552452623844147,0.13552452623844147
train,chr17_58692661_C_T,synonymous,17,11.93956470489502,1.1320793628692627,0.8260756731033325,-0.14718757569789886,0.9523311257362366,0.9203145503997803,0.8835485577583313,0.7691252827644348,0.10431956499814987,0.3207310736179352,1.0826759338378906,5.656854152679443,10.820245742797852,1.922533392906189,2.8003408908843994,0.9883974663465497,0.12330508977174759,0.12330508977174759
train,chr17_58692683_TTG_CTC,synonymous,22,12.154632568359375,1.0729820728302002,0.8490917682647705,-0.15447695553302765,0.9472740888595581,0.9158428907394409,0.7571500539779663,0.7418891787528992,0.09630715847015381,0.3927537202835083,1.0338225364685059,5.656854629516602,10.820245742797852,1.8953336477279663,3.060241460800171,0.9900354029351228,0.09947629272937775,0.09947629272937775
train,chr17_58692703_T_A,synonymous,22,12.150283813476562,1.026318073272705,0.8482029438018799,-0.16320115327835083,0.9465958476066589,0.9185340404510498,0.7305970191955566,0.7418891787528992,0.09689001739025116,0.42778289318084717,0.9858529567718506,5.656854629516602,10.820245742797852,1.8760839700698853,3.060436487197876,0.9900984969885522,0.09920863807201385,0.09920863807201385
train,chr17_58692706_G_T,synonymous,22,12.150138854980469,1.0212959051132202,0.8483924269676208,-0.16415129601955414,0.9468663334846497,0.9186834096908569,0.7298268675804138,0.7418891787528992,0.09665264189243317,0.4303581416606903,0.9807398915290833,5.656854629516602,10.820245742797852,1.8729729652404785,3.0603466033935547,0.9900694181888665,0.099196657538414,0.099196657538414
train,chr17_58692721_G_A,synonymous,22,12.148855209350586,0.9979367256164551,0.8483470678329468,-0.16897067427635193,0.9470458030700684,0.918968677520752,0.7309191226959229,0.7418891787528992,0.09652234613895416,0.4355340898036957,0.9569889307022095,5.656854629516602,10.820245742797852,1.8578404188156128,3.0610244274139404,0.9902887047339767,0.09909790009260178,0.09909790009260178
train,chr17_58692724_G_T,synonymous,22,12.147010803222656,1.0019069910049438,0.8480905890464783,-0.17439806461334229,0.9467654824256897,0.9180940389633179,0.7249655723571777,0.7418891787528992,0.09677404165267944,0.437186598777771,0.9612882733345032,5.656854629516602,10.820245742797852,1.8548989295959473,3.0611517429351807,0.9903298932725236,0.09918317943811417,0.09918317943811417
train,chr17_58692730_T_C,synonymous,22,12.148900032043457,0.9955753087997437,0.8475525379180908,-0.1743619292974472,0.9462583661079407,0.9131349921226501,0.720175564289093,0.7418891787528992,0.09724341332912445,0.43990159034729004,0.9549311995506287,5.656854629516602,10.820245742797852,1.8491015434265137,3.0611066818237305,0.9903153153066334,0.09922701865434647,0.09922701865434647
train,chr17_58692733_G_A,synonymous,22,12.148604393005371,0.9917540550231934,0.8475151658058167,-0.17168617248535156,0.9463181495666504,0.9143800139427185,0.7267934679985046,0.7418891787528992,0.09720312058925629,0.4368341863155365,0.951063871383667,5.656854629516602,10.820245742797852,1.8462457656860352,3.060997247695923,0.9902799116751858,0.099235899746418,0.099235899746418
train,chr17_58692736_G_A,synonymous,22,12.145054817199707,0.9965237975120544,0.8476958870887756,-0.16857019066810608,0.9465340375900269,0.9146795272827148,0.7325009107589722,0.7418891787528992,0.09700675308704376,0.4298190474510193,0.9561954736709595,5.656854629516602,10.820245742797852,1.8434187173843384,3.0608408451080322,0.9902293130210907,0.09929298609495163,0.09929298609495163
train,chr17_58692745_T_C,synonymous,22,12.136137962341309,1.0050108432769775,0.8481914401054382,-0.17448264360427856,0.9471526741981506,0.915489673614502,0.7609072923660278,0.7418891787528992,0.09643100202083588,0.4009825587272644,0.9654822945594788,5.656854629516602,10.820245742797852,1.8351107835769653,3.0604379177093506,0.9900989597811203,0.09956596791744232,0.09956596791744232
train,chr17_58692760_A_C,synonymous,22,12.133384704589844,1.0375133752822876,0.8479533195495605,-0.17000415921211243,0.947017252445221,0.9167208671569824,0.7845762372016907,0.7418891787528992,0.09651654213666916,0.3690163195133209,1.000164270401001,5.656854629516602,10.820245742797852,1.8218456506729126,3.060762882232666,0.9902040908261379,0.09994086623191833,0.09994086623191833
train,chr17_58692763_G_A,synonymous,22,12.135473251342773,1.0440491437911987,0.8478955030441284,-0.17291054129600525,0.9469724893569946,0.9157403707504272,0.7893444299697876,0.7418891787528992,0.09656494110822678,0.36203378438949585,1.0071333646774292,5.656854629516602,10.820245742797852,1.8192803859710693,3.0605428218841553,0.9901328979027694,0.09994283318519592,0.09994283318519592
train,chr17_58692779_CTT_TTG,synonymous,22,12.137035369873047,1.0643153190612793,0.847538948059082,-0.1760825514793396,0.9470338821411133,0.9148369431495667,0.8074986338615417,0.7418891787528992,0.09650654345750809,0.3438822031021118,1.0290679931640625,5.656854629516602,10.820245742797852,1.8045094013214111,3.0601439476013184,0.990003855908408,0.09998457133769989,0.09998457133769989
train,chr17_58692782_AGC_TCA,synonymous,22,12.140591621398926,1.0693058967590332,0.8474830985069275,-0.1814326047897339,0.9469719529151917,0.9149615168571472,0.816510021686554,0.7418891787528992,0.09656961262226105,0.33443984389305115,1.034408450126648,5.656854629516602,10.820245742797852,1.8021515607833862,3.060150384902954,0.9900059384749638,0.09997988492250443,0.09997988492250443
train,chr17_58694932_A_G,synonymous,22,12.137917518615723,1.0775809288024902,0.8473408818244934,-0.1768096685409546,0.9468405246734619,0.9140855073928833,0.816825807094574,0.7418891787528992,0.09667860716581345,0.332489013671875,1.0432978868484497,5.656854629516602,10.820245742797852,1.797525405883789,3.060180425643921,0.9900156571188906,0.09996575862169266,0.09996575862169266
train,chr17_58694941_A_T,synonymous,22,12.136235237121582,1.098987102508545,0.8472486734390259,-0.18160364031791687,0.9466971158981323,0.9128724932670593,0.7971376180648804,0.7418891787528992,0.09681184589862823,0.34377601742744446,1.0660430192947388,5.656854629516602,10.820245742797852,1.7908111810684204,3.0596563816070557,0.9898461207748342,0.09991510212421417,0.09991510212421417
train,chr17_58694942_TCT_AGT,synonymous,22,12.13408374786377,1.1053078174591064,0.8473198413848877,-0.18201366066932678,0.9467155337333679,0.9136565923690796,0.8020147681236267,0.7418891787528992,0.09678580611944199,0.33584871888160706,1.0727685689926147,5.656854629516602,10.820245742797852,1.7886332273483276,3.0596489906311035,0.9898437296798999,0.09987052530050278,0.09987052530050278
train,chr17_58694950_A_C,synonymous,22,12.132061004638672,1.093278408050537,0.8473179340362549,-0.17755764722824097,0.9467737674713135,0.9146673679351807,0.7932273149490356,0.7418891787528992,0.09674901515245438,0.34403088688850403,1.0603693723678589,5.656854629516602,10.820245742797852,1.7843680381774902,3.0601072311401367,0.9899919775658308,0.09979170560836792,0.09979170560836792
train,chr17_58694956_C_T,synonymous,22,12.125332832336426,1.0883055925369263,0.8475287556648254,-0.1831119954586029,0.9471051096916199,0.9168311357498169,0.7908549308776855,0.7418891787528992,0.096456378698349,0.3466290831565857,1.0553570985794067,5.656854629516602,10.820245742797852,1.7802238464355469,3.060670852661133,0.9901743178376002,0.09980177879333496,0.09980177879333496
train,chr17_58694957_T_C,synonymous,22,12.124412536621094,1.0849065780639648,0.8472415804862976,-0.18522663414478302,0.9468190670013428,0.9174402356147766,0.789483904838562,0.7418891787528992,0.09670183807611465,0.3480547368526459,1.0518927574157715,5.656854629516602,10.820245742797852,1.7781972885131836,3.060748338699341,0.9901993857683637,0.09976776689291,0.09976776689291
train,chr17_58694966_CTG_TTA,synonymous,22,12.123726844787598,1.0824106931686401,0.8469626903533936,-0.18503129482269287,0.946619987487793,0.9184145331382751,0.7994309663772583,0.7418891787528992,0.09691573679447174,0.3394508361816406,1.0495587587356567,5.656854629516602,10.820245742797852,1.7723002433776855,3.0605974197387695,0.9901505611524458,0.0997583344578743,0.0997583344578743
train,chr17_58694971_A_G,synonymous,22,12.122955322265625,1.0817023515701294,0.8473275303840637,-0.18413203954696655,0.9470404386520386,0.9190718531608582,0.8082981705665588,0.7418891787528992,0.09653937816619873,0.3321057856082916,1.0489073991775513,5.656854629516602,10.820245742797852,1.7703955173492432,3.0603597164154053,0.9900736604540727,0.0997551828622818,0.0997551828622818
train,chr17_58694981_AGA_CGG,synonymous,22,12.115272521972656,1.100915551185608,0.847805917263031,-0.1773267686367035,0.9475041627883911,0.9182019233703613,0.853762149810791,0.7418891787528992,0.09605037420988083,0.2866511940956116,1.0693837404251099,5.656854629516602,10.820245742797852,1.7630828619003296,3.060123920440674,0.9899973768124568,0.09999901056289673,0.09999901056289673
train,chr17_58694983_A_G,synonymous,22,12.115272521972656,1.100915551185608,0.847805917263031,-0.1773267686367035,0.9475041627883911,0.9182019233703613,0.853762149810791,0.7418891787528992,0.09605037420988083,0.2866511940956116,1.0693837404251099,5.656854629516602,10.820245742797852,1.7630828619003296,3.060123920440674,0.9899973768124568,0.09999901056289673,0.09999901056289673
train,chr17_58694992_C_T,synonymous,22,12.120956420898438,1.0919783115386963,0.847502589225769,-0.1772909313440323,0.9474074840545654,0.9150146842002869,0.8633129596710205,0.7418891787528992,0.09613435715436935,0.28453829884529114,1.0602667331695557,5.656854629516602,10.820245742797852,1.7579206228256226,3.0604000091552734,0.9900866957780697,0.0999155193567276,0.0999155193567276
train,chr17_58694995_A_G,synonymous,22,12.12486743927002,1.0824867486953735,0.8475671410560608,-0.18062260746955872,0.947542667388916,0.9168841242790222,0.8680441975593567,0.7418891787528992,0.09602908045053482,0.28207072615623474,1.0504021644592285,5.656854629516602,10.820245742797852,1.7562614679336548,3.0605175495147705,0.9901247219007357,0.09986361861228943,0.09986361861228943
train,chr17_58695005_AGA_CGG,synonymous,22,12.136373519897461,1.048626184463501,0.8471280336380005,-0.18021872639656067,0.9475035667419434,0.9187221527099609,0.8867198824882507,0.7418891787528992,0.09608840942382812,0.2748425304889679,1.015230655670166,5.656854629516602,10.820245742797852,1.7499333620071411,3.060500144958496,0.9901190912578257,0.09960564970970154,0.09960564970970154
train,chr17_58695016_T_A,synonymous,22,12.137178421020508,1.053329348564148,0.8467509150505066,-0.18584635853767395,0.9471513032913208,0.9163336753845215,0.8583846688270569,0.7418891787528992,0.09640122950077057,0.29561689496040344,1.0203683376312256,5.656854629516602,10.820245742797852,1.7455120086669922,3.0603466033935547,0.9900694181888665,0.09935057908296585,0.09935057908296585
train,chr17_58695022_T_C,synonymous,22,12.140034675598145,1.065420150756836,0.8463155031204224,-0.18153612315654755,0.946659505367279,0.9127672910690308,0.8315061330795288,0.7418891787528992,0.09685199707746506,0.32337823510169983,1.033167839050293,5.656854629516602,10.820245742797852,1.7427194118499756,3.060413360595703,0.9900910151753706,0.09926888346672058,0.09926888346672058
train,chr17_58695026_TCA_AGT,synonymous,22,12.139915466308594,1.0609614849090576,0.8465356826782227,-0.1875755339860916,0.9469366669654846,0.9143298864364624,0.8095035552978516,0.7418891787528992,0.09661002457141876,0.3397841155529022,1.0286238193511963,5.656854629516602,10.820245742797852,1.7400505542755127,3.0604922771453857,0.990116545898702,0.09911037981510162,0.09911037981510162
train,chr17_58695037_G_A,synonymous,22,12.139966011047363,1.0451571941375732,0.8461440801620483,-0.19030049443244934,0.9467089176177979,0.9187582731246948,0.7731695771217346,0.7418891787528992,0.09683772921562195,0.37451979517936707,1.0122466087341309,5.656854629516602,10.820245742797852,1.7362804412841797,3.0606155395507812,0.9901564231916398,0.09889939427375793,0.09889939427375793
train,chr17_58695043_A_G,synonymous,22,12.149096488952637,1.0218255519866943,0.8455000519752502,-0.19060629606246948,0.9462255835533142,0.9159293174743652,0.7535873055458069,0.7418891787528992,0.09729135781526566,0.40038472414016724,0.9879161715507507,5.656854629516602,10.820245742797852,1.7339221239089966,3.0609097480773926,0.9902516041964466,0.09858652949333191,0.09858652949333191
train,chr17_58695055_T_A,synonymous,22,12.141690254211426,1.046537160873413,0.8453357219696045,-0.1939679980278015,0.9460259079933167,0.9094452857971191,0.6722716093063354,0.7418891787528992,0.09747276455163956,0.4664536118507385,1.0140113830566406,5.656854629516602,10.820245742797852,1.7295787334442139,3.0617618560791016,0.9905272743027511,0.09846288710832596,0.09846288710832596
train,chr17_58695055_T_G,synonymous,22,12.141690254211426,1.046537160873413,0.8453357219696045,-0.1939679980278015,0.9460259079933167,0.9094452857971191,0.6722716093063354,0.7418891787528992,0.09747276455163956,0.4664536118507385,1.0140113830566406,5.656854629516602,10.820245742797852,1.7295787334442139,3.0617618560791016,0.9905272743027511,0.09846288710832596,0.09846288710832596
train,chr17_58695058_T_A,synonymous,22,12.139363288879395,1.0569393634796143,0.8451915979385376,-0.19350680708885193,0.9458726048469543,0.9081350564956665,0.6532369256019592,0.7418891787528992,0.09761076420545578,0.47970259189605713,1.0249570608139038,5.656854629516602,10.820245742797852,1.728570580482483,3.06174898147583,0.9905231091696397,0.09840865433216095,0.09840865433216095
train,chr17_58695073_C_T,synonymous,22,12.135351181030273,1.0924475193023682,0.8446167707443237,-0.19187778234481812,0.9452596306800842,0.9136857390403748,0.5846830010414124,0.7418891787528992,0.09814686328172684,0.5160338282585144,1.0623737573623657,5.656854629516602,10.820245742797852,1.7239954471588135,3.061262845993042,0.9903658368286338,0.09809983521699905,0.09809983521699905
train,chr17_58695079_C_T,synonymous,22,12.142836570739746,1.093630075454712,0.8441344499588013,-0.2049027383327484,0.9448455572128296,0.9113577008247375,0.5875885486602783,0.7418891787528992,0.09855012595653534,0.5148488283157349,1.0636894702911377,5.656854629516602,10.820245742797852,1.722382664680481,3.0614631175994873,0.9904306277881458,0.09810534119606018,0.09810534119606018
train,chr17_58695091_C_G,synonymous,22,12.155598640441895,1.1033151149749756,0.8433454632759094,-0.2035590410232544,0.9444243907928467,0.9082678556442261,0.5743407607078552,0.7418891787528992,0.09895090758800507,0.5371342897415161,1.0739715099334717,5.656854629516602,10.820245742797852,1.7195290327072144,3.062203884124756,0.9906702772062455,0.09771472960710526,0.09771472960710526
train,chr17_58695103_A_C,synonymous,22,12.148577690124512,1.1236683130264282,0.8450427651405334,-0.20171578228473663,0.9463101029396057,0.9185547828674316,0.5915959477424622,0.7418891787528992,0.09727820754051208,0.511006772518158,1.0954062938690186,5.656854629516602,10.820245742797852,1.7171701192855835,3.061782121658325,0.990533830530797,0.09756149351596832,0.09756149351596832
train,chr17_58695115_T_A,synonymous,22,12.158795356750488,1.1266409158706665,0.8442466259002686,-0.20986104011535645,0.9453255534172058,0.9147142171859741,0.6126922369003296,0.7418891787528992,0.09811709076166153,0.4871859848499298,1.098609209060669,5.656854629516602,10.820245742797852,1.7153044939041138,3.062079429626465,0.9906300142528344,0.09747608751058578,0.09747608751058578
train,chr17_58695136_A_G,synonymous,22,12.159154891967773,1.0756384134292603,0.8454195857048035,-0.2169201672077179,0.9469118118286133,0.9154618382453918,0.7001582980155945,0.7418891787528992,0.0967487096786499,0.42549198865890503,1.0452772378921509,5.656854629516602,10.820245742797852,1.713220477104187,3.062687635421753,0.9908267782263047,0.0971996858716011,0.0971996858716011
train,chr17_58695145_A_C,synonymous,22,12.158031463623047,1.0694990158081055,0.845650851726532,-0.2095699906349182,0.947043240070343,0.9149866104125977,0.7434654831886292,0.7418891787528992,0.09660565108060837,0.3820384442806244,1.0388662815093994,5.656854629516602,10.820245742797852,1.7127846479415894,3.062382698059082,0.9907281262772383,0.09714078158140182,0.09714078158140182
train,chr17_58695148_A_T,synonymous,22,12.156582832336426,1.0706076622009277,0.8457124829292297,-0.20394691824913025,0.9470252990722656,0.9161133170127869,0.7592792510986328,0.7418891787528992,0.09661626815795898,0.3661569654941559,1.0400317907333374,5.656854629516602,10.820245742797852,1.7127002477645874,3.062227964401245,0.9906780675478057,0.09718024730682373,0.09718024730682373
train,chr17_58695163_A_G,synonymous,22,12.158620834350586,1.0421736240386963,0.845276415348053,-0.2027248740196228,0.9466217160224915,0.9131219387054443,0.7441878318786621,0.7418891787528992,0.09695732593536377,0.37893152236938477,1.0102423429489136,5.656854629516602,10.820245742797852,1.712730050086975,3.0632386207580566,0.9910050304970572,0.0966297835111618,0.0966297835111618
train,chr17_58695169_T_A,synonymous,22,12.158862113952637,1.042620301246643,0.8450537919998169,-0.20280563831329346,0.9464506506919861,0.914893627166748,0.7410120964050293,0.7418891787528992,0.09713348746299744,0.3816850483417511,1.01069974899292,5.656854629516602,10.820245742797852,1.7129522562026978,3.0632827281951904,0.9910192999345688,0.09642008692026138,0.09642008692026138
train,chr17_58695175_A_T,synonymous,22,12.157160758972168,1.0345443487167358,0.8452849984169006,-0.20273707807064056,0.946826159954071,0.9132720232009888,0.7491732835769653,0.7418891787528992,0.09681624174118042,0.37745508551597595,1.0022228956222534,5.656854629516602,10.820245742797852,1.7132941484451294,3.0631580352783203,0.9909789598490631,0.09618144482374191,0.09618144482374191
train,chr17_58695181_A_T,synonymous,22,12.153424263000488,1.043069839477539,0.8448836803436279,-0.20256254076957703,0.9464864730834961,0.9148051738739014,0.746880829334259,0.7418891787528992,0.09712721407413483,0.3783808946609497,1.0111324787139893,5.656854629516602,10.820245742797852,1.7137548923492432,3.0629069805145264,0.9908977397533892,0.09608695656061172,0.09608695656061172
train,chr17_58695185_T_C,synonymous,22,12.149443626403809,1.0360218286514282,0.8448857665061951,-0.1979040503501892,0.9464460611343384,0.9157246351242065,0.7230749726295471,0.7418891787528992,0.09716283529996872,0.39561745524406433,1.0037213563919067,5.656854629516602,10.820245742797852,1.71433424949646,3.062882661819458,0.9908898722797341,0.0959281176328659,0.0959281176328659
train,chr17_58696699_G_A,synonymous,22,12.15202522277832,1.0344104766845703,0.8441643118858337,-0.2024160772562027,0.9459004998207092,0.9091335535049438,0.6643175482749939,0.7418891787528992,0.09769871830940247,0.4508279263973236,1.0019811391830444,5.656854629516602,10.820245742797852,1.7154245376586914,3.0634405612945557,0.9910703613812318,0.09552969038486481,0.09552969038486481
train,chr17_58696714_G_C,synonymous,22,12.145228385925293,1.036773681640625,0.8442683815956116,-0.20890086889266968,0.9462789297103882,0.9152096509933472,0.6111220717430115,0.7418891787528992,0.09739802032709122,0.5004372596740723,1.0043425559997559,5.656854629516602,10.820245742797852,1.7178266048431396,3.0640056133270264,0.9912531644455691,0.09519936144351959,0.09519936144351959
train,chr17_58696723_A_C,synonymous,22,12.13768482208252,1.0264558792114258,0.8449320197105408,-0.21075165271759033,0.9471583962440491,0.920167088508606,0.6215667724609375,0.7418891787528992,0.09661715477705002,0.497705340385437,0.9934482574462891,5.656854629516602,10.820245742797852,1.7196156978607178,3.064241647720337,0.9913295252192796,0.09514594823122025,0.09514594823122025
train,chr17_58696735_A_C,synonymous,22,12.145126342773438,1.0397520065307617,0.8435142040252686,-0.20732592046260834,0.9456015229225159,0.9145472049713135,0.6335627436637878,0.7418891787528992,0.09803067147731781,0.482854425907135,1.0072448253631592,5.656854629516602,10.820245742797852,1.722402811050415,3.064432144165039,0.9913911537629108,0.09512034058570862,0.09512034058570862
train,chr17_58696738_A_C,synonymous,22,12.143324851989746,1.0421732664108276,0.8438202738761902,-0.2093166708946228,0.9459617137908936,0.9155067801475525,0.640407383441925,0.7418891787528992,0.09771717339754105,0.4771552085876465,1.0097448825836182,5.656854629516602,10.820245742797852,1.7231707572937012,3.0644097328186035,0.9913839033460129,0.09509821981191635,0.09509821981191635
train,chr17_58696744_A_C,synonymous,22,12.14254379272461,1.0298620462417603,0.8443209528923035,-0.2216717153787613,0.9465384483337402,0.9177542924880981,0.6353476643562317,0.7418891787528992,0.09719835221767426,0.48517799377441406,0.9967701435089111,5.656854629516602,10.820245742797852,1.724791407585144,3.064267873764038,0.991338009749692,0.09485749155282974,0.09485749155282974
train,chr17_58696747_T_A,synonymous,22,12.145007133483887,1.024005651473999,0.8439887166023254,-0.22182726860046387,0.9461695551872253,0.9172952771186829,0.6308039426803589,0.7418891787528992,0.09753037989139557,0.489396333694458,0.9905942678451538,5.656854629516602,10.820245742797852,1.7256441116333008,3.064103126525879,0.9912847114722839,0.09471389651298523,0.09471389651298523
train,chr17_58696756_T_A,synonymous,22,12.15105152130127,1.0556840896606445,0.8433036804199219,-0.22262412309646606,0.9453722834587097,0.9136974215507507,0.6165845990180969,0.7418891787528992,0.09824446588754654,0.5014775991439819,1.023651361465454,5.656854629516602,10.820245742797852,1.728369951248169,3.0647776126861572,0.9915029181680689,0.09464382380247116,0.09464382380247116
train,chr17_58696762_T_A,synonymous,22,12.150774955749512,1.0548607110977173,0.8435964584350586,-0.21433937549591064,0.9456464052200317,0.9173386693000793,0.6313155889511108,0.7418891787528992,0.09798235446214676,0.48738187551498413,1.0226956605911255,5.656854629516602,10.820245742797852,1.7303262948989868,3.0646402835845947,0.9914584900815464,0.09458355605602264,0.09458355605602264
train,chr17_58696771_G_A,synonymous,22,12.154133796691895,1.0260182619094849,0.8439859747886658,-0.21497491002082825,0.9462453126907349,0.9165167808532715,0.6294196844100952,0.7418891787528992,0.09750480204820633,0.5027385354042053,0.9923301935195923,5.656854629516602,10.820245742797852,1.7334678173065186,3.064678430557251,0.9914708312166914,0.0939612165093422,0.0939612165093422
train,chr17_58696775_AGT_TCG,synonymous,22,12.1493558883667,1.0170948505401611,0.8442577719688416,-0.21059544384479523,0.9464572072029114,0.9174820184707642,0.6497581601142883,0.7418891787528992,0.09726890176534653,0.48588109016418457,0.9828755855560303,5.656854629516602,10.820245742797852,1.7356988191604614,3.064615249633789,0.9914503912116074,0.09380833804607391,0.09380833804607391
train,chr17_58696786_T_A,synonymous,22,12.150030136108398,1.0259857177734375,0.8440554141998291,-0.20603659749031067,0.9461850523948669,0.9141009449958801,0.6351919770240784,0.7418891787528992,0.09751666337251663,0.4927329123020172,0.9920207858085632,5.656854629516602,10.820245742797852,1.7392489910125732,3.065279960632324,0.9916654354915113,0.09343691915273666,0.09343691915273666
train,chr17_58696792_A_G,synonymous,22,12.15465259552002,0.9979642033576965,0.8436414003372192,-0.20733854174613953,0.9457584619522095,0.9144991040229797,0.6454094052314758,0.7418891787528992,0.09791720658540726,0.49530041217803955,0.9625457525253296,5.656854629516602,10.820245742797852,1.7417501211166382,3.0654759407043457,0.9917288380733195,0.0930188000202179,0.0930188000202179
train,chr17_58696798_A_G,synonymous,22,12.151110649108887,1.0134291648864746,0.8440712690353394,-0.20792865753173828,0.9460679292678833,0.9106398820877075,0.6293125748634338,0.7418891787528992,0.09764505922794342,0.5016787052154541,0.9786229729652405,5.656854629516602,10.820245742797852,1.7443580627441406,3.065476417541504,0.9917289923375088,0.09291436523199081,0.09291436523199081
train,chr17_58696810_T_G,synonymous,22,12.153590202331543,1.0152698755264282,0.8435514569282532,-0.21130108833312988,0.9453232884407043,0.9067597389221191,0.650467574596405,0.7418891787528992,0.09833688288927078,0.4830004870891571,0.9802879095077515,5.656854629516602,10.820245742797852,1.749890923500061,3.06579852104187,0.9918331977973905,0.09265577793121338,0.09265577793121338
train,chr17_58696813_C_T,synonymous,22,12.150141716003418,0.9926813840866089,0.844037652015686,-0.2119029462337494,0.9459627270698547,0.9096131920814514,0.6707432866096497,0.7418891787528992,0.09776874631643295,0.4686172902584076,0.9565547704696655,5.656854629516602,10.820245742797852,1.7513395547866821,3.06607723236084,0.9919233652160447,0.09252458810806274,0.09252458810806274
train,chr17_58696828_T_A,synonymous,22,12.14888858795166,0.9995389580726624,0.8446290493011475,-0.2101513147354126,0.946479320526123,0.9159786105155945,0.7207105755805969,0.7418891787528992,0.09727369248867035,0.4181744456291199,0.963375449180603,5.656854629516602,10.820245742797852,1.7589707374572754,3.066847801208496,0.9921726561459765,0.0923251137137413,0.0923251137137413
train,chr17_58696831_G_A,synonymous,22,12.145416259765625,1.0078094005584717,0.8448397517204285,-0.20937567949295044,0.9466322064399719,0.9163431525230408,0.7265369296073914,0.7418891787528992,0.09713224321603775,0.4088183343410492,0.97196364402771,5.656854629516602,10.820245742797852,1.7605736255645752,3.0667593479156494,0.9921440401388587,0.09240499883890152,0.09240499883890152
train,chr17_58696834_T_C,synonymous,22,12.143946647644043,1.0283857583999634,0.8451384902000427,-0.20704028010368347,0.9468086361885071,0.9164832234382629,0.7175957560539246,0.7418891787528992,0.09696672856807709,0.4109935462474823,0.993442177772522,5.656854629516602,10.820245742797852,1.7622021436691284,3.0666770935058594,0.992117429566202,0.09242969006299973,0.09242969006299973
train,chr17_58696846_A_G,synonymous,22,12.138997077941895,1.049612283706665,0.8459371328353882,-0.1997292935848236,0.9474602341651917,0.9174453020095825,0.7750893831253052,0.7418891787528992,0.09633918851613998,0.3534790277481079,1.015357255935669,5.656854629516602,10.820245742797852,1.7689672708511353,3.0665111541748047,0.9920637456283207,0.09238696843385696,0.09238696843385696
train,chr17_58703203_A_G,synonymous,22,12.142037391662598,1.0539984703063965,0.8454239964485168,-0.20524552464485168,0.9469134211540222,0.9157058000564575,0.8104950785636902,0.7418891787528992,0.09687837958335876,0.3279881179332733,1.0193432569503784,5.656854629516602,10.820245742797852,1.7817589044570923,3.0668134689331055,0.9921615491243458,0.09184171259403229,0.09184171259403229
train,chr17_58703209_T_A,synonymous,22,12.141990661621094,1.0508803129196167,0.8455115556716919,-0.2061755657196045,0.9470210075378418,0.9172478914260864,0.7873380184173584,0.7418891787528992,0.0967867448925972,0.34561771154403687,1.0158920288085938,5.656854629516602,10.820245742797852,1.7856321334838867,3.066596508026123,0.9920913589182079,0.09152375906705856,0.09152375906705856
train,chr17_58703224_T_G,synonymous,22,12.137215614318848,1.0617235898971558,0.8449206948280334,-0.1942877173423767,0.9462050795555115,0.9133039712905884,0.7096084356307983,0.7418891787528992,0.09752165526151657,0.4050319790840149,1.026770830154419,5.656854629516602,10.820245742797852,1.7957316637039185,3.0668587684631348,0.9921762042223307,0.09076763689517975,0.09076763689517975
train,chr17_58703233_T_C,synonymous,22,12.146265983581543,1.0239535570144653,0.8442047238349915,-0.19562633335590363,0.9457129240036011,0.9129678010940552,0.6609897613525391,0.7418891787528992,0.09800703078508377,0.45743465423583984,0.9869003295898438,5.656854629516602,10.820245742797852,1.8020724058151245,3.0670483112335205,0.9922375242375832,0.09001883119344711,0.09001883119344711
train,chr17_58703237_CTT_TTA,synonymous,22,12.146416664123535,1.0090560913085938,0.8444891571998596,-0.19696931540966034,0.9461396336555481,0.914480447769165,0.6542298197746277,0.7418891787528992,0.09765984117984772,0.47151222825050354,0.9710865020751953,5.656854629516602,10.820245742797852,1.8064149618148804,3.067338466644287,0.9923313939967808,0.089710533618927,0.089710533618927
train,chr17_58703240_TCT_AGT,synonymous,22,12.144445419311523,1.0294089317321777,0.8443878293037415,-0.1977633535861969,0.9459707140922546,0.9122751951217651,0.636338472366333,0.7418891787528992,0.09780868887901306,0.4878065884113312,0.9923036098480225,5.656854629516602,10.820245742797852,1.8086204528808594,3.067603588104248,0.9924171648860395,0.08964183926582336,0.08964183926582336
train,chr17_58703251_T_C,synonymous,22,12.151091575622559,1.017346739768982,0.8438716530799866,-0.19694304466247559,0.9454451203346252,0.9157574772834778,0.6374145746231079,0.7418891787528992,0.09829600155353546,0.4938788414001465,0.979345440864563,5.656854629516602,10.820245742797852,1.8153730630874634,3.0685863494873047,0.9927351033802161,0.0893169492483139,0.0893169492483139
train,chr17_58703260_C_G,synonymous,22,12.144567489624023,1.0096315145492554,0.8445003628730774,-0.20470593869686127,0.946159303188324,0.9140030145645142,0.6510626077651978,0.7418891787528992,0.09767772257328033,0.4843578338623047,0.9709316492080688,5.656854629516602,10.820245742797852,1.8223270177841187,3.0686936378479004,0.9927698128228117,0.08907735347747803,0.08907735347747803
train,chr17_58703272_C_T,synonymous,22,12.14441204071045,1.0729646682739258,0.8441817164421082,-0.20442235469818115,0.945595920085907,0.9124670028686523,0.6234530806541443,0.7418891787528992,0.09820329397916794,0.5022806525230408,1.0368245840072632,5.656854629516602,10.820245742797852,1.8319075107574463,3.0691447257995605,0.992915746745903,0.0890621542930603,0.0890621542930603
train,chr17_58703278_G_A,synonymous,22,12.147865295410156,1.0784744024276733,0.8435105085372925,-0.20799854397773743,0.9447576403617859,0.9136626720428467,0.6611396074295044,0.7418891787528992,0.09892697632312775,0.4688999652862549,1.0423622131347656,5.656854629516602,10.820245742797852,1.8368279933929443,3.069204807281494,0.9929351840337566,0.08910307288169861,0.08910307288169861
train,chr17_58703281_A_G,synonymous,22,12.146573066711426,1.0860861539840698,0.8438867926597595,-0.20884297788143158,0.9451467394828796,0.915596604347229,0.6660795211791992,0.7418891787528992,0.09859409183263779,0.46215710043907166,1.050217866897583,5.656854629516602,10.820245742797852,1.8393203020095825,3.0692286491394043,0.9929428972432224,0.08910979330539703,0.08910979330539703
train,chr17_58703296_T_C,synonymous,22,12.152522087097168,1.07627534866333,0.8447062373161316,-0.20341457426548004,0.9461113214492798,0.9098175168037415,0.6882413029670715,0.7418891787528992,0.09774863719940186,0.4550223648548126,1.039331316947937,5.656854629516602,10.820245742797852,1.8521003723144531,3.068995952606201,0.992867616318837,0.08878713101148605,0.08878713101148605
train,chr17_58703314_C_G,synonymous,22,12.165249824523926,1.0864098072052002,0.8441436886787415,-0.20335528254508972,0.9456303119659424,0.9048142433166504,0.6290738582611084,0.7418891787528992,0.09818912297487259,0.5002761483192444,1.0491853952407837,5.656854629516602,10.820245742797852,1.8681217432022095,3.0688724517822266,0.9928276618938047,0.08811668306589127,0.08811668306589127
train,chr17_58703317_A_T,synonymous,22,12.165458679199219,1.0823521614074707,0.8443143367767334,-0.2042059600353241,0.9458569884300232,0.909754753112793,0.621192455291748,0.7418891787528992,0.09799370169639587,0.5094807744026184,1.0448039770126343,5.656854629516602,10.820245742797852,1.8708631992340088,3.0689334869384766,0.9928474077100369,0.08794832974672318,0.08794832974672318
train,chr17_58703320_A_G,synonymous,22,12.165929794311523,1.0812612771987915,0.8447532057762146,-0.20379529893398285,0.9463441967964172,0.9133976697921753,0.6184443235397339,0.7418891787528992,0.0975731611251831,0.5121210813522339,1.0435296297073364,5.656854629516602,10.820245742797852,1.8736248016357422,3.069096565246582,0.9929001660627823,0.08788089454174042,0.08788089454174042
train,chr17_58703326_A_C,synonymous,22,12.17250919342041,1.0798754692077637,0.8443318009376526,-0.20029568672180176,0.9458579421043396,0.9036931395530701,0.5930516123771667,0.7418891787528992,0.09805155545473099,0.5316006541252136,1.0418120622634888,5.656854629516602,10.820245742797852,1.8792076110839844,3.0692389011383057,0.9929462139232926,0.08756691962480545,0.08756691962480545
train,chr17_58709861_T_G,synonymous,22,12.176186561584473,1.0483877658843994,0.8440048694610596,-0.2037735879421234,0.9456077814102173,0.9140503406524658,0.5986970663070679,0.7418891787528992,0.0982903391122818,0.5199726223945618,1.008555293083191,5.656854629516602,10.820245742797852,1.8848695755004883,3.069645881652832,0.9930778784088723,0.08722787350416183,0.08722787350416183
train,chr17_58709864_A_G,synonymous,22,12.174838066101074,1.0654735565185547,0.8437565565109253,-0.20474636554718018,0.9452804327011108,0.9103493094444275,0.579561173915863,0.7418891787528992,0.09859508275985718,0.5352038145065308,1.0263185501098633,5.656854629516602,10.820245742797852,1.8877298831939697,3.0698704719543457,0.9931505368420392,0.08722583949565887,0.08722583949565887
train,chr17_58709867_A_G,synonymous,22,12.17816162109375,1.0615339279174805,0.8434867858886719,-0.20569273829460144,0.9450184106826782,0.9085949659347534,0.5774523019790649,0.7418891787528992,0.09885010123252869,0.5392676591873169,1.0220540761947632,5.656854629516602,10.820245742797852,1.8906097412109375,3.0699710845947266,0.9931830865859845,0.08710700273513794,0.08710700273513794
train,chr17_58709876_G_C,synonymous,22,12.176921844482422,1.0525022745132446,0.8432109951972961,-0.20813538134098053,0.9447340369224548,0.9096971750259399,0.5701018571853638,0.7418891787528992,0.0991625189781189,0.5489351153373718,1.012175440788269,5.656854629516602,10.820245742797852,1.8993651866912842,3.0701136589050293,0.9932292115785895,0.08683193475008011,0.08683193475008011
train,chr17_58709882_T_A,synonymous,22,12.173811912536621,1.0614219903945923,0.8433996438980103,-0.21044078469276428,0.9448620676994324,0.9104490876197815,0.5677117705345154,0.7418891787528992,0.09908085316419601,0.5478633046150208,1.0212374925613403,5.656854629516602,10.820245742797852,1.9052976369857788,3.0701122283935547,0.9932287487860215,0.08674923330545425,0.08674923330545425
train,chr17_58709888_T_C,synonymous,22,12.166848182678223,1.0513160228729248,0.8446125388145447,-0.20797576010227203,0.946252167224884,0.9166182279586792,0.5891216993331909,0.7418891787528992,0.09780984371900558,0.5371751189231873,1.0103641748428345,5.656854629516602,10.820245742797852,1.9113054275512695,3.07033634185791,0.9933012529549993,0.08658595383167267,0.08658595383167267
train,chr17_58709894_A_G,synonymous,22,12.16119384765625,1.0425323247909546,0.8451489210128784,-0.19838665425777435,0.9466855525970459,0.9128717184066772,0.6118491888046265,0.7418891787528992,0.09738977253437042,0.5164632201194763,1.0008724927902222,5.656854629516602,10.820245742797852,1.9173882007598877,3.070859670639038,0.9934705579027716,0.08649202436208725,0.08649202436208725
train,chr17_58709900_T_G,synonymous,22,12.170878410339355,1.0453598499298096,0.844756543636322,-0.1985660046339035,0.9463355541229248,0.914636492729187,0.6012244820594788,0.7418891787528992,0.0977356806397438,0.5288885831832886,1.0035414695739746,5.656854629516602,10.820245742797852,1.9235447645187378,3.070997714996338,0.993515217385578,0.08613970875740051,0.08613970875740051
train,chr17_58709906_C_T,synonymous,22,12.170382499694824,1.0591603517532349,0.8451512455940247,-0.1953968107700348,0.9466979503631592,0.9180039167404175,0.5970661044120789,0.7418891787528992,0.0974029153585434,0.5302982926368713,1.017702579498291,5.656854629516602,10.820245742797852,1.929774522781372,3.070993661880493,0.9935139061399689,0.08607952296733856,0.08607952296733856
train,chr17_58709909_A_T,synonymous,22,12.170998573303223,1.0584590435028076,0.8450887799263,-0.19661816954612732,0.9465871453285217,0.914408802986145,0.6094449162483215,0.7418891787528992,0.0974903330206871,0.5206957459449768,1.0168181657791138,5.656854629516602,10.820245742797852,1.9329166412353516,3.070956230163574,0.9935017964011077,0.0860222652554512,0.0860222652554512
train,chr17_58709918_G_A,synonymous,22,12.176379203796387,1.063405990600586,0.8440597057342529,-0.2012614905834198,0.9455235600471497,0.9106212258338928,0.6146160364151001,0.7418891787528992,0.09845881164073944,0.5182080268859863,1.021546721458435,5.656854629516602,10.820245742797852,1.942450761795044,3.0706934928894043,0.9934167968327956,0.08561820536851883,0.08561820536851883
train,chr17_58709921_T_G,synonymous,22,12.175799369812012,1.0599619150161743,0.8442926406860352,-0.20254932343959808,0.9457618594169617,0.9120059013366699,0.6366362571716309,0.7418891787528992,0.09826675057411194,0.50375896692276,1.0177855491638184,5.656854629516602,10.820245742797852,1.945664405822754,3.070499897003174,0.993354165571934,0.08559431880712509,0.08559431880712509
train,chr17_58709922_CTT_TTG,synonymous,22,12.176384925842285,1.0480983257293701,0.8447850346565247,-0.20378518104553223,0.9464211463928223,0.9104634523391724,0.6441616415977478,0.7418891787528992,0.0976923331618309,0.5014119744300842,1.005203127861023,5.656854629516602,10.820245742797852,1.9488955736160278,3.0704965591430664,0.9933530857226088,0.08536241203546524,0.08536241203546524
train,chr17_58709927_T_A,synonymous,22,12.180736541748047,1.0300781726837158,0.8449397087097168,-0.2034178227186203,0.9467097520828247,0.9144806861877441,0.6512869000434875,0.7418891787528992,0.09744460880756378,0.4976133704185486,0.9861702919006348,5.656854629516602,10.820245742797852,1.9521443843841553,3.070683240890503,0.9934134801527253,0.08510077744722366,0.08510077744722366
train,chr17_58709927_T_C,synonymous,22,12.180736541748047,1.0300781726837158,0.8449397087097168,-0.2034178227186203,0.9467097520828247,0.9144806861877441,0.6512869000434875,0.7418891787528992,0.09744460880756378,0.4976133704185486,0.9861702919006348,5.656854629516602,10.820245742797852,1.9521443843841553,3.070683240890503,0.9934134801527253,0.08510077744722366,0.08510077744722366
train,chr17_58709933_G_T,synonymous,22,12.183324813842773,1.0682352781295776,0.8440748453140259,-0.2020268440246582,0.945473849773407,0.9065713286399841,0.6104354858398438,0.7418891787528992,0.09851431101560593,0.5331642627716064,1.0258324146270752,5.656854629516602,10.820245742797852,1.958694338798523,3.071040391921997,0.9935290240305217,0.08507238328456879,0.08507238328456879
train,chr17_58709936_A_G,synonymous,22,12.185696601867676,1.073049545288086,0.8437031507492065,-0.2030908167362213,0.9450124502182007,0.9066449403762817,0.6080982685089111,0.7418891787528992,0.09894808381795883,0.532540500164032,1.0307189226150513,5.656854629516602,10.820245742797852,1.961995244026184,3.07119083404541,0.9935776943822503,0.08498356491327286,0.08498356491327286
train,chr17_58709937_TTA_CTG,synonymous,22,12.188261985778809,1.0742762088775635,0.843754768371582,-0.2036726474761963,0.944996178150177,0.9107360243797302,0.6083348989486694,0.7418891787528992,0.098973348736763,0.5315816402435303,1.0318459272384644,5.656854629516602,10.820245742797852,1.96531343460083,3.07138991355896,0.993642099681289,0.08486398309469223,0.08486398309469223
train,chr17_58709939_A_G,synonymous,22,12.188261985778809,1.0742762088775635,0.843754768371582,-0.2036726474761963,0.944996178150177,0.9107360243797302,0.6083348989486694,0.7418891787528992,0.098973348736763,0.5315816402435303,1.0318459272384644,5.656854629516602,10.820245742797852,1.96531343460083,3.07138991355896,0.993642099681289,0.08486398309469223,0.08486398309469223
train,chr17_58709946_C_T,synonymous,22,12.185577392578125,1.0655945539474487,0.8445615768432617,-0.19818419218063354,0.9458086490631104,0.9122602939605713,0.6224184036254883,0.7418891787528992,0.09829150140285492,0.5222610831260681,1.0222718715667725,5.656854629516602,10.820245742797852,1.9753700494766235,3.0715131759643555,0.9936819769742267,0.08448178321123123,0.08448178321123123
train,chr17_58709951_C_A,synonymous,22,12.180513381958008,1.0730764865875244,0.8447452187538147,-0.1994708776473999,0.9459235668182373,0.9110163450241089,0.6051323413848877,0.7418891787528992,0.0981910303235054,0.5312625765800476,1.0299488306045532,5.656854629516602,10.820245742797852,1.9787561893463135,3.0716257095336914,0.9937183833229049,0.08445103466510773,0.08445103466510773
train,chr17_58709963_C_A,synonymous,22,12.177178382873535,1.0630972385406494,0.8441551923751831,-0.19841426610946655,0.9451143145561218,0.9127315282821655,0.6006436944007874,0.7418891787528992,0.0989375114440918,0.5332354307174683,1.0188415050506592,5.656854629516602,10.820245742797852,1.992466688156128,3.072453022003174,0.993986031691365,0.08423721790313721,0.08423721790313721
train,chr17_58709964_AGC_TCT,synonymous,22,12.170968055725098,1.0478744506835938,0.844330906867981,-0.1996225118637085,0.9452561736106873,0.914618730545044,0.619547426700592,0.7418891787528992,0.09878426790237427,0.5170412659645081,1.0027285814285278,5.656854629516602,10.820245742797852,1.9959356784820557,3.072554111480713,0.9940187356994996,0.0841427892446518,0.0841427892446518
train,chr17_58709969_T_G,synonymous,22,12.167891502380371,1.044602394104004,0.8446635603904724,-0.1991509348154068,0.9456076622009277,0.9141187071800232,0.6182799339294434,0.7418891787528992,0.0984659343957901,0.5196282863616943,0.9991348385810852,5.656854629516602,10.820245742797852,1.9994210004806519,3.0725557804107666,0.9940192756241623,0.08401916176080704,0.08401916176080704
train,chr17_58709978_T_C,synonymous,22,12.158391952514648,1.0377905368804932,0.8461012244224548,-0.19954723119735718,0.9469736218452454,0.9145630598068237,0.6356920599937439,0.7418891787528992,0.09723533689975739,0.5038818120956421,0.9914959669113159,5.656854629516602,10.820245742797852,2.0099740028381348,3.0721046924591064,0.993873341701071,0.0837588831782341,0.0837588831782341
train,chr17_58709987_A_G,synonymous,22,12.16384220123291,1.0350412130355835,0.845455527305603,-0.19747082889080048,0.9460232853889465,0.9161496162414551,0.662209689617157,0.7418891787528992,0.09808987379074097,0.4820616543292999,0.9881064891815186,5.656854629516602,10.820245742797852,2.0206708908081055,3.0720889568328857,0.9938682509828236,0.08346620202064514,0.08346620202064514
train,chr17_58720754_A_G,synonymous,22,12.1759614944458,1.0013197660446167,0.8451759815216064,-0.19456487894058228,0.9458814859390259,0.9171853065490723,0.6470822095870972,0.7418891787528992,0.09823356568813324,0.4937058687210083,0.9520896077156067,5.656854629516602,10.820245742797852,2.03515362739563,3.0725643634796143,0.9940220523795699,0.08302664756774902,0.08302664756774902
train,chr17_58720752_TTA_CTG,synonymous,22,12.1759614944458,1.0013197660446167,0.8451759815216064,-0.19456487894058228,0.9458814859390259,0.9171853065490723,0.6470822095870972,0.7418891787528992,0.09823356568813324,0.4937058687210083,0.9520896077156067,5.656854629516602,10.820245742797852,2.03515362739563,3.0725643634796143,0.9940220523795699,0.08302664756774902,0.08302664756774902
train,chr17_58720769_A_C,synonymous,22,12.172735214233398,0.9916670918464661,0.8462895750999451,-0.19407370686531067,0.947067141532898,0.9159094095230103,0.6530717611312866,0.7418891787528992,0.09719746559858322,0.4934242367744446,0.9410986304283142,5.656854629516602,10.820245742797852,2.0536041259765625,3.0727944374084473,0.994096484850914,0.08274214714765549,0.08274214714765549
train,chr17_58720781_T_C,synonymous,22,12.160209655761719,1.0255366563796997,0.8469890356063843,-0.18064405024051666,0.9476051330566406,0.9160780906677246,0.6484512090682983,0.7418891787528992,0.09669727087020874,0.4930981695652008,0.9758651256561279,5.656854629516602,10.820245742797852,2.068636178970337,3.0732414722442627,0.9942411075283961,0.08267597109079361,0.08267597109079361
train,chr17_58720796_G_A,synonymous,22,12.175895690917969,1.0343891382217407,0.8454722166061401,-0.1904672235250473,0.9459554553031921,0.9156919717788696,0.6283566951751709,0.7418891787528992,0.09827201813459396,0.5101197957992554,0.9842286705970764,5.656854629516602,10.820245742797852,2.0877580642700195,3.0737340450286865,0.9944004624359576,0.08235719799995422,0.08235719799995422
train,chr17_58720799_T_C,synonymous,22,12.176628112792969,1.0291763544082642,0.8454895615577698,-0.1913515329360962,0.9460331797599792,0.918306291103363,0.6312730312347412,0.7418891787528992,0.09822195768356323,0.5120214223861694,0.978583574295044,5.656854629516602,10.820245742797852,2.091625928878784,3.073786973953247,0.9944175857609715,0.08230168372392654,0.08230168372392654
train,chr17_58720811_A_G,synonymous,22,12.18919849395752,1.079169750213623,0.8450612425804138,-0.19069743156433105,0.9457544088363647,0.9157013893127441,0.574266791343689,0.7418891787528992,0.09853898733854294,0.557242214679718,1.0302139520645142,5.656854629516602,10.820245742797852,2.1072402000427246,3.073354721069336,0.9942777452733582,0.08160340040922165,0.08160340040922165
train,chr17_58724044_A_G,synonymous,22,12.18374252319336,1.097264051437378,0.8455938696861267,-0.18498198688030243,0.946194052696228,0.9142235517501831,0.5868849158287048,0.7418891787528992,0.09810606390237808,0.5449681282043457,1.0487940311431885,5.656854629516602,10.820245742797852,2.1151320934295654,3.0732247829437256,0.9942357082817701,0.0816136822104454,0.0816136822104454
train,chr17_58724059_T_C,synonymous,22,12.186595916748047,1.0979416370391846,0.8452913165092468,-0.18001428246498108,0.9457909464836121,0.9143468737602234,0.6071410179138184,0.7418891787528992,0.09847739338874817,0.5340608954429626,1.0485529899597168,5.656854629516602,10.820245742797852,2.135104179382324,3.0732195377349854,0.9942340113756876,0.08104012906551361,0.08104012906551361
train,chr17_58724062_T_C,synonymous,22,12.187999725341797,1.090989351272583,0.8453143239021301,-0.18156957626342773,0.9457826614379883,0.9105387926101685,0.6075237393379211,0.7418891787528992,0.09849418699741364,0.5355306267738342,1.0410774946212769,5.656854629516602,10.820245742797852,2.1391398906707764,3.0731303691864014,0.9942051639722859,0.08096257597208023,0.08096257597208023
train,chr17_58724074_A_C,synonymous,22,12.200151443481445,1.0553133487701416,0.845234215259552,-0.19262871146202087,0.9456512331962585,0.9116840958595276,0.5970301628112793,0.7418891787528992,0.09868008643388748,0.5489909648895264,1.002927303314209,5.656854629516602,10.820245742797852,2.155416965484619,3.0746169090270996,0.9946860825824729,0.08065570890903473,0.08065570890903473
train,chr17_58724077_C_A,synonymous,22,12.197319984436035,1.062778115272522,0.8454326391220093,-0.1933198869228363,0.9457822442054749,0.9101085662841797,0.5872017741203308,0.7418891787528992,0.09858214110136032,0.5548818111419678,1.0105524063110352,5.656854629516602,10.820245742797852,2.159519672393799,3.074908494949341,0.9947804151342385,0.08060579746961594,0.08060579746961594
train,chr17_58732487_G_A,synonymous,22,12.174156188964844,1.013102650642395,0.8466917276382446,-0.18131424486637115,0.9466389417648315,0.9163495302200317,0.6919452548027039,0.7418891787528992,0.09779547154903412,0.4723794758319855,0.956725001335144,5.656854629516602,10.820245742797852,2.197033166885376,3.074561357498169,0.9946681108044177,0.08028362691402435,0.08028362691402435
train,chr17_58732490_A_C,synonymous,22,12.173381805419922,1.0123422145843506,0.8466111421585083,-0.18041270971298218,0.9465281367301941,0.917228102684021,0.694804847240448,0.7418891787528992,0.097906194627285,0.4714849889278412,0.9557268023490906,5.656854629516602,10.820245742797852,2.201265573501587,3.074687957763672,0.9947090679466807,0.08022667467594147,0.08022667467594147
train,chr17_58732493_A_G,synonymous,22,12.173016548156738,1.0041800737380981,0.8465403318405151,-0.17959094047546387,0.9464473724365234,0.9177680015563965,0.6927080750465393,0.7418891787528992,0.09796684235334396,0.47693848609924316,0.9469739198684692,5.656854629516602,10.820245742797852,2.2055108547210693,3.0745692253112793,0.9946706561635414,0.08015044033527374,0.08015044033527374
train,chr17_58732494_TTG_CTT,synonymous,22,12.17223072052002,1.005258560180664,0.846552312374115,-0.1766597330570221,0.9463621377944946,0.9173939228057861,0.6945192813873291,0.7418891787528992,0.09803652763366699,0.4740298092365265,0.9479009509086609,5.656854629516602,10.820245742797852,2.209768533706665,3.0744457244873047,0.9946307017385091,0.08009836822748184,0.08009836822748184
train,chr17_58732511_C_T,synonymous,22,12.165938377380371,1.0397975444793701,0.8473654985427856,-0.1686171293258667,0.9469777345657349,0.9159910082817078,0.6709342002868652,0.7418891787528992,0.09749744832515717,0.4848807156085968,0.9830618500709534,5.656854629516602,10.820245742797852,2.231245279312134,3.0741569995880127,0.9945372947718794,0.07974875718355179,0.07974875718355179
train,chr17_58732526_A_C,synonymous,22,12.175756454467773,1.0361366271972656,0.846950113773346,-0.17907772958278656,0.9464969038963318,0.9129507541656494,0.6776309609413147,0.7418891787528992,0.0979500263929367,0.48852816224098206,0.9781894087791443,5.656854629516602,10.820245742797852,2.2530291080474854,3.0753588676452637,0.9949261176610458,0.07934600114822388,0.07934600114822388
train,chr17_58732530_C_T,synonymous,22,12.180107116699219,1.0424888134002686,0.8466274738311768,-0.1811026781797409,0.9460505247116089,0.909325897693634,0.6708442568778992,0.7418891787528992,0.09836609661579132,0.4920261800289154,0.9844250679016113,5.656854629516602,10.820245742797852,2.2618274688720703,3.0754265785217285,0.9949480231759285,0.07929857820272446,0.07929857820272446
train,chr17_58732541_C_T,synonymous,22,12.180084228515625,1.0618197917938232,0.8472672700881958,-0.1785597801208496,0.9465967416763306,0.9158234000205994,0.6784911155700684,0.7418891787528992,0.09791453927755356,0.4804407060146332,1.0040438175201416,5.656854629516602,10.820245742797852,2.2751145362854004,3.0750985145568848,0.9948418894136802,0.07918639481067657,0.07918639481067657
train,chr17_58734120_T_C,synonymous,22,12.170260429382324,1.076924443244934,0.8481931090354919,-0.1744752824306488,0.9473463296890259,0.9193000793457031,0.7329381108283997,0.7418891787528992,0.09719835966825485,0.42851218581199646,1.0194430351257324,5.656854629516602,10.820245742797852,2.284031629562378,3.0749270915985107,0.9947864314376218,0.07935914397239685,0.07935914397239685
train,chr17_58734130_A_C,synonymous,22,12.173223495483398,1.138545036315918,0.8480287790298462,-0.1732332557439804,0.9467360377311707,0.9127001762390137,0.7637873888015747,0.7418891787528992,0.0977102592587471,0.3819963037967682,1.0831420421600342,5.656854629516602,10.820245742797852,2.3020060062408447,3.0756490230560303,0.9950199874202436,0.07942895591259003,0.07942895591259003
train,chr17_58734130_AGA_CGC,synonymous,22,12.173223495483398,1.138545036315918,0.8480287790298462,-0.1732332557439804,0.9467360377311707,0.9127001762390137,0.7637873888015747,0.7418891787528992,0.0977102592587471,0.3819963037967682,1.0831420421600342,5.656854629516602,10.820245742797852,2.3020060062408447,3.0756490230560303,0.9950199874202436,0.07942895591259003,0.07942895591259003
train,chr17_58734141_T_G,synonymous,22,12.17627239227295,1.162701964378357,0.8484262824058533,-0.17081210017204285,0.9469937682151794,0.9132987260818481,0.7796563506126404,0.7418891787528992,0.09751728922128677,0.36027416586875916,1.1078016757965088,5.656854629516602,10.820245742797852,2.315608263015747,3.0757524967193604,0.9950534627493247,0.0793694257736206,0.0793694257736206
train,chr17_58734150_T_G,synonymous,22,12.17040729522705,1.2039424180984497,0.8490299582481384,-0.16672423481941223,0.9473176598548889,0.9147293567657471,0.8647462725639343,0.7418891787528992,0.09716526418924332,0.2866814434528351,1.1503533124923706,5.656854629516602,10.820245742797852,2.329313039779663,3.0753724575042725,0.9949305141904413,0.07953162491321564,0.07953162491321564
train,chr17_58734153_A_G,synonymous,22,12.170695304870605,1.224100112915039,0.8492531776428223,-0.16388879716396332,0.9474475979804993,0.916199266910553,0.8846726417541504,0.7418891787528992,0.0970379039645195,0.26721614599227905,1.1712523698806763,5.656854629516602,10.820245742797852,2.3339037895202637,3.0753355026245117,0.9949185587157694,0.07953213155269623,0.07953213155269623
train,chr17_58734157_TCA_AGC,synonymous,22,12.169815063476562,1.2477858066558838,0.8497471809387207,-0.16231685876846313,0.9477986097335815,0.9181665778160095,0.9299071431159973,0.7418891787528992,0.09669934958219528,0.2308105230331421,1.195626974105835,5.656854629516602,10.820245742797852,2.3431193828582764,3.0751290321350098,0.9948517623217964,0.07950251549482346,0.07950251549482346
train,chr17_58734168_A_T,synonymous,22,12.172908782958984,1.256453514099121,0.8500325083732605,-0.15525902807712555,0.9479667544364929,0.9185442924499512,0.9452589750289917,0.7418891787528992,0.09654335677623749,0.21867047250270844,1.204045295715332,5.656854629516602,10.820245742797852,2.3570261001586914,3.0751373767852783,0.9948544619451094,0.07933024317026138,0.07933024317026138
train,chr17_58734174_T_A,synonymous,22,12.17497444152832,1.2688276767730713,0.8498416543006897,-0.14968951046466827,0.9476693868637085,0.9189379215240479,0.9450585246086121,0.7418891787528992,0.09681392461061478,0.2164158970117569,1.2165645360946655,5.656854629516602,10.820245742797852,2.3663525581359863,3.075185537338257,0.9948700426282301,0.07922942191362381,0.07922942191362381
train,chr17_58734177_C_G,synonymous,22,12.175048828125,1.274306297302246,0.8498508930206299,-0.14898629486560822,0.9476337432861328,0.9187076687812805,0.9480962753295898,0.7418891787528992,0.09684322029352188,0.21318863332271576,1.2220813035964966,5.656854629516602,10.820245742797852,2.3710319995880127,3.0752012729644775,0.9948751333464775,0.07917753607034683,0.07917753607034683
train,chr17_58734186_C_T,synonymous,22,12.17155933380127,1.2946405410766602,0.8503843545913696,-0.14631310105323792,0.9480695128440857,0.9193996787071228,0.9559250473976135,0.7418891787528992,0.09646570682525635,0.2039579302072525,1.242712140083313,5.656854629516602,10.820245742797852,2.385136365890503,3.075110912322998,0.9948459002826024,0.07905174046754837,0.07905174046754837
train,chr17_58734187_C_A,synonymous,22,12.171656608581543,1.2965116500854492,0.8504742383956909,-0.14665643870830536,0.9481228590011597,0.9190492033958435,0.9564449787139893,0.7418891787528992,0.09642162173986435,0.2034822702407837,1.2444475889205933,5.656854629516602,10.820245742797852,2.389859437942505,3.0750837326049805,0.9948371072238115,0.0789870172739029,0.0789870172739029
train,chr17_58734195_A_T,synonymous,20,12.141581535339355,1.3045047521591187,0.8426993489265442,-0.14540675282478333,0.9501476883888245,0.9201865196228027,0.957851231098175,0.7516794800758362,0.09902563691139221,0.2160109430551529,1.2468819618225098,5.656854152679443,10.820245742797852,2.3993380069732666,2.9783244132995605,0.9941891134905128,0.08722667396068573,0.08722667396068573
train,chr17_58734198_A_T,synonymous,19,12.120004653930664,1.3135992288589478,0.8380000591278076,-0.14647145569324493,0.9512578248977661,0.9213088154792786,0.9584384560585022,0.7570365071296692,0.10062431544065475,0.2220335155725479,1.2530162334442139,5.656854629516602,10.820245742797852,2.4040932655334473,2.926199436187744,0.9938054267357038,0.09176377207040787,0.09176377207040787
train,chr17_58734201_A_C,synonymous,18,12.097071647644043,1.317347526550293,0.8326787948608398,-0.14579926431179047,0.9525061249732971,0.9219000339508057,0.9579461216926575,0.7628700137138367,0.10241203755140305,0.2309035211801529,1.253140926361084,5.656854152679443,10.820245742797852,2.4088592529296875,2.8712801933288574,0.9933947719648343,0.09672967344522476,0.09672967344522476
train,chr17_58734207_A_G,synonymous,16,12.052620887756348,1.3218117952346802,0.8196752071380615,-0.14447085559368134,0.9552553296089172,0.928092360496521,0.9570599794387817,0.7756679058074951,0.10691496729850769,0.25194433331489563,1.248704433441162,5.656854629516602,10.820245742797852,2.4184231758117676,2.7515664100646973,0.9924178036192467,0.1084626242518425,0.1084626242518425
train,chr17_58734216_A_G,synonymous,13,11.949399948120117,1.3303322792053223,0.7913592457771301,-0.1473170518875122,0.9594784379005432,0.932511568069458,0.9537825584411621,0.7975718379020691,0.11774121224880219,0.2952750027179718,1.2384560108184814,5.656854152679443,10.820245742797852,2.4328479766845703,2.539490222930908,0.990074215517524,0.133436381816864,0.133436381816864
train,chr17_58734217_TTA_CTT,synonymous,12,11.894682884216309,1.3402650356292725,0.7787205576896667,-0.1465960294008255,0.9614220261573792,0.9336185455322266,0.9515370726585388,0.8064106106758118,0.12260324507951736,0.3118814527988434,1.2405002117156982,5.656854152679443,10.820245742797852,2.4376771450042725,2.457517385482788,0.9889777492013436,0.1458185315132141,0.1458185315132141
train,chr17_58692647_CGC_,indel,13,11.92004680633545,1.3397314548492432,0.8116660714149475,-0.00575608666986227,0.9572358727455139,0.9277402758598328,0.8405172228813171,0.7975718379020691,0.11974635720252991,0.6346065402030945,1.1088813543319702,5.656854152679443,10.820245742797852,4.1099324226379395,2.556790590286255,0.9968191312816576,0.11052494496107101,0.11052494496107101
train,chr17_58692656_ACG_,indel,16,12.03577995300293,1.276048183441162,0.8349486589431763,-0.01518889982253313,0.9533624053001404,0.9249002933502197,0.8701463341712952,0.7756679058074951,0.10899600386619568,0.5875483751296997,1.087623119354248,5.656854629516602,10.820245742797852,4.1024250984191895,2.763263463973999,0.9966366240362369,0.09235783666372299,0.09235783666372299
train,chr17_58692659_TTC_,indel,17,12.08000659942627,1.2443246841430664,0.8408744931221008,-0.0113165732473135,0.9521802663803101,0.9225958585739136,0.8540837168693542,0.7691252827644348,0.10637602210044861,0.5887914299964905,1.0658481121063232,5.656854152679443,10.820245742797852,4.099947929382324,2.822664499282837,0.996276720637537,0.08784878253936768,0.08784878253936768
train,chr17_58692671_ATG_,indel,21,12.25482177734375,1.2628709077835083,0.8586440682411194,-0.007748029660433531,0.9477901458740234,0.9150293469429016,0.7515366673469543,0.7466945648193359,0.09914686530828476,0.5733581185340881,1.1215063333511353,5.656854152679443,10.820245742797852,4.090162754058838,3.0330710411071777,0.9962386887104672,0.07335390895605087,0.07335390895605087
train,chr17_58692680_GAT_,indel,22,12.266390800476074,1.2325496673583984,0.8614689707756042,-0.012570212595164776,0.9463672637939453,0.911351203918457,0.7025026082992554,0.7418891787528992,0.09826511144638062,0.6070892810821533,1.0968159437179565,5.656854629516602,10.820245742797852,4.082955837249756,3.079167366027832,0.9961582257410984,0.07038764655590057,0.07038764655590057
train,chr17_58692683_TTG_,indel,22,12.326112747192383,1.322450041770935,0.860739529132843,-0.006949007976800203,0.9452112317085266,0.9114812612533569,0.6323177814483643,0.7418891787528992,0.09917710721492767,0.6293869614601135,1.1911104917526245,5.656854629516602,10.820245742797852,4.080578804016113,3.079129457473755,0.9961459617380479,0.0694308876991272,0.0694308876991272
train,chr17_58692704_CCG_,indel,22,12.388043403625488,1.4516574144363403,0.859223484992981,-0.0025077559985220432,0.9432982206344604,0.9114412665367126,0.5198347568511963,0.7418891787528992,0.10081681609153748,0.6581338047981262,1.327246069908142,5.656854629516602,10.820245742797852,4.064292907714844,3.0799179077148438,0.9964010375750789,0.06898105889558792,0.06898105889558792
train,chr17_58692719_AAG_,indel,22,12.411730766296387,1.5797827243804932,0.8587080836296082,-0.0053485482931137085,0.9424483180046082,0.9000226259231567,0.5534205436706543,0.7418891787528992,0.10160227119922638,0.6101834177970886,1.4620083570480347,5.656854629516602,10.820245742797852,4.053043365478516,3.0807833671569824,0.9966810270786842,0.06844734400510788,0.06844734400510788
train,chr17_58692725_GTG_,indel,22,12.366949081420898,1.4588812589645386,0.8573912382125854,-0.005034852307289839,0.9415267109870911,0.9048123955726624,0.46456772089004517,0.7418891787528992,0.10244367271661758,0.7012240886688232,1.3355597257614136,5.656854629516602,10.820245742797852,4.048633575439453,3.0809340476989746,0.9967297745625076,0.06876971572637558,0.06876971572637558
train,chr17_58692728_TCT_,indel,22,12.353466033935547,1.3851580619812012,0.857908308506012,-0.008225847035646439,0.9419629573822021,0.9113302826881409,0.48412004113197327,0.7418891787528992,0.10204700380563736,0.705270528793335,1.258430004119873,5.656854629516602,10.820245742797852,4.04644775390625,3.07987117767334,0.9963859196845262,0.06844240427017212,0.06844240427017212
train,chr17_58692734_GGG_,indel,22,12.2914400100708,1.2711882591247559,0.859087347984314,-0.007128998637199402,0.9435061812400818,0.9112691283226013,0.4917066991329193,0.7418891787528992,0.10069651901721954,0.7228673696517944,1.1392391920089722,5.656854629516602,10.820245742797852,4.042115211486816,3.0800766944885254,0.9964524075501205,0.06913185864686966,0.06913185864686966
train,chr17_58692743_ACT_,indel,22,12.256220817565918,1.3460698127746582,0.858161985874176,-0.011896642856299877,0.9427693486213684,0.9063112735748291,0.5121965408325195,0.7418891787528992,0.10146017372608185,0.7032851576805115,1.2179914712905884,5.656854629516602,10.820245742797852,4.0357136726379395,3.0794568061828613,0.9962518641040121,0.06957288831472397,0.06957288831472397
train,chr17_58692746_GCT_,indel,22,12.280071258544922,1.4126355648040771,0.8567609786987305,-0.018620580434799194,0.9412478804588318,0.8872307538986206,0.5088567733764648,0.7418891787528992,0.10305863618850708,0.7545252442359924,1.287827491760254,5.656854629516602,10.820245742797852,4.033606052398682,3.0787322521209717,0.9960174596683492,0.06942296773195267,0.06942296773195267
train,chr17_58692755_CTC_,indel,22,12.292129516601562,1.4027862548828125,0.859101414680481,-0.010598896071314812,0.9436525702476501,0.9077868461608887,0.5156590342521667,0.7418891787528992,0.1005825400352478,0.6826652884483337,1.2779045104980469,5.656854629516602,10.820245742797852,4.025304794311523,3.0806405544281006,0.9966348249539847,0.06961347162723541,0.06961347162723541
train,chr17_58692767_AAA_,indel,22,12.307197570800781,1.3872789144515991,0.8586151599884033,-0.008080922067165375,0.9429393410682678,0.9051097631454468,0.5214477181434631,0.7418891787528992,0.10120488703250885,0.6837084889411926,1.261948585510254,5.656854629516602,10.820245742797852,4.019216060638428,3.080745220184326,0.9966686859435391,0.06931611895561218,0.06931611895561218
train,chr17_58692779_CTT_,indel,22,12.463008880615234,1.8316078186035156,0.8579668402671814,-0.0009403664153069258,0.9415033459663391,0.9062960147857666,0.6236926317214966,0.7418891787528992,0.10211905837059021,0.5270311236381531,1.727813720703125,5.656854629516602,10.820245742797852,4.011282444000244,3.079202890396118,0.9961697184232023,0.06807832419872284,0.06807832419872284
train,chr17_58692785_AAA_,indel,22,12.29542064666748,1.3512611389160156,0.8610993027687073,-0.008847739547491074,0.9455803036689758,0.91530442237854,0.6358671188354492,0.7418891787528992,0.09868357330560684,0.6029918193817139,1.2247785329818726,5.656854629516602,10.820245742797852,4.007394790649414,3.079089403152466,0.9961330035461455,0.06934232264757156,0.06934232264757156
train,chr17_58694939_ATA_,indel,22,12.337124824523926,1.5473861694335938,0.8575263619422913,-0.004323943518102169,0.941712498664856,0.9040652513504028,0.5440441966056824,0.7418891787528992,0.1022256538271904,0.6500781178474426,1.4306055307388306,5.656854629516602,10.820245742797852,3.9997785091400146,3.0787808895111084,0.9960331946156592,0.06920405477285385,0.06920405477285385
train,chr17_58694945_AAA_,indel,22,12.316134452819824,1.5960708856582642,0.8584655523300171,-0.006916234269738197,0.942605197429657,0.906062662601471,0.609997570514679,0.7418891787528992,0.1013205423951149,0.5897862315177917,1.4817862510681152,5.656854629516602,10.820245742797852,3.9960501194000244,3.079552412033081,0.9962827940739696,0.0694379135966301,0.0694379135966301
train,chr17_58694948_GCA_,indel,22,12.305659294128418,1.60506010055542,0.8585246205329895,-0.015935171395540237,0.9426944851875305,0.9056341648101807,0.605701744556427,0.7418891787528992,0.10126165300607681,0.593801736831665,1.4912912845611572,5.656854629516602,10.820245742797852,3.994205951690674,3.0798683166503906,0.9963849940993903,0.06947287917137146,0.06947287917137146
train,chr17_58694954_GCC_,indel,22,12.30591869354248,1.6566522121429443,0.8592952489852905,-0.007538864854723215,0.9435166716575623,0.9100161790847778,0.6979054808616638,0.7418891787528992,0.10048696398735046,0.5176580548286438,1.5455137491226196,5.656854629516602,10.820245742797852,3.990557909011841,3.0803537368774414,0.9965420350441121,0.06948527693748474,0.06948527693748474
train,chr17_58694963_ACT_,indel,22,12.348286628723145,1.7017699480056763,0.8590580821037292,-0.0014433455653488636,0.9430463910102844,0.9164121150970459,0.6693944334983826,0.7418891787528992,0.10088343918323517,0.5315311551094055,1.5930358171463013,5.656854629516602,10.820245742797852,3.9851861000061035,3.0806403160095215,0.99663474782189,0.06882888823747635,0.06882888823747635
train,chr17_58694966_CTG_,indel,22,12.371657371520996,1.717855453491211,0.8592530488967896,0.005026910454034805,0.9430761933326721,0.914644181728363,0.6366161108016968,0.7418891787528992,0.1007956936955452,0.5395433306694031,1.6099714040756226,5.656854629516602,10.820245742797852,3.9834225177764893,3.0799970626831055,0.9964266454305051,0.06806176155805588,0.06806176155805588
train,chr17_58694972_ATT_,indel,22,12.29783821105957,1.4210186004638672,0.8610988855361938,-0.010896613821387291,0.9454421401023865,0.9182930588722229,0.6584387421607971,0.7418891787528992,0.09873649477958679,0.5847238302230835,1.2992475032806396,5.656854629516602,10.820245742797852,3.9782118797302246,3.0802161693573,0.996497529825495,0.06885015219449997,0.06885015219449997
train,chr17_58694981_AGA_,indel,22,12.21831226348877,1.3002375364303589,0.8611048460006714,-0.012551293708384037,0.9460062980651855,0.9155099391937256,0.7122247815132141,0.7418891787528992,0.09841995686292648,0.5768623948097229,1.1728770732879639,5.656854629516602,10.820245742797852,3.9748058319091797,3.079263925552368,0.9961894642394346,0.06950920075178146,0.06950920075178146
train,chr17_58694987_TGT_,indel,22,12.214103698730469,1.2970435619354248,0.8605893850326538,-0.008834409527480602,0.945559561252594,0.9173150062561035,0.7415543794631958,0.7418891787528992,0.09883778542280197,0.5668975114822388,1.1696906089782715,5.656854629516602,10.820245742797852,3.9714536666870117,3.0804595947265625,0.9965762816941399,0.06949323415756226,0.06949323415756226
train,chr17_58694993_ACA_,indel,22,12.222371101379395,1.2211073637008667,0.8617854714393616,-0.011091428808867931,0.9467427730560303,0.9162766933441162,0.7842385172843933,0.7418891787528992,0.09772922098636627,0.5558354258537292,1.090295433998108,5.656854629516602,10.820245742797852,3.968156099319458,3.080374002456665,0.996548591272158,0.06914632022380829,0.06914632022380829
train,chr17_58695005_AGA_,indel,22,12.237385749816895,1.1639381647109985,0.862183690071106,-0.010483121499419212,0.9469707012176514,0.9189726710319519,0.8260133862495422,0.7418891787528992,0.09741487354040146,0.54927659034729,1.0307103395462036,5.656854629516602,10.820245742797852,3.961723566055298,3.080308198928833,0.9965273028140327,0.06887669861316681,0.06887669861316681
train,chr17_58695014_GGT_,indel,22,12.233293533325195,1.2002975940704346,0.8617756962776184,-0.010400168597698212,0.9466588497161865,0.9158774614334106,0.822868287563324,0.7418891787528992,0.09772927314043045,0.5416839122772217,1.0690240859985352,5.656854629516602,10.820245742797852,3.9570422172546387,3.079826831817627,0.99637157311492,0.06897902488708496,0.06897902488708496
train,chr17_58695020_TCT_,indel,22,12.234692573547363,1.1971310377120972,0.8615657687187195,-0.011564580723643303,0.9463898539543152,0.9122545719146729,0.7981855273246765,0.7418891787528992,0.09797026216983795,0.5585651397705078,1.0658519268035889,5.656854629516602,10.820245742797852,3.9539899826049805,3.0797581672668457,0.9963493590716587,0.0688241496682167,0.0688241496682167
train,chr17_58695029_CAC_,indel,22,12.239482879638672,1.2129923105239868,0.8615529537200928,-0.011363272555172443,0.9464232325553894,0.9163328409194946,0.7678792476654053,0.7418891787528992,0.0979488343000412,0.5661140084266663,1.0826815366744995,5.656854629516602,10.820245742797852,3.949514150619507,3.079984188079834,0.9964224802973937,0.06865518540143967,0.06865518540143967
train,chr17_58695038_TGT_,indel,22,12.248652458190918,1.1869356632232666,0.8611193895339966,-0.0035649563651531935,0.9457656741142273,0.9129207730293274,0.7051942348480225,0.7418891787528992,0.09848015010356903,0.6100521683692932,1.0555914640426636,5.656854629516602,10.820245742797852,3.945162057876587,3.0798139572143555,0.9963674079818085,0.06829830259084702,0.06829830259084702
train,chr17_58695041_ACA_,indel,22,12.262356758117676,1.1762900352478027,0.8608556985855103,-0.0031111259013414383,0.9452228546142578,0.9108353853225708,0.6402566432952881,0.7418891787528992,0.09888552129268646,0.6552744507789612,1.0445067882537842,5.656854629516602,10.820245742797852,3.9437389373779297,3.0797500610351562,0.9963467365804404,0.06790455430746078,0.06790455430746078
train,chr17_58695056_CTT_,indel,22,12.315407752990723,1.3126182556152344,0.8598475456237793,-0.00966897327452898,0.9438802003860474,0.9038829803466797,0.4964079260826111,0.7418891787528992,0.09999536722898483,0.7005830407142639,1.1876558065414429,5.656854629516602,10.820245742797852,3.9368302822113037,3.08099627494812,0.9967499060392131,0.06743643432855606,0.06743643432855606
train,chr17_58695065_GAG_,indel,22,12.259716033935547,1.2507389783859253,0.8607519865036011,-0.007470984943211079,0.9451925158500671,0.9144011735916138,0.5511077642440796,0.7418891787528992,0.09893561154603958,0.6781906485557556,1.1230193376541138,5.656854629516602,10.820245742797852,3.932851552963257,3.0809597969055176,0.9967381048287305,0.06805748492479324,0.06805748492479324
train,chr17_58695068_CAT_,indel,22,12.239977836608887,1.2393386363983154,0.8608311414718628,-0.0081432880833745,0.9454702138900757,0.915306568145752,0.603326141834259,0.7418891787528992,0.09874193370342255,0.6495112776756287,1.1111379861831665,5.656854629516602,10.820245742797852,3.9315531253814697,3.080538511276245,0.9966018124174714,0.06822329759597778,0.06822329759597778
train,chr17_58695074_CAG_,indel,22,12.25969123840332,1.2936809062957764,0.8595924377441406,-0.008403758518397808,0.9440730810165405,0.9134143590927124,0.5439766645431519,0.7418891787528992,0.09998993575572968,0.6787489056587219,1.168189525604248,5.656854629516602,10.820245742797852,3.92899751663208,3.079988956451416,0.9964240229392868,0.06805096566677094,0.06805096566677094
train,chr17_58695089_ACC_,indel,22,12.300057411193848,1.3579953908920288,0.8583036065101624,-0.004752832930535078,0.9423684477806091,0.8991138935089111,0.478562593460083,0.7418891787528992,0.10142151266336441,0.7126879096031189,1.2358592748641968,5.656854629516602,10.820245742797852,3.9228527545928955,3.0812880992889404,0.9968443157230733,0.06755819916725159,0.06755819916725159
train,chr17_58695101_GCA_,indel,22,12.374093055725098,1.5128892660140991,0.8586791157722473,-0.004714736249297857,0.9425680041313171,0.9094842672348022,0.49420666694641113,0.7418891787528992,0.10127325356006622,0.6708469390869141,1.3983511924743652,5.656854629516602,10.820245742797852,3.9181880950927734,3.081495761871338,0.9969114977775196,0.06681132316589355,0.06681132316589355
train,chr17_58695110_GAT_,indel,22,12.509243965148926,1.7723585367202759,0.8565710783004761,0.0026480434462428093,0.9398158192634583,0.8899651765823364,0.5867186188697815,0.7418891787528992,0.10393354296684265,0.6054203510284424,1.6703356504440308,5.656854629516602,10.820245742797852,3.9148366451263428,3.0821127891540527,0.9971111156384923,0.06573967635631561,0.06573967635631561
train,chr17_58695125_GGA_,indel,22,12.35368537902832,1.3541818857192993,0.8592830896377563,-0.005431693978607655,0.9432145357131958,0.9037083983421326,0.55907142162323,0.7418891787528992,0.10082913935184479,0.6914407014846802,1.2324985265731812,5.656854629516602,10.820245742797852,3.909532308578491,3.081652879714966,0.9969623278278987,0.06674978137016296,0.06674978137016296
train,chr17_58695119_GGG_,indel,22,12.35368537902832,1.3541818857192993,0.8592830896377563,-0.005431693978607655,0.9432145357131958,0.9037083983421326,0.55907142162323,0.7418891787528992,0.10082913935184479,0.6914407014846802,1.2324985265731812,5.656854629516602,10.820245742797852,3.909532308578491,3.081652879714966,0.9969623278278987,0.06674978137016296,0.06674978137016296
train,chr17_58695134_TTA_,indel,22,12.486961364746094,1.7073323726654053,0.8563253283500671,0.0037609203718602657,0.939568042755127,0.8845810890197754,0.5558381080627441,0.7418891787528992,0.10440181940793991,0.6398684978485107,1.6026091575622559,5.656854629516602,10.820245742797852,3.9065182209014893,3.0829734802246094,0.9973895625002044,0.0658569484949112,0.0658569484949112
train,chr17_58695149_GAA_,indel,22,12.749978065490723,2.491364002227783,0.8556616306304932,0.011021955870091915,0.9379277229309082,0.8859328031539917,0.7235424518585205,0.7418891787528992,0.10609691590070724,0.43019452691078186,2.424201250076294,5.656854629516602,10.820245742797852,3.9017767906188965,3.0824849605560303,0.997231518838252,0.0641757920384407,0.0641757920384407
train,chr17_58695161_GCA_,indel,22,12.781957626342773,2.589480400085449,0.8518542051315308,0.0025683767162263393,0.9336240291595459,0.872826099395752,0.6759628057479858,0.7418891787528992,0.10971179604530334,0.4402058720588684,2.527158498764038,5.656854629516602,10.820245742797852,3.898238182067871,3.0832467079162598,0.9974779558806814,0.06386499106884003,0.06386499106884003
train,chr17_58695167_GGT_,indel,22,12.763197898864746,2.5272326469421387,0.8507627248764038,0.006896850187331438,0.9325094223022461,0.8580477833747864,0.6484728455543518,0.7418891787528992,0.1112048402428627,0.4683986306190491,2.462026834487915,5.656854629516602,10.820245742797852,3.8965539932250977,3.084634780883789,0.9979270189357751,0.06395746767520905,0.06395746767520905
train,chr17_58695173_GGA_,indel,22,12.58876895904541,1.984012484550476,0.8575382828712463,0.0009778363164514303,0.9402692914009094,0.8951218128204346,0.6538475155830383,0.7418891787528992,0.10317132622003555,0.5044889450073242,1.8930166959762573,5.656854629516602,10.820245742797852,3.894926071166992,3.0811803340911865,0.9968094520162883,0.06446709483861923,0.06446709483861923
train,chr17_58695182_CAA_,indel,22,12.639742851257324,2.357968330383301,0.8573440313339233,0.005640524439513683,0.9397239685058594,0.8983981609344482,0.6512226462364197,0.7418891787528992,0.10343661159276962,0.46119970083236694,2.28489089012146,5.656854629516602,10.820245742797852,3.8925907611846924,3.0804429054260254,0.9965708824475139,0.06417775899171829,0.06417775899171829
train,chr17_58696694_ATG_,indel,22,12.689496040344238,2.3916196823120117,0.8558791875839233,0.013572527095675468,0.9378611445426941,0.8861131072044373,0.6458659768104553,0.7418891787528992,0.10511087626218796,0.46897998452186584,2.3202497959136963,5.656854629516602,10.820245742797852,3.890383243560791,3.080143690109253,0.9964740816687192,0.0632295310497284,0.0632295310497284
train,chr17_58696697_CAG_,indel,22,12.65468978881836,2.324648857116699,0.856550395488739,0.017469406127929688,0.938579797744751,0.8900233507156372,0.641927182674408,0.7418891787528992,0.10440298169851303,0.4703885614871979,2.2501235008239746,5.656854629516602,10.820245742797852,3.8896758556365967,3.0810725688934326,0.9967745883095033,0.06340179592370987,0.06340179592370987
train,chr17_58696712_GTG_,indel,22,12.403223991394043,1.5358339548110962,0.8588626980781555,0.006043598055839539,0.9419836401939392,0.8973173499107361,0.47753217816352844,0.7418891787528992,0.10132189840078354,0.6918890476226807,1.4239044189453125,5.656854629516602,10.820245742797852,3.886352062225342,3.081667184829712,0.9969669557535782,0.0656144767999649,0.0656144767999649
train,chr17_58696724_GAA_,indel,22,12.323765754699707,1.3405288457870483,0.8599625825881958,0.002268727868795395,0.943398118019104,0.9054481983184814,0.4524935185909271,0.7418891787528992,0.10016404092311859,0.7513810992240906,1.2194136381149292,5.656854629516602,10.820245742797852,3.8839495182037354,3.0805766582489014,0.9966141535526165,0.06601201742887497,0.06601201742887497
train,chr17_58696727_TGT_,indel,22,12.31340503692627,1.289354920387268,0.8603020310401917,0.00030787638388574123,0.9438926577568054,0.9097304940223694,0.4657887816429138,0.7418891787528992,0.09974100440740585,0.7370461821556091,1.1658297777175903,5.656854629516602,10.820245742797852,3.8833844661712646,3.0810463428497314,0.996766103779091,0.06618954986333847,0.06618954986333847
train,chr17_58696733_GGA_,indel,22,12.29789924621582,1.2638652324676514,0.8601911067962646,0.0020263884216547012,0.9437264800071716,0.910926878452301,0.4916933476924896,0.7418891787528992,0.0999230444431305,0.7152094841003418,1.1392028331756592,5.656854629516602,10.820245742797852,3.881774663925171,3.081547737121582,0.9969283125741549,0.06606603413820267,0.06606603413820267
train,chr17_58696742_GCA_,indel,22,12.338311195373535,1.3892822265625,0.8559458255767822,-0.0010166848078370094,0.9388637542724609,0.8599941730499268,0.4509478807449341,0.7418891787528992,0.10476554930210114,0.814450740814209,1.2706398963928223,5.656854629516602,10.820245742797852,3.880772829055786,3.0809104442596436,0.9967221384851365,0.06567908823490143,0.06567908823490143
train,chr17_58696745_GGT_,indel,22,12.341145515441895,1.3545434474945068,0.8556821346282959,0.0031338525004684925,0.9386226534843445,0.8668901920318604,0.47353801131248474,0.7418891787528992,0.1050695851445198,0.8135694265365601,1.234269618988037,5.656854629516602,10.820245742797852,3.880293130874634,3.0812699794769287,0.9968384536838794,0.06577514111995697,0.06577514111995697
train,chr17_58696751_GCA_,indel,22,12.4736967086792,1.720738410949707,0.8518478870391846,0.010105108842253685,0.9337920546531677,0.8578402996063232,0.42029282450675964,0.7418891787528992,0.10963987559080124,0.7685388326644897,1.6179461479187012,5.656854629516602,10.820245742797852,3.8793771266937256,3.081958055496216,0.9970610569090598,0.06466230005025864,0.06466230005025864
train,chr17_58696757_TTT_,indel,22,12.521099090576172,1.8179484605789185,0.8517754077911377,0.011250185780227184,0.9334590435028076,0.8514792323112488,0.4590929448604584,0.7418891787528992,0.10985823720693588,0.7083273530006409,1.719826102256775,5.656854629516602,10.820245742797852,3.8785176277160645,3.0828821659088135,0.9973600209079507,0.06394121050834656,0.06394121050834656
train,chr17_58696760_ATT_,indel,22,12.560589790344238,1.8925623893737793,0.8537476062774658,0.0026248060166835785,0.9354204535484314,0.8563210964202881,0.5080606341362,0.7418891787528992,0.1078464463353157,0.63886559009552,1.7980124950408936,5.656854629516602,10.820245742797852,3.8781096935272217,3.0834333896636963,0.997538350310798,0.06382688879966736,0.06382688879966736
train,chr17_58696769_GAG_,indel,22,12.42443561553955,1.4829829931259155,0.8604419231414795,0.002561266766861081,0.9431403875350952,0.9063008427619934,0.474569708108902,0.7418891787528992,0.1000606119632721,0.6864611506462097,1.3689837455749512,5.656854629516602,10.820245742797852,3.8769702911376953,3.0809545516967773,0.9967364079226481,0.06478273123502731,0.06478273123502731
train,chr17_58696778_TTT_,indel,22,12.453877449035645,1.6735293865203857,0.8578288555145264,0.014192545786499977,0.9402599930763245,0.8891942501068115,0.41626712679862976,0.7418891787528992,0.10267408937215805,0.6942754983901978,1.5686516761779785,5.656854629516602,10.820245742797852,3.8759593963623047,3.0808568000793457,0.9967047837638386,0.0643942579627037,0.0643942579627037
train,chr17_58696787_GAT_,indel,22,12.441230773925781,1.6482607126235962,0.8582581281661987,0.006049653515219688,0.9407361149787903,0.891240119934082,0.4248138964176178,0.7418891787528992,0.10235271602869034,0.6966923475265503,1.5422216653823853,5.656854629516602,10.820245742797852,3.875077247619629,3.081596612930298,0.9969441246535596,0.06471177935600281,0.06471177935600281
train,chr17_58696790_AGA_,indel,22,12.477564811706543,1.772338628768921,0.8575242757797241,0.004219546914100647,0.9399976134300232,0.8877286911010742,0.4425630569458008,0.7418891787528992,0.10318347811698914,0.6644134521484375,1.6722207069396973,5.656854629516602,10.820245742797852,3.874811887741089,3.0809383392333984,0.9967311629402114,0.06446698307991028,0.06446698307991028
train,chr17_58696793_GTG_,indel,22,12.453987121582031,1.894491195678711,0.854253351688385,0.0019266027957201004,0.9365589022636414,0.8806984424591064,0.4199468493461609,0.7418891787528992,0.10637051612138748,0.6864712834358215,1.8002134561538696,5.656854629516602,10.820245742797852,3.874323606491089,3.0804929733276367,0.996587080187392,0.06483127921819687,0.06483127921819687
train,chr17_58696805_GCT_,indel,22,12.406659126281738,1.8121376037597656,0.8575155138969421,0.008391919545829296,0.9401355385780334,0.8957527875900269,0.48451757431030273,0.7418891787528992,0.10297852754592896,0.6277276277542114,1.713968276977539,5.656854629516602,10.820245742797852,3.8736977577209473,3.0810818672180176,0.9967775964611949,0.06482839584350586,0.06482839584350586
train,chr17_58696808_ACT_,indel,22,12.415288925170898,1.779853343963623,0.8574740290641785,0.014901941642165184,0.940021812915802,0.8977908492088318,0.4664543569087982,0.7418891787528992,0.1030384972691536,0.6482510566711426,1.6801549196243286,5.656854629516602,10.820245742797852,3.8735177516937256,3.0801217555999756,0.9964669855160108,0.06456568837165833,0.06456568837165833
train,chr17_58696814_TGC_,indel,22,12.39543342590332,1.72194504737854,0.8585003614425659,0.012592032551765442,0.9411894083023071,0.9073307514190674,0.5477356314659119,0.7418891787528992,0.10196668654680252,0.6057007312774658,1.6195043325424194,5.656854629516602,10.820245742797852,3.8732004165649414,3.081885576248169,0.9970376087522841,0.0648462250828743,0.0648462250828743
train,chr17_58696826_CTT_,indel,22,12.32159423828125,1.3677724599838257,0.8593426942825317,0.007261799182742834,0.9424943327903748,0.9087530374526978,0.5328989624977112,0.7418891787528992,0.10086319595575333,0.6799599528312683,1.2484885454177856,5.656854629516602,10.820245742797852,3.872736930847168,3.0816588401794434,0.9969642561302652,0.06494882702827454,0.06494882702827454
train,chr17_58696829_CAG_,indel,22,12.293667793273926,1.2787694931030273,0.8605799078941345,-0.0019771913066506386,0.9438878297805786,0.9122401475906372,0.5478381514549255,0.7418891787528992,0.09962085634469986,0.6912225484848022,1.1552510261535645,5.656854629516602,10.820245742797852,3.87265682220459,3.08138108253479,0.9968743972399896,0.06506917625665665,0.06506917625665665
train,chr17_58696835_ATA_,indel,22,12.279485702514648,1.2469996213912964,0.8615314364433289,0.0042086089961230755,0.945136308670044,0.9123286008834839,0.6069971919059753,0.7418891787528992,0.098569355905056,0.6599669456481934,1.1219738721847534,5.656854629516602,10.820245742797852,3.8725390434265137,3.081376791000366,0.9968730088622858,0.0652884766459465,0.0652884766459465
train,chr17_58696844_AAA_,indel,22,12.245528221130371,1.2067053318023682,0.8622186183929443,-0.005594208836555481,0.9461588859558105,0.9169139862060547,0.7097166776657104,0.7418891787528992,0.0977344810962677,0.5984663367271423,1.0797641277313232,5.656854629516602,10.820245742797852,3.872468948364258,3.081853151321411,0.9970271187874107,0.06582482159137726,0.06582482159137726
train,chr17_58696847_CAC_,indel,22,12.244298934936523,1.1787855625152588,0.862808346748352,-0.006934307049959898,0.9467609524726868,0.916635274887085,0.7356522679328918,0.7418891787528992,0.09719885885715485,0.5893560647964478,1.050514578819275,5.656854629516602,10.820245742797852,3.872474193572998,3.081658363342285,0.9969641018660759,0.06573086231946945,0.06573086231946945
train,chr17_58696850_AAG_,indel,22,12.250133514404297,1.2181165218353271,0.8626958727836609,0.0015649986453354359,0.9466518759727478,0.9140850305557251,0.7193300724029541,0.7418891787528992,0.0972975566983223,0.5876755714416504,1.0917177200317383,5.656854629516602,10.820245742797852,3.872493267059326,3.0814576148986816,0.9968991566423745,0.06576307117938995,0.06576307117938995
train,chr17_58703204_AAA_,indel,22,12.276928901672363,1.2404104471206665,0.861335277557373,-0.007154627703130245,0.9449451565742493,0.9120877981185913,0.6722802519798279,0.7418891787528992,0.09879838675260544,0.6351263523101807,1.115053415298462,5.656854629516602,10.820245742797852,3.8729071617126465,3.081730842590332,0.9969875500228516,0.06529408693313599,0.06529408693313599
train,chr17_58703216_GAT_,indel,22,12.263286590576172,1.248294472694397,0.861024796962738,-0.0033707981929183006,0.9446385502815247,0.9050307273864746,0.6068521738052368,0.7418891787528992,0.099078468978405,0.657067596912384,1.1232863664627075,5.656854629516602,10.820245742797852,3.873466968536377,3.0815188884735107,0.9969189795907014,0.0654284656047821,0.0654284656047821
train,chr17_58703219_TTC_,indel,22,12.299324989318848,1.301898717880249,0.8606492280960083,0.00930819008499384,0.9439745545387268,0.9122831225395203,0.5254071354866028,0.7418891787528992,0.09958475828170776,0.6760507225990295,1.1794346570968628,5.656854629516602,10.820245742797852,3.8736424446105957,3.081282377243042,0.9968424645528016,0.06466172635555267,0.06466172635555267
train,chr17_58703228_GAT_,indel,22,12.31634521484375,1.3061972856521606,0.8596312403678894,0.003092327620834112,0.9427929520606995,0.906090259552002,0.47819414734840393,0.7418891787528992,0.100681371986866,0.7148947715759277,1.1839088201522827,5.656854629516602,10.820245742797852,3.874253273010254,3.0805065631866455,0.9965914767167874,0.06456979364156723,0.06456979364156723
train,chr17_58703234_ATT_,indel,22,12.37608528137207,1.4419057369232178,0.8583663105964661,0.0006939815357327461,0.9411572217941284,0.8972423672676086,0.5010256171226501,0.7418891787528992,0.10227113217115402,0.6993229985237122,1.326056957244873,5.656854629516602,10.820245742797852,3.8747313022613525,3.080265998840332,0.9965136504332783,0.06380337476730347,0.06380337476730347
train,chr17_58703237_CTT_,indel,22,12.373710632324219,1.4445304870605469,0.8582356572151184,0.009265823289752007,0.9409631490707397,0.8992958664894104,0.47838979959487915,0.7418891787528992,0.10243333131074905,0.7029337286949158,1.328794240951538,5.656854629516602,10.820245742797852,3.8749911785125732,3.0808212757110596,0.9966932910817348,0.06371387094259262,0.06371387094259262
train,chr17_58703243_CAT_,indel,22,12.365534782409668,1.4425432682037354,0.8582674860954285,0.013016600161790848,0.9410400986671448,0.8849695324897766,0.4897863268852234,0.7418891787528992,0.10227414965629578,0.6999604105949402,1.3266856670379639,5.656854629516602,10.820245742797852,3.875553846359253,3.0830140113830566,0.9974026749562961,0.06374742090702057,0.06374742090702057
train,chr17_58703258_CGC_,indel,22,12.499127388000488,1.7417502403259277,0.8565763831138611,0.011407637968659401,0.9385645389556885,0.8770225048065186,0.5034713745117188,0.7418891787528992,0.10471492260694504,0.6412025094032288,1.640061855316162,5.656854629516602,10.820245742797852,3.877206802368164,3.082367420196533,0.9971934927155861,0.06262069940567017,0.06262069940567017
train,chr17_58703267_GAC_,indel,22,12.47411823272705,1.7892900705337524,0.8595573306083679,0.01667272485792637,0.9415086507797241,0.8873611688613892,0.5530178546905518,0.7418891787528992,0.10177655518054962,0.5981708765029907,1.6898101568222046,5.656854629516602,10.820245742797852,3.8783674240112305,3.081731081008911,0.9969876271549463,0.06274715065956116,0.06274715065956116
train,chr17_58703270_TAC_,indel,22,12.483708381652832,1.899147391319275,0.8556444644927979,0.010841572657227516,0.9373827576637268,0.8746346235275269,0.4075985252857208,0.7418891787528992,0.10572289675474167,0.6801104545593262,1.8048789501190186,5.656854629516602,10.820245742797852,3.878782272338867,3.081463575363159,0.996901084944741,0.06281257420778275,0.06281257420778275
train,chr17_58703276_GAG_,indel,22,12.456965446472168,1.765336513519287,0.8565216064453125,0.01619688794016838,0.9383872151374817,0.8782569169998169,0.4223693311214447,0.7418891787528992,0.10465417057275772,0.6748784780502319,1.6646547317504883,5.656854629516602,10.820245742797852,3.8796541690826416,3.0821692943573,0.997129395944926,0.06310999393463135,0.06310999393463135
train,chr17_58703294_TAT_,indel,22,12.4121675491333,1.6178683042526245,0.8589341044425964,0.007286349777132273,0.9412159323692322,0.8952345252037048,0.4408009946346283,0.7418891787528992,0.1017722487449646,0.7050087451934814,1.5100234746932983,5.656854629516602,10.820245742797852,3.8826053142547607,3.082414150238037,0.9972086106061389,0.06327071040868759,0.06327071040868759
train,chr17_58703303_CCA_,indel,22,12.393778800964355,1.495216727256775,0.8593943119049072,0.00813133642077446,0.9417096972465515,0.9040809273719788,0.43137988448143005,0.7418891787528992,0.10131387412548065,0.7165518999099731,1.3814524412155151,5.656854629516602,10.820245742797852,3.8842692375183105,3.082406997680664,0.9972062966432992,0.06368811428546906,0.06368811428546906
train,chr17_58703309_TTT_,indel,22,12.369246482849121,1.4871153831481934,0.8572941422462463,0.0005015386268496513,0.9397759437561035,0.8938381671905518,0.38767704367637634,0.7418891787528992,0.10334852337837219,0.7876548767089844,1.3729090690612793,5.656854629516602,10.820245742797852,3.8854479789733887,3.080862283706665,0.9967065578020158,0.06364155560731888,0.06364155560731888
train,chr17_58703315_TCA_,indel,22,12.344341278076172,1.4245409965515137,0.8579151034355164,0.00593980448320508,0.9406471848487854,0.8940625190734863,0.43329718708992004,0.7418891787528992,0.10257924348115921,0.777355432510376,1.3072960376739502,5.656854629516602,10.820245742797852,3.8866822719573975,3.080096483230591,0.9964588095139771,0.0638856589794159,0.0638856589794159
train,chr17_58703318_GAA_,indel,22,12.31966495513916,1.3267135620117188,0.8601558804512024,0.01060030423104763,0.9431506991386414,0.909835696220398,0.47226229310035706,0.7418891787528992,0.10030046105384827,0.7452904582023621,1.2047799825668335,5.656854629516602,10.820245742797852,3.8873205184936523,3.081742763519287,0.9969914066275845,0.06421224027872086,0.06421224027872086
train,chr17_58703324_TCA_,indel,22,12.313690185546875,1.2719866037368774,0.8608968257904053,0.012831039726734161,0.9439254999160767,0.8988829255104065,0.47488513588905334,0.7418891787528992,0.09962134808301926,0.7278702259063721,1.1473840475082397,5.656854629516602,10.820245742797852,3.8886380195617676,3.081171751022339,0.9968066752608806,0.06401919573545456,0.06401919573545456
train,chr17_58709859_GTT_,indel,22,12.359458923339844,1.3663417100906372,0.8587559461593628,0.012582109309732914,0.9412866234779358,0.8984043598175049,0.48452287912368774,0.7418891787528992,0.1022089421749115,0.7430394887924194,1.2461669445037842,5.656854629516602,10.820245742797852,3.8900105953216553,3.0808587074279785,0.9967054008205959,0.0632605254650116,0.0632605254650116
train,chr17_58709865_CTA_,indel,22,12.430549621582031,1.5643259286880493,0.8574106693267822,0.019388388842344284,0.939397931098938,0.8705105781555176,0.4475327432155609,0.7418891787528992,0.10415312647819519,0.7131001353263855,1.4535109996795654,5.656854629516602,10.820245742797852,3.8914389610290527,3.0824732780456543,0.9972277393656138,0.06253659725189209,0.06253659725189209
train,chr17_58709871_ATA_,indel,22,12.44975471496582,1.5993417501449585,0.8575385212898254,0.013630222529172897,0.9393919110298157,0.862781286239624,0.43636053800582886,0.7418891787528992,0.10404220968484879,0.6986568570137024,1.4901236295700073,5.656854629516602,10.820245742797852,3.8929219245910645,3.083465576171875,0.9975487631435767,0.06225153058767319,0.06225153058767319
train,chr17_58709880_GGT_,indel,22,12.514122009277344,1.8320212364196777,0.8538554310798645,0.003471619449555874,0.9352536797523499,0.8523076772689819,0.4659128189086914,0.7418891787528992,0.10793501138687134,0.7134243249893188,1.7337721586227417,5.656854629516602,10.820245742797852,3.895250082015991,3.0814948081970215,0.996911189249141,0.06182204186916351,0.06182204186916351
train,chr17_58709886_GCT_,indel,22,12.44251537322998,1.7115472555160522,0.8567101955413818,0.0048489440232515335,0.9388854503631592,0.8789099454879761,0.43453454971313477,0.7418891787528992,0.10402806848287582,0.7065732479095459,1.607484221458435,5.656854629516602,10.820245742797852,3.8968706130981445,3.0823004245758057,0.9971718185969874,0.06300586462020874,0.06300586462020874
train,chr17_58709889_TTT_,indel,22,12.438304901123047,1.7392096519470215,0.8521497249603271,-0.018192969262599945,0.9341564774513245,0.8185527920722961,0.4345870316028595,0.7418891787528992,0.10890834033489227,0.7808284759521484,1.6364245414733887,5.656854629516602,10.820245742797852,3.8977015018463135,3.081906795501709,0.9970444735087085,0.06312477588653564,0.06312477588653564
train,chr17_58709895_TTT_,indel,22,12.324647903442383,1.3819254636764526,0.8610312342643738,0.006733214482665062,0.9439988136291504,0.9138293266296387,0.466159850358963,0.7418891787528992,0.09951498359441757,0.7011680603027344,1.2620455026626587,5.656854629516602,10.820245742797852,3.8994040489196777,3.0829591751098633,0.997384934574525,0.06365711241960526,0.06365711241960526
train,chr17_58709901_CAT_,indel,22,12.296728134155273,1.353940486907959,0.8608569502830505,0.0027099200524389744,0.9439074397087097,0.911009669303894,0.4445473551750183,0.7418891787528992,0.09967201948165894,0.7249402403831482,1.2326442003250122,5.656854629516602,10.820245742797852,3.9011616706848145,3.0822174549102783,0.9971449766280467,0.06390675902366638,0.06390675902366638
train,chr17_58709904_GAC_,indel,22,12.2953462600708,1.3505548238754272,0.8612027764320374,0.002773640211671591,0.9443474411964417,0.9127295017242432,0.46735748648643494,0.7418891787528992,0.09925874322652817,0.7087428569793701,1.2290544509887695,5.656854629516602,10.820245742797852,3.9020607471466064,3.082397699356079,0.9972032884916076,0.06411148607730865,0.06411148607730865
train,chr17_58709910_GAT_,indel,22,12.3064603805542,1.2908695936203003,0.8605577349662781,0.013960023410618305,0.9433947801589966,0.9084333777427673,0.459308385848999,0.7418891787528992,0.10000371187925339,0.7153485417366028,1.1663947105407715,5.656854629516602,10.820245742797852,3.904839277267456,3.082580327987671,0.9972623716761149,0.06369971483945847,0.06369971483945847
train,chr17_58709916_CTG_,indel,22,12.33629035949707,1.3279386758804321,0.8596648573875427,0.01380281150341034,0.9422552585601807,0.90683913230896,0.43896913528442383,0.7418891787528992,0.10098569095134735,0.7476750016212463,1.2051838636398315,5.656854629516602,10.820245742797852,3.905792713165283,3.081526279449463,0.9969213706856358,0.06320863962173462,0.06320863962173462
train,chr17_58709919_TCT_,indel,22,12.3623628616333,1.4246703386306763,0.8575999140739441,0.0032752640545368195,0.9400066137313843,0.8814622163772583,0.4181935787200928,0.7418891787528992,0.10316102206707001,0.7726150751113892,1.3064756393432617,5.656854629516602,10.820245742797852,3.906759738922119,3.0817275047302246,0.9969864701735264,0.06335698813199997,0.06335698813199997
train,chr17_58709925_CGT_,indel,22,12.439181327819824,1.622092366218567,0.8566139936447144,0.006079347804188728,0.9385088682174683,0.8778367042541504,0.3600277900695801,0.7418891787528992,0.10443778336048126,0.776972770690918,1.5132046937942505,5.656854629516602,10.820245742797852,3.9087343215942383,3.0804781913757324,0.9965822979975232,0.062396660447120667,0.062396660447120667
train,chr17_58709931_CGG_,indel,22,12.456518173217773,1.7132166624069214,0.8573769330978394,0.007709994912147522,0.9395163655281067,0.8926731944084167,0.3910965025424957,0.7418891787528992,0.10347050428390503,0.7198329567909241,1.6085717678070068,5.656854629516602,10.820245742797852,3.9107630252838135,3.08150315284729,0.996913888872454,0.06272038072347641,0.06272038072347641
train,chr17_58709940_AAT_,indel,22,12.505871772766113,1.874126672744751,0.854485034942627,0.004719857592135668,0.9363005757331848,0.8885724544525146,0.39861056208610535,0.7418891787528992,0.10646917670965195,0.6968623995780945,1.776994228363037,5.656854629516602,10.820245742797852,3.9139065742492676,3.0822598934173584,0.9971587061408957,0.06280847638845444,0.06280847638845444
train,chr17_58709943_GGT_,indel,22,12.503621101379395,1.8401715755462646,0.855595588684082,0.0033563473261892796,0.9375989437103271,0.8880220651626587,0.4426863193511963,0.7418891787528992,0.10547341406345367,0.658149778842926,1.7413710355758667,5.656854629516602,10.820245742797852,3.9149816036224365,3.083289861679077,0.9974919167898144,0.0629798173904419,0.0629798173904419
train,chr17_58709949_GCC_,indel,22,12.502118110656738,1.8768327236175537,0.8562767505645752,0.018874891102313995,0.9376673698425293,0.8725244402885437,0.4271942377090454,0.7418891787528992,0.105341337621212,0.6736302375793457,1.77967369556427,5.656854629516602,10.820245742797852,3.9171714782714844,3.081265449523926,0.996836988174081,0.06204181909561157,0.06204181909561157
train,chr17_58709952_CAG_,indel,22,12.490819931030273,1.841611385345459,0.8565366268157959,0.0245254747569561,0.937775731086731,0.8780295252799988,0.4594377279281616,0.7418891787528992,0.10528435558080673,0.6664490699768066,1.7426681518554688,5.656854629516602,10.820245742797852,3.91941499710083,3.0833699703216553,0.9975178331736192,0.06211235001683235,0.06211235001683235
train,chr17_58709961_ATC_,indel,22,12.508833885192871,1.8348500728607178,0.8540600538253784,0.01483154110610485,0.9349744915962219,0.8714891076087952,0.4754171669483185,0.7418891787528992,0.10778085142374039,0.6611168384552002,1.7354756593704224,5.656854629516602,10.820245742797852,3.9217116832733154,3.084623098373413,0.9979232394631369,0.061535608023405075,0.061535608023405075
train,chr17_58709967_CTT_,indel,22,12.46611213684082,1.6425257921218872,0.8576085567474365,0.01164945773780346,0.9391297698020935,0.8938256502151489,0.4161595106124878,0.7418891787528992,0.10379412770271301,0.6771248579025269,1.5338810682296753,5.656854629516602,10.820245742797852,3.9240617752075195,3.083674430847168,0.9976163308584963,0.06175363063812256,0.06175363063812256
train,chr17_58709973_AAT_,indel,22,12.3086519241333,1.286187767982483,0.8620543479919434,0.008093698881566525,0.9447336196899414,0.9153190851211548,0.4673871099948883,0.7418891787528992,0.09878288954496384,0.7220450639724731,1.1604020595550537,5.656854629516602,10.820245742797852,3.9276862144470215,3.081974506378174,0.9970663790235912,0.0625857338309288,0.0625857338309288
train,chr17_58709985_TTA_,indel,22,12.373133659362793,1.3632457256317139,0.8604838252067566,0.016384005546569824,0.942765474319458,0.9021899700164795,0.49907803535461426,0.7418891787528992,0.10053028911352158,0.6980040669441223,1.2409511804580688,5.656854629516602,10.820245742797852,3.9314301013946533,3.082439661026001,0.9972168637402672,0.06170782446861267,0.06170782446861267
train,chr17_58720752_TTA_,indel,22,12.453838348388672,1.5292799472808838,0.8600237965583801,0.017632991075515747,0.9416270852088928,0.8940055966377258,0.49077484011650085,0.7418891787528992,0.10132445394992828,0.6537741422653198,1.4146453142166138,5.656854629516602,10.820245742797852,3.93660569190979,3.0828757286071777,0.997357938341395,0.06073777750134468,0.06073777750134468
train,chr17_58720758_AAC_,indel,22,12.471766471862793,1.6512362957000732,0.8589208126068115,0.026286641135811806,0.9402691721916199,0.8938750624656677,0.4735446572303772,0.7418891787528992,0.10249638557434082,0.654868483543396,1.5422821044921875,5.656854629516602,10.820245742797852,3.93927264213562,3.082034111022949,0.9970856620472555,0.060530029237270355,0.060530029237270355
train,chr17_58720764_ATG_,indel,22,12.390758514404297,1.4559255838394165,0.8602936863899231,0.02066934108734131,0.9420880079269409,0.87830650806427,0.41295668482780457,0.7418891787528992,0.1009858176112175,0.717572808265686,1.3375414609909058,5.656854629516602,10.820245742797852,3.9419918060302734,3.0817227363586426,0.9969849275316333,0.06109756603837013,0.06109756603837013
train,chr17_58720776_ATT_,indel,22,12.305294036865234,1.281195044517517,0.8614426851272583,0.01886230707168579,0.9438346028327942,0.9050280451774597,0.44411134719848633,0.7418891787528992,0.09955044090747833,0.7581588625907898,1.1542240381240845,5.656854629516602,10.820245742797852,3.9475858211517334,3.0826947689056396,0.9972993950815503,0.06207577884197235,0.06207577884197235
train,chr17_58720785_AAT_,indel,22,12.268908500671387,1.1944690942764282,0.8631969690322876,0.010075731202960014,0.9459990859031677,0.918942391872406,0.5570953488349915,0.7418891787528992,0.09770310670137405,0.6966366767883301,1.0631619691848755,5.656854629516602,10.820245742797852,3.9519174098968506,3.0828070640563965,0.9973357242981338,0.06253565102815628,0.06253565102815628
train,chr17_58720797_CTT_,indel,22,12.277351379394531,1.1829285621643066,0.862454354763031,0.01792256534099579,0.945063591003418,0.9161874651908875,0.5197564959526062,0.7418891787528992,0.09855435788631439,0.6993224024772644,1.0507882833480835,5.656854629516602,10.820245742797852,3.957873821258545,3.083625555038452,0.9976005187790916,0.06242351606488228,0.06242351606488228
train,chr17_58720794_TTG_,indel,22,12.277351379394531,1.1829285621643066,0.862454354763031,0.01792256534099579,0.945063591003418,0.9161874651908875,0.5197564959526062,0.7418891787528992,0.09855435788631439,0.6993224024772644,1.0507882833480835,5.656854629516602,10.820245742797852,3.957873821258545,3.083625555038452,0.9976005187790916,0.06242351606488228,0.06242351606488228
train,chr17_58724042_GAA_,indel,22,12.523640632629395,1.8285890817642212,0.8574051856994629,0.010734613984823227,0.9384688138961792,0.8914039134979248,0.4554304778575897,0.7418891787528992,0.10411619395017624,0.632832407951355,1.7267507314682007,5.656854629516602,10.820245742797852,3.9671924114227295,3.082308292388916,0.9971743639561111,0.06055866926908493,0.06055866926908493
train,chr17_58724054_CAT_,indel,22,12.53355598449707,1.71614670753479,0.8589684963226318,0.026199769228696823,0.940150260925293,0.9003260731697083,0.5027857422828674,0.7418891787528992,0.1026790663599968,0.6044313907623291,1.608646273612976,5.656854629516602,10.820245742797852,3.9736592769622803,3.081604242324829,0.9969465928805886,0.06016762554645538,0.06016762554645538
train,chr17_58724057_GCT_,indel,22,12.517486572265625,1.6790771484375,0.8595019578933716,0.02439873293042183,0.9407523274421692,0.9088191986083984,0.46092918515205383,0.7418891787528992,0.10225588083267212,0.6429415941238403,1.5696536302566528,5.656854629516602,10.820245742797852,3.976968288421631,3.082153081893921,0.9971241509624893,0.06047946214675903,0.06047946214675903
train,chr17_58724072_CTA_,indel,22,12.534228324890137,1.8416560888290405,0.8553267121315002,0.029697442427277565,0.9357295632362366,0.8436453342437744,0.5033318400382996,0.7418891787528992,0.1075236052274704,0.6644014716148376,1.739652156829834,5.656854629516602,10.820245742797852,3.9837377071380615,3.081460475921631,0.9969000822275105,0.05970006436109543,0.05970006436109543
train,chr17_58724075_ATC_,indel,22,12.511474609375,1.7851821184158325,0.8562380075454712,0.029641877859830856,0.9367890954017639,0.8630947470664978,0.5033949613571167,0.7418891787528992,0.10655401647090912,0.6766856908798218,1.680406928062439,5.656854629516602,10.820245742797852,3.985461711883545,3.081965684890747,0.9970635251360889,0.05991633981466293,0.05991633981466293
train,chr17_58724093_AAG_,indel,22,12.28395938873291,1.2014610767364502,0.8635231852531433,0.016029223799705505,0.9459699988365173,0.9143290519714355,0.5191802382469177,0.7418891787528992,0.09776613116264343,0.7025817036628723,1.0683846473693848,5.656854629516602,10.820245742797852,3.9960649013519287,3.083279609680176,0.9974886001097442,0.06181809678673744,0.06181809678673744
train,chr17_58724096_CAA_,indel,22,12.287765502929688,1.192084789276123,0.8635991215705872,0.01607186160981655,0.9460434913635254,0.9077478647232056,0.525230884552002,0.7418891787528992,0.0976812094449997,0.7002511024475098,1.0584757328033447,5.656854629516602,10.820245742797852,3.997875690460205,3.08292818069458,0.9973749074022196,0.061874937266111374,0.061874937266111374
train,chr17_58732488_GCA_,indel,22,12.385005950927734,1.4671974182128906,0.861118733882904,0.021057963371276855,0.942843496799469,0.9077663421630859,0.5377711057662964,0.7418891787528992,0.10046658664941788,0.6583337187767029,1.3464267253875732,5.656854629516602,10.820245742797852,4.003381252288818,3.083430290222168,0.9975373475935674,0.0612524189054966,0.0612524189054966
train,chr17_58732494_TTG_,indel,22,12.39199447631836,1.4768030643463135,0.8614770174026489,0.020055271685123444,0.9431478977203369,0.9137828350067139,0.524855375289917,0.7418891787528992,0.100026436150074,0.6258423328399658,1.3563120365142822,5.656854629516602,10.820245742797852,4.007112979888916,3.0827832221984863,0.9973280110886681,0.06069522351026535,0.06069522351026535
train,chr17_58732497_TAC_,indel,22,12.35241413116455,1.4128881692886353,0.8605051040649414,0.017033351585268974,0.9422770738601685,0.8989362120628357,0.44021832942962646,0.7418891787528992,0.10088064521551132,0.7211896777153015,1.2892639636993408,5.656854629516602,10.820245742797852,4.008997440338135,3.0819907188415527,0.9970716240060278,0.061089564114809036,0.061089564114809036
train,chr17_58732512_CAA_,indel,22,12.291820526123047,1.222067952156067,0.8625264167785645,0.018471594899892807,0.9446399807929993,0.9116630554199219,0.5246464610099792,0.7418891787528992,0.09883999824523926,0.7063478231430054,1.0888997316360474,5.656854629516602,10.820245742797852,4.018601417541504,3.0824081897735596,0.9972066823037724,0.06120888516306877,0.06120888516306877
train,chr17_58732518_GAA_,indel,22,12.29826545715332,1.2609810829162598,0.8626243472099304,0.015420316718518734,0.9446156620979309,0.9061489105224609,0.5442752242088318,0.7418891787528992,0.0988539606332779,0.6946668028831482,1.1294788122177124,5.656854629516602,10.820245742797852,4.022527694702148,3.0821492671966553,0.9971229168489748,0.06094694510102272,0.06094694510102272
train,chr17_58732524_ACA_,indel,22,12.329418182373047,1.3039292097091675,0.8615062236785889,0.02244516834616661,0.9433550238609314,0.90805584192276,0.5187268257141113,0.7418891787528992,0.1001320481300354,0.7230619192123413,1.1742829084396362,5.656854629516602,10.820245742797852,4.0265021324157715,3.0827226638793945,0.9973084195366252,0.060788873583078384,0.060788873583078384
train,chr17_58732530_CTG_,indel,22,12.341880798339844,1.3839606046676636,0.8602030873298645,0.02487662434577942,0.9418900609016418,0.8908233642578125,0.45755207538604736,0.7418891787528992,0.10149212181568146,0.7350403070449829,1.2579337358474731,5.656854629516602,10.820245742797852,4.030525207519531,3.0838520526885986,0.9976737942690158,0.06076870858669281,0.06076870858669281
train,chr17_58732536_CAA_,indel,22,12.408614158630371,1.5778563022613525,0.8606481552124023,0.016696123406291008,0.9420669674873352,0.8885074853897095,0.4764419496059418,0.7418891787528992,0.10120562463998795,0.6596513986587524,1.4608687162399292,5.656854629516602,10.820245742797852,4.034595489501953,3.084496021270752,0.9978821280566846,0.06060974672436714,0.06060974672436714
train,chr17_58734118_CCT_,indel,22,12.379097938537598,1.7762579917907715,0.8596127033233643,0.014766615815460682,0.9413003325462341,0.9008241891860962,0.5547496676445007,0.7418891787528992,0.10187898576259613,0.6163251399993896,1.6684229373931885,5.656854629516602,10.820245742797852,4.040790557861328,3.083270311355591,0.9974855919580525,0.061411842703819275,0.061411842703819275
train,chr17_58734124_GGA_,indel,22,12.388418197631836,1.8412795066833496,0.8593537211418152,0.02766689471900463,0.940941572189331,0.9024800062179565,0.5898080468177795,0.7418891787528992,0.10228653997182846,0.5863516926765442,1.7363414764404297,5.656854629516602,10.820245742797852,4.044980049133301,3.083601713180542,0.9975928055696259,0.061201561242341995,0.061201561242341995
train,chr17_58734130_AGA_,indel,22,12.300702095031738,1.3670862913131714,0.8631774187088013,0.020443804562091827,0.9454423189163208,0.9133647084236145,0.6430479884147644,0.7418891787528992,0.09818950295448303,0.5915206670761108,1.2393656969070435,5.656854629516602,10.820245742797852,4.0492167472839355,3.0828161239624023,0.9973386553177307,0.06172908842563629,0.06172908842563629
train,chr17_58734136_ACT_,indel,22,12.254406929016113,1.3004264831542969,0.86337810754776,0.015789248049259186,0.9460395574569702,0.9134929180145264,0.7291511297225952,0.7418891787528992,0.09783654659986496,0.552825927734375,1.169327735900879,5.656854629516602,10.820245742797852,4.053500175476074,3.083583354949951,0.9975868663983373,0.062050044536590576,0.062050044536590576
train,chr17_58734148_TCT_,indel,22,12.248669624328613,1.2730638980865479,0.8643965125083923,0.019360315054655075,0.9471071362495422,0.914328932762146,0.8571403622627258,0.7418891787528992,0.09685929864645004,0.48592042922973633,1.1402475833892822,5.656854629516602,10.820245742797852,4.0622076988220215,3.0833632946014404,0.9975156734749688,0.062136657536029816,0.062136657536029816
train,chr17_58734154_TGT_,indel,22,12.24459171295166,1.3391742706298828,0.8647223114967346,0.017410922795534134,0.9476445317268372,0.9172378182411194,0.9141058325767517,0.7418891787528992,0.09642283618450165,0.4385203719139099,1.209295392036438,5.656854629516602,10.820245742797852,4.06663179397583,3.083160400390625,0.9974500340624156,0.06229140982031822,0.06229140982031822
train,chr17_58734163_CAA_,indel,22,12.246199607849121,1.3330330848693848,0.8650209903717041,0.02005920372903347,0.947915256023407,0.9189022779464722,0.9308580756187439,0.7418891787528992,0.09616149216890335,0.43284228444099426,1.2025415897369385,5.656854629516602,10.820245742797852,4.0733537673950195,3.082963228225708,0.9973862458201341,0.06220288202166557,0.06220288202166557
train,chr17_58734166_ACA_,indel,22,12.248671531677246,1.3346037864685059,0.8650184273719788,0.020748650655150414,0.947909414768219,0.9180175065994263,0.9416956305503845,0.7418891787528992,0.09617245942354202,0.42572733759880066,1.2040793895721436,5.656854629516602,10.820245742797852,4.075617790222168,3.0829849243164062,0.997393264840748,0.062186967581510544,0.062186967581510544
train,chr17_58734172_GGT_,indel,22,12.250727653503418,1.3959338665008545,0.8646153211593628,0.016900159418582916,0.9475374221801758,0.91840660572052,0.9390003085136414,0.7418891787528992,0.09653303027153015,0.4086497128009796,1.2681127786636353,5.656854629516602,10.820245742797852,4.080179691314697,3.0827438831329346,0.9973152842930496,0.06228465586900711,0.06228465586900711
train,chr17_58734184_ACC_,indel,22,12.243376731872559,1.4093012809753418,0.8649444580078125,0.015364376828074455,0.9478658437728882,0.9190669059753418,0.9484567046165466,0.7418891787528992,0.09626077115535736,0.4005143344402313,1.2816755771636963,5.656854629516602,10.820245742797852,4.089440822601318,3.0828588008880615,0.9973524619626744,0.06219581887125969,0.06219581887125969
train,chr17_58734190_AAG_,indel,21,12.271347999572754,1.4039721488952637,0.8597902059555054,0.020317677408456802,0.9462893605232239,0.9171729683876038,0.7186409831047058,0.7466945648193359,0.09966328740119934,0.5613197088241577,1.2694638967514038,5.656854152679443,10.820245742797852,4.094139575958252,3.035022497177124,0.9968796615099337,0.06469158828258514,0.06469158828258514
train,chr17_58734193_CGA_,indel,20,12.286931037902832,1.4028524160385132,0.8565605878829956,0.02497546374797821,0.947487473487854,0.919748842716217,0.7196916937828064,0.7516794800758362,0.10085941106081009,0.5672010779380798,1.2610812187194824,5.656854152679443,10.820245742797852,4.096506118774414,2.986243724822998,0.9968326446208973,0.0678272619843483,0.0678272619843483
train,chr17_58734199_CGA_,indel,18,12.219701766967773,1.3622171878814697,0.8495856523513794,0.0233541801571846,0.9513522982597351,0.9215718507766724,0.7975234985351562,0.7628700137138367,0.10287134349346161,0.5400094389915466,1.2010964155197144,5.656854152679443,10.820245742797852,4.1012725830078125,2.880530834197998,0.9965952740607563,0.07570211589336395,0.07570211589336395
train,chr17_58734205_CCA_,indel,16,12.16006088256836,1.5012507438659668,0.8395999073982239,0.019480880349874496,0.9549488425254822,0.9272933006286621,0.9509515762329102,0.7756679058074951,0.10658136010169983,0.4592514932155609,1.3275952339172363,5.656854629516602,10.820245742797852,4.106083869934082,2.7619307041168213,0.9961559325270752,0.08632262796163559,0.08632262796163559
train,chr17_58734211_GAA_,indel,13,12.079031944274902,1.4397807121276855,0.8168925046920776,0.022511273622512817,0.9594597816467285,0.9322996735572815,0.9456870555877686,0.7975718379020691,0.11676635593175888,0.541413426399231,1.2169803380966187,5.656854152679443,10.820245742797852,4.11338472366333,2.5523526668548584,0.9950889125471292,0.10655651241540909,0.10655651241540909
train,chr17_58734216_ATT_,indel,12,12.031400680541992,1.4939130544662476,0.8065248727798462,0.024429775774478912,0.9614532589912415,0.9334784746170044,0.9477541446685791,0.8064106106758118,0.12145950645208359,0.5468533039093018,1.2555558681488037,5.656854152679443,10.820245742797852,4.115840435028076,2.4715094566345215,0.9946085728594184,0.11691299080848694,0.11691299080848694
val,chr17_58692650_GGG_GAA,missense,14,11.805254936218262,1.202667236328125,0.8154487609863281,-0.0464804470539093,0.9560816884040833,0.9255910515785217,0.8667768239974976,0.7896599769592285,0.1112188845872879,0.38690632581710815,1.1472316980361938,5.656854629516602,10.820245742797852,1.9233298301696777,2.6163136959075928,0.9913819099523005,0.1304864138364792,0.1304864138364792
val,chr17_58692650_GGG_GTC,missense,14,11.786158561706543,1.2360539436340332,0.8151131272315979,-0.048878539353609085,0.9558287262916565,0.9239123463630676,0.8508975505828857,0.7896599769592285,0.11146139353513718,0.3910912275314331,1.1831865310668945,5.656854629516602,10.820245742797852,1.9233298301696777,2.6159110069274902,0.9912293217627286,0.13078030943870544,0.13078030943870544
val,chr17_58692651_G_A,missense,14,11.805254936218262,1.202667236328125,0.8154487609863281,-0.0464804470539093,0.9560816884040833,0.9255910515785217,0.8667768239974976,0.7896599769592285,0.1112188845872879,0.38690632581710815,1.1472316980361938,5.656854629516602,10.820245742797852,1.9233298301696777,2.6163136959075928,0.9913819099523005,0.1304864138364792,0.1304864138364792
val,chr17_58692663_G_A,missense,18,11.981038093566895,1.1809793710708618,0.8412718772888184,-0.047805119305849075,0.9505312442779541,0.9196674823760986,0.8505277037620544,0.7628700137138367,0.10125887393951416,0.3782504200935364,1.138561487197876,5.656854152679443,10.820245742797852,1.9020835161209106,2.8655402660369873,0.9914088934091816,0.10746796429157257,0.10746796429157257
val,chr17_58692662_CGC_GCC,missense,18,11.976027488708496,1.191362977027893,0.8412285447120667,-0.04842730984091759,0.9505233764648438,0.9197450876235962,0.854208767414093,0.7628700137138367,0.10126975178718567,0.3712873160839081,1.1495559215545654,5.656854152679443,10.820245742797852,1.9020835161209106,2.8655221462249756,0.9914026243844576,0.10752041637897491,0.10752041637897491
val,chr17_58692663_G_C,missense,18,11.984381675720215,1.159765601158142,0.8415822386741638,-0.04960573464632034,0.9508305788040161,0.9198480248451233,0.8383875489234924,0.7628700137138367,0.10098457336425781,0.3765886425971985,1.1160998344421387,5.656854152679443,10.820245742797852,1.9020835161209106,2.865457057952881,0.9913801053877518,0.10734134167432785,0.10734134167432785
val,chr17_58692678_G_C,missense,22,12.170122146606445,1.1581754684448242,0.8569571375846863,-0.04972139745950699,0.9456207752227783,0.9007613658905029,0.7518281936645508,0.7418891787528992,0.09639400988817215,0.472806841135025,1.1239962577819824,5.656854629516602,10.820245742797852,1.875937819480896,3.0669825077056885,0.9922162357794577,0.09047410637140274,0.09047410637140274
val,chr17_58692678_G_A,missense,22,12.162721633911133,1.1115065813064575,0.8580368757247925,-0.0481870174407959,0.946755588054657,0.9119335412979126,0.7927523851394653,0.7418891787528992,0.09533084183931351,0.403178870677948,1.07510507106781,5.656854629516602,10.820245742797852,1.875937819480896,3.067206859588623,0.9922888170805301,0.09047967195510864,0.09047967195510864
val,chr17_58692686_GTG_GGC,missense,22,12.150795936584473,1.07928466796875,0.857910692691803,-0.05346463620662689,0.9467026591300964,0.9160890579223633,0.7312896251678467,0.7418891787528992,0.09538563340902328,0.4371240735054016,1.0420851707458496,5.656854629516602,10.820245742797852,1.860474944114685,3.0676190853118896,0.9924221784721923,0.09025883674621582,0.09025883674621582
val,chr17_58692687_T_A,missense,22,12.159629821777344,1.0930378437042236,0.8577705025672913,-0.052171312272548676,0.9465171694755554,0.9160656929016113,0.7109240293502808,0.7418891787528992,0.09554561972618103,0.4527337849140167,1.0564931631088257,5.656854629516602,10.820245742797852,1.860474944114685,3.0675299167633057,0.9923933310687905,0.09015879780054092,0.09015879780054092
val,chr17_58692698_CTG_AGA,missense,22,12.196062088012695,1.0860092639923096,0.8569985628128052,-0.04753841087222099,0.9454191327095032,0.9150700569152832,0.6427265405654907,0.7418891787528992,0.09647154808044434,0.549003541469574,1.0500990152359009,5.656854629516602,10.820245742797852,1.840125560760498,3.0670979022979736,0.9922535677132718,0.08911792188882828,0.08911792188882828
val,chr17_58692698_C_A,missense,22,12.160967826843262,1.0362902879714966,0.8572587966918945,-0.05145151540637016,0.9460493326187134,0.9164543747901917,0.6930775046348572,0.7418891787528992,0.09592801332473755,0.4801749289035797,0.998012363910675,5.656854629516602,10.820245742797852,1.840125560760498,3.0672390460968018,0.9922992299133088,0.08998022973537445,0.08998022973537445
val,chr17_58692710_GTG_GCC,missense,22,12.149991035461426,1.0237305164337158,0.857866108417511,-0.054801344871520996,0.9469738602638245,0.9140185117721558,0.7376290559768677,0.7418891787528992,0.09509339928627014,0.4390871524810791,0.985808789730072,5.656854629516602,10.820245742797852,1.8200880289077759,3.0672836303710938,0.9923136536150097,0.09041528403759003,0.09041528403759003
val,chr17_58692710_G_A,missense,22,12.154808044433594,1.0110775232315063,0.8579323291778564,-0.052835721522569656,0.9469099044799805,0.9150053262710571,0.7256154417991638,0.7418891787528992,0.09512632340192795,0.45903652906417847,0.9725531935691833,5.656854629516602,10.820245742797852,1.8200880289077759,3.067312717437744,0.9923230637305579,0.0900418609380722,0.0900418609380722
val,chr17_58692764_GTG_GAA,missense,22,12.148015975952148,1.0621180534362793,0.8569390773773193,-0.05874943733215332,0.9464942216873169,0.9160588979721069,0.7417438626289368,0.7418891787528992,0.09553160518407822,0.41187262535095215,1.030125617980957,5.656854629516602,10.820245742797852,1.7339599132537842,3.0671541690826416,0.9922717708876109,0.09124414622783661,0.09124414622783661
val,chr17_58692764_G_C,missense,22,12.139080047607422,1.083486795425415,0.8570353388786316,-0.059212349355220795,0.9465790390968323,0.9160468578338623,0.7728097438812256,0.7418891787528992,0.0954643040895462,0.3877706527709961,1.0525118112564087,5.656854629516602,10.820245742797852,1.7339599132537842,3.0670852661132812,0.992249479712255,0.09161698818206787,0.09161698818206787
val,chr17_58692764_GTG_GCC,missense,22,12.13561725616455,1.1061840057373047,0.856598436832428,-0.059429798275232315,0.9462273120880127,0.9162367582321167,0.771311342716217,0.7418891787528992,0.0958026647567749,0.38525906205177307,1.0762897729873657,5.656854629516602,10.820245742797852,1.7339599132537842,3.0671255588531494,0.9922625150362521,0.0918247252702713,0.0918247252702713
val,chr17_58692773_TCC_GCT,missense,22,12.13243579864502,1.0617016553878784,0.8570421934127808,-0.06130938604474068,0.9466962218284607,0.9161006808280945,0.7922850251197815,0.7418891787528992,0.09532848000526428,0.3712082803249359,1.0303409099578857,5.656854629516602,10.820245742797852,1.7202765941619873,3.067018508911133,0.992227882725751,0.09157167375087738,0.09157167375087738
val,chr17_58692774_C_A,missense,22,12.134005546569824,1.043191909790039,0.8570825457572937,-0.06065443530678749,0.9467124938964844,0.9155749678611755,0.786511242389679,0.7418891787528992,0.09530461579561234,0.3772880434989929,1.0109498500823975,5.656854629516602,10.820245742797852,1.7202765941619873,3.066922426223755,0.9921967984916041,0.09145306795835495,0.09145306795835495
val,chr17_58694979_G_T,missense,22,12.146251678466797,1.1657650470733643,0.8572998642921448,-0.06997981667518616,0.9477032423019409,0.9173555970191956,0.8073122501373291,0.7418891787528992,0.09440216422080994,0.32936549186706543,1.143646478652954,5.656854629516602,10.820245742797852,1.6302580833435059,3.0660691261291504,0.9919207427248263,0.09245634824037552,0.09245634824037552
val,chr17_58694979_G_C,missense,22,12.127029418945312,1.125361680984497,0.8570326566696167,-0.07249151170253754,0.9475183486938477,0.9169515371322632,0.8116878867149353,0.7418891787528992,0.09458676725625992,0.3414297103881836,1.1013189554214478,5.656854629516602,10.820245742797852,1.6302580833435059,3.0661439895629883,0.9919449622025487,0.09239044785499573,0.09239044785499573
val,chr17_58694978_AGA_ACC,missense,22,12.127029418945312,1.125361680984497,0.8570326566696167,-0.07249151170253754,0.9475183486938477,0.9169515371322632,0.8116878867149353,0.7418891787528992,0.09458676725625992,0.3414297103881836,1.1013189554214478,5.656854629516602,10.820245742797852,1.6302580833435059,3.0661439895629883,0.9919449622025487,0.09239044785499573,0.09239044785499573
val,chr17_58694984_GAA_GTG,missense,22,12.11760425567627,1.119336724281311,0.8562682271003723,-0.06936021149158478,0.9468355178833008,0.9174940586090088,0.7941246628761292,0.7418891787528992,0.09522459656000137,0.35460999608039856,1.0953893661499023,5.656854629516602,10.820245742797852,1.6222338676452637,3.0662055015563965,0.9919648622829702,0.09250382333993912,0.09250382333993912
val,chr17_58694985_A_T,missense,22,12.11760425567627,1.119336724281311,0.8562682271003723,-0.06936021149158478,0.9468355178833008,0.9174940586090088,0.7941246628761292,0.7418891787528992,0.09522459656000137,0.35460999608039856,1.0953893661499023,5.656854629516602,10.820245742797852,1.6222338676452637,3.0662055015563965,0.9919648622829702,0.09250382333993912,0.09250382333993912
val,chr17_58694985_A_G,missense,22,12.122939109802246,1.1050862073898315,0.856425404548645,-0.06943878531455994,0.9469864964485168,0.9180675745010376,0.7823636531829834,0.7418891787528992,0.0950685665011406,0.3648497462272644,1.0804600715637207,5.656854629516602,10.820245742797852,1.6222338676452637,3.0662498474121094,0.9919792088525765,0.09230919927358627,0.09230919927358627
val,chr17_58694997_A_G,missense,22,12.119900703430176,1.0743370056152344,0.8565935492515564,-0.07419688999652863,0.9474459886550903,0.9148911833763123,0.8625360727310181,0.7418891787528992,0.09467662125825882,0.30288931727409363,1.0489966869354248,5.656854629516602,10.820245742797852,1.6064845323562622,3.0664799213409424,0.9920536413239206,0.09248566627502441,0.09248566627502441
val,chr17_58694996_AAT_CAC,missense,22,12.120755195617676,1.074328064918518,0.8564099669456482,-0.07443033158779144,0.947248101234436,0.9142614603042603,0.8574503660202026,0.7418891787528992,0.09485431015491486,0.30969473719596863,1.0489872694015503,5.656854629516602,10.820245742797852,1.6064845323562622,3.066620349884033,0.9920990721276736,0.09242675453424454,0.09242675453424454
val,chr17_58694996_A_C,missense,22,12.120755195617676,1.074328064918518,0.8564099669456482,-0.07443033158779144,0.947248101234436,0.9142614603042603,0.8574503660202026,0.7418891787528992,0.09485431015491486,0.30969473719596863,1.0489872694015503,5.656854629516602,10.820245742797852,1.6064845323562622,3.066620349884033,0.9920990721276736,0.09242675453424454,0.09242675453424454
val,chr17_58695003_C_G,missense,22,12.123161315917969,1.0628889799118042,0.8563010692596436,-0.07447832077741623,0.9472240209579468,0.9169560074806213,0.8783538937568665,0.7418891787528992,0.09486135840415955,0.2910917103290558,1.0373711585998535,5.656854629516602,10.820245742797852,1.5987610816955566,3.0662930011749268,0.9919931697617094,0.09251254051923752,0.09251254051923752
val,chr17_58695002_CCA_CAG,missense,22,12.124201774597168,1.085989236831665,0.8560373783111572,-0.07487426698207855,0.9469735622406006,0.9165542125701904,0.8628960251808167,0.7418891787528992,0.09509046375751495,0.30673325061798096,1.0615713596343994,5.656854629516602,10.820245742797852,1.5987610816955566,3.0665011405944824,0.992060506080345,0.09250610321760178,0.09250610321760178
val,chr17_58695003_C_A,missense,22,12.124201774597168,1.085989236831665,0.8560373783111572,-0.07487426698207855,0.9469735622406006,0.9165542125701904,0.8628960251808167,0.7418891787528992,0.09509046375751495,0.30673325061798096,1.0615713596343994,5.656854629516602,10.820245742797852,1.5987610816955566,3.0665011405944824,0.992060506080345,0.09250610321760178,0.09250610321760178
val,chr17_58695012_C_A,missense,22,12.134796142578125,1.0632203817367554,0.8559638261795044,-0.07561095803976059,0.946851909160614,0.9150844812393188,0.8298985362052917,0.7418891787528992,0.09516631811857224,0.3385157287120819,1.0382609367370605,5.656854629516602,10.820245742797852,1.5873677730560303,3.0658178329467773,0.9918394454970578,0.0920669287443161,0.0920669287443161
val,chr17_58695011_GCT_GTG,missense,22,12.136398315429688,1.0489282608032227,0.8560667037963867,-0.077511265873909,0.9470215439796448,0.9155169725418091,0.8327558636665344,0.7418891787528992,0.09500914067029953,0.32573574781417847,1.0232882499694824,5.656854629516602,10.820245742797852,1.5873677730560303,3.0658373832702637,0.9918457703288197,0.09217222034931183,0.09217222034931183
val,chr17_58695023_GAG_GGC,missense,22,12.126124382019043,1.078916072845459,0.8553018569946289,-0.08183236420154572,0.946487545967102,0.9130926132202148,0.8090533018112183,0.7418891787528992,0.0955418199300766,0.35195454955101013,1.0554101467132568,5.656854629516602,10.820245742797852,1.5725395679473877,3.065929412841797,0.9918755433173573,0.09236310422420502,0.09236310422420502
val,chr17_58695025_G_C,missense,22,12.132965087890625,1.0528252124786377,0.8555738925933838,-0.08017035573720932,0.9466580748558044,0.9127966165542603,0.820002555847168,0.7418891787528992,0.09536842256784439,0.3465452492237091,1.0280768871307373,5.656854629516602,10.820245742797852,1.5725395679473877,3.0659549236297607,0.9918837964514856,0.09217937290668488,0.09217937290668488
val,chr17_58695023_G_C,missense,22,12.123335838317871,1.083077311515808,0.8553609848022461,-0.08079181611537933,0.9465330839157104,0.9126065969467163,0.8352268934249878,0.7418891787528992,0.09550129622220993,0.32995662093162537,1.0597695112228394,5.656854629516602,10.820245742797852,1.5725395679473877,3.065880298614502,0.991859654105858,0.09251392632722855,0.09251392632722855
val,chr17_58695044_G_A,missense,22,12.163832664489746,1.012825608253479,0.8552173376083374,-0.07882940769195557,0.9460858702659607,0.9194552898406982,0.7131073474884033,0.7418891787528992,0.09583782404661179,0.4721565246582031,0.9873597621917725,5.656854629516602,10.820245742797852,1.5476083755493164,3.0663671493530273,0.9920171578431478,0.09141547232866287,0.09141547232866287
val,chr17_58695044_GCG_GGC,missense,22,12.16280460357666,1.0406126976013184,0.8544391989707947,-0.07899942249059677,0.9453876614570618,0.9118796586990356,0.6895747184753418,0.7418891787528992,0.09648483246564865,0.4960181415081024,1.016469955444336,5.656854629516602,10.820245742797852,1.5476083755493164,3.066410779953003,0.99203127301647,0.09159315377473831,0.09159315377473831
val,chr17_58695045_C_G,missense,22,12.16280460357666,1.0406126976013184,0.8544391989707947,-0.07899942249059677,0.9453876614570618,0.9118796586990356,0.6895747184753418,0.7418891787528992,0.09648483246564865,0.4960181415081024,1.016469955444336,5.656854629516602,10.820245742797852,1.5476083755493164,3.066410779953003,0.99203127301647,0.09159315377473831,0.09159315377473831
val,chr17_58695052_A_T,missense,22,12.136929512023926,1.0134742259979248,0.8552364706993103,-0.07980469614267349,0.9463574886322021,0.9129251837730408,0.7007571458816528,0.7418891787528992,0.09561657160520554,0.44888463616371155,0.9883668422698975,5.656854629516602,10.820245742797852,1.5407276153564453,3.0666651725769043,0.9921135729614692,0.09195023030042648,0.09195023030042648
val,chr17_58695051_A_G,missense,22,12.147151947021484,0.9956693053245544,0.8554229140281677,-0.0780133455991745,0.9464490413665771,0.9123778343200684,0.6807488799095154,0.7418891787528992,0.09551437944173813,0.46294930577278137,0.9697140455245972,5.656854629516602,10.820245742797852,1.5407276153564453,3.0669360160827637,0.9922011950209996,0.09160523116588593,0.09160523116588593
val,chr17_58695061_G_T,missense,22,12.133071899414062,1.0794073343276978,0.8544462323188782,-0.08750586956739426,0.9454938769340515,0.9109408855438232,0.5922320485115051,0.7418891787528992,0.0963883101940155,0.5375149846076965,1.057921290397644,5.656854629516602,10.820245742797852,1.5306121110916138,3.0663902759552,0.9920246396563295,0.0918319970369339,0.0918319970369339
val,chr17_58695059_G_C,missense,22,12.13213062286377,1.0408785343170166,0.8550053238868713,-0.08435031771659851,0.9460921287536621,0.9108055830001831,0.636502742767334,0.7418891787528992,0.09584502130746841,0.4956528842449188,1.0175577402114868,5.656854629516602,10.820245742797852,1.5306121110916138,3.066581964492798,0.9920866538604338,0.09196408838033676,0.09196408838033676
val,chr17_58695060_A_T,missense,22,12.144664764404297,1.069092035293579,0.8549286723136902,-0.08527257293462753,0.9459244608879089,0.9098280072212219,0.6160809993743896,0.7418891787528992,0.09598762542009354,0.515772819519043,1.0471149682998657,5.656854629516602,10.820245742797852,1.5306121110916138,3.0663089752197266,0.9919983376120515,0.09188169986009598,0.09188169986009598
val,chr17_58695088_C_G,missense,22,12.152688026428223,1.1125291585922241,0.85300612449646,-0.07825229316949844,0.9441123008728027,0.9113881587982178,0.5385438799858093,0.7418891787528992,0.09762666374444962,0.5624099373817444,1.0939936637878418,5.656854629516602,10.820245742797852,1.5017729997634888,3.0667812824249268,0.9921511362915671,0.09187524020671844,0.09187524020671844
val,chr17_58695087_T_A,missense,22,12.159109115600586,1.1366245746612549,0.8526235222816467,-0.07812827825546265,0.9436769485473633,0.9106607437133789,0.5200456380844116,0.7418891787528992,0.09802217781543732,0.5865914225578308,1.1192365884780884,5.656854629516602,10.820245742797852,1.5017729997634888,3.0666654109954834,0.9921136500935638,0.09181434661149979,0.09181434661149979
val,chr17_58695086_ATC_ACA,missense,22,12.152379989624023,1.155490517616272,0.8522453904151917,-0.0780806690454483,0.9433407187461853,0.9115340113639832,0.5213527083396912,0.7418891787528992,0.09833380579948425,0.5872254967689514,1.1390008926391602,5.656854629516602,10.820245742797852,1.5017729997634888,3.0668156147003174,0.9921622433131978,0.09213121980428696,0.09213121980428696
val,chr17_58695098_TCA_CTG,missense,22,12.155566215515137,1.0941685438156128,0.854698896408081,-0.08299405872821808,0.9461910724639893,0.913993239402771,0.6040263175964355,0.7418891787528992,0.09575790911912918,0.5038759708404541,1.075333833694458,5.656854629516602,10.820245742797852,1.4896963834762573,3.066495180130005,0.9920585777779787,0.09185101836919785,0.09185101836919785
val,chr17_58695098_T_C,missense,22,12.144136428833008,1.1042940616607666,0.8542594313621521,-0.08396750688552856,0.9457800388336182,0.9148945808410645,0.5952408313751221,0.7418891787528992,0.09615067392587662,0.5190264582633972,1.0859415531158447,5.656854629516602,10.820245742797852,1.4896963834762573,3.066129684448242,0.9919403342768693,0.09194039553403854,0.09194039553403854
val,chr17_58695122_G_T,missense,22,12.190291404724121,1.1207091808319092,0.8532322645187378,-0.08303314447402954,0.9448152184486389,0.9084362387657166,0.5757464170455933,0.7418891787528992,0.09702621400356293,0.5413503646850586,1.1042215824127197,5.656854629516602,10.820245742797852,1.4669463634490967,3.0665671825408936,0.992081871670565,0.09141833335161209,0.09141833335161209
val,chr17_58695122_G_A,missense,22,12.19539737701416,1.1143165826797485,0.8534598350524902,-0.08235926926136017,0.9450078010559082,0.90830397605896,0.5796971321105957,0.7418891787528992,0.09684032946825027,0.5330478549003601,1.0975245237350464,5.656854629516602,10.820245742797852,1.4669463634490967,3.066716194152832,0.9921300792297257,0.09134522080421448,0.09134522080421448
val,chr17_58695123_G_T,missense,22,12.214138984680176,1.1634165048599243,0.8532097935676575,-0.08248457312583923,0.9446280598640442,0.9079463481903076,0.5704452395439148,0.7418891787528992,0.09717937558889389,0.5496788024902344,1.1489626169204712,5.656854629516602,10.820245742797852,1.4669463634490967,3.0667388439178467,0.9921374067787182,0.09101076424121857,0.09101076424121857
val,chr17_58695131_CCC_GCT,missense,22,12.15221881866455,1.0784369707107544,0.8548749685287476,-0.08927392959594727,0.9468643069267273,0.9144321084022522,0.6778307557106018,0.7418891787528992,0.09518750756978989,0.44303280115127563,1.0603193044662476,5.656854629516602,10.820245742797852,1.458905577659607,3.0670244693756104,0.9922298110281174,0.09207629412412643,0.09207629412412643
val,chr17_58695131_C_A,missense,22,12.158848762512207,1.0712072849273682,0.8551093339920044,-0.08889910578727722,0.9470584392547607,0.914826512336731,0.6755005717277527,0.7418891787528992,0.09499770402908325,0.44635680317878723,1.0527454614639282,5.656854629516602,10.820245742797852,1.458905577659607,3.066930055618286,0.9921992667186332,0.09204777330160141,0.09204777330160141
val,chr17_58695137_ATG_GCC,missense,22,12.147744178771973,1.0864057540893555,0.8542881011962891,-0.09510160237550735,0.9463576674461365,0.9192018508911133,0.689194917678833,0.7418891787528992,0.09564793109893799,0.4456394910812378,1.068915605545044,5.656854629516602,10.820245742797852,1.4536958932876587,3.066708564758301,0.9921276110026968,0.09231966733932495,0.09231966733932495
val,chr17_58695138_T_A,missense,22,12.156977653503418,1.0566275119781494,0.8548033237457275,-0.09424082934856415,0.9468050599098206,0.9193732738494873,0.6797077059745789,0.7418891787528992,0.09521852433681488,0.4459194540977478,1.0377196073532104,5.656854629516602,10.820245742797852,1.4536958932876587,3.0664312839508057,0.9920379063766105,0.09185502678155899,0.09185502678155899
val,chr17_58695138_T_C,missense,22,12.146942138671875,1.0638935565948486,0.8549318909645081,-0.09499911218881607,0.9470216631889343,0.9193183183670044,0.7114951014518738,0.7418891787528992,0.09503345936536789,0.41420698165893555,1.045331597328186,5.656854629516602,10.820245742797852,1.4536958932876587,3.0666158199310303,0.9920976066178752,0.09223777055740356,0.09223777055740356
val,chr17_58695137_ATG_CTC,missense,22,12.162001609802246,1.0717722177505493,0.854795515537262,-0.09533047676086426,0.9467847347259521,0.9189388751983643,0.6828500628471375,0.7418891787528992,0.09524326771497726,0.4411022961139679,1.0535852909088135,5.656854629516602,10.820245742797852,1.4536958932876587,3.066786527633667,0.9921528331976496,0.09203584492206573,0.09203584492206573
val,chr17_58695140_AAA_CAG,missense,22,12.164229393005371,1.1024904251098633,0.8541923761367798,-0.09078231453895569,0.9461473822593689,0.9148259162902832,0.6963379383087158,0.7418891787528992,0.09581790119409561,0.4480503797531128,1.085888147354126,5.656854629516602,10.820245742797852,1.451136589050293,3.0665371417999268,0.9920721530266383,0.09220172464847565,0.09220172464847565
val,chr17_58695140_AAA_GCC,missense,22,12.170806884765625,1.120108723640442,0.8540235757827759,-0.08983743190765381,0.9459519982337952,0.908466637134552,0.7019288539886475,0.7418891787528992,0.09598589688539505,0.4543680250644684,1.104345440864563,5.656854629516602,10.820245742797852,1.451136589050293,3.066610813140869,0.9920959868438873,0.09219049662351608,0.09219049662351608
val,chr17_58695155_TGT_AGC,missense,22,12.151628494262695,1.043861985206604,0.8547775745391846,-0.08777615427970886,0.9469336271286011,0.9146022796630859,0.7284253835678101,0.7418891787528992,0.09509465098381042,0.38837099075317383,1.0250554084777832,5.656854629516602,10.820245742797852,1.438798427581787,3.0661368370056152,0.991942648239709,0.09211840480566025,0.09211840480566025
val,chr17_58695156_G_C,missense,22,12.151628494262695,1.043861985206604,0.8547775745391846,-0.08777615427970886,0.9469336271286011,0.9146022796630859,0.7284253835678101,0.7418891787528992,0.09509465098381042,0.38837099075317383,1.0250554084777832,5.656854629516602,10.820245742797852,1.438798427581787,3.0661368370056152,0.991942648239709,0.09211840480566025,0.09211840480566025
val,chr17_58695156_G_A,missense,22,12.161641120910645,1.0641318559646606,0.8548055291175842,-0.08606982976198196,0.9468697905540466,0.9149128198623657,0.7201010584831238,0.7418891787528992,0.0951455682516098,0.4090959429740906,1.0462905168533325,5.656854629516602,10.820245742797852,1.438798427581787,3.0659914016723633,0.9918955976619682,0.0919753834605217,0.0919753834605217
val,chr17_58695158_GGT_TGC,missense,22,12.152178764343262,1.0487754344940186,0.8545563817024231,-0.09178218245506287,0.9466415047645569,0.9109269380569458,0.7274463772773743,0.7418891787528992,0.09533338248729706,0.38886621594429016,1.0303159952163696,5.656854629516602,10.820245742797852,1.4364230632781982,3.0663106441497803,0.991998877536714,0.09203524887561798,0.09203524887561798
val,chr17_58695158_GGT_GAC,missense,22,12.165752410888672,1.0614081621170044,0.8543596863746643,-0.09061978757381439,0.9463725090026855,0.9099268913269043,0.693633496761322,0.7418891787528992,0.09557551890611649,0.42085954546928406,1.0435503721237183,5.656854629516602,10.820245742797852,1.4364230632781982,3.0665297508239746,0.9920697619317039,0.09173416346311569,0.09173416346311569
val,chr17_58695158_G_A,missense,22,12.162237167358398,1.0702515840530396,0.8543452620506287,-0.09117960929870605,0.9463646411895752,0.9101312756538391,0.7023671865463257,0.7418891787528992,0.0955757349729538,0.41150495409965515,1.0528148412704468,5.656854629516602,10.820245742797852,1.4364230632781982,3.0665597915649414,0.9920794805756307,0.09197725355625153,0.09197725355625153
val,chr17_58695165_C_G,missense,22,12.187739372253418,1.0801126956939697,0.8546813130378723,-0.0892835408449173,0.9465104937553406,0.9128481149673462,0.6673732995986938,0.7418891787528992,0.0954054445028305,0.4343544840812683,1.063367247581482,5.656854629516602,10.820245742797852,1.4317655563354492,3.0666229724884033,0.9920999205807148,0.0911390408873558,0.0911390408873558
val,chr17_58695164_CCA_GCC,missense,22,12.15906047821045,1.049452543258667,0.8542940020561218,-0.08729537576436996,0.946373701095581,0.9144881367683411,0.7065404653549194,0.7418891787528992,0.09556896984577179,0.41181522607803345,1.0312471389770508,5.656854629516602,10.820245742797852,1.4317655563354492,3.0668509006500244,0.9921736588632071,0.09182905405759811,0.09182905405759811
val,chr17_58695164_CCA_ACC,missense,22,12.1728515625,1.0578677654266357,0.8545612692832947,-0.08670525252819061,0.9465376138687134,0.9136368036270142,0.6991631388664246,0.7418891787528992,0.0953962430357933,0.4102907180786133,1.0400630235671997,5.656854629516602,10.820245742797852,1.4317655563354492,3.0669214725494385,0.9921964899632255,0.09173285961151123,0.09173285961151123
val,chr17_58696718_ATA_GCC,missense,22,12.136834144592285,1.0110828876495361,0.8542715907096863,-0.09447433054447174,0.9470265507698059,0.9191228151321411,0.6104681491851807,0.7418891787528992,0.09500082582235336,0.4970569312572479,0.9926932454109192,5.656854629516602,10.820245742797852,1.3972663879394531,3.0668301582336426,0.9921669483709719,0.0913618877530098,0.0913618877530098
val,chr17_58696718_A_G,missense,22,12.127967834472656,1.0151363611221313,0.8540629148483276,-0.09550261497497559,0.9468446373939514,0.9192697405815125,0.5994868874549866,0.7418891787528992,0.09517473727464676,0.5045833587646484,0.9969397187232971,5.656854629516602,10.820245742797852,1.3972663879394531,3.0667741298675537,0.9921488223287275,0.09168350696563721,0.09168350696563721
val,chr17_58696718_ATA_CTG,missense,22,12.125496864318848,1.0315806865692139,0.8538998961448669,-0.0970420241355896,0.9467453360557556,0.9188170433044434,0.611555814743042,0.7418891787528992,0.09527629613876343,0.4945235550403595,1.014167070388794,5.656854629516602,10.820245742797852,1.3972663879394531,3.0668840408325195,0.9921843802243644,0.09184841811656952,0.09184841811656952
val,chr17_58696763_GAT_CAC,missense,22,12.162736892700195,1.036059856414795,0.8529606461524963,-0.10074787586927414,0.945915162563324,0.9155411720275879,0.5680614113807678,0.7418891787528992,0.09600947797298431,0.5333183407783508,1.019940733909607,5.656854629516602,10.820245742797852,1.3745633363723755,3.066972494125366,0.9922129962314822,0.09101776778697968,0.09101776778697968
val,chr17_58696763_G_A,missense,22,12.171015739440918,1.0423957109451294,0.8528367280960083,-0.1007721871137619,0.9457389712333679,0.9151308536529541,0.555701494216919,0.7418891787528992,0.09615655243396759,0.5441907644271851,1.0265783071517944,5.656854629516602,10.820245742797852,1.3745633363723755,3.0668694972991943,0.9921796751665903,0.09093467891216278,0.09093467891216278
val,chr17_58696763_G_T,missense,22,12.162245750427246,1.0306960344314575,0.8530881404876709,-0.10136163979768753,0.9460653066635132,0.9152052402496338,0.573161244392395,0.7418891787528992,0.09587649255990982,0.5286127924919128,1.0143214464187622,5.656854629516602,10.820245742797852,1.3745633363723755,3.066957950592041,0.9922082911737081,0.09091271460056305,0.09091271460056305
val,chr17_58696793_G_T,missense,22,12.148747444152832,0.9970442652702332,0.8525591492652893,-0.11044838279485703,0.9458128213882446,0.9108350276947021,0.6055870652198792,0.7418891787528992,0.09613516181707382,0.5103617906570435,0.9795922040939331,5.656854629516602,10.820245742797852,1.3635364770889282,3.0672967433929443,0.9923178958802158,0.09071602672338486,0.09071602672338486
val,chr17_58696793_GTG_GCC,missense,22,12.137459754943848,1.0185562372207642,0.8523105978965759,-0.10982510447502136,0.9455514550209045,0.9112420082092285,0.5972505807876587,0.7418891787528992,0.09637411683797836,0.5132668614387512,1.0021286010742188,5.656854629516602,10.820245742797852,1.3635364770889282,3.0671019554138184,0.992254878958881,0.09068233519792557,0.09068233519792557
val,chr17_58696803_T_A,missense,22,12.162631034851074,1.0461183786392212,0.8521565794944763,-0.11016721278429031,0.9451966881752014,0.9129308462142944,0.5326287746429443,0.7418891787528992,0.09669467061758041,0.5714611411094666,1.031130075454712,5.656854629516602,10.820245742797852,1.3608736991882324,3.0668859481811523,0.9921849972811216,0.0898783802986145,0.0898783802986145
val,chr17_58696802_CTT_TTC,missense,22,12.152203559875488,1.017930507659912,0.8524476885795593,-0.11003603041172028,0.9456210732460022,0.9128558039665222,0.5649960041046143,0.7418891787528992,0.09631399065256119,0.5480842590332031,1.0015997886657715,5.656854629516602,10.820245742797852,1.3608736991882324,3.0671305656433105,0.9922641348102398,0.09021651744842529,0.09021651744842529
val,chr17_58696802_CTT_GTG,missense,22,12.135279655456543,1.037872552871704,0.8524201512336731,-0.11020293831825256,0.9456692337989807,0.9128208160400391,0.5879631042480469,0.7418891787528992,0.09629732370376587,0.5137277841567993,1.0224915742874146,5.656854629516602,10.820245742797852,1.3608736991882324,3.0670063495635986,0.9922239489889234,0.09063956886529922,0.09063956886529922
val,chr17_58696823_CAC_GCC,missense,22,12.159377098083496,0.9859704375267029,0.853123128414154,-0.10919391363859177,0.9465997815132141,0.9146314859390259,0.6993283629417419,0.7418891787528992,0.09541205316781998,0.42115873098373413,0.96835857629776,5.656854629516602,10.820245742797852,1.3558205366134644,3.0682005882263184,0.992610303651061,0.09015020728111267,0.09015020728111267
val,chr17_58696825_C_A,missense,22,12.15014934539795,0.9815735816955566,0.8531205654144287,-0.10685697197914124,0.9466096758842468,0.9145207405090332,0.693610668182373,0.7418891787528992,0.09541790187358856,0.4296260178089142,0.9637523293495178,5.656854629516602,10.820245742797852,1.3558205366134644,3.0682311058044434,0.992620176559177,0.09019055217504501,0.09019055217504501
val,chr17_58696824_A_C,missense,22,12.178973197937012,1.034584641456604,0.853339672088623,-0.10509510338306427,0.946589469909668,0.9140082001686096,0.6868776679039001,0.7418891787528992,0.09541827440261841,0.4483160972595215,1.0192877054214478,5.656854629516602,10.820245742797852,1.3558205366134644,3.0679361820220947,0.9925247641580862,0.08938021957874298,0.08938021957874298
val,chr17_58696853_GGA_GAG,missense,22,12.125136375427246,1.105141520500183,0.852473795413971,-0.11385582387447357,0.9466812014579773,0.9170774221420288,0.7513814568519592,0.7418891787528992,0.09545747190713882,0.36930784583091736,1.093414306640625,5.656854629516602,10.820245742797852,1.3514132499694824,3.0677459239959717,0.9924632127465498,0.09086594730615616,0.09086594730615616
val,chr17_58696853_G_C,missense,22,12.12109088897705,1.1025558710098267,0.8527197241783142,-0.1158592700958252,0.9468560814857483,0.9176280498504639,0.7472862601280212,0.7418891787528992,0.0952906534075737,0.3676729202270508,1.0907055139541626,5.656854629516602,10.820245742797852,1.3514132499694824,3.0674970149993896,0.9923826868397277,0.09073813259601593,0.09073813259601593
val,chr17_58696856_GAG_GTC,missense,22,12.120244026184082,1.048331379890442,0.853111743927002,-0.11819382011890411,0.9472191333770752,0.9154813289642334,0.7720096111297607,0.7418891787528992,0.09493882209062576,0.3446957468986511,1.0339113473892212,5.656854629516602,10.820245742797852,1.35115385055542,3.0676114559173584,0.9924197102451632,0.0906144231557846,0.0906144231557846
val,chr17_58696856_GAG_CAA,missense,22,12.121068954467773,1.0352891683578491,0.8531780242919922,-0.11766458302736282,0.9473124742507935,0.9148412942886353,0.7888320684432983,0.7418891787528992,0.09485823661088943,0.3316892683506012,1.0202480554580688,5.656854629516602,10.820245742797852,1.35115385055542,3.0678203105926514,0.9924872779600828,0.09067906439304352,0.09067906439304352
val,chr17_58696858_G_T,missense,22,12.12870979309082,1.0502004623413086,0.8530505895614624,-0.11773677915334702,0.9471195936203003,0.914463222026825,0.7633486986160278,0.7418891787528992,0.09502453356981277,0.3609468638896942,1.0358692407608032,5.656854629516602,10.820245742797852,1.35115385055542,3.0677003860473633,0.9924484805164703,0.0905015766620636,0.0905015766620636
val,chr17_58703197_A_C,missense,22,12.127321243286133,1.0363545417785645,0.8529326915740967,-0.11622926592826843,0.9470537900924683,0.9153860807418823,0.777188241481781,0.7418891787528992,0.09509941935539246,0.3477358818054199,1.0213748216629028,5.656854629516602,10.820245742797852,1.3509272336959839,3.067899703979492,0.9925129629476036,0.09047319740056992,0.09047319740056992
val,chr17_58703226_T_G,missense,22,12.132757186889648,1.079022765159607,0.8507356643676758,-0.11731582880020142,0.9446713924407959,0.9147521257400513,0.5984455347061157,0.7418891787528992,0.09724555909633636,0.5111615657806396,1.0660972595214844,5.656854629516602,10.820245742797852,1.3504592180252075,3.0674211978912354,0.9923581588336269,0.08902250975370407,0.08902250975370407
val,chr17_58703225_CTT_GCC,missense,22,12.11882495880127,1.0934135913848877,0.8509466052055359,-0.11765015125274658,0.9449405074119568,0.9137701988220215,0.6515957117080688,0.7418891787528992,0.09700649976730347,0.45436525344848633,1.081173300743103,5.656854629516602,10.820245742797852,1.3504592180252075,3.0676677227020264,0.9924379134195023,0.08950253576040268,0.08950253576040268
val,chr17_58703226_T_A,missense,22,12.128596305847168,1.0819320678710938,0.850772500038147,-0.11721973121166229,0.9447052478790283,0.9145662784576416,0.6157180070877075,0.7418891787528992,0.09720883518457413,0.4925557076931,1.0691450834274292,5.656854629516602,10.820245742797852,1.3504592180252075,3.067532539367676,0.9923941795218317,0.08915852755308151,0.08915852755308151
val,chr17_58703246_ATT_AAC,missense,22,12.1604585647583,1.0681419372558594,0.850587010383606,-0.1141287088394165,0.9445726275444031,0.9092403054237366,0.5712119340896606,0.7418891787528992,0.09736336022615433,0.5752884149551392,1.0546221733093262,5.656854629516602,10.820245742797852,1.3520587682724,3.0684049129486084,0.992676405856182,0.08772312849760056,0.08772312849760056
val,chr17_58703246_A_T,missense,22,12.138683319091797,1.0143630504608154,0.851201593875885,-0.11595660448074341,0.9453355073928833,0.9146104454994202,0.591107189655304,0.7418891787528992,0.09663937985897064,0.520915150642395,0.9982823133468628,5.656854629516602,10.820245742797852,1.3520587682724,3.068751096725464,0.9927884016576242,0.08825504034757614,0.08825504034757614
val,chr17_58703247_T_A,missense,22,12.1604585647583,1.0681419372558594,0.850587010383606,-0.1141287088394165,0.9445726275444031,0.9092403054237366,0.5712119340896606,0.7418891787528992,0.09736336022615433,0.5752884149551392,1.0546221733093262,5.656854629516602,10.820245742797852,1.3520587682724,3.0684049129486084,0.992676405856182,0.08772312849760056,0.08772312849760056
val,chr17_58703282_CTG_CAA,missense,22,12.148748397827148,1.089220404624939,0.8504862785339355,-0.12101668119430542,0.9447766542434692,0.9075865745544434,0.5875323414802551,0.7418891787528992,0.09721878170967102,0.545417308807373,1.0764012336730957,5.656854629516602,10.820245742797852,1.3584240674972534,3.0691640377044678,0.9929219944455703,0.08782318234443665,0.08782318234443665
val,chr17_58703282_C_A,missense,22,12.133331298828125,1.0714393854141235,0.8508806824684143,-0.12233159691095352,0.9453243017196655,0.9100154042243958,0.6290586590766907,0.7418891787528992,0.09673114866018295,0.4966529607772827,1.057773470878601,5.656854629516602,10.820245742797852,1.3584240674972534,3.0692496299743652,0.9929496848675522,0.08816476911306381,0.08816476911306381
val,chr17_58703282_CTG_AGA,missense,22,12.156704902648926,1.0909925699234009,0.8505399823188782,-0.12129133194684982,0.9447534680366516,0.9066765904426575,0.5813007354736328,0.7418891787528992,0.09724865853786469,0.5574210286140442,1.07825767993927,5.656854629516602,10.820245742797852,1.3584240674972534,3.0688600540161133,0.9928236510248825,0.08745414018630981,0.08745414018630981
val,chr17_58703288_CAA_CCC,missense,22,12.1608304977417,1.0749942064285278,0.851618230342865,-0.12221260368824005,0.9460189342498779,0.9174356460571289,0.5928680896759033,0.7418891787528992,0.09609614312648773,0.5385668277740479,1.061426043510437,5.656854629516602,10.820245742797852,1.3599225282669067,3.0689985752105713,0.9928684647718782,0.08755753189325333,0.08755753189325333
val,chr17_58703288_CAA_CGG,missense,22,12.134899139404297,1.0516493320465088,0.8517091274261475,-0.12316484749317169,0.9463260769844055,0.9156524538993835,0.6399481296539307,0.7418891787528992,0.0958348736166954,0.48085957765579224,1.0369696617126465,5.656854629516602,10.820245742797852,1.3599225282669067,3.069260597229004,0.9929532329439064,0.08802542090415955,0.08802542090415955
val,chr17_58703291_G_A,missense,22,12.128029823303223,1.0613256692886353,0.8519972562789917,-0.1216001883149147,0.9466677904129028,0.9196418523788452,0.69300776720047,0.7418891787528992,0.0955185815691948,0.4318700432777405,1.0470688343048096,5.656854629516602,10.820245742797852,1.3607178926467896,3.0695345401763916,0.9930418577206674,0.08832885324954987,0.08832885324954987
val,chr17_58703291_G_T,missense,22,12.138427734375,1.0753211975097656,0.8518357276916504,-0.12151172757148743,0.9463597536087036,0.9187835454940796,0.6482362747192383,0.7418891787528992,0.09578622132539749,0.47477906942367554,1.0617308616638184,5.656854629516602,10.820245742797852,1.3607178926467896,3.0693562030792236,0.9929841629138639,0.08819298446178436,0.08819298446178436
val,chr17_58703291_GTT_GGC,missense,22,12.144495964050293,1.0342406034469604,0.8519999384880066,-0.12004465609788895,0.946540117263794,0.9168895483016968,0.6525245308876038,0.7418891787528992,0.09560653567314148,0.48196175694465637,1.0186940431594849,5.656854629516602,10.820245742797852,1.3607178926467896,3.0696563720703125,0.9930812722210371,0.08790817856788635,0.08790817856788635
val,chr17_58703297_CTT_ATC,missense,22,12.135147094726562,1.0904877185821533,0.8509522676467896,-0.12159426510334015,0.9454761147499084,0.915187418460846,0.6288772225379944,0.7418891787528992,0.09658167511224747,0.49410420656204224,1.077539324760437,5.656854629516602,10.820245742797852,1.362400770187378,3.069239854812622,0.9929465224516713,0.08813932538032532,0.08813932538032532
val,chr17_58703297_CTT_TTC,missense,22,12.138067245483398,1.0947424173355103,0.8510236144065857,-0.11911259591579437,0.9454708099365234,0.9124295711517334,0.6244091987609863,0.7418891787528992,0.09658165276050568,0.4971218705177307,1.0819967985153198,5.656854629516602,10.820245742797852,1.362400770187378,3.0691521167755127,0.9929181378408374,0.08828607946634293,0.08828607946634293
val,chr17_58703297_C_A,missense,22,12.135147094726562,1.0904877185821533,0.8509522676467896,-0.12159426510334015,0.9454761147499084,0.915187418460846,0.6288772225379944,0.7418891787528992,0.09658167511224747,0.49410420656204224,1.077539324760437,5.656854629516602,10.820245742797852,1.362400770187378,3.069239854812622,0.9929465224516713,0.08813932538032532,0.08813932538032532
val,chr17_58703301_T_C,missense,22,12.151689529418945,1.0804874897003174,0.8512789607048035,-0.12333713471889496,0.9458673000335693,0.9132698774337769,0.6066142320632935,0.7418891787528992,0.09622718393802643,0.5213363766670227,1.0670207738876343,5.656854629516602,10.820245742797852,1.3632880449295044,3.069160223007202,0.9929207603320558,0.08747655153274536,0.08747655153274536
val,chr17_58703300_CTT_CGG,missense,22,12.151814460754395,1.0676630735397339,0.8514654040336609,-0.12231265753507614,0.9460838437080383,0.914953887462616,0.5949572324752808,0.7418891787528992,0.09602438658475876,0.5155518651008606,1.0535856485366821,5.656854629516602,10.820245742797852,1.3632880449295044,3.0693347454071045,0.9929772210253447,0.08770036697387695,0.08770036697387695
val,chr17_58703300_CTT_GTG,missense,22,12.132840156555176,1.075430989265442,0.8515241742134094,-0.12448355555534363,0.9461484551429749,0.9145999550819397,0.6524869203567505,0.7418891787528992,0.09596721827983856,0.45996934175491333,1.0617234706878662,5.656854629516602,10.820245742797852,1.3632880449295044,3.0693507194519043,0.9929823888756868,0.08821707218885422,0.08821707218885422
val,chr17_58709979_CAC_CTG,missense,22,12.146050453186035,1.0412031412124634,0.8510695695877075,-0.12494513392448425,0.9460365176200867,0.9146096110343933,0.58109050989151,0.7418891787528992,0.09626911580562592,0.5294812321662903,1.0220130681991577,5.656854629516602,10.820245742797852,1.4441945552825928,3.072172164916992,0.993895170083859,0.08358766883611679,0.08358766883611679
val,chr17_58709980_A_C,missense,22,12.155312538146973,1.095176339149475,0.8506929874420166,-0.1244179978966713,0.9455209374427795,0.9153280258178711,0.5337387919425964,0.7418891787528992,0.09675775468349457,0.5983980894088745,1.0785564184188843,5.656854629516602,10.820245742797852,1.4441945552825928,3.0713765621185303,0.9936377802839882,0.08295974135398865,0.08295974135398865
val,chr17_58709979_CAC_CCT,missense,22,12.155312538146973,1.095176339149475,0.8506929874420166,-0.1244179978966713,0.9455209374427795,0.9153280258178711,0.5337387919425964,0.7418891787528992,0.09675775468349457,0.5983980894088745,1.0785564184188843,5.656854629516602,10.820245742797852,1.4441945552825928,3.0713765621185303,0.9936377802839882,0.08295974135398865,0.08295974135398865
val,chr17_58709988_GCT_ACC,missense,22,12.155169486999512,1.0370138883590698,0.8506730794906616,-0.12300904095172882,0.9453626871109009,0.9116874933242798,0.625058650970459,0.7418891787528992,0.0968656986951828,0.49962669610977173,1.0172926187515259,5.656854629516602,10.820245742797852,1.451160192489624,3.0722451210021973,0.9939187725048241,0.08312948048114777,0.08312948048114777
val,chr17_58709988_GCT_CCC,missense,22,12.164146423339844,1.0224859714508057,0.8505221009254456,-0.12054327130317688,0.9451859593391418,0.9104036688804626,0.5778672099113464,0.7418891787528992,0.09703928232192993,0.5430628657341003,1.002072811126709,5.656854629516602,10.820245742797852,1.451160192489624,3.0717520713806152,0.9937592633330732,0.08262494951486588,0.08262494951486588
val,chr17_58709988_G_C,missense,22,12.164146423339844,1.0224859714508057,0.8505221009254456,-0.12054327130317688,0.9451859593391418,0.9104036688804626,0.5778672099113464,0.7418891787528992,0.09703928232192993,0.5430628657341003,1.002072811126709,5.656854629516602,10.820245742797852,1.451160192489624,3.0717520713806152,0.9937592633330732,0.08262494951486588,0.08262494951486588
val,chr17_58720791_G_A,missense,22,12.14785385131836,1.0301637649536133,0.8512120246887207,-0.12315114587545395,0.945990264415741,0.9139387607574463,0.5945773124694824,0.7418891787528992,0.09634602069854736,0.49849870800971985,1.0081754922866821,5.656854629516602,10.820245742797852,1.4919178485870361,3.07375168800354,0.9944061702109622,0.08224040269851685,0.08224040269851685
val,chr17_58720791_G_T,missense,22,12.147680282592773,1.0257517099380493,0.8512648344039917,-0.12320331484079361,0.9460958242416382,0.9143504500389099,0.607809841632843,0.7418891787528992,0.09625572711229324,0.48899388313293457,1.0035532712936401,5.656854629516602,10.820245742797852,1.4919178485870361,3.0736496448516846,0.994373157674449,0.08216239511966705,0.08216239511966705
val,chr17_58720792_C_T,missense,22,12.15526008605957,1.021304726600647,0.8512526154518127,-0.12220825999975204,0.9459773898124695,0.9132969379425049,0.5814423561096191,0.7418891787528992,0.09634598344564438,0.5103510022163391,0.9988945126533508,5.656854629516602,10.820245742797852,1.4919178485870361,3.073624849319458,0.9943651359366047,0.0820544958114624,0.0820544958114624
val,chr17_58720803_CCT_ACC,missense,22,12.174614906311035,1.0443031787872314,0.8504701852798462,-0.1215607225894928,0.9451760649681091,0.9138085842132568,0.5528464317321777,0.7418891787528992,0.09709969162940979,0.5660604238510132,1.022459626197815,5.656854629516602,10.820245742797852,1.5030192136764526,3.0734643936157227,0.9943132260369004,0.08166448026895523,0.08166448026895523
val,chr17_58720804_C_A,missense,22,12.18914794921875,1.0823858976364136,0.849982500076294,-0.12144427746534348,0.9446040987968445,0.9105116128921509,0.5221326947212219,0.7418891787528992,0.09760582447052002,0.5936099290847778,1.062355637550354,5.656854629516602,10.820245742797852,1.5030192136764526,3.0735509395599365,0.994341224987261,0.0813417136669159,0.0813417136669159
val,chr17_58720807_C_G,missense,22,12.166035652160645,1.0680423974990845,0.8504772186279297,-0.12217772752046585,0.9451126456260681,0.9174607992172241,0.5408318638801575,0.7418891787528992,0.09717149287462234,0.5621200203895569,1.0471946001052856,5.656854629516602,10.820245742797852,1.5058494806289673,3.073540449142456,0.9943378311750961,0.08171393722295761,0.08171393722295761
val,chr17_58720807_C_A,missense,22,12.182878494262695,1.0272279977798462,0.8510624170303345,-0.12192118912935257,0.9457061886787415,0.9176613688468933,0.5482821464538574,0.7418891787528992,0.09660642594099045,0.5536115765571594,1.0044363737106323,5.656854629516602,10.820245742797852,1.5058494806289673,3.0730457305908203,0.9941777820786826,0.08115075528621674,0.08115075528621674
val,chr17_58720806_G_A,missense,22,12.164935111999512,1.0344043970108032,0.8510331511497498,-0.12206918746232986,0.945708692073822,0.9180845618247986,0.5574625730514526,0.7418891787528992,0.09661472588777542,0.5383371114730835,1.0119545459747314,5.656854629516602,10.820245742797852,1.5058494806289673,3.0733540058135986,0.9942775138770742,0.08160640299320221,0.08160640299320221
val,chr17_58724045_AGT_GGC,missense,22,12.16674518585205,1.0698473453521729,0.851005494594574,-0.1219998374581337,0.9457001090049744,0.9136981964111328,0.5535580515861511,0.7418891787528992,0.09658902883529663,0.5407209396362305,1.0485358238220215,5.656854629516602,10.820245742797852,1.5173864364624023,3.0734310150146484,0.9943024275436485,0.08123819530010223,0.08123819530010223
val,chr17_58724047_T_G,missense,22,12.185063362121582,1.1352087259292603,0.8505085110664368,-0.12244664132595062,0.9451707601547241,0.9118785858154297,0.5173125863075256,0.7418891787528992,0.09707767516374588,0.5881951451301575,1.1170097589492798,5.656854629516602,10.820245742797852,1.5173864364624023,3.0725021362304688,0.9940019209028644,0.08075453341007233,0.08075453341007233
val,chr17_58724045_AGT_GCC,missense,22,12.161937713623047,1.077515721321106,0.8508567810058594,-0.1229904294013977,0.9456479549407959,0.9139267802238464,0.5713660717010498,0.7418891787528992,0.09665622562170029,0.5234344005584717,1.0565694570541382,5.656854629516602,10.820245742797852,1.5173864364624023,3.073403835296631,0.9942936344848575,0.08136758953332901,0.08136758953332901
val,chr17_58724069_CGA_GCC,missense,22,12.213714599609375,1.059585452079773,0.8511015772819519,-0.12327946722507477,0.9458211064338684,0.9150117039680481,0.5710832476615906,0.7418891787528992,0.09653206169605255,0.5305917859077454,1.0366383790969849,5.656854629516602,10.820245742797852,1.5414732694625854,3.074657678604126,0.9946992721706592,0.07974604517221451,0.07974604517221451
val,chr17_58724069_CGA_GGC,missense,22,12.229249954223633,1.1081596612930298,0.8504185676574707,-0.12390808016061783,0.945060670375824,0.9137741327285767,0.5483476519584656,0.7418891787528992,0.09723617881536484,0.5607497096061707,1.087525725364685,5.656854629516602,10.820245742797852,1.5414732694625854,3.074638605117798,0.9946931016030867,0.07944877445697784,0.07944877445697784
val,chr17_58732501_A_T,missense,22,12.161888122558594,1.0203224420547485,0.8515244126319885,-0.1183539628982544,0.9460361003875732,0.9152377843856812,0.6671091914176941,0.7418891787528992,0.09637720137834549,0.44873344898223877,0.9930284023284912,5.656854629516602,10.820245742797852,1.593498706817627,3.0746684074401855,0.9947027431149188,0.07939797639846802,0.07939797639846802
val,chr17_58732501_A_G,missense,22,12.16182804107666,1.0139366388320923,0.8513652682304382,-0.11505270004272461,0.945780336856842,0.9166792631149292,0.6476170420646667,0.7418891787528992,0.09660865366458893,0.47547417879104614,0.9863384962081909,5.656854629516602,10.820245742797852,1.593498706817627,3.0746588706970215,0.9946996578311326,0.07963275164365768,0.07963275164365768
val,chr17_58732500_AAG_GCC,missense,22,12.176652908325195,1.0537636280059814,0.8510451912879944,-0.11649083346128464,0.9454439282417297,0.9156121015548706,0.6465296745300293,0.7418891787528992,0.0969008281826973,0.4822687804698944,1.0280619859695435,5.656854629516602,10.820245742797852,1.593498706817627,3.074751853942871,0.9947297393480489,0.07933767139911652,0.07933767139911652
val,chr17_58732506_CCC_ACA,missense,22,12.15733814239502,1.041283369064331,0.8516132235527039,-0.1200357973575592,0.9460298418998718,0.91456139087677,0.613774836063385,0.7418891787528992,0.09639725089073181,0.4923580586910248,1.0146613121032715,5.656854629516602,10.820245742797852,1.600346326828003,3.0744731426239014,0.9946395719293947,0.07943231612443924,0.07943231612443924
val,chr17_58732507_C_G,missense,22,12.15947437286377,1.0211158990859985,0.851677656173706,-0.12159331142902374,0.9461204409599304,0.9156643152236938,0.6136942505836487,0.7418891787528992,0.09631550312042236,0.4960055351257324,0.9935333728790283,5.656854629516602,10.820245742797852,1.600346326828003,3.074108123779297,0.9945214826924746,0.07934574037790298,0.07934574037790298
val,chr17_58732507_C_A,missense,22,12.156453132629395,1.0342838764190674,0.8515509963035583,-0.11962117999792099,0.9459660053253174,0.9138630628585815,0.6168814897537231,0.7418891787528992,0.09645696729421616,0.49436071515083313,1.0073286294937134,5.656854629516602,10.820245742797852,1.600346326828003,3.074598550796509,0.9946801434111843,0.07946893572807312,0.07946893572807312
val,chr17_58732527_G_T,missense,22,12.162406921386719,1.0152924060821533,0.8516831398010254,-0.11976425349712372,0.946134626865387,0.9089758396148682,0.6423308849334717,0.7418891787528992,0.09633249044418335,0.4772774279117584,0.9862639307975769,5.656854629516602,10.820245742797852,1.6248891353607178,3.0756287574768066,0.9950134311921977,0.07884350419044495,0.07884350419044495
val,chr17_58732528_T_C,missense,22,12.147042274475098,1.040457010269165,0.8511427640914917,-0.11956468224525452,0.9456322193145752,0.9066425561904907,0.6508340239524841,0.7418891787528992,0.09681771695613861,0.4697936177253723,1.0126268863677979,5.656854629516602,10.820245742797852,1.6248891353607178,3.075718879699707,0.9950425871239781,0.07905048877000809,0.07905048877000809
val,chr17_58732542_AAA_CAG,missense,22,12.14256763458252,1.0697498321533203,0.8522154092788696,-0.12133971601724625,0.9466719031333923,0.9161347150802612,0.696457028388977,0.7418891787528992,0.0959242582321167,0.4132888615131378,1.0424543619155884,5.656854629516602,10.820245742797852,1.6429550647735596,3.075385808944702,0.994934833587742,0.0790853351354599,0.0790853351354599
val,chr17_58732542_A_G,missense,22,12.146598815917969,1.1023380756378174,0.8520390391349792,-0.12156818807125092,0.9464683532714844,0.9156055450439453,0.6846806406974792,0.7418891787528992,0.09611261636018753,0.4258772134780884,1.0765944719314575,5.656854629516602,10.820245742797852,1.6429550647735596,3.075150489807129,0.9948587042103155,0.07908520102500916,0.07908520102500916
val,chr17_58732542_AAA_ATC,missense,22,12.15153694152832,1.0988283157348633,0.8516943454742432,-0.12163912504911423,0.9462003707885742,0.9159673452377319,0.6423397660255432,0.7418891787528992,0.09635499119758606,0.4587140679359436,1.0729174613952637,5.656854629516602,10.820245742797852,1.6429550647735596,3.0752739906311035,0.9948986586353479,0.07898040860891342,0.07898040860891342
val,chr17_58734121_CAG_AAA,missense,22,12.161030769348145,1.1251184940338135,0.851581335067749,-0.11259565502405167,0.9459138512611389,0.9134409427642822,0.6680742502212524,0.7418891787528992,0.0966218039393425,0.5153700709342957,1.1001098155975342,5.656854629516602,10.820245742797852,1.6503031253814697,3.0744376182556152,0.9946280792472908,0.07852602750062943,0.07852602750062943
val,chr17_58734121_CAG_CTC,missense,22,12.158596992492676,1.1123125553131104,0.8524568676948547,-0.11354968696832657,0.9468397498130798,0.9161078929901123,0.667733907699585,0.7418891787528992,0.09573306143283844,0.4517587721347809,1.0866940021514893,5.656854629516602,10.820245742797852,1.6503031253814697,3.074860095977783,0.9947647573190231,0.07881924510002136,0.07881924510002136
val,chr17_58734122_A_T,missense,22,12.158596992492676,1.1123125553131104,0.8524568676948547,-0.11354968696832657,0.9468397498130798,0.9161078929901123,0.667733907699585,0.7418891787528992,0.09573306143283844,0.4517587721347809,1.0866940021514893,5.656854629516602,10.820245742797852,1.6503031253814697,3.074860095977783,0.9947647573190231,0.07881924510002136,0.07881924510002136
val,chr17_58734145_ACT_CCC,missense,22,12.14214038848877,1.1511777639389038,0.852817177772522,-0.1168520599603653,0.9471077919006348,0.9156932830810547,0.8219154477119446,0.7418891787528992,0.09555709362030029,0.29160359501838684,1.1259779930114746,5.656854629516602,10.820245742797852,1.680374264717102,3.0754804611206055,0.9949654550293209,0.07890795171260834,0.07890795171260834
val,chr17_58734146_C_T,missense,22,12.159852981567383,1.1813353300094604,0.8529744148254395,-0.11568917334079742,0.9472925662994385,0.9164319038391113,0.8099336624145508,0.7418891787528992,0.09538378566503525,0.29495346546173096,1.15757155418396,5.656854629516602,10.820245742797852,1.680374264717102,3.0757369995117188,0.9950484491631719,0.07893423736095428,0.07893423736095428
val,chr17_58734161_T_C,missense,22,12.139241218566895,1.2838596105575562,0.8531796932220459,-0.11177326738834381,0.9474409818649292,0.9182167053222656,0.9091662764549255,0.7418891787528992,0.0952494740486145,0.21502721309661865,1.2640573978424072,5.656854629516602,10.820245742797852,1.6997058391571045,3.075486183166504,0.9949673061995927,0.07914126664400101,0.07914126664400101
val,chr17_58734160_TTG_GCC,missense,22,12.13629150390625,1.2987502813339233,0.8527964353561401,-0.11195753514766693,0.9470329880714417,0.9182155728340149,0.906326174736023,0.7418891787528992,0.09562169015407562,0.2344198077917099,1.2796571254730225,5.656854629516602,10.820245742797852,1.6997058391571045,3.0755820274353027,0.9949983133016449,0.07916930317878723,0.07916930317878723
val,chr17_58734182_G_C,missense,22,12.144679069519043,1.2737712860107422,0.8535749316215515,-0.1110563799738884,0.9477155804634094,0.918535590171814,0.9434085488319397,0.7418891787528992,0.09500817209482193,0.18813885748386383,1.2521679401397705,5.656854629516602,10.820245742797852,1.7274413108825684,3.075568437576294,0.9949939167722494,0.0785607099533081,0.0785607099533081
val,chr17_58734181_A_G,missense,22,12.144710540771484,1.234574317932129,0.853303849697113,-0.11186200380325317,0.947425365447998,0.91846764087677,0.9267590641975403,0.7418891787528992,0.09527094662189484,0.21320301294326782,1.2111045122146606,5.656854629516602,10.820245742797852,1.7274413108825684,3.075563907623291,0.994992451262451,0.07838830351829529,0.07838830351829529
val,chr17_58734181_A_T,missense,22,12.143346786499023,1.256460189819336,0.8534112572669983,-0.11141717433929443,0.9475618004798889,0.9183394908905029,0.9373393654823303,0.7418891787528992,0.09515345096588135,0.19298779964447021,1.2340326309204102,5.656854629516602,10.820245742797852,1.7274413108825684,3.075413703918457,0.9949438580428169,0.07852024585008621,0.07852024585008621
val,chr17_58734182_G_T,missense,22,12.147666931152344,1.2521533966064453,0.8533972501754761,-0.11052117496728897,0.9475523233413696,0.9183162450790405,0.925525426864624,0.7418891787528992,0.09515748172998428,0.20299305021762848,1.2295206785202026,5.656854629516602,10.820245742797852,1.7274413108825684,3.075331449508667,0.9949172474701602,0.07836534082889557,0.07836534082889557
val,chr17_58692652_G_A,synonymous,14,11.7931547164917,1.1694214344024658,0.8034529089927673,-0.14250817894935608,0.9563344717025757,0.9271854162216187,0.8947227597236633,0.7896599769592285,0.11289440840482712,0.3381786346435547,1.1106709241867065,5.656854629516602,10.820245742797852,1.9331769943237305,2.607163429260254,0.9879146618009794,0.14335140585899353,0.14335140585899353
val,chr17_58692652_G_C,synonymous,14,11.7931547164917,1.1694214344024658,0.8034529089927673,-0.14250817894935608,0.9563344717025757,0.9271854162216187,0.8947227597236633,0.7896599769592285,0.11289440840482712,0.3381786346435547,1.1106709241867065,5.656854629516602,10.820245742797852,1.9331769943237305,2.607163429260254,0.9879146618009794,0.14335140585899353,0.14335140585899353
val,chr17_58692652_G_T,synonymous,14,11.7931547164917,1.1694214344024658,0.8034529089927673,-0.14250817894935608,0.9563344717025757,0.9271854162216187,0.8947227597236633,0.7896599769592285,0.11289440840482712,0.3381786346435547,1.1106709241867065,5.656854629516602,10.820245742797852,1.9331769943237305,2.607163429260254,0.9879146618009794,0.14335140585899353,0.14335140585899353
val,chr17_58692662_CGC_AGG,synonymous,18,11.975370407104492,1.1387637853622437,0.8320537805557251,-0.14708754420280457,0.951388418674469,0.9197939038276672,0.8818967342376709,0.7628700137138367,0.10203762352466583,0.3099578320980072,1.092865228652954,5.656854152679443,10.820245742797852,1.919039011001587,2.8571715354919434,0.9885135113455485,0.11805284023284912,0.11805284023284912
val,chr17_58692664_C_A,synonymous,18,11.975370407104492,1.1387637853622437,0.8320537805557251,-0.14708754420280457,0.951388418674469,0.9197939038276672,0.8818967342376709,0.7628700137138367,0.10203762352466583,0.3099578320980072,1.092865228652954,5.656854152679443,10.820245742797852,1.919039011001587,2.8571715354919434,0.9885135113455485,0.11805284023284912,0.11805284023284912
val,chr17_58692664_C_G,synonymous,18,11.975370407104492,1.1387637853622437,0.8320537805557251,-0.14708754420280457,0.951388418674469,0.9197939038276672,0.8818967342376709,0.7628700137138367,0.10203762352466583,0.3099578320980072,1.092865228652954,5.656854152679443,10.820245742797852,1.919039011001587,2.8571715354919434,0.9885135113455485,0.11805284023284912,0.11805284023284912
val,chr17_58692662_CGC_AGA,synonymous,18,11.975370407104492,1.1387637853622437,0.8320537805557251,-0.14708754420280457,0.951388418674469,0.9197939038276672,0.8818967342376709,0.7628700137138367,0.10203762352466583,0.3099578320980072,1.092865228652954,5.656854152679443,10.820245742797852,1.919039011001587,2.8571715354919434,0.9885135113455485,0.11805284023284912,0.11805284023284912
val,chr17_58692664_C_T,synonymous,18,11.975370407104492,1.1387637853622437,0.8320537805557251,-0.14708754420280457,0.951388418674469,0.9197939038276672,0.8818967342376709,0.7628700137138367,0.10203762352466583,0.3099578320980072,1.092865228652954,5.656854152679443,10.820245742797852,1.919039011001587,2.8571715354919434,0.9885135113455485,0.11805284023284912,0.11805284023284912
val,chr17_58692677_CGG_AGA,synonymous,22,12.151042938232422,1.0895359516143799,0.8493003845214844,-0.15285557508468628,0.9472479224205017,0.9124695658683777,0.8187872171401978,0.7418891787528992,0.0963042750954628,0.3382151424884796,1.0508486032485962,5.656854629516602,10.820245742797852,1.901970624923706,3.059917688369751,0.9899306575505784,0.09970854967832565,0.09970854967832565
val,chr17_58692677_C_A,synonymous,22,12.151042938232422,1.0895359516143799,0.8493003845214844,-0.15285557508468628,0.9472479224205017,0.9124695658683777,0.8187872171401978,0.7418891787528992,0.0963042750954628,0.3382151424884796,1.0508486032485962,5.656854629516602,10.820245742797852,1.901970624923706,3.059917688369751,0.9899306575505784,0.09970854967832565,0.09970854967832565
val,chr17_58692679_G_T,synonymous,22,12.151042938232422,1.0895359516143799,0.8493003845214844,-0.15285557508468628,0.9472479224205017,0.9124695658683777,0.8187872171401978,0.7418891787528992,0.0963042750954628,0.3382151424884796,1.0508486032485962,5.656854629516602,10.820245742797852,1.901970624923706,3.059917688369751,0.9899306575505784,0.09970854967832565,0.09970854967832565
val,chr17_58692679_G_C,synonymous,22,12.151042938232422,1.0895359516143799,0.8493003845214844,-0.15285557508468628,0.9472479224205017,0.9124695658683777,0.8187872171401978,0.7418891787528992,0.0963042750954628,0.3382151424884796,1.0508486032485962,5.656854629516602,10.820245742797852,1.901970624923706,3.059917688369751,0.9899306575505784,0.09970854967832565,0.09970854967832565
val,chr17_58692688_G_A,synonymous,22,12.155852317810059,1.0630292892456055,0.8489002585411072,-0.15696285665035248,0.9471383690834045,0.9158898591995239,0.7527939081192017,0.7418891787528992,0.09642967581748962,0.400328665971756,1.0235518217086792,5.656854629516602,10.820245742797852,1.8920561075210571,3.060401678085327,0.9900872357027324,0.09938488900661469,0.09938488900661469
val,chr17_58692688_G_T,synonymous,22,12.155852317810059,1.0630292892456055,0.8489002585411072,-0.15696285665035248,0.9471383690834045,0.9158898591995239,0.7527939081192017,0.7418891787528992,0.09642967581748962,0.400328665971756,1.0235518217086792,5.656854629516602,10.820245742797852,1.8920561075210571,3.060401678085327,0.9900872357027324,0.09938488900661469,0.09938488900661469
val,chr17_58692688_G_C,synonymous,22,12.155852317810059,1.0630292892456055,0.8489002585411072,-0.15696285665035248,0.9471383690834045,0.9158898591995239,0.7527939081192017,0.7418891787528992,0.09642967581748962,0.400328665971756,1.0235518217086792,5.656854629516602,10.820245742797852,1.8920561075210571,3.060401678085327,0.9900872357027324,0.09938488900661469,0.09938488900661469
val,chr17_58692698_CTG_TTA,synonymous,22,12.154500961303711,1.034706950187683,0.8479512929916382,-0.1639162302017212,0.9462642669677734,0.9170812368392944,0.7331995368003845,0.7418891787528992,0.0971909686923027,0.4235477149486542,0.9944918751716614,5.656854629516602,10.820245742797852,1.8792228698730469,3.060481548309326,0.9901130749544425,0.09925287961959839,0.09925287961959839
val,chr17_58692700_G_A,synonymous,22,12.154500961303711,1.034706950187683,0.8479512929916382,-0.1639162302017212,0.9462642669677734,0.9170812368392944,0.7331995368003845,0.7418891787528992,0.0971909686923027,0.4235477149486542,0.9944918751716614,5.656854629516602,10.820245742797852,1.8792228698730469,3.060481548309326,0.9901130749544425,0.09925287961959839,0.09925287961959839
val,chr17_58692700_G_C,synonymous,22,12.154500961303711,1.034706950187683,0.8479512929916382,-0.1639162302017212,0.9462642669677734,0.9170812368392944,0.7331995368003845,0.7418891787528992,0.0971909686923027,0.4235477149486542,0.9944918751716614,5.656854629516602,10.820245742797852,1.8792228698730469,3.060481548309326,0.9901130749544425,0.09925287961959839,0.09925287961959839
val,chr17_58692700_G_T,synonymous,22,12.154500961303711,1.034706950187683,0.8479512929916382,-0.1639162302017212,0.9462642669677734,0.9170812368392944,0.7331995368003845,0.7418891787528992,0.0971909686923027,0.4235477149486542,0.9944918751716614,5.656854629516602,10.820245742797852,1.8792228698730469,3.060481548309326,0.9901130749544425,0.09925287961959839,0.09925287961959839
val,chr17_58692698_C_T,synonymous,22,12.154500961303711,1.034706950187683,0.8479512929916382,-0.1639162302017212,0.9462642669677734,0.9170812368392944,0.7331995368003845,0.7418891787528992,0.0971909686923027,0.4235477149486542,0.9944918751716614,5.656854629516602,10.820245742797852,1.8792228698730469,3.060481548309326,0.9901130749544425,0.09925287961959839,0.09925287961959839
val,chr17_58692712_G_A,synonymous,22,12.150542259216309,1.0135166645050049,0.848528265953064,-0.1668611466884613,0.9471217393875122,0.9149055480957031,0.73389732837677,0.7418891787528992,0.096416175365448,0.4285202920436859,0.9728824496269226,5.656854629516602,10.820245742797852,1.866835355758667,3.0603365898132324,0.990066178640891,0.09912241995334625,0.09912241995334625
val,chr17_58692712_G_C,synonymous,22,12.150542259216309,1.0135166645050049,0.848528265953064,-0.1668611466884613,0.9471217393875122,0.9149055480957031,0.73389732837677,0.7418891787528992,0.096416175365448,0.4285202920436859,0.9728824496269226,5.656854629516602,10.820245742797852,1.866835355758667,3.0603365898132324,0.990066178640891,0.09912241995334625,0.09912241995334625
val,chr17_58692712_G_T,synonymous,22,12.150542259216309,1.0135166645050049,0.848528265953064,-0.1668611466884613,0.9471217393875122,0.9149055480957031,0.73389732837677,0.7418891787528992,0.096416175365448,0.4285202920436859,0.9728824496269226,5.656854629516602,10.820245742797852,1.866835355758667,3.0603365898132324,0.990066178640891,0.09912241995334625,0.09912241995334625
val,chr17_58692766_G_T,synonymous,22,12.136563301086426,1.0482150316238403,0.8478339314460754,-0.17276716232299805,0.9470050930976868,0.9162458181381226,0.793594241142273,0.7418891787528992,0.09655129164457321,0.35861366987228394,1.0116182565689087,5.656854629516602,10.820245742797852,1.8167446851730347,3.0603511333465576,0.990070883698665,0.09995853900909424,0.09995853900909424
val,chr17_58692766_G_C,synonymous,22,12.136563301086426,1.0482150316238403,0.8478339314460754,-0.17276716232299805,0.9470050930976868,0.9162458181381226,0.793594241142273,0.7418891787528992,0.09655129164457321,0.35861366987228394,1.0116182565689087,5.656854629516602,10.820245742797852,1.8167446851730347,3.0603511333465576,0.990070883698665,0.09995853900909424,0.09995853900909424
val,chr17_58692766_G_A,synonymous,22,12.136563301086426,1.0482150316238403,0.8478339314460754,-0.17276716232299805,0.9470050930976868,0.9162458181381226,0.793594241142273,0.7418891787528992,0.09655129164457321,0.35861366987228394,1.0116182565689087,5.656854629516602,10.820245742797852,1.8167446851730347,3.0603511333465576,0.990070883698665,0.09995853900909424,0.09995853900909424
val,chr17_58692775_C_T,synonymous,22,12.138082504272461,1.047748327255249,0.8475335240364075,-0.1719772219657898,0.9469189047813416,0.9159936308860779,0.7909969687461853,0.7418891787528992,0.09662112593650818,0.3619176745414734,1.0114831924438477,5.656854629516602,10.820245742797852,1.8093146085739136,3.060293197631836,0.9900521405996634,0.0998811200261116,0.0998811200261116
val,chr17_58692775_C_G,synonymous,22,12.138082504272461,1.047748327255249,0.8475335240364075,-0.1719772219657898,0.9469189047813416,0.9159936308860779,0.7909969687461853,0.7418891787528992,0.09662112593650818,0.3619176745414734,1.0114831924438477,5.656854629516602,10.820245742797852,1.8093146085739136,3.060293197631836,0.9900521405996634,0.0998811200261116,0.0998811200261116
val,chr17_58692773_TCC_AGC,synonymous,22,12.138082504272461,1.047748327255249,0.8475335240364075,-0.1719772219657898,0.9469189047813416,0.9159936308860779,0.7909969687461853,0.7418891787528992,0.09662112593650818,0.3619176745414734,1.0114831924438477,5.656854629516602,10.820245742797852,1.8093146085739136,3.060293197631836,0.9900521405996634,0.0998811200261116,0.0998811200261116
val,chr17_58692773_TCC_AGT,synonymous,22,12.138082504272461,1.047748327255249,0.8475335240364075,-0.1719772219657898,0.9469189047813416,0.9159936308860779,0.7909969687461853,0.7418891787528992,0.09662112593650818,0.3619176745414734,1.0114831924438477,5.656854629516602,10.820245742797852,1.8093146085739136,3.060293197631836,0.9900521405996634,0.0998811200261116,0.0998811200261116
val,chr17_58694978_AGA_CGT,synonymous,22,12.113853454589844,1.1025171279907227,0.8480158448219299,-0.18290159106254578,0.9477105140686035,0.9174706935882568,0.8505518436431885,0.7418891787528992,0.09587565064430237,0.28923046588897705,1.0709766149520874,5.656854629516602,10.820245742797852,1.7648650407791138,3.0599570274353027,0.9899433843461969,0.10002005100250244,0.10002005100250244
val,chr17_58694980_A_G,synonymous,22,12.113853454589844,1.1025171279907227,0.8480158448219299,-0.18290159106254578,0.9477105140686035,0.9174706935882568,0.8505518436431885,0.7418891787528992,0.09587565064430237,0.28923046588897705,1.0709766149520874,5.656854629516602,10.820245742797852,1.7648650407791138,3.0599570274353027,0.9899433843461969,0.10002005100250244,0.10002005100250244
val,chr17_58694978_A_C,synonymous,22,12.113853454589844,1.1025171279907227,0.8480158448219299,-0.18290159106254578,0.9477105140686035,0.9174706935882568,0.8505518436431885,0.7418891787528992,0.09587565064430237,0.28923046588897705,1.0709766149520874,5.656854629516602,10.820245742797852,1.7648650407791138,3.0599570274353027,0.9899433843461969,0.10002005100250244,0.10002005100250244
val,chr17_58694978_AGA_CGC,synonymous,22,12.113853454589844,1.1025171279907227,0.8480158448219299,-0.18290159106254578,0.9477105140686035,0.9174706935882568,0.8505518436431885,0.7418891787528992,0.09587565064430237,0.28923046588897705,1.0709766149520874,5.656854629516602,10.820245742797852,1.7648650407791138,3.0599570274353027,0.9899433843461969,0.10002005100250244,0.10002005100250244
val,chr17_58694978_AGA_CGG,synonymous,22,12.113853454589844,1.1025171279907227,0.8480158448219299,-0.18290159106254578,0.9477105140686035,0.9174706935882568,0.8505518436431885,0.7418891787528992,0.09587565064430237,0.28923046588897705,1.0709766149520874,5.656854629516602,10.820245742797852,1.7648650407791138,3.0599570274353027,0.9899433843461969,0.10002005100250244,0.10002005100250244
val,chr17_58694986_A_G,synonymous,22,12.117992401123047,1.0993704795837402,0.8475590348243713,-0.18208245933055878,0.9472959041595459,0.9174578189849854,0.8586148619651794,0.7418891787528992,0.0962430089712143,0.2838483452796936,1.0678484439849854,5.656854629516602,10.820245742797852,1.7613314390182495,3.060241222381592,0.9900353258030281,0.0999942421913147,0.0999942421913147
val,chr17_58694998_T_C,synonymous,22,12.130020141601562,1.069165825843811,0.8474200367927551,-0.1802777349948883,0.9474940896034241,0.9144364595413208,0.8729837536811829,0.7418891787528992,0.09608928859233856,0.2811207175254822,1.0365244150161743,5.656854629516602,10.820245742797852,1.7546331882476807,3.0605664253234863,0.9901405339801405,0.09976692497730255,0.09976692497730255
val,chr17_58695004_A_C,synonymous,22,12.13375473022461,1.0561573505401611,0.8471081852912903,-0.1788848340511322,0.9473679661750793,0.916614830493927,0.8809491991996765,0.7418891787528992,0.09620477259159088,0.27620285749435425,1.0230472087860107,5.656854629516602,10.820245742797852,1.7514691352844238,3.060502529144287,0.9901198625787723,0.09963453561067581,0.09963453561067581
val,chr17_58695004_A_T,synonymous,22,12.13375473022461,1.0561573505401611,0.8471081852912903,-0.1788848340511322,0.9473679661750793,0.916614830493927,0.8809491991996765,0.7418891787528992,0.09620477259159088,0.27620285749435425,1.0230472087860107,5.656854629516602,10.820245742797852,1.7514691352844238,3.060502529144287,0.9901198625787723,0.09963453561067581,0.09963453561067581
val,chr17_58695004_A_G,synonymous,22,12.13375473022461,1.0561573505401611,0.8471081852912903,-0.1788848340511322,0.9473679661750793,0.916614830493927,0.8809491991996765,0.7418891787528992,0.09620477259159088,0.27620285749435425,1.0230472087860107,5.656854629516602,10.820245742797852,1.7514691352844238,3.060502529144287,0.9901198625787723,0.09963453561067581,0.09963453561067581
val,chr17_58695013_T_C,synonymous,22,12.139376640319824,1.0459845066070557,0.8467931151390076,-0.18147023022174835,0.9472236633300781,0.915884256362915,0.8771517872810364,0.7418891787528992,0.09633544087409973,0.28209352493286133,1.01260507106781,5.656854629516602,10.820245742797852,1.7469547986984253,3.060333013534546,0.9900650216594711,0.0993623286485672,0.0993623286485672
val,chr17_58695013_T_G,synonymous,22,12.139376640319824,1.0459845066070557,0.8467931151390076,-0.18147023022174835,0.9472236633300781,0.915884256362915,0.8771517872810364,0.7418891787528992,0.09633544087409973,0.28209352493286133,1.01260507106781,5.656854629516602,10.820245742797852,1.7469547986984253,3.060333013534546,0.9900650216594711,0.0993623286485672,0.0993623286485672
val,chr17_58695013_T_A,synonymous,22,12.139376640319824,1.0459845066070557,0.8467931151390076,-0.18147023022174835,0.9472236633300781,0.915884256362915,0.8771517872810364,0.7418891787528992,0.09633544087409973,0.28209352493286133,1.01260507106781,5.656854629516602,10.820245742797852,1.7469547986984253,3.060333013534546,0.9900650216594711,0.0993623286485672,0.0993623286485672
val,chr17_58695025_G_A,synonymous,22,12.140581130981445,1.060591697692871,0.8462324738502502,-0.1824253499507904,0.9465864300727844,0.9127925634384155,0.8225317597389221,0.7418891787528992,0.09692267328500748,0.33065712451934814,1.0281736850738525,5.656854629516602,10.820245742797852,1.741369366645813,3.060427188873291,0.9900954888368607,0.09917093813419342,0.09917093813419342
val,chr17_58695046_G_C,synonymous,22,12.150047302246094,1.0134508609771729,0.8455055356025696,-0.19244305789470673,0.946270763874054,0.9193512201309204,0.7486963272094727,0.7418891787528992,0.09725279361009598,0.40773433446884155,0.9791966676712036,5.656854629516602,10.820245742797852,1.7327897548675537,3.061206102371216,0.9903474793901054,0.0985196977853775,0.0985196977853775
val,chr17_58695046_G_T,synonymous,22,12.150047302246094,1.0134508609771729,0.8455055356025696,-0.19244305789470673,0.946270763874054,0.9193512201309204,0.7486963272094727,0.7418891787528992,0.09725279361009598,0.40773433446884155,0.9791966676712036,5.656854629516602,10.820245742797852,1.7327897548675537,3.061206102371216,0.9903474793901054,0.0985196977853775,0.0985196977853775
val,chr17_58695052_A_G,synonymous,22,12.144786834716797,1.0243204832077026,0.8454933166503906,-0.19654524326324463,0.9462745785713196,0.9126905202865601,0.7020391225814819,0.7418891787528992,0.09725821763277054,0.4429972171783447,0.9906872510910034,5.656854629516602,10.820245742797852,1.7306180000305176,3.0617289543151855,0.9905166300736884,0.09845101833343506,0.09845101833343506
val,chr17_58695088_C_A,synonymous,22,12.154693603515625,1.1057621240615845,0.8433478474617004,-0.20158515870571136,0.9443268179893494,0.9114116430282593,0.5589219927787781,0.7418891787528992,0.09904547780752182,0.5448672771453857,1.0765032768249512,5.656854629516602,10.820245742797852,1.720196008682251,3.0622036457061768,0.9906702000741507,0.09781702607870102,0.09781702607870102
val,chr17_58695088_C_T,synonymous,22,12.154693603515625,1.1057621240615845,0.8433478474617004,-0.20158515870571136,0.9443268179893494,0.9114116430282593,0.5589219927787781,0.7418891787528992,0.09904547780752182,0.5448672771453857,1.0765032768249512,5.656854629516602,10.820245742797852,1.720196008682251,3.0622036457061768,0.9906702000741507,0.09781702607870102,0.09781702607870102
val,chr17_58695100_A_T,synonymous,22,12.152608871459961,1.1216042041778564,0.8446314334869385,-0.20196138322353363,0.9458826184272766,0.914694607257843,0.5881555080413818,0.7418891787528992,0.09765981882810593,0.5166008472442627,1.0932179689407349,5.656854629516602,10.820245742797852,1.7177135944366455,3.0618479251861572,0.9905551189889223,0.09756378829479218,0.09756378829479218
val,chr17_58695100_A_G,synonymous,22,12.152608871459961,1.1216042041778564,0.8446314334869385,-0.20196138322353363,0.9458826184272766,0.914694607257843,0.5881555080413818,0.7418891787528992,0.09765981882810593,0.5166008472442627,1.0932179689407349,5.656854629516602,10.820245742797852,1.7177135944366455,3.0618479251861572,0.9905551189889223,0.09756378829479218,0.09756378829479218
val,chr17_58695100_A_C,synonymous,22,12.152608871459961,1.1216042041778564,0.8446314334869385,-0.20196138322353363,0.9458826184272766,0.914694607257843,0.5881555080413818,0.7418891787528992,0.09765981882810593,0.5166008472442627,1.0932179689407349,5.656854629516602,10.820245742797852,1.7177135944366455,3.0618479251861572,0.9905551189889223,0.09756378829479218,0.09756378829479218
val,chr17_58695098_TCA_AGC,synonymous,22,12.152608871459961,1.1216042041778564,0.8446314334869385,-0.20196138322353363,0.9458826184272766,0.914694607257843,0.5881555080413818,0.7418891787528992,0.09765981882810593,0.5166008472442627,1.0932179689407349,5.656854629516602,10.820245742797852,1.7177135944366455,3.0618479251861572,0.9905551189889223,0.09756378829479218,0.09756378829479218
val,chr17_58695098_TCA_AGT,synonymous,22,12.152608871459961,1.1216042041778564,0.8446314334869385,-0.20196138322353363,0.9458826184272766,0.914694607257843,0.5881555080413818,0.7418891787528992,0.09765981882810593,0.5166008472442627,1.0932179689407349,5.656854629516602,10.820245742797852,1.7177135944366455,3.0618479251861572,0.9905551189889223,0.09756378829479218,0.09756378829479218
val,chr17_58695124_T_A,synonymous,22,12.172406196594238,1.0813534259796143,0.8440009951591492,-0.2147403061389923,0.9453789591789246,0.9081723690032959,0.6323437690734863,0.7418891787528992,0.09813565015792847,0.4877556562423706,1.05121648311615,5.656854629516602,10.820245742797852,1.7142279148101807,3.062706232070923,0.990832794529688,0.0971091091632843,0.0971091091632843
val,chr17_58695124_T_G,synonymous,22,12.172406196594238,1.0813534259796143,0.8440009951591492,-0.2147403061389923,0.9453789591789246,0.9081723690032959,0.6323437690734863,0.7418891787528992,0.09813565015792847,0.4877556562423706,1.05121648311615,5.656854629516602,10.820245742797852,1.7142279148101807,3.062706232070923,0.990832794529688,0.0971091091632843,0.0971091091632843
val,chr17_58695124_T_C,synonymous,22,12.172406196594238,1.0813534259796143,0.8440009951591492,-0.2147403061389923,0.9453789591789246,0.9081723690032959,0.6323437690734863,0.7418891787528992,0.09813565015792847,0.4877556562423706,1.05121648311615,5.656854629516602,10.820245742797852,1.7142279148101807,3.062706232070923,0.990832794529688,0.0971091091632843,0.0971091091632843
val,chr17_58695133_C_G,synonymous,22,12.16314697265625,1.0729233026504517,0.8453081250190735,-0.21702595055103302,0.9468700885772705,0.9144483208656311,0.6813696026802063,0.7418891787528992,0.09679558873176575,0.44300737977027893,1.042423129081726,5.656854629516602,10.820245742797852,1.7134265899658203,3.062899112701416,0.9908951943942655,0.09715129435062408,0.09715129435062408
val,chr17_58695133_C_A,synonymous,22,12.16314697265625,1.0729233026504517,0.8453081250190735,-0.21702595055103302,0.9468700885772705,0.9144483208656311,0.6813696026802063,0.7418891787528992,0.09679558873176575,0.44300737977027893,1.042423129081726,5.656854629516602,10.820245742797852,1.7134265899658203,3.062899112701416,0.9908951943942655,0.09715129435062408,0.09715129435062408
val,chr17_58695133_C_T,synonymous,22,12.16314697265625,1.0729233026504517,0.8453081250190735,-0.21702595055103302,0.9468700885772705,0.9144483208656311,0.6813696026802063,0.7418891787528992,0.09679558873176575,0.44300737977027893,1.042423129081726,5.656854629516602,10.820245742797852,1.7134265899658203,3.062899112701416,0.9908951943942655,0.09715129435062408,0.09715129435062408
val,chr17_58695142_A_G,synonymous,22,12.163649559020996,1.072911024093628,0.8453572392463684,-0.22024059295654297,0.9468641877174377,0.9144412279129028,0.7085433602333069,0.7418891787528992,0.09678418934345245,0.4186919033527374,1.0424354076385498,5.656854629516602,10.820245742797852,1.7128995656967163,3.062615156173706,0.9908033300695289,0.09700852632522583,0.09700852632522583
val,chr17_58695157_T_C,synonymous,22,12.157012939453125,1.0431568622589111,0.8457377552986145,-0.196803480386734,0.9470794796943665,0.9146050214767456,0.7609899640083313,0.7418891787528992,0.0965556800365448,0.36368975043296814,1.0112773180007935,5.656854629516602,10.820245742797852,1.712627649307251,3.062649965286255,0.9908145913553489,0.0968652218580246,0.0968652218580246
val,chr17_58695160_T_C,synonymous,22,12.16087818145752,1.0469214916229248,0.8453019857406616,-0.1981825977563858,0.9466683864593506,0.9106911420822144,0.7428417205810547,0.7418891787528992,0.09692387282848358,0.38014599680900574,1.0152195692062378,5.656854629516602,10.820245742797852,1.7126638889312744,3.0629639625549316,0.9909161743240122,0.09667004644870758,0.09667004644870758
val,chr17_58695160_T_A,synonymous,22,12.16087818145752,1.0469214916229248,0.8453019857406616,-0.1981825977563858,0.9466683864593506,0.9106911420822144,0.7428417205810547,0.7418891787528992,0.09692387282848358,0.38014599680900574,1.0152195692062378,5.656854629516602,10.820245742797852,1.7126638889312744,3.0629639625549316,0.9909161743240122,0.09667004644870758,0.09667004644870758
val,chr17_58695160_T_G,synonymous,22,12.16087818145752,1.0469214916229248,0.8453019857406616,-0.1981825977563858,0.9466683864593506,0.9106911420822144,0.7428417205810547,0.7418891787528992,0.09692387282848358,0.38014599680900574,1.0152195692062378,5.656854629516602,10.820245742797852,1.7126638889312744,3.0629639625549316,0.9909161743240122,0.09667004644870758,0.09667004644870758
val,chr17_58695166_A_G,synonymous,22,12.158658027648926,1.0415749549865723,0.8452569842338562,-0.20251214504241943,0.9465954303741455,0.9147547483444214,0.7434415221214294,0.7418891787528992,0.09698278456926346,0.3792915940284729,1.009610652923584,5.656854629516602,10.820245742797852,1.712826132774353,3.06333065032959,0.9910348034855949,0.09651565551757812,0.09651565551757812
val,chr17_58695166_A_C,synonymous,22,12.158658027648926,1.0415749549865723,0.8452569842338562,-0.20251214504241943,0.9465954303741455,0.9147547483444214,0.7434415221214294,0.7418891787528992,0.09698278456926346,0.3792915940284729,1.009610652923584,5.656854629516602,10.820245742797852,1.712826132774353,3.06333065032959,0.9910348034855949,0.09651565551757812,0.09651565551757812
val,chr17_58696720_A_C,synonymous,22,12.139196395874023,1.0286558866500854,0.8447789549827576,-0.21026460826396942,0.9469406604766846,0.9191349744796753,0.6195514798164368,0.7418891787528992,0.09679581969976425,0.49731335043907166,0.9957827925682068,5.656854629516602,10.820245742797852,1.7189905643463135,3.064084053039551,0.9912785409047113,0.09521004557609558,0.09521004557609558
val,chr17_58696720_A_T,synonymous,22,12.139196395874023,1.0286558866500854,0.8447789549827576,-0.21026460826396942,0.9469406604766846,0.9191349744796753,0.6195514798164368,0.7418891787528992,0.09679581969976425,0.49731335043907166,0.9957827925682068,5.656854629516602,10.820245742797852,1.7189905643463135,3.064084053039551,0.9912785409047113,0.09521004557609558,0.09521004557609558
val,chr17_58696765_T_C,synonymous,22,12.149483680725098,1.0446921586990356,0.843928873538971,-0.2138931155204773,0.9460719227790833,0.9144665002822876,0.6372161507606506,0.7418891787528992,0.0976155623793602,0.48834195733070374,1.0119943618774414,5.656854629516602,10.820245742797852,1.7313460111618042,3.064579486846924,0.9914388213974088,0.09441950172185898,0.09441950172185898
val,chr17_58696795_G_T,synonymous,22,12.152190208435059,1.0082145929336548,0.8439281582832336,-0.20726245641708374,0.9459711313247681,0.9110251665115356,0.6339665055274963,0.7418891787528992,0.09772545844316483,0.5011549592018127,0.9732229113578796,5.656854629516602,10.820245742797852,1.7430408000946045,3.065469264984131,0.9917266783746691,0.09301630407571793,0.09301630407571793
val,chr17_58696795_G_A,synonymous,22,12.152190208435059,1.0082145929336548,0.8439281582832336,-0.20726245641708374,0.9459711313247681,0.9110251665115356,0.6339665055274963,0.7418891787528992,0.09772545844316483,0.5011549592018127,0.9732229113578796,5.656854629516602,10.820245742797852,1.7430408000946045,3.065469264984131,0.9917266783746691,0.09301630407571793,0.09301630407571793
val,chr17_58696795_G_C,synonymous,22,12.152190208435059,1.0082145929336548,0.8439281582832336,-0.20726245641708374,0.9459711313247681,0.9110251665115356,0.6339665055274963,0.7418891787528992,0.09772545844316483,0.5011549592018127,0.9732229113578796,5.656854629516602,10.820245742797852,1.7430408000946045,3.065469264984131,0.9917266783746691,0.09301630407571793,0.09301630407571793
val,chr17_58696804_T_A,synonymous,22,12.151084899902344,1.0135523080825806,0.8440282344818115,-0.21102191507816315,0.9459648728370667,0.9127484560012817,0.6253820657730103,0.7418891787528992,0.09774435311555862,0.5042204260826111,0.9786227941513062,5.656854629516602,10.820245742797852,1.7470719814300537,3.0657103061676025,0.9918046589223675,0.09274258464574814,0.09274258464574814
val,chr17_58696804_T_G,synonymous,22,12.151084899902344,1.0135523080825806,0.8440282344818115,-0.21102191507816315,0.9459648728370667,0.9127484560012817,0.6253820657730103,0.7418891787528992,0.09774435311555862,0.5042204260826111,0.9786227941513062,5.656854629516602,10.820245742797852,1.7470719814300537,3.0657103061676025,0.9918046589223675,0.09274258464574814,0.09274258464574814
val,chr17_58696802_CTT_TTA,synonymous,22,12.151084899902344,1.0135523080825806,0.8440282344818115,-0.21102191507816315,0.9459648728370667,0.9127484560012817,0.6253820657730103,0.7418891787528992,0.09774435311555862,0.5042204260826111,0.9786227941513062,5.656854629516602,10.820245742797852,1.7470719814300537,3.0657103061676025,0.9918046589223675,0.09274258464574814,0.09274258464574814
val,chr17_58696802_CTT_TTG,synonymous,22,12.151084899902344,1.0135523080825806,0.8440282344818115,-0.21102191507816315,0.9459648728370667,0.9127484560012817,0.6253820657730103,0.7418891787528992,0.09774435311555862,0.5042204260826111,0.9786227941513062,5.656854629516602,10.820245742797852,1.7470719814300537,3.0657103061676025,0.9918046589223675,0.09274258464574814,0.09274258464574814
val,chr17_58696804_T_C,synonymous,22,12.151084899902344,1.0135523080825806,0.8440282344818115,-0.21102191507816315,0.9459648728370667,0.9127484560012817,0.6253820657730103,0.7418891787528992,0.09774435311555862,0.5042204260826111,0.9786227941513062,5.656854629516602,10.820245742797852,1.7470719814300537,3.0657103061676025,0.9918046589223675,0.09274258464574814,0.09274258464574814
val,chr17_58696825_C_T,synonymous,22,12.148873329162598,0.9889601469039917,0.8447496891021729,-0.2098730206489563,0.9466462731361389,0.9145640730857849,0.7210718989372253,0.7418891787528992,0.09712178260087967,0.4212518334388733,0.9523680806159973,5.656854629516602,10.820245742797852,1.7573931217193604,3.0667386054992676,0.9921373296466235,0.09231973439455032,0.09231973439455032
val,chr17_58696855_A_C,synonymous,22,12.139070510864258,1.0859118700027466,0.8459023237228394,-0.20074060559272766,0.9473212957382202,0.9174011945724487,0.791379988193512,0.7418891787528992,0.09648492932319641,0.332721471786499,1.053131341934204,5.656854629516602,10.820245742797852,1.774302363395691,3.0665643215179443,0.9920809460854292,0.09239830076694489,0.09239830076694489
val,chr17_58696855_A_T,synonymous,22,12.139070510864258,1.0859118700027466,0.8459023237228394,-0.20074060559272766,0.9473212957382202,0.9174011945724487,0.791379988193512,0.7418891787528992,0.09648492932319641,0.332721471786499,1.053131341934204,5.656854629516602,10.820245742797852,1.774302363395691,3.0665643215179443,0.9920809460854292,0.09239830076694489,0.09239830076694489
val,chr17_58696855_A_G,synonymous,22,12.139070510864258,1.0859118700027466,0.8459023237228394,-0.20074060559272766,0.9473212957382202,0.9174011945724487,0.791379988193512,0.7418891787528992,0.09648492932319641,0.332721471786499,1.053131341934204,5.656854629516602,10.820245742797852,1.774302363395691,3.0665643215179443,0.9920809460854292,0.09239830076694489,0.09239830076694489
val,chr17_58696858_G_A,synonymous,22,12.14040470123291,1.067850112915039,0.8458342552185059,-0.20118394494056702,0.9473187327384949,0.9154934883117676,0.7980440855026245,0.7418891787528992,0.09649701416492462,0.33190590143203735,1.0341224670410156,5.656854629516602,10.820245742797852,1.776129961013794,3.066713333129883,0.9921291536445899,0.09219060093164444,0.09219060093164444
val,chr17_58703197_A_G,synonymous,22,12.14177417755127,1.059449315071106,0.8456372618675232,-0.20421218872070312,0.9471254348754883,0.9149014353752136,0.8050946593284607,0.7418891787528992,0.09668764472007751,0.32864877581596375,1.0252333879470825,5.656854629516602,10.820245742797852,1.7779819965362549,3.0668349266052246,0.992168491012865,0.09209664911031723,0.09209664911031723
val,chr17_58703227_T_G,synonymous,22,12.140111923217773,1.0511645078659058,0.8444432020187378,-0.1929572969675064,0.9457316398620605,0.9134404063224792,0.6942974328994751,0.7418891787528992,0.09795261919498444,0.4205881655216217,1.0156092643737793,5.656854629516602,10.820245742797852,1.7978219985961914,3.0668652057647705,0.9921782867888864,0.0905330628156662,0.0905330628156662
val,chr17_58703225_CTT_TTG,synonymous,22,12.140111923217773,1.0511645078659058,0.8444432020187378,-0.1929572969675064,0.9457316398620605,0.9134404063224792,0.6942974328994751,0.7418891787528992,0.09795261919498444,0.4205881655216217,1.0156092643737793,5.656854629516602,10.820245742797852,1.7978219985961914,3.0668652057647705,0.9921782867888864,0.0905330628156662,0.0905330628156662
val,chr17_58703227_T_A,synonymous,22,12.140111923217773,1.0511645078659058,0.8444432020187378,-0.1929572969675064,0.9457316398620605,0.9134404063224792,0.6942974328994751,0.7418891787528992,0.09795261919498444,0.4205881655216217,1.0156092643737793,5.656854629516602,10.820245742797852,1.7978219985961914,3.0668652057647705,0.9921782867888864,0.0905330628156662,0.0905330628156662
val,chr17_58703227_T_C,synonymous,22,12.140111923217773,1.0511645078659058,0.8444432020187378,-0.1929572969675064,0.9457316398620605,0.9134404063224792,0.6942974328994751,0.7418891787528992,0.09795261919498444,0.4205881655216217,1.0156092643737793,5.656854629516602,10.820245742797852,1.7978219985961914,3.0668652057647705,0.9921782867888864,0.0905330628156662,0.0905330628156662
val,chr17_58703248_T_C,synonymous,22,12.1497220993042,1.0205198526382446,0.8438286185264587,-0.19706353545188904,0.9453988075256348,0.9136793613433838,0.6384046673774719,0.7418891787528992,0.09832196682691574,0.4926961660385132,0.9827779531478882,5.656854629516602,10.820245742797852,1.8130996227264404,3.06828236579895,0.9926367599595283,0.08938916027545929,0.08938916027545929
val,chr17_58703248_T_A,synonymous,22,12.1497220993042,1.0205198526382446,0.8438286185264587,-0.19706353545188904,0.9453988075256348,0.9136793613433838,0.6384046673774719,0.7418891787528992,0.09832196682691574,0.4926961660385132,0.9827779531478882,5.656854629516602,10.820245742797852,1.8130996227264404,3.06828236579895,0.9926367599595283,0.08938916027545929,0.08938916027545929
val,chr17_58703282_CTG_TTA,synonymous,22,12.148887634277344,1.070037841796875,0.8443434238433838,-0.20987045764923096,0.9458141922950745,0.9107768535614014,0.6667822003364563,0.7418891787528992,0.09802508354187012,0.4708174765110016,1.0332857370376587,5.656854629516602,10.820245742797852,1.8418341875076294,3.069119453430176,0.9929075707438694,0.08893030881881714,0.08893030881881714
val,chr17_58703284_G_C,synonymous,22,12.148887634277344,1.070037841796875,0.8443434238433838,-0.20987045764923096,0.9458141922950745,0.9107768535614014,0.6667822003364563,0.7418891787528992,0.09802508354187012,0.4708174765110016,1.0332857370376587,5.656854629516602,10.820245742797852,1.8418341875076294,3.069119453430176,0.9929075707438694,0.08893030881881714,0.08893030881881714
val,chr17_58703282_C_T,synonymous,22,12.148887634277344,1.070037841796875,0.8443434238433838,-0.20987045764923096,0.9458141922950745,0.9107768535614014,0.6667822003364563,0.7418891787528992,0.09802508354187012,0.4708174765110016,1.0332857370376587,5.656854629516602,10.820245742797852,1.8418341875076294,3.069119453430176,0.9929075707438694,0.08893030881881714,0.08893030881881714
val,chr17_58703284_G_A,synonymous,22,12.148887634277344,1.070037841796875,0.8443434238433838,-0.20987045764923096,0.9458141922950745,0.9107768535614014,0.6667822003364563,0.7418891787528992,0.09802508354187012,0.4708174765110016,1.0332857370376587,5.656854629516602,10.820245742797852,1.8418341875076294,3.069119453430176,0.9929075707438694,0.08893030881881714,0.08893030881881714
val,chr17_58703284_G_T,synonymous,22,12.148887634277344,1.070037841796875,0.8443434238433838,-0.20987045764923096,0.9458141922950745,0.9107768535614014,0.6667822003364563,0.7418891787528992,0.09802508354187012,0.4708174765110016,1.0332857370376587,5.656854629516602,10.820245742797852,1.8418341875076294,3.069119453430176,0.9929075707438694,0.08893030881881714,0.08893030881881714
val,chr17_58703290_A_G,synonymous,22,12.149779319763184,1.065050721168518,0.8450340032577515,-0.2079460322856903,0.9466108679771423,0.9160073399543762,0.6817834973335266,0.7418891787528992,0.09732978790998459,0.46507328748703003,1.0278185606002808,5.656854629516602,10.820245742797852,1.8469252586364746,3.0691394805908203,0.9929140498398206,0.08881933242082596,0.08881933242082596
val,chr17_58703293_T_C,synonymous,22,12.146831512451172,1.0773470401763916,0.8452283143997192,-0.20564574003219604,0.9466822147369385,0.9192903637886047,0.6941723227500916,0.7418891787528992,0.09722941368818283,0.4500126838684082,1.0405776500701904,5.656854629516602,10.820245742797852,1.8495023250579834,3.069148540496826,0.9929169808594176,0.08886728435754776,0.08886728435754776
val,chr17_58703293_T_A,synonymous,22,12.146831512451172,1.0773470401763916,0.8452283143997192,-0.20564574003219604,0.9466822147369385,0.9192903637886047,0.6941723227500916,0.7418891787528992,0.09722941368818283,0.4500126838684082,1.0405776500701904,5.656854629516602,10.820245742797852,1.8495023250579834,3.069148540496826,0.9929169808594176,0.08886728435754776,0.08886728435754776
val,chr17_58703293_T_G,synonymous,22,12.146831512451172,1.0773470401763916,0.8452283143997192,-0.20564574003219604,0.9466822147369385,0.9192903637886047,0.6941723227500916,0.7418891787528992,0.09722941368818283,0.4500126838684082,1.0405776500701904,5.656854629516602,10.820245742797852,1.8495023250579834,3.069148540496826,0.9929169808594176,0.08886728435754776,0.08886728435754776
val,chr17_58703299_T_C,synonymous,22,12.155593872070312,1.0912196636199951,0.8444933295249939,-0.20142561197280884,0.9459390044212341,0.9149828553199768,0.654807984828949,0.7418891787528992,0.09790728241205215,0.4809819459915161,1.05486261844635,5.656854629516602,10.820245742797852,1.8547191619873047,3.0689637660980225,0.9928572034860583,0.08870581537485123,0.08870581537485123
val,chr17_58703299_T_A,synonymous,22,12.155593872070312,1.0912196636199951,0.8444933295249939,-0.20142561197280884,0.9459390044212341,0.9149828553199768,0.654807984828949,0.7418891787528992,0.09790728241205215,0.4809819459915161,1.05486261844635,5.656854629516602,10.820245742797852,1.8547191619873047,3.0689637660980225,0.9928572034860583,0.08870581537485123,0.08870581537485123
val,chr17_58703297_CTT_TTA,synonymous,22,12.155593872070312,1.0912196636199951,0.8444933295249939,-0.20142561197280884,0.9459390044212341,0.9149828553199768,0.654807984828949,0.7418891787528992,0.09790728241205215,0.4809819459915161,1.05486261844635,5.656854629516602,10.820245742797852,1.8547191619873047,3.0689637660980225,0.9928572034860583,0.08870581537485123,0.08870581537485123
val,chr17_58703297_CTT_TTG,synonymous,22,12.155593872070312,1.0912196636199951,0.8444933295249939,-0.20142561197280884,0.9459390044212341,0.9149828553199768,0.654807984828949,0.7418891787528992,0.09790728241205215,0.4809819459915161,1.05486261844635,5.656854629516602,10.820245742797852,1.8547191619873047,3.0689637660980225,0.9928572034860583,0.08870581537485123,0.08870581537485123
val,chr17_58703302_T_G,synonymous,22,12.156326293945312,1.087904691696167,0.8447220325469971,-0.19892828166484833,0.946175754070282,0.9107834100723267,0.6630231738090515,0.7418891787528992,0.09769023209810257,0.47552382946014404,1.0512640476226807,5.656854629516602,10.820245742797852,1.8573588132858276,3.069023609161377,0.9928765636418172,0.08858553320169449,0.08858553320169449
val,chr17_58703300_CTT_TTG,synonymous,22,12.156326293945312,1.087904691696167,0.8447220325469971,-0.19892828166484833,0.946175754070282,0.9107834100723267,0.6630231738090515,0.7418891787528992,0.09769023209810257,0.47552382946014404,1.0512640476226807,5.656854629516602,10.820245742797852,1.8573588132858276,3.069023609161377,0.9928765636418172,0.08858553320169449,0.08858553320169449
val,chr17_58703300_CTT_TTA,synonymous,22,12.156326293945312,1.087904691696167,0.8447220325469971,-0.19892828166484833,0.946175754070282,0.9107834100723267,0.6630231738090515,0.7418891787528992,0.09769023209810257,0.47552382946014404,1.0512640476226807,5.656854629516602,10.820245742797852,1.8573588132858276,3.069023609161377,0.9928765636418172,0.08858553320169449,0.08858553320169449
val,chr17_58703302_T_C,synonymous,22,12.156326293945312,1.087904691696167,0.8447220325469971,-0.19892828166484833,0.946175754070282,0.9107834100723267,0.6630231738090515,0.7418891787528992,0.09769023209810257,0.47552382946014404,1.0512640476226807,5.656854629516602,10.820245742797852,1.8573588132858276,3.069023609161377,0.9928765636418172,0.08858553320169449,0.08858553320169449
val,chr17_58703302_T_A,synonymous,22,12.156326293945312,1.087904691696167,0.8447220325469971,-0.19892828166484833,0.946175754070282,0.9107834100723267,0.6630231738090515,0.7418891787528992,0.09769023209810257,0.47552382946014404,1.0512640476226807,5.656854629516602,10.820245742797852,1.8573588132858276,3.069023609161377,0.9928765636418172,0.08858553320169449,0.08858553320169449
val,chr17_58709981_C_T,synonymous,22,12.160494804382324,1.042378544807434,0.8459712862968445,-0.20070293545722961,0.9467160701751709,0.9166609644889832,0.6380331516265869,0.7418891787528992,0.09747064113616943,0.49818748235702515,0.9961334466934204,5.656854629516602,10.820245742797852,2.013523817062378,3.0720672607421875,0.9938612319622098,0.08369644731283188,0.08369644731283188
val,chr17_58709990_T_G,synonymous,22,12.166407585144043,1.0366218090057373,0.8452504277229309,-0.19125472009181976,0.945747971534729,0.9119457602500916,0.6712419390678406,0.7418891787528992,0.09834644198417664,0.47447362542152405,0.9895910024642944,5.656854629516602,10.820245742797852,2.02426815032959,3.072208881378174,0.9939070484264362,0.08346173167228699,0.08346173167228699
val,chr17_58709990_T_C,synonymous,22,12.166407585144043,1.0366218090057373,0.8452504277229309,-0.19125472009181976,0.945747971534729,0.9119457602500916,0.6712419390678406,0.7418891787528992,0.09834644198417664,0.47447362542152405,0.9895910024642944,5.656854629516602,10.820245742797852,2.02426815032959,3.072208881378174,0.9939070484264362,0.08346173167228699,0.08346173167228699
val,chr17_58709990_T_A,synonymous,22,12.166407585144043,1.0366218090057373,0.8452504277229309,-0.19125472009181976,0.945747971534729,0.9119457602500916,0.6712419390678406,0.7418891787528992,0.09834644198417664,0.47447362542152405,0.9895910024642944,5.656854629516602,10.820245742797852,2.02426815032959,3.072208881378174,0.9939070484264362,0.08346173167228699,0.08346173167228699
val,chr17_58720793_C_G,synonymous,22,12.171745300292969,1.03510320186615,0.845750629901886,-0.18873460590839386,0.9462082982063293,0.9142967462539673,0.626364529132843,0.7418891787528992,0.0980321392416954,0.5083862543106079,0.9851602911949158,5.656854629516602,10.820245742797852,2.08390474319458,3.0735902786254883,0.9943539517828794,0.0824383795261383,0.0824383795261383
val,chr17_58720793_C_T,synonymous,22,12.171745300292969,1.03510320186615,0.845750629901886,-0.18873460590839386,0.9462082982063293,0.9142967462539673,0.626364529132843,0.7418891787528992,0.0980321392416954,0.5083862543106079,0.9851602911949158,5.656854629516602,10.820245742797852,2.08390474319458,3.0735902786254883,0.9943539517828794,0.0824383795261383,0.0824383795261383
val,chr17_58720793_C_A,synonymous,22,12.171745300292969,1.03510320186615,0.845750629901886,-0.18873460590839386,0.9462082982063293,0.9142967462539673,0.626364529132843,0.7418891787528992,0.0980321392416954,0.5083862543106079,0.9851602911949158,5.656854629516602,10.820245742797852,2.08390474319458,3.0735902786254883,0.9943539517828794,0.0824383795261383,0.0824383795261383
val,chr17_58720805_T_A,synonymous,22,12.186416625976562,1.059941053390503,0.8448517322540283,-0.19376200437545776,0.9454553723335266,0.9152480363845825,0.5893301367759705,0.7418891787528992,0.09879496693611145,0.5448585748672485,1.0104427337646484,5.656854629516602,10.820245742797852,2.0994045734405518,3.0734169483184814,0.9942978767500636,0.08202852308750153,0.08202852308750153
val,chr17_58720805_T_C,synonymous,22,12.186416625976562,1.059941053390503,0.8448517322540283,-0.19376200437545776,0.9454553723335266,0.9152480363845825,0.5893301367759705,0.7418891787528992,0.09879496693611145,0.5448585748672485,1.0104427337646484,5.656854629516602,10.820245742797852,2.0994045734405518,3.0734169483184814,0.9942978767500636,0.08202852308750153,0.08202852308750153
val,chr17_58720805_T_G,synonymous,22,12.186416625976562,1.059941053390503,0.8448517322540283,-0.19376200437545776,0.9454553723335266,0.9152480363845825,0.5893301367759705,0.7418891787528992,0.09879496693611145,0.5448585748672485,1.0104427337646484,5.656854629516602,10.820245742797852,2.0994045734405518,3.0734169483184814,0.9942978767500636,0.08202852308750153,0.08202852308750153
val,chr17_58720808_A_T,synonymous,22,12.186253547668457,1.069898247718811,0.8450547456741333,-0.193113774061203,0.9456660747528076,0.9173069000244141,0.5834141373634338,0.7418891787528992,0.09860337525606155,0.5497462153434753,1.0206878185272217,5.656854629516602,10.820245742797852,2.1033151149749756,3.073396682739258,0.9942913205220179,0.08184362947940826,0.08184362947940826
val,chr17_58720808_A_G,synonymous,22,12.186253547668457,1.069898247718811,0.8450547456741333,-0.193113774061203,0.9456660747528076,0.9173069000244141,0.5834141373634338,0.7418891787528992,0.09860337525606155,0.5497462153434753,1.0206878185272217,5.656854629516602,10.820245742797852,2.1033151149749756,3.073396682739258,0.9942913205220179,0.08184362947940826,0.08184362947940826
val,chr17_58720808_A_C,synonymous,22,12.186253547668457,1.069898247718811,0.8450547456741333,-0.193113774061203,0.9456660747528076,0.9173069000244141,0.5834141373634338,0.7418891787528992,0.09860337525606155,0.5497462153434753,1.0206878185272217,5.656854629516602,10.820245742797852,2.1033151149749756,3.073396682739258,0.9942913205220179,0.08184362947940826,0.08184362947940826
val,chr17_58724047_T_C,synonymous,22,12.186482429504395,1.1023629903793335,0.8453821539878845,-0.1822143793106079,0.9459401965141296,0.9125083684921265,0.5968163013458252,0.7418891787528992,0.0983213409781456,0.5370806455612183,1.0539469718933105,5.656854629516602,10.820245742797852,2.119098663330078,3.073068618774414,0.9941851867597696,0.0814967006444931,0.0814967006444931
val,chr17_58724045_AGT_TCA,synonymous,22,12.186482429504395,1.1023629903793335,0.8453821539878845,-0.1822143793106079,0.9459401965141296,0.9125083684921265,0.5968163013458252,0.7418891787528992,0.0983213409781456,0.5370806455612183,1.0539469718933105,5.656854629516602,10.820245742797852,2.119098663330078,3.073068618774414,0.9941851867597696,0.0814967006444931,0.0814967006444931
val,chr17_58724045_AGT_TCC,synonymous,22,12.186482429504395,1.1023629903793335,0.8453821539878845,-0.1822143793106079,0.9459401965141296,0.9125083684921265,0.5968163013458252,0.7418891787528992,0.0983213409781456,0.5370806455612183,1.0539469718933105,5.656854629516602,10.820245742797852,2.119098663330078,3.073068618774414,0.9941851867597696,0.0814967006444931,0.0814967006444931
val,chr17_58724045_AGT_TCG,synonymous,22,12.186482429504395,1.1023629903793335,0.8453821539878845,-0.1822143793106079,0.9459401965141296,0.9125083684921265,0.5968163013458252,0.7418891787528992,0.0983213409781456,0.5370806455612183,1.0539469718933105,5.656854629516602,10.820245742797852,2.119098663330078,3.073068618774414,0.9941851867597696,0.0814967006444931,0.0814967006444931
val,chr17_58724069_C_A,synonymous,22,12.200263977050781,1.0551440715789795,0.8452314734458923,-0.19126899540424347,0.9457432627677917,0.9149772524833679,0.6113460659980774,0.7418891787528992,0.09858113527297974,0.5387154817581177,1.0029449462890625,5.656854629516602,10.820245742797852,2.151327610015869,3.0742592811584473,0.9945703844404873,0.08069963753223419,0.08069963753223419
val,chr17_58724069_CGA_AGG,synonymous,22,12.200263977050781,1.0551440715789795,0.8452314734458923,-0.19126899540424347,0.9457432627677917,0.9149772524833679,0.6113460659980774,0.7418891787528992,0.09858113527297974,0.5387154817581177,1.0029449462890625,5.656854629516602,10.820245742797852,2.151327610015869,3.0742592811584473,0.9945703844404873,0.08069963753223419,0.08069963753223419
val,chr17_58724071_A_C,synonymous,22,12.200263977050781,1.0551440715789795,0.8452314734458923,-0.19126899540424347,0.9457432627677917,0.9149772524833679,0.6113460659980774,0.7418891787528992,0.09858113527297974,0.5387154817581177,1.0029449462890625,5.656854629516602,10.820245742797852,2.151327610015869,3.0742592811584473,0.9945703844404873,0.08069963753223419,0.08069963753223419
val,chr17_58724071_A_T,synonymous,22,12.200263977050781,1.0551440715789795,0.8452314734458923,-0.19126899540424347,0.9457432627677917,0.9149772524833679,0.6113460659980774,0.7418891787528992,0.09858113527297974,0.5387154817581177,1.0029449462890625,5.656854629516602,10.820245742797852,2.151327610015869,3.0742592811584473,0.9945703844404873,0.08069963753223419,0.08069963753223419
val,chr17_58732502_G_A,synonymous,22,12.166667938232422,1.0144919157028198,0.846734881401062,-0.17763151228427887,0.946399450302124,0.9156498908996582,0.7056823372840881,0.7418891787528992,0.0979885533452034,0.4605807065963745,0.9571666121482849,5.656854629516602,10.820245742797852,2.2183218002319336,3.074354410171509,0.9946011601462554,0.08010336011648178,0.08010336011648178
val,chr17_58732508_C_G,synonymous,22,12.167943954467773,1.0320250988006592,0.8470263481140137,-0.17400860786437988,0.9466822743415833,0.9153969287872314,0.6678578853607178,0.7418891787528992,0.09776252508163452,0.49113088846206665,0.9751250743865967,5.656854629516602,10.820245742797852,2.2269251346588135,3.074246406555176,0.9945662193073758,0.07983309775590897,0.07983309775590897
val,chr17_58732508_C_A,synonymous,22,12.167943954467773,1.0320250988006592,0.8470263481140137,-0.17400860786437988,0.9466822743415833,0.9153969287872314,0.6678578853607178,0.7418891787528992,0.09776252508163452,0.49113088846206665,0.9751250743865967,5.656854629516602,10.820245742797852,2.2269251346588135,3.074246406555176,0.9945662193073758,0.07983309775590897,0.07983309775590897
val,chr17_58732508_C_T,synonymous,22,12.167943954467773,1.0320250988006592,0.8470263481140137,-0.17400860786437988,0.9466822743415833,0.9153969287872314,0.6678578853607178,0.7418891787528992,0.09776252508163452,0.49113088846206665,0.9751250743865967,5.656854629516602,10.820245742797852,2.2269251346588135,3.074246406555176,0.9945662193073758,0.07983309775590897,0.07983309775590897
val,chr17_58732529_A_G,synonymous,22,12.17926025390625,1.0426743030548096,0.8467236757278442,-0.17982089519500732,0.9461817145347595,0.9098426103591919,0.6677961945533752,0.7418891787528992,0.09823646396398544,0.49351927638053894,0.9848291277885437,5.656854629516602,10.820245742797852,2.25742244720459,3.0754177570343018,0.9949451692884261,0.0793353021144867,0.0793353021144867
val,chr17_58732529_A_C,synonymous,22,12.17926025390625,1.0426743030548096,0.8467236757278442,-0.17982089519500732,0.9461817145347595,0.9098426103591919,0.6677961945533752,0.7418891787528992,0.09823646396398544,0.49351927638053894,0.9848291277885437,5.656854629516602,10.820245742797852,2.25742244720459,3.0754177570343018,0.9949451692884261,0.0793353021144867,0.0793353021144867
val,chr17_58732529_A_T,synonymous,22,12.17926025390625,1.0426743030548096,0.8467236757278442,-0.17982089519500732,0.9461817145347595,0.9098426103591919,0.6677961945533752,0.7418891787528992,0.09823646396398544,0.49351927638053894,0.9848291277885437,5.656854629516602,10.820245742797852,2.25742244720459,3.0754177570343018,0.9949451692884261,0.0793353021144867,0.0793353021144867
val,chr17_58732544_A_G,synonymous,22,12.175028800964355,1.065934181213379,0.8477596640586853,-0.17728976905345917,0.9469914436340332,0.9166573286056519,0.7091797590255737,0.7418891787528992,0.09753943979740143,0.45097699761390686,1.0081419944763184,5.656854629516602,10.820245742797852,2.279567241668701,3.0749149322509766,0.9947824977007943,0.0792815089225769,0.0792815089225769
val,chr17_58734123_G_A,synonymous,22,12.167182922363281,1.0927774906158447,0.8483914732933044,-0.1724683940410614,0.947418749332428,0.9166679382324219,0.743317186832428,0.7418891787528992,0.09710138291120529,0.41355788707733154,1.035838007926941,5.656854629516602,10.820245742797852,2.2885076999664307,3.07513427734375,0.9948534592278788,0.07938336580991745,0.07938336580991745
val,chr17_58734147_T_C,synonymous,22,12.172554969787598,1.1845333576202393,0.8489488363265991,-0.1674453169107437,0.9473507404327393,0.9150059819221497,0.8382335901260376,0.7418891787528992,0.09716577082872391,0.31059131026268005,1.1302379369735718,5.656854629516602,10.820245742797852,2.3247334957122803,3.0755035877227783,0.9949729368425027,0.07947985827922821,0.07947985827922821
val,chr17_58734147_T_G,synonymous,22,12.172554969787598,1.1845333576202393,0.8489488363265991,-0.1674453169107437,0.9473507404327393,0.9150059819221497,0.8382335901260376,0.7418891787528992,0.09716577082872391,0.31059131026268005,1.1302379369735718,5.656854629516602,10.820245742797852,2.3247334957122803,3.0755035877227783,0.9949729368425027,0.07947985827922821,0.07947985827922821
val,chr17_58734162_G_A,synonymous,22,12.170707702636719,1.2438480854034424,0.8498912453651428,-0.16159486770629883,0.9479347467422485,0.9182521104812622,0.9303223490715027,0.7418891787528992,0.09658177942037582,0.23162466287612915,1.1912815570831299,5.656854629516602,10.820245742797852,2.3477439880371094,3.075101613998413,0.9948428921309108,0.07942388951778412,0.07942388951778412
val,chr17_58734160_T_C,synonymous,22,12.170707702636719,1.2438480854034424,0.8498912453651428,-0.16159486770629883,0.9479347467422485,0.9182521104812622,0.9303223490715027,0.7418891787528992,0.09658177942037582,0.23162466287612915,1.1912815570831299,5.656854629516602,10.820245742797852,2.3477439880371094,3.075101613998413,0.9948428921309108,0.07942388951778412,0.07942388951778412
val,chr17_58734160_TTG_CTT,synonymous,22,12.170707702636719,1.2438480854034424,0.8498912453651428,-0.16159486770629883,0.9479347467422485,0.9182521104812622,0.9303223490715027,0.7418891787528992,0.09658177942037582,0.23162466287612915,1.1912815570831299,5.656854629516602,10.820245742797852,2.3477439880371094,3.075101613998413,0.9948428921309108,0.07942388951778412,0.07942388951778412
val,chr17_58734160_TTG_CTC,synonymous,22,12.170707702636719,1.2438480854034424,0.8498912453651428,-0.16159486770629883,0.9479347467422485,0.9182521104812622,0.9303223490715027,0.7418891787528992,0.09658177942037582,0.23162466287612915,1.1912815570831299,5.656854629516602,10.820245742797852,2.3477439880371094,3.075101613998413,0.9948428921309108,0.07942388951778412,0.07942388951778412
val,chr17_58734160_TTG_CTA,synonymous,22,12.170707702636719,1.2438480854034424,0.8498912453651428,-0.16159486770629883,0.9479347467422485,0.9182521104812622,0.9303223490715027,0.7418891787528992,0.09658177942037582,0.23162466287612915,1.1912815570831299,5.656854629516602,10.820245742797852,2.3477439880371094,3.075101613998413,0.9948428921309108,0.07942388951778412,0.07942388951778412
val,chr17_58734181_AGC_TCT,synonymous,22,12.17283821105957,1.2899867296218872,0.8501801490783691,-0.1470198780298233,0.9478830099105835,0.9185920357704163,0.9523539543151855,0.7418891787528992,0.09662465751171112,0.2071678638458252,1.2380610704421997,5.656854629516602,10.820245742797852,2.3804242610931396,3.0751614570617676,0.9948622522866697,0.07909183204174042,0.07909183204174042
val,chr17_58734181_AGC_TCC,synonymous,22,12.17283821105957,1.2899867296218872,0.8501801490783691,-0.1470198780298233,0.9478830099105835,0.9185920357704163,0.9523539543151855,0.7418891787528992,0.09662465751171112,0.2071678638458252,1.2380610704421997,5.656854629516602,10.820245742797852,2.3804242610931396,3.0751614570617676,0.9948622522866697,0.07909183204174042,0.07909183204174042
val,chr17_58734183_C_T,synonymous,22,12.17283821105957,1.2899867296218872,0.8501801490783691,-0.1470198780298233,0.9478830099105835,0.9185920357704163,0.9523539543151855,0.7418891787528992,0.09662465751171112,0.2071678638458252,1.2380610704421997,5.656854629516602,10.820245742797852,2.3804242610931396,3.0751614570617676,0.9948622522866697,0.07909183204174042,0.07909183204174042
val,chr17_58734181_AGC_TCA,synonymous,22,12.17283821105957,1.2899867296218872,0.8501801490783691,-0.1470198780298233,0.9478830099105835,0.9185920357704163,0.9523539543151855,0.7418891787528992,0.09662465751171112,0.2071678638458252,1.2380610704421997,5.656854629516602,10.820245742797852,2.3804242610931396,3.0751614570617676,0.9948622522866697,0.07909183204174042,0.07909183204174042
val,chr17_58734181_AGC_TCG,synonymous,22,12.17283821105957,1.2899867296218872,0.8501801490783691,-0.1470198780298233,0.9478830099105835,0.9185920357704163,0.9523539543151855,0.7418891787528992,0.09662465751171112,0.2071678638458252,1.2380610704421997,5.656854629516602,10.820245742797852,2.3804242610931396,3.0751614570617676,0.9948622522866697,0.07909183204174042,0.07909183204174042
val,chr17_58692650_GGG_,indel,14,11.946056365966797,1.3605625629425049,0.8206809163093567,-0.010330557823181152,0.9561600685119629,0.9259949922561646,0.8876859545707703,0.7896599769592285,0.11539316177368164,0.588309645652771,1.1492658853530884,5.656854629516602,10.820245742797852,4.107418060302734,2.6309499740600586,0.996927935037932,0.10339713841676712,0.10339713841676712
val,chr17_58692662_CGC_,indel,18,12.102781295776367,1.262550711631775,0.846144437789917,-0.012147117406129837,0.9512419104576111,0.9198133945465088,0.8541077971458435,0.7628700137138367,0.10399854183197021,0.5659403204917908,1.0957900285720825,5.656854152679443,10.820245742797852,4.097482681274414,2.8789920806884766,0.9960629018822232,0.08414745330810547,0.08414745330810547
val,chr17_58692677_CGG_,indel,22,12.260594367980957,1.22440767288208,0.8617745041847229,-0.01651247777044773,0.9468586444854736,0.9160876274108887,0.7756277322769165,0.7418891787528992,0.09789463132619858,0.5669286251068115,1.088172435760498,5.656854629516602,10.820245742797852,4.08534574508667,3.0795881748199463,0.9962943638881682,0.07059700042009354,0.07059700042009354
val,chr17_58692686_GTG_,indel,22,12.323400497436523,1.3140708208084106,0.8601017594337463,-0.0026953837368637323,0.9444977641105652,0.9152311682701111,0.6082447171211243,0.7418891787528992,0.09980501234531403,0.6546587944030762,1.1824448108673096,5.656854629516602,10.820245742797852,4.078214168548584,3.0799989700317383,0.9964272624872624,0.06944774836301804,0.06944774836301804
val,chr17_58692698_CTG_,indel,22,12.37841796875,1.447380781173706,0.8586779832839966,-0.007150596939027309,0.9427824020385742,0.9109297394752502,0.5227881669998169,0.7418891787528992,0.10138814896345139,0.6736518740653992,1.3225473165512085,5.656854629516602,10.820245742797852,4.068882465362549,3.0796661376953125,0.9963195860831211,0.06893271952867508,0.06893271952867508
val,chr17_58692710_GTG_,indel,22,12.32029914855957,1.3266385793685913,0.8602191805839539,-0.008188428357243538,0.9449090957641602,0.9109598398208618,0.5384271144866943,0.7418891787528992,0.09945156425237656,0.6831843256950378,1.1964900493621826,5.656854629516602,10.820245742797852,4.059754848480225,3.0797531604766846,0.996347739297671,0.06954678148031235,0.06954678148031235
val,chr17_58692764_GTG_,indel,22,12.295893669128418,1.4299710988998413,0.8572572469711304,-0.005689122714102268,0.9417244791984558,0.8991913795471191,0.4987030327320099,0.7418891787528992,0.1023668423295021,0.7079073786735535,1.3065775632858276,5.656854629516602,10.820245742797852,4.021232604980469,3.080942392349243,0.9967324741858206,0.06967268139123917,0.06967268139123917
val,chr17_58692773_TCC_,indel,22,12.367103576660156,1.5313365459442139,0.8587478399276733,-0.012342747300863266,0.9426844716072083,0.8929192423820496,0.5969184637069702,0.7418891787528992,0.1012146845459938,0.63182532787323,1.4130561351776123,5.656854629516602,10.820245742797852,4.015223026275635,3.080610752105713,0.9966251834421526,0.0688563734292984,0.0688563734292984
val,chr17_58694984_GAA_,indel,22,12.214625358581543,1.2906174659729004,0.8609983921051025,-0.0084934551268816,0.9458886384963989,0.9161094427108765,0.7385286092758179,0.7418891787528992,0.09852905571460724,0.5621509552001953,1.1628791093826294,5.656854629516602,10.820245742797852,3.973123073577881,3.080110788345337,0.9964634374396566,0.06974314153194427,0.06974314153194427
val,chr17_58694996_AAT_,indel,22,12.228657722473145,1.2104556560516357,0.8618590831756592,-0.009922550991177559,0.9467669129371643,0.9136072397232056,0.7854970097541809,0.7418891787528992,0.09769307076931,0.562616765499115,1.0792139768600464,5.656854629516602,10.820245742797852,3.9665274620056152,3.0804879665374756,0.9965854604134041,0.06907369196414948,0.06907369196414948
val,chr17_58695002_CCA_,indel,22,12.230769157409668,1.1649662256240845,0.8622649312019348,-0.0064429230988025665,0.9471162557601929,0.91748046875,0.8515718579292297,0.7418891787528992,0.09731708467006683,0.5356537103652954,1.0317116975784302,5.656854629516602,10.820245742797852,3.963311195373535,3.080444812774658,0.9965714995042712,0.06904608011245728,0.06904608011245728
val,chr17_58695011_GCT_,indel,22,12.229833602905273,1.182950496673584,0.8617960214614868,-0.006079067010432482,0.9466605186462402,0.9144399762153625,0.8442254066467285,0.7418891787528992,0.09772944450378418,0.5361095070838928,1.0507770776748657,5.656854629516602,10.820245742797852,3.9585890769958496,3.079982042312622,0.9964217861085417,0.06898008286952972,0.06898008286952972
val,chr17_58695023_GAG_,indel,22,12.229296684265137,1.214481234550476,0.8614960312843323,-0.008542985655367374,0.9464294910430908,0.9120830297470093,0.8214823007583618,0.7418891787528992,0.09797797352075577,0.5388808250427246,1.0841002464294434,5.656854629516602,10.820245742797852,3.952484369277954,3.07979679107666,0.9963618544709931,0.06891161948442459,0.06891161948442459
val,chr17_58695044_GCG_,indel,22,12.276054382324219,1.2013561725616455,0.8606305718421936,-0.003160558408126235,0.944847583770752,0.9171637296676636,0.5964818000793457,0.7418891787528992,0.09918519109487534,0.6921876668930054,1.070833683013916,5.656854629516602,10.820245742797852,3.9423298835754395,3.080268621444702,0.9965144988863196,0.06768416613340378,0.06768416613340378
val,chr17_58695050_GAA_,indel,22,12.351213455200195,1.4058438539505005,0.8598650097846985,-0.006386267952620983,0.9437064528465271,0.910866379737854,0.5397800803184509,0.7418891787528992,0.10007534176111221,0.656470000743866,1.2851909399032593,5.656854629516602,10.820245742797852,3.9395523071289062,3.081533670425415,0.9969237617805702,0.06754564493894577,0.06754564493894577
val,chr17_58695059_GAG_,indel,22,12.277724266052246,1.2613012790679932,0.8601213693618774,-0.00956364069133997,0.9443603157997131,0.9040195941925049,0.5122759938240051,0.7418891787528992,0.09964548796415329,0.7015204429626465,1.1339589357376099,5.656854629516602,10.820245742797852,3.935490369796753,3.081087112426758,0.9967792933672774,0.06792573630809784,0.06792573630809784
val,chr17_58695083_ATA_,indel,22,12.287654876708984,1.3016611337661743,0.8592967391014099,-0.006524336524307728,0.9435429573059082,0.9033298492431641,0.4875843822956085,0.7418891787528992,0.10040553659200668,0.7011364102363586,1.1767852306365967,5.656854629516602,10.820245742797852,3.92405366897583,3.0807979106903076,0.9966857321364584,0.06760500371456146,0.06760500371456146
val,chr17_58695086_ATC_,indel,22,12.287654876708984,1.3016611337661743,0.8592967391014099,-0.006524336524307728,0.9435429573059082,0.9033298492431641,0.4875843822956085,0.7418891787528992,0.10040553659200668,0.7011364102363586,1.1767852306365967,5.656854629516602,10.820245742797852,3.92405366897583,3.0807979106903076,0.9966857321364584,0.06760500371456146,0.06760500371456146
val,chr17_58695098_TCA_,indel,22,12.374215126037598,1.4953875541687012,0.8583567142486572,-0.006327036768198013,0.9421883821487427,0.9104902744293213,0.4934428334236145,0.7418891787528992,0.10154517740011215,0.6745483875274658,1.379961609840393,5.656854629516602,10.820245742797852,3.9193334579467773,3.0807015895843506,0.9966545707702169,0.06678126752376556,0.06678126752376556
val,chr17_58695131_CCC_,indel,22,12.491169929504395,1.704222321510315,0.8581680059432983,0.0029261475428938866,0.9414385557174683,0.8936394453048706,0.5948861241340637,0.7418891787528992,0.1026763767004013,0.6141079068183899,1.5993038415908813,5.656854629516602,10.820245742797852,3.907508611679077,3.0821361541748047,0.9971186745837687,0.06577327847480774,0.06577327847480774
val,chr17_58695137_ATG_,indel,22,12.527915954589844,1.8397661447525024,0.8544063568115234,0.0014702342450618744,0.9372971057891846,0.8734856247901917,0.520319938659668,0.7418891787528992,0.10650213807821274,0.6473951935768127,1.7413959503173828,5.656854629516602,10.820245742797852,3.9055416584014893,3.0833828449249268,0.9975219983067307,0.06569284945726395,0.06569284945726395
val,chr17_58695140_AAA_,indel,22,12.557991981506348,1.928208827972412,0.854179322719574,-0.00295703811571002,0.9370263814926147,0.8802365064620972,0.5530225038528442,0.7418891787528992,0.10681343823671341,0.6125911474227905,1.8340959548950195,5.656854629516602,10.820245742797852,3.9045794010162354,3.0829806327819824,0.9973918764630442,0.06570563465356827,0.06570563465356827
val,chr17_58695155_TGT_,indel,22,12.734158515930176,2.4633216857910156,0.8550472259521484,0.010455767624080181,0.9372013807296753,0.8862674236297607,0.7215974926948547,0.7418891787528992,0.10643643140792847,0.42216792702674866,2.394909143447876,5.656854629516602,10.820245742797852,3.8999791145324707,3.082690715789795,0.9972980838359411,0.06419577449560165,0.06419577449560165
val,chr17_58695158_GGT_,indel,22,12.749770164489746,2.513157844543457,0.8531412482261658,0.00515544880181551,0.9349875450134277,0.8817436695098877,0.7127010226249695,0.7418891787528992,0.1084819957613945,0.43573111295700073,2.447160243988037,5.656854629516602,10.820245742797852,3.899101495742798,3.082150936126709,0.9971234567736375,0.06390101462602615,0.06390101462602615
val,chr17_58695164_CCA_,indel,22,12.7742338180542,2.5537102222442627,0.8511571884155273,0.007896196097135544,0.9328033924102783,0.8703535795211792,0.6638138294219971,0.7418891787528992,0.11074890196323395,0.4604186713695526,2.4897255897521973,5.656854629516602,10.820245742797852,3.8973889350891113,3.084259033203125,0.9978054587545955,0.06375785917043686,0.06375785917043686
val,chr17_58696718_ATA_,indel,22,12.356063842773438,1.3656823635101318,0.8619321584701538,0.0037391865625977516,0.945316731929779,0.9179614782333374,0.5007440447807312,0.7418891787528992,0.0983230322599411,0.6748688220977783,1.24570894241333,5.656854629516602,10.820245742797852,3.885122537612915,3.0808444023132324,0.9967007728949164,0.06545717269182205,0.06545717269182205
val,chr17_58696763_GAT_,indel,22,12.616872787475586,1.9678137302398682,0.8567793965339661,0.01564117893576622,0.9385261535644531,0.8664131164550781,0.5796530246734619,0.7418891787528992,0.10462625324726105,0.5420792102813721,1.8768659830093384,5.656854629516602,10.820245742797852,3.8777153491973877,3.0831143856048584,0.9974351475681468,0.06396390497684479,0.06396390497684479
val,chr17_58696802_CTT_,indel,22,12.50024127960205,2.0949974060058594,0.8528764843940735,0.002442772500216961,0.9348002672195435,0.8613079786300659,0.46744975447654724,0.7418891787528992,0.10837838798761368,0.6343499422073364,2.0102880001068115,5.656854629516602,10.820245742797852,3.873892068862915,3.079390048980713,0.9962302671175082,0.06396467238664627,0.06396467238664627
val,chr17_58696823_CAC_,indel,22,12.3572416305542,1.4770193099975586,0.8600239157676697,0.01459669228643179,0.9429435133934021,0.9054698944091797,0.5746535658836365,0.7418891787528992,0.10034164786338806,0.6131475567817688,1.3629330396652222,5.656854629516602,10.820245742797852,3.8728315830230713,3.082286834716797,0.9971674220675919,0.06488939374685287,0.06488939374685287
val,chr17_58696853_GGA_,indel,22,12.251057624816895,1.2054470777511597,0.8630507588386536,0.00306545477360487,0.9470216631889343,0.917784571647644,0.733625590801239,0.7418891787528992,0.096961610019207,0.5776624083518982,1.0784432888031006,5.656854629516602,10.820245742797852,3.8725268840789795,3.081883430480957,0.9970369145634321,0.06580064445734024,0.06580064445734024
val,chr17_58696856_GAG_,indel,22,12.252128601074219,1.1921210289001465,0.862676739692688,-0.0005300473421812057,0.9464890360832214,0.9146831035614014,0.7184430956840515,0.7418891787528992,0.0974191427230835,0.5948471426963806,1.0644774436950684,5.656854629516602,10.820245742797852,3.872636556625366,3.0821011066436768,0.9971073361658541,0.0656476765871048,0.0656476765871048
val,chr17_58703225_CTT_,indel,22,12.33259105682373,1.3419500589370728,0.8599512577056885,0.009103214368224144,0.9430408477783203,0.90900057554245,0.5016527771949768,0.7418891787528992,0.10040105879306793,0.6791850328445435,1.22137451171875,5.656854629516602,10.820245742797852,3.874035596847534,3.0811502933502197,0.9967997333723615,0.06424713879823685,0.06424713879823685
val,chr17_58703246_ATT_,indel,22,12.410636901855469,1.5153201818466187,0.8579767346382141,0.013892015442252159,0.9404922127723694,0.8836681246757507,0.5229563117027283,0.7418891787528992,0.1028195321559906,0.6753470301628113,1.4029135704040527,5.656854629516602,10.820245742797852,3.875856399536133,3.082404375076294,0.9972054481902579,0.06315209716558456,0.06315209716558456
val,chr17_58703279_TTA_,indel,22,12.416974067687988,1.64752995967865,0.8592548966407776,0.0076948972418904305,0.9413071870803833,0.8784198760986328,0.47947752475738525,0.7418891787528992,0.10193099081516266,0.6633671522140503,1.5411940813064575,5.656854629516602,10.820245742797852,3.880581855773926,3.0809807777404785,0.9967448924530603,0.06302064657211304,0.06302064657211304
val,chr17_58703282_CTG_,indel,22,12.416974067687988,1.64752995967865,0.8592548966407776,0.0076948972418904305,0.9413071870803833,0.8784198760986328,0.47947752475738525,0.7418891787528992,0.10193099081516266,0.6633671522140503,1.5411940813064575,5.656854629516602,10.820245742797852,3.880581855773926,3.0809807777404785,0.9967448924530603,0.06302064657211304,0.06302064657211304
val,chr17_58703288_CAA_,indel,22,12.411526679992676,1.5980736017227173,0.8618679046630859,0.012753473594784737,0.9442296028137207,0.9095432162284851,0.5012590885162354,0.7418891787528992,0.09910256415605545,0.6320866346359253,1.4893358945846558,5.656854629516602,10.820245742797852,3.8815653324127197,3.0826873779296875,0.9972970039866159,0.06323391199111938,0.06323391199111938
val,chr17_58703291_GTT_,indel,22,12.41162395477295,1.6525949239730835,0.8609135746955872,0.016799509525299072,0.9433160424232483,0.8970015048980713,0.46156057715415955,0.7418891787528992,0.0999356210231781,0.6726022958755493,1.546428918838501,5.656854629516602,10.820245742797852,3.8820784091949463,3.0833640098571777,0.9975159048712527,0.06332235038280487,0.06332235038280487
val,chr17_58703296_TCT_,indel,22,12.407878875732422,1.5431756973266602,0.8583047986030579,0.006427694112062454,0.940513551235199,0.8819273710250854,0.436163991689682,0.7418891787528992,0.10240966081619263,0.7154030799865723,1.4317221641540527,5.656854629516602,10.820245742797852,3.883700370788574,3.0823237895965576,0.9971793775422638,0.06311269104480743,0.06311269104480743
val,chr17_58709979_CAC_,indel,22,12.318986892700195,1.3055713176727295,0.8612827062606812,0.013534177094697952,0.9438607692718506,0.9142598509788513,0.4493870437145233,0.7418891787528992,0.09959601610898972,0.7326439619064331,1.1806498765945435,5.656854629516602,10.820245742797852,3.9289209842681885,3.0819833278656006,0.9970692329110935,0.06245988979935646,0.06245988979935646
val,chr17_58720791_GCC_,indel,22,12.277432441711426,1.1721640825271606,0.8628095984458923,0.013958025723695755,0.9455521702766418,0.910599946975708,0.5341116786003113,0.7418891787528992,0.0981268584728241,0.6943150758743286,1.0396543741226196,5.656854629516602,10.820245742797852,3.9548697471618652,3.0828943252563477,0.9973639546447782,0.06243889033794403,0.06243889033794403
val,chr17_58720803_CCT_,indel,22,12.335232734680176,1.3009841442108154,0.8606739044189453,0.013121344149112701,0.9427948594093323,0.9094064235687256,0.4224602282047272,0.7418891787528992,0.10047325491905212,0.7568938732147217,1.174320101737976,5.656854629516602,10.820245742797852,3.9609289169311523,3.0822649002075195,0.9971603259148835,0.06182883679866791,0.06182883679866791
val,chr17_58720806_GCA_,indel,22,12.37254524230957,1.3399279117584229,0.8608728647232056,0.015140248462557793,0.9428759217262268,0.9136232137680054,0.42875897884368896,0.7418891787528992,0.10033570230007172,0.7364421486854553,1.2150447368621826,5.656854629516602,10.820245742797852,3.962475538253784,3.08298397064209,0.9973929563123693,0.06158154085278511,0.06158154085278511
val,chr17_58724045_AGT_,indel,22,12.535503387451172,1.8290698528289795,0.8565019369125366,0.008555633015930653,0.9375489950180054,0.8859125375747681,0.44929400086402893,0.7418891787528992,0.10493876039981842,0.646138608455658,1.7271783351898193,5.656854629516602,10.820245742797852,3.968790292739868,3.082495927810669,0.9972350669146063,0.060473185032606125,0.060473185032606125
val,chr17_58724069_CGA_,indel,22,12.536407470703125,1.8729162216186523,0.859430730342865,0.029947862029075623,0.9400988817214966,0.880186915397644,0.5603843331336975,0.7418891787528992,0.10285169631242752,0.5785495042800903,1.7724823951721191,5.656854629516602,10.820245742797852,3.9820268154144287,3.082428216934204,0.9972131613997236,0.059796303510665894,0.059796303510665894
val,chr17_58732500_AAG_,indel,22,12.380393981933594,1.4572298526763916,0.8597428798675537,0.02145364135503769,0.9412208795547485,0.883007287979126,0.49037685990333557,0.7418891787528992,0.10186310112476349,0.7027857303619385,1.3356267213821411,5.656854629516602,10.820245742797852,4.010893821716309,3.082099437713623,0.9971067962411915,0.060922421514987946,0.060922421514987946
val,chr17_58732506_CCC_,indel,22,12.317183494567871,1.3070476055145264,0.8605421185493469,0.020423579961061478,0.9423431754112244,0.8957056403160095,0.486746609210968,0.7418891787528992,0.10096234828233719,0.7429279088973999,1.1781107187271118,5.656854629516602,10.820245742797852,4.01472282409668,3.0816524028778076,0.9969621735637094,0.06109555810689926,0.06109555810689926
val,chr17_58732527_GTA_,indel,22,12.33287525177002,1.357277274131775,0.8601399064064026,0.02314324676990509,0.9419223070144653,0.893486738204956,0.47154420614242554,0.7418891787528992,0.10149817913770676,0.7463484406471252,1.2300758361816406,5.656854629516602,10.820245742797852,4.028507709503174,3.083521604537964,0.9975668891858211,0.06090717017650604,0.06090717017650604
val,chr17_58732542_AAA_,indel,22,12.449468612670898,1.9584531784057617,0.856781542301178,0.007473724894225597,0.9378117322921753,0.8762406706809998,0.5038563013076782,0.7418891787528992,0.10497245192527771,0.6363607048988342,1.8593930006027222,5.656854629516602,10.820245742797852,4.0387139320373535,3.082411050796509,0.9972076078889083,0.0604330413043499,0.0604330413043499
val,chr17_58734121_CAG_,indel,22,12.37203311920166,1.8117549419403076,0.859460711479187,0.021526576951146126,0.9411303400993347,0.9018973708152771,0.5791584253311157,0.7418891787528992,0.10204905271530151,0.5958170294761658,1.7055108547210693,5.656854629516602,10.820245742797852,4.042879581451416,3.0833041667938232,0.9974965447154939,0.06139986589550972,0.06139986589550972
val,chr17_58734145_ACT_,indel,22,12.250774383544922,1.2646725177764893,0.8643798828125,0.021277908235788345,0.9470911026000977,0.9150211811065674,0.8303197026252747,0.7418891787528992,0.09688915312290192,0.502493143081665,1.1315611600875854,5.656854629516602,10.820245742797852,4.060013294219971,3.0835583209991455,0.9975787675283982,0.06212551146745682,0.06212551146745682
val,chr17_58734160_TTG_,indel,22,12.246535301208496,1.3568586111068726,0.8646776676177979,0.016755349934101105,0.9476320743560791,0.918480396270752,0.9167360067367554,0.7418891787528992,0.09645269066095352,0.43439608812332153,1.2276087999343872,5.656854629516602,10.820245742797852,4.071101665496826,3.0831642150878906,0.9974512681759301,0.06228044629096985,0.06228044629096985
val,chr17_58734181_AGC_,indel,22,12.248189926147461,1.3602890968322754,0.8649900555610657,0.02059597335755825,0.947847843170166,0.9181067943572998,0.946882426738739,0.7418891787528992,0.09623987972736359,0.4143489599227905,1.2304404973983765,5.656854629516602,10.820245742797852,4.087108612060547,3.0827744007110596,0.9973251572011658,0.06207935884594917,0.06207935884594917
