split,var_id,type,y,y1,resid,tau0.1_single,tau0.1_nine
train,chr17_58692647_C_G,missense,-1.7445875,-0.5463338,-1.1982538,0.06919766,0.06942471
train,chr17_58692647_C_A,missense,0.8161449,-0.046337605,0.8624825,0.068618014,0.06885365
train,chr17_58692647_C_T,missense,0.7855248,0.48176885,0.30375594,0.06384515,0.06405702
train,chr17_58692647_CGC_,indel,-0.6484281,-0.7986269,0.15019882,0.017741181,0.017863505
train,chr17_58692647_CGC_GCC,missense,-0.3891891,-0.048493385,-0.3406957,0.06896587,0.06920598
train,chr17_58692647_CGC_AGA,synonymous,0.32502833,0.5675187,-0.24249038,-0.073854014,-0.073883414
train,chr17_58692647_CGC_AGG,synonymous,-1.6691163,0.5675187,-2.236635,-0.073854014,-0.073883414
train,chr17_58692647_CGC_CAT,missense,-0.6537165,0.44662547,-1.100342,0.06440685,0.06461999
train,chr17_58692647_CGC_CCT,missense,-0.7787961,-0.96054935,0.18175328,0.07002717,0.070273064
train,chr17_58692647_CGC_CTG,missense,2.2519937,0.67714953,1.5748441,0.063738815,0.0639751
train,chr17_58692647_CGC_GGA,missense,-1.4588559,-0.5463338,-0.9125221,0.06919766,0.06942471
train,chr17_58692647_CGC_TCC,missense,-0.7641432,-0.046337605,-0.7178056,0.068618014,0.06885365
train,chr17_58692647_CGC_TGT,missense,1.3281386,0.48176885,0.84636974,0.06384515,0.06405702
train,chr17_58692648_G_A,missense,-0.47089672,0.44662547,-0.9175222,0.06440685,0.06461999
train,chr17_58692648_G_C,missense,-0.066304944,-0.96054935,0.89424443,0.07002717,0.070273064
train,chr17_58692648_G_T,missense,-0.47674596,0.67714953,-1.1538955,0.063738815,0.0639751
train,chr17_58692649_C_T,synonymous,0.35727197,0.5675187,-0.21024674,-0.073854014,-0.073883414
train,chr17_58692649_C_G,synonymous,1.2451082,0.5675187,0.67758954,-0.073854014,-0.073883414
train,chr17_58692649_C_A,synonymous,0.004558436,0.5675187,-0.56296027,-0.073854014,-0.073883414
train,chr17_58692653_A_C,missense,-0.85832226,0.19485998,-1.0531822,0.06554214,0.06578736
train,chr17_58692653_A_G,missense,-1.3590765,0.16255379,-1.5216303,0.066223994,0.066474766
train,chr17_58692653_AAG_,indel,0.21108252,0.24778914,-0.036706626,0.015630916,0.015731312
train,chr17_58692653_AAG_GCC,missense,0.7409761,0.24673748,0.49423862,0.06485531,0.06510896
train,chr17_58692653_AAG_ACC,missense,-1.5497721,0.28544426,-1.8352164,0.06359492,0.06382834
train,chr17_58692653_AAG_CAA,missense,-0.4614854,0.19485998,-0.65634537,0.06554214,0.06578736
train,chr17_58692653_AAG_CGG,missense,-1.2791215,0.25096703,-1.5300885,0.06552133,0.06582425
train,chr17_58692653_AAG_GAA,missense,-0.740616,0.16255379,-0.9031698,0.066223994,0.066474766
train,chr17_58692654_A_C,missense,0.28098688,0.28544426,-0.0044573843,0.06359492,0.06382834
train,chr17_58692654_A_G,missense,-0.6742519,0.25096703,-0.92521894,0.06552133,0.06582425
train,chr17_58692654_A_T,missense,0.6927356,0.15132833,0.5414073,0.06650389,0.066744186
train,chr17_58692655_G_A,synonymous,0.27186483,0.5297797,-0.25791484,-0.073048845,-0.073103
train,chr17_58692655_G_C,missense,-0.8718934,0.36333108,-1.2352245,0.06454795,0.064800784
train,chr17_58692655_G_T,missense,1.914725,0.36333108,1.5513939,0.06454795,0.064800784
train,chr17_58692656_A_T,missense,-1.0087072,0.2402935,-1.2490007,0.06679345,0.06712462
train,chr17_58692656_A_C,missense,-0.090135396,0.09790754,-0.18804294,0.068411335,0.06873917
train,chr17_58692656_A_G,missense,-1.5435272,0.1680839,-1.7116112,0.067481205,0.067788884
train,chr17_58692656_ACG_,indel,1.4835198,0.28176355,1.2017562,0.01601223,0.016125958
train,chr17_58692656_ACG_GCC,missense,-0.7070963,0.1680839,-0.8751802,0.067481205,0.067788884
train,chr17_58692656_ACG_AAA,missense,-0.38950032,0.013399839,-0.40290016,0.0682619,0.06860519
train,chr17_58692656_ACG_AGC,missense,0.7915361,0.2402935,0.5512426,0.06679345,0.06712462
train,chr17_58692656_ACG_CCC,missense,1.6667466,0.09790754,1.5688391,0.068411335,0.06873917
train,chr17_58692656_ACG_CGG,missense,1.5143621,-0.038784027,1.5531461,0.068103194,0.06848019
train,chr17_58692657_C_T,missense,0.68824375,-0.24269128,0.930935,0.06912703,0.0694372
train,chr17_58692657_C_G,missense,-0.6460771,-0.038784027,-0.60729307,0.068103194,0.06848019
train,chr17_58692657_C_A,missense,-1.1827637,0.013399839,-1.1961635,0.0682619,0.06860519
train,chr17_58692658_G_T,synonymous,-0.9743758,0.521106,-1.4954817,-0.07264694,-0.072711006
train,chr17_58692658_G_A,synonymous,-1.5676244,0.521106,-2.0887303,-0.07264694,-0.072711006
train,chr17_58692658_G_C,synonymous,-0.20742913,0.521106,-0.7285351,-0.07264694,-0.072711006
train,chr17_58692659_T_G,missense,-1.3760058,-0.2057898,-1.170216,0.0680899,0.068438835
train,chr17_58692659_T_A,missense,-2.7015846,0.25782275,-2.9594073,0.0658942,0.06619691
train,chr17_58692659_T_C,missense,2.687117,0.06752396,2.6195931,0.06778428,0.06810024
train,chr17_58692659_TTC_,indel,-0.2621702,-0.3000996,0.037929416,0.017650295,0.017763484
train,chr17_58692659_TTC_GCC,missense,-0.86587983,0.008617878,-0.8744977,0.06751953,0.06784558
train,chr17_58692659_TTC_AGC,missense,0.46075624,0.06757641,0.39317983,0.06724725,0.06758125
train,chr17_58692659_TTC_ATT,missense,-0.28199238,0.25782275,-0.5398151,0.0658942,0.06619691
train,chr17_58692659_TTC_CTG,missense,-1.3249518,0.06752396,-1.3924757,0.06778428,0.06810024
train,chr17_58692659_TTC_GTG,missense,0.022795467,-0.2057898,0.22858527,0.0680899,0.068438835
train,chr17_58692659_TTC_TAT,missense,-0.4552265,0.5231743,-0.9784008,0.065065145,0.06534809
train,chr17_58692659_TTC_TGT,missense,0.29709753,0.37748408,-0.08038655,0.06614616,0.06646869
train,chr17_58692660_T_A,missense,0.0046308506,0.5231743,-0.5185434,0.065065145,0.06534809
train,chr17_58692660_T_C,missense,0.09034292,0.06757641,0.022766508,0.06724725,0.06758125
train,chr17_58692660_T_G,missense,-0.5444982,0.37748408,-0.9219823,0.06614616,0.06646869
train,chr17_58692661_C_A,missense,-1.3264519,0.06752396,-1.3939759,0.06778428,0.06810024
train,chr17_58692661_C_G,missense,0.6493739,0.06752396,0.58184993,0.06778428,0.06810024
train,chr17_58692661_C_T,synonymous,0.13236032,0.55664396,-0.42428362,-0.07194426,-0.071992904
train,chr17_58692668_G_C,missense,-0.26721784,0.28752494,-0.5547428,0.067062594,0.06732757
train,chr17_58692668_G_A,missense,0.69341457,0.6184633,0.07495129,0.06540313,0.06568659
train,chr17_58692668_GAA_,indel,-1.3776984,0.2146635,-1.5923619,0.01750776,0.017627893
train,chr17_58692668_GAA_GCC,missense,0.5383878,0.4141147,0.12427306,0.066224396,0.06650352
train,chr17_58692668_GAA_AAG,missense,0.54155314,0.6184633,-0.07691014,0.06540313,0.06568659
train,chr17_58692668_GAA_CAG,missense,-1.2649653,0.28752494,-1.5524902,0.067062594,0.06732757
train,chr17_58692668_GAA_GGC,missense,1.716832,0.06683278,1.6499993,0.067729786,0.06802374
train,chr17_58692668_GAA_GTG,missense,-2.2194324,0.45089173,-2.670324,0.06615641,0.06642173
train,chr17_58692669_A_T,missense,-1.7163658,0.45089173,-2.1672575,0.06615641,0.06642173
train,chr17_58692669_A_C,missense,1.0867167,0.4141147,0.67260194,0.066224396,0.06650352
train,chr17_58692669_A_G,missense,-1.2234552,0.06683278,-1.290288,0.067729786,0.06802374
train,chr17_58692670_A_C,missense,0.95682603,0.20536017,0.75146586,0.06742356,0.06772625
train,chr17_58692670_A_G,synonymous,0.97444403,0.4876163,0.48682773,-0.070245475,-0.07028702
train,chr17_58692670_A_T,missense,-1.925665,0.20536017,-2.1310253,0.06742356,0.06772625
train,chr17_58692671_A_T,missense,-5.405425,-7.275301,1.8698759,0.072708316,0.0730817
train,chr17_58692671_A_C,missense,-5.315686,-7.275301,1.9596148,0.072708316,0.0730817
train,chr17_58692671_A_G,missense,-3.3812892,-5.2230062,1.841717,0.07159961,0.071979836
train,chr17_58692671_ATG_,indel,-3.3722236,-5.6932645,2.3210409,0.021450033,0.021596884
train,chr17_58692671_ATG_GCC,missense,-7.168533,-5.5474424,-1.6210904,0.071875654,0.07226991
train,chr17_58692671_ATG_AAA,missense,-6.027861,-8.0901985,2.0623374,0.07275834,0.07315909
train,chr17_58692671_ATG_ACC,missense,-6.069178,-4.2887983,-1.7803798,0.071267135,0.07164656
train,chr17_58692671_ATG_CGG,missense,-5.2055798,-7.3065147,2.100935,0.07241722,0.07281893
train,chr17_58692671_ATG_CTC,missense,-5.951159,-7.275301,1.324142,0.072708316,0.0730817
train,chr17_58692671_ATG_GTC,missense,-2.529174,-5.2230062,2.6938322,0.07159961,0.071979836
train,chr17_58692672_T_C,missense,-4.352209,-4.2887983,-0.06341076,0.071267135,0.07164656
train,chr17_58692672_T_G,missense,-5.495152,-7.3065147,1.8113627,0.07241722,0.07281893
train,chr17_58692672_T_A,missense,-8.283411,-8.0901985,-0.19321251,0.07275834,0.07315909
train,chr17_58692673_G_T,missense,-3.6611116,-4.084651,0.4235394,0.07110674,0.07146961
train,chr17_58692673_G_A,missense,-5.115934,-4.084651,-1.0312829,0.07110674,0.07146961
train,chr17_58692673_G_C,missense,-6.0993056,-4.084651,-2.0146546,0.07110674,0.07146961
train,chr17_58692674_C_A,missense,-0.7823672,0.31748343,-1.0998507,0.068181455,0.06848427
train,chr17_58692674_C_G,missense,-0.37020335,0.36731052,-0.7375139,0.067824565,0.06813281
train,chr17_58692674_CAG_,indel,-0.5368079,-0.43941808,-0.09738982,0.019057428,0.019233463
train,chr17_58692674_CAG_GCC,missense,-0.92505664,0.665611,-1.5906677,0.06679381,0.06711056
train,chr17_58692674_CAG_AAA,missense,-1.0578897,0.31748343,-1.3753731,0.068181455,0.06848427
train,chr17_58692674_CAG_AGA,missense,0.5107948,0.017802954,0.49299186,0.06960859,0.06992356
train,chr17_58692674_CAG_CCC,missense,0.27153313,0.12142444,0.1501087,0.06920511,0.06951462
train,chr17_58692674_CAG_CTC,missense,-0.9897797,0.1837821,-1.1735618,0.06952896,0.069882445
train,chr17_58692674_CAG_GAA,missense,1.8966521,0.36731052,1.5293416,0.067824565,0.06813281
train,chr17_58692675_A_G,missense,-0.60632765,0.017802954,-0.6241306,0.06960859,0.06992356
train,chr17_58692675_A_C,missense,-0.40193772,0.12142444,-0.52336216,0.06920511,0.06951462
train,chr17_58692675_A_T,missense,-1.8569278,0.1837821,-2.04071,0.06952896,0.069882445
train,chr17_58692676_G_A,synonymous,0.65401435,0.53602886,0.11798549,-0.06826822,-0.06828543
train,chr17_58692676_G_C,missense,-0.18202527,0.3231926,-0.50521785,0.0689014,0.0691995
train,chr17_58692676_G_T,missense,-1.6719637,0.3231926,-1.9951563,0.0689014,0.0691995
train,chr17_58692680_G_A,missense,-0.088960946,0.21310401,-0.30206496,0.07183069,0.072128154
train,chr17_58692680_G_C,missense,-0.3751033,-0.24629235,-0.12881094,0.07324088,0.07352746
train,chr17_58692680_G_T,missense,0.59493256,-0.9213251,1.5162576,0.07423508,0.07451106
train,chr17_58692680_GAT_,indel,-3.3760986,-3.4994454,0.123346806,0.022946604,0.023121629
train,chr17_58692680_GAT_GCC,missense,-1.3439488,-0.030220985,-1.3137279,0.07266114,0.0729363
train,chr17_58692680_GAT_AAC,missense,0.054044805,0.21310401,-0.1590592,0.07183069,0.072128154
train,chr17_58692680_GAT_CAC,missense,0.7874655,-0.24629235,1.0337579,0.07324088,0.07352746
train,chr17_58692680_GAT_GGC,missense,-0.56935656,-0.6290028,0.05964625,0.07377802,0.07405194
train,chr17_58692680_GAT_GTG,missense,-0.37379932,-0.8897674,0.5159681,0.07424055,0.074492134
train,chr17_58692680_GAT_TAC,missense,-1.5274616,-0.9213251,-0.60613656,0.07423508,0.07451106
train,chr17_58692681_A_C,missense,0.05285058,-0.030220985,0.08307157,0.07266114,0.0729363
train,chr17_58692681_A_G,missense,-0.34141123,-0.6290028,0.28759158,0.07377802,0.07405194
train,chr17_58692681_A_T,missense,1.1415315,-0.8897674,2.0312989,0.07424055,0.074492134
train,chr17_58692682_T_A,missense,-0.3865486,-0.015667677,-0.37088093,0.07240926,0.0727185
train,chr17_58692682_T_C,synonymous,-0.23802911,0.49513602,-0.73316514,-0.067036085,-0.067032956
train,chr17_58692682_T_G,missense,-1.9270473,-0.015667677,-1.9113796,0.07240926,0.0727185
train,chr17_58692683_T_A,missense,0.070031494,-1.5149446,1.5849761,0.07552697,0.07584758
train,chr17_58692683_T_C,synonymous,-0.55909324,0.56703043,-1.1261237,-0.06611219,-0.06609672
train,chr17_58692683_T_G,missense,0.8560986,-0.11492944,0.97102803,0.07415187,0.07448725
train,chr17_58692683_TTG_,indel,-20.3587,-15.213011,-5.145689,0.030691227,0.030841753
train,chr17_58692683_TTG_GCC,missense,-2.704689,-0.9799087,-1.7247803,0.0748739,0.075193636
train,chr17_58692683_TTG_AGC,missense,-7.528269,-11.203892,3.675623,0.07899351,0.079310834
train,chr17_58692683_TTG_CTA,synonymous,0.06052283,0.56703043,-0.5065076,-0.06611219,-0.06609672
train,chr17_58692683_TTG_CTC,synonymous,-0.6064813,0.56703043,-1.1735117,-0.06611219,-0.06609672
train,chr17_58692683_TTG_CTT,synonymous,1.5471548,0.56703043,0.98012435,-0.06611219,-0.06609672
train,chr17_58692683_TTG_GTC,missense,0.5106238,-0.11492944,0.62555325,0.07415187,0.07448725
train,chr17_58692684_T_C,missense,-7.055124,-11.203892,4.148768,0.07899351,0.079310834
train,chr17_58692684_T_G,missense,-0.7436783,-4.611808,3.8681295,0.07666777,0.077031724
train,chr17_58692685_G_A,synonymous,-0.46728632,0.56703043,-1.0343168,-0.06611219,-0.06609672
train,chr17_58692685_G_C,missense,0.1837187,-1.3247148,1.5084335,0.07465269,0.0749768
train,chr17_58692685_G_T,missense,-1.347526,-1.3247148,-0.022811174,0.07465269,0.0749768
train,chr17_58692701_T_A,missense,1.7586515,0.2391367,1.5195148,0.07504143,0.075328596
train,chr17_58692701_T_C,missense,1.8711839,-0.08789778,1.9590816,0.07482614,0.075152636
train,chr17_58692701_T_G,missense,-1.8664004,-1.35566,-0.5107404,0.07677524,0.07707973
train,chr17_58692701_TCT_,indel,-16.292028,-15.273008,-1.0190201,0.03991462,0.04001756
train,chr17_58692701_TCT_GCC,missense,1.6921577,-1.35566,3.0478177,0.07677524,0.07707973
train,chr17_58692701_TCT_ACC,missense,-0.4633854,0.2391367,-0.7025221,0.07504143,0.075328596
train,chr17_58692701_TCT_AGC,synonymous,0.83740777,0.8492081,-0.011800349,-0.06366995,-0.06378872
train,chr17_58692701_TCT_AGT,synonymous,1.1047596,0.8492081,0.25555146,-0.06366995,-0.06378872
train,chr17_58692701_TCT_CCC,missense,-0.3353498,-0.08789778,-0.24745202,0.07482614,0.075152636
train,chr17_58692701_TCT_TAC,missense,-1.7837759,-2.3096278,0.52585185,0.07777418,0.078071885
train,chr17_58692701_TCT_TGC,missense,-0.80846727,-3.080984,2.2725167,0.077479646,0.07780226
train,chr17_58692701_TCT_TTC,missense,-0.41435876,-6.418992,6.0046334,0.07853467,0.0788551
train,chr17_58692702_C_G,missense,2.1689413,-3.080984,5.2499256,0.077479646,0.07780226
train,chr17_58692702_C_T,missense,-2.4517024,-6.418992,3.9672897,0.07853467,0.0788551
train,chr17_58692702_C_A,missense,-2.2009912,-2.3096278,0.10863662,0.07777418,0.078071885
train,chr17_58692703_T_G,synonymous,-1.2195543,0.8492081,-2.0687623,-0.06366995,-0.06378872
train,chr17_58692703_T_A,synonymous,1.2845515,0.8492081,0.43534338,-0.06366995,-0.06378872
train,chr17_58692703_T_C,synonymous,-0.22762573,0.8492081,-1.0768338,-0.06366995,-0.06378872
train,chr17_58692704_C_G,missense,0.22886741,0.44133854,-0.21247113,0.0750356,0.0753769
train,chr17_58692704_C_T,missense,0.5216451,-0.18694663,0.70859176,0.07604445,0.07639994
train,chr17_58692704_C_A,missense,0.37738225,0.12043786,0.2569444,0.075048156,0.07539847
train,chr17_58692704_CCG_,indel,-13.865053,-14.870345,1.0052919,0.034294404,0.03440235
train,chr17_58692704_CCG_GCC,missense,0.13114314,0.44133854,-0.3101954,0.0750356,0.0753769
train,chr17_58692704_CCG_ACC,missense,1.7549045,0.12043786,1.6344666,0.075048156,0.07539847
train,chr17_58692704_CCG_AGA,missense,-0.4333544,0.27262092,-0.7059753,0.07473249,0.075096466
train,chr17_58692704_CCG_AGC,missense,0.3377019,-0.18694663,0.52464855,0.07604445,0.07639994
train,chr17_58692704_CCG_CAA,missense,-0.23651421,-0.10662365,-0.12989056,0.07554547,0.07588697
train,chr17_58692704_CCG_CTC,missense,0.9358704,-0.6570542,1.5929246,0.07692632,0.077264585
train,chr17_58692705_C_T,missense,0.34240556,-0.6570542,0.99945974,0.07692632,0.077264585
train,chr17_58692705_C_A,missense,0.21740976,-0.10662365,0.3240334,0.07554547,0.07588697
train,chr17_58692705_C_G,missense,0.08713154,0.27262092,-0.18548939,0.07473249,0.075096466
train,chr17_58692706_G_C,synonymous,0.9625902,0.84400177,0.11858845,-0.06311103,-0.06326032
train,chr17_58692706_G_T,synonymous,0.7869989,0.84400177,-0.057002842,-0.06311103,-0.06326032
train,chr17_58692707_G_A,missense,1.160962,0.5951073,0.56585467,0.07420289,0.074582785
train,chr17_58692707_G_C,missense,-1.1129308,-1.0848958,-0.028034925,0.076953135,0.07738475
train,chr17_58692707_G_T,missense,-0.05827131,0.35547948,-0.4137508,0.07556432,0.07595282
train,chr17_58692707_GCA_,indel,-8.296515,-13.866516,5.5700006,0.03726352,0.0374228
train,chr17_58692707_GCA_ACC,missense,-0.19663619,0.5951073,-0.7917435,0.07420289,0.074582785
train,chr17_58692707_GCA_AGC,missense,0.5026195,0.35547948,0.14714003,0.07556432,0.07595282
train,chr17_58692707_GCA_CCC,missense,-0.21061435,-1.0848958,0.8742815,0.076953135,0.07738475
train,chr17_58692707_GCA_GAG,missense,0.13348588,0.050696135,0.08278975,0.0757812,0.076163836
train,chr17_58692707_GCA_GGC,missense,2.6537254,0.18032265,2.4734027,0.0759781,0.076361
train,chr17_58692707_GCA_GTG,missense,-0.03733964,-0.17448926,0.13714962,0.07611007,0.076518394
train,chr17_58692708_C_T,missense,-0.050226577,-0.17448926,0.12426268,0.07611007,0.076518394
train,chr17_58692708_C_A,missense,-0.8316447,0.050696135,-0.88234085,0.0757812,0.076163836
train,chr17_58692708_C_G,missense,-0.39506873,0.18032265,-0.5753914,0.0759781,0.076361
train,chr17_58692709_A_C,synonymous,0.5590287,0.8302517,-0.271223,-0.062998116,-0.063165784
train,chr17_58692709_A_T,synonymous,-0.35334492,0.8302517,-1.1835966,-0.062998116,-0.063165784
train,chr17_58692719_A_G,missense,-2.63157,-4.930107,2.298537,0.080730885,0.08111125
train,chr17_58692719_A_C,missense,-0.46904823,-1.0222365,0.5531882,0.07860701,0.07899114
train,chr17_58692719_AAG_,indel,-16.305458,-17.112612,0.8071537,0.04047751,0.04063025
train,chr17_58692719_AAG_GCC,missense,0.30346292,-0.6809306,0.98439354,0.07753353,0.07791049
train,chr17_58692719_AAG_GAA,missense,-3.081381,-4.930107,1.848726,0.080730885,0.08111125
train,chr17_58692719_AAG_ACC,missense,-2.2424238,-0.44548106,-1.7969427,0.077403,0.077777825
train,chr17_58692719_AAG_CAA,missense,-1.3094376,-1.0222365,-0.28720117,0.07860701,0.07899114
train,chr17_58692719_AAG_CGG,missense,-0.8802103,0.38922405,-1.2694343,0.07632434,0.07672212
train,chr17_58692720_A_T,missense,-0.33561337,-3.021961,2.6863475,0.07964672,0.08003058
train,chr17_58692720_A_C,missense,-1.2276943,-0.44548106,-0.7822132,0.077403,0.077777825
train,chr17_58692720_A_G,missense,-0.936706,0.38922405,-1.3259301,0.07632434,0.07672212
train,chr17_58692721_G_A,synonymous,0.7399856,0.9222913,-0.1823057,-0.061530408,-0.061600797
train,chr17_58692721_G_C,missense,-0.6933463,-1.7949983,1.1016519,0.07901465,0.07939208
train,chr17_58692721_G_T,missense,-0.9106683,-1.7949983,0.88433,0.07901465,0.07939208
train,chr17_58692722_C_T,synonymous,1.28726,0.95484376,0.3324163,-0.06269622,-0.06274339
train,chr17_58692722_C_A,missense,0.6251003,-1.8512224,2.4763227,0.07990335,0.08027106
train,chr17_58692722_C_G,missense,0.6258531,-4.226451,4.852304,0.08063095,0.08102267
train,chr17_58692722_CTG_,indel,-11.47996,-11.006422,-0.4735384,0.03252238,0.032606248
train,chr17_58692722_CTG_GCC,missense,-1.1290398,-10.310591,9.181551,0.08183975,0.08226406
train,chr17_58692722_CTG_AGA,missense,-11.5841,-15.040044,3.455944,0.08377483,0.08421403
train,chr17_58692722_CTG_CAA,missense,-15.708452,-15.469847,-0.2386055,0.08437588,0.084815435
train,chr17_58692722_CTG_CCC,missense,-9.91584,-15.192711,5.2768707,0.08343217,0.083864324
train,chr17_58692722_CTG_GTC,missense,-0.5782874,-4.226451,3.6481636,0.08063095,0.08102267
train,chr17_58692722_CTG_TTA,synonymous,-0.019640697,0.95484376,-0.97448444,-0.06269622,-0.06274339
train,chr17_58692723_T_C,missense,-12.52633,-15.192711,2.666381,0.08343217,0.083864324
train,chr17_58692723_T_A,missense,-14.466432,-15.469847,1.0034151,0.08437588,0.084815435
train,chr17_58692723_T_G,missense,-12.707251,-15.040044,2.3327932,0.08377483,0.08421403
train,chr17_58692724_G_A,synonymous,0.068145566,0.95484376,-0.8866982,-0.06269622,-0.06274339
train,chr17_58692724_G_T,synonymous,-1.6852441,0.95484376,-2.6400878,-0.06269622,-0.06274339
train,chr17_58692724_G_C,synonymous,0.42973357,0.95484376,-0.5251102,-0.06269622,-0.06274339
train,chr17_58692725_G_A,missense,-1.5467732,-3.3986077,1.8518345,0.07939661,0.07981589
train,chr17_58692725_G_C,missense,-1.9722171,-0.6579778,-1.3142393,0.07794824,0.07834149
train,chr17_58692725_G_T,missense,-1.3046967,-0.6579778,-0.64671886,0.07794824,0.07834149
train,chr17_58692725_GTG_,indel,-6.1978073,-12.100768,5.902961,0.033968393,0.03404428
train,chr17_58692725_GTG_GCC,missense,0.19120911,0.19209218,-0.0008830726,0.077062465,0.07743334
train,chr17_58692725_GTG_CTC,missense,-0.6476125,-0.6579778,0.010365307,0.07794824,0.07834149
train,chr17_58692725_GTG_GAA,missense,-1.0345182,0.21171093,-1.2462292,0.07444642,0.07481901
train,chr17_58692725_GTG_GGC,missense,1.3582625,-2.0423772,3.4006398,0.07891501,0.07929415
train,chr17_58692726_T_A,missense,-0.5525227,0.21171093,-0.76423365,0.07444642,0.07481901
train,chr17_58692726_T_C,missense,1.2499249,0.19209218,1.0578327,0.077062465,0.07743334
train,chr17_58692726_T_G,missense,0.77332675,-2.0423772,2.8157039,0.07891501,0.07929415
train,chr17_58692727_G_T,synonymous,0.36152297,0.8384838,-0.47696084,-0.06130786,-0.0613954
train,chr17_58692727_G_A,synonymous,-1.2928327,0.8384838,-2.1313167,-0.06130786,-0.0613954
train,chr17_58692727_G_C,synonymous,-0.3631146,0.8384838,-1.2015984,-0.06130786,-0.0613954
train,chr17_58692728_T_C,missense,-3.6024632,-12.070091,8.4676285,0.079548076,0.080009095
train,chr17_58692728_T_A,missense,-0.17102629,-0.108258486,-0.0627678,0.07603924,0.07643368
train,chr17_58692728_T_G,missense,-0.011072604,0.4614129,-0.4724855,0.074674636,0.0750614
train,chr17_58692728_TCT_,indel,-14.519117,-15.74978,1.2306623,0.03565641,0.03570372
train,chr17_58692728_TCT_GCC,missense,1.3542165,0.4614129,0.89280355,0.074674636,0.0750614
train,chr17_58692728_TCT_CCC,missense,-3.8359132,-12.070091,8.234179,0.079548076,0.080009095
train,chr17_58692728_TCT_ACC,missense,1.340167,-0.108258486,1.4484255,0.07603924,0.07643368
train,chr17_58692728_TCT_AGC,synonymous,-0.4313371,0.8528688,-1.2842059,-0.062061828,-0.062184833
train,chr17_58692728_TCT_AGT,synonymous,-1.1559157,0.8528688,-2.0087845,-0.062061828,-0.062184833
train,chr17_58692728_TCT_TAC,missense,0.80872065,-0.9717704,1.7804911,0.0777667,0.0781481
train,chr17_58692728_TCT_TGC,missense,0.6872341,-0.8960936,1.5833278,0.07757334,0.07797117
train,chr17_58692728_TCT_TTC,missense,0.39352623,-4.0696893,4.4632154,0.078764886,0.07916004
train,chr17_58692729_C_T,missense,-1.8161136,-4.0696893,2.2535758,0.078764886,0.07916004
train,chr17_58692729_C_A,missense,0.9252922,-0.9717704,1.8970625,0.0777667,0.0781481
train,chr17_58692729_C_G,missense,0.87045884,-0.8960936,1.7665524,0.07757334,0.07797117
train,chr17_58692730_T_C,synonymous,0.75472885,0.8528688,-0.09813994,-0.062061828,-0.062184833
train,chr17_58692730_T_A,synonymous,2.9393094,0.8528688,2.0864406,-0.062061828,-0.062184833
train,chr17_58692730_T_G,synonymous,-0.571922,0.8528688,-1.4247909,-0.062061828,-0.062184833
train,chr17_58692731_G_C,missense,-15.32957,-17.343693,2.014123,0.08112893,0.081675254
train,chr17_58692731_G_T,missense,-0.8563485,0.018649817,-0.87499833,0.076955795,0.07740935
train,chr17_58692731_G_A,missense,0.24556446,-0.5323489,0.77791333,0.07742435,0.0778704
train,chr17_58692731_GCG_,indel,-18.840435,-16.52579,-2.3146458,0.03576314,0.035837483
train,chr17_58692731_GCG_CCC,missense,-11.437868,-17.343693,5.9058247,0.08112893,0.081675254
train,chr17_58692731_GCG_ACC,missense,0.3670285,-0.5323489,0.89937735,0.07742435,0.0778704
train,chr17_58692731_GCG_AGC,missense,-0.59124875,0.018649817,-0.60989857,0.076955795,0.07740935
train,chr17_58692731_GCG_GAA,missense,0.11763255,-3.6887226,3.8063552,0.0790728,0.07955312
train,chr17_58692731_GCG_GGC,missense,0.64826113,-0.8019395,1.4502006,0.07828865,0.078741506
train,chr17_58692731_GCG_GTC,missense,-0.25081068,-2.4535916,2.202781,0.07823391,0.078709655
train,chr17_58692732_C_T,missense,-1.0964553,-2.4535916,1.3571362,0.07823391,0.078709655
train,chr17_58692732_C_A,missense,-0.0067740344,-3.6887226,3.6819487,0.0790728,0.07955312
train,chr17_58692732_C_G,missense,0.071678534,-0.8019395,0.873618,0.07828865,0.078741506
train,chr17_58692733_G_A,synonymous,1.4755977,0.85304713,0.6225506,-0.061080392,-0.061218806
train,chr17_58692733_G_C,synonymous,0.8091231,0.85304713,-0.043924034,-0.061080392,-0.061218806
train,chr17_58692733_G_T,synonymous,0.07374803,0.85304713,-0.7792991,-0.061080392,-0.061218806
train,chr17_58692734_G_T,missense,-8.768859,-13.217873,4.4490137,0.078818575,0.079298526
train,chr17_58692734_G_A,missense,-1.9445293,-2.1151505,0.17062116,0.076520085,0.076988235
train,chr17_58692734_G_C,missense,0.29105994,-2.1151505,2.4062104,0.076520085,0.076988235
train,chr17_58692734_GGG_,indel,-10.401864,-15.167036,4.765172,0.027908416,0.027987478
train,chr17_58692734_GGG_GCC,missense,-0.76918995,-10.835544,10.066354,0.07868962,0.07916721
train,chr17_58692734_GGG_GTC,missense,-13.711066,-15.321001,1.6099348,0.08065156,0.081144266
train,chr17_58692734_GGG_AGA,missense,-2.737929,-2.1151505,-0.62277865,0.076520085,0.076988235
train,chr17_58692734_GGG_GAA,missense,-1.8135682,-3.5268583,1.7132901,0.0769346,0.0774261
train,chr17_58692735_G_A,missense,-1.0487169,-3.5268583,2.4781413,0.0769346,0.0774261
train,chr17_58692735_G_T,missense,-14.0233345,-15.321001,1.2976665,0.08065156,0.081144266
train,chr17_58692735_G_C,missense,-2.141185,-10.835544,8.694359,0.07868962,0.07916721
train,chr17_58692736_G_A,synonymous,0.109800436,0.8268719,-0.7170714,-0.064244464,-0.06437363
train,chr17_58692736_G_C,synonymous,-1.3951613,0.8268719,-2.222033,-0.064244464,-0.06437363
train,chr17_58692736_G_T,synonymous,0.20487468,0.8268719,-0.6219972,-0.064244464,-0.06437363
train,chr17_58692737_T_A,missense,-1.7216197,-1.1853411,-0.5362786,0.07435405,0.07486528
train,chr17_58692737_T_C,missense,-0.2034835,-1.7993058,1.5958223,0.07583101,0.076329395
train,chr17_58692737_T_G,missense,-1.8909618,-0.8494141,-1.0415477,0.0735022,0.074010156
train,chr17_58692737_TTC_,indel,-18.949749,-20.174942,1.225193,0.030201474,0.030320253
train,chr17_58692737_TTC_GCC,missense,-8.068238,-1.1107247,-6.957514,0.07472162,0.07521229
train,chr17_58692737_TTC_AGC,missense,-13.076869,-15.128576,2.0517073,0.0800107,0.080544055
train,chr17_58692737_TTC_TGT,missense,-4.7004647,-0.27828097,-4.422184,0.07331677,0.07378424
train,chr17_58692737_TTC_ATT,missense,0.30411407,-1.1853411,1.4894552,0.07435405,0.07486528
train,chr17_58692737_TTC_CTG,missense,-2.5022929,-1.7993058,-0.7029871,0.07583101,0.076329395
train,chr17_58692737_TTC_GTG,missense,-2.7865555,-0.8494141,-1.9371414,0.0735022,0.074010156
train,chr17_58692737_TTC_TAT,missense,1.7280157,-0.21333289,1.9413486,0.074898966,0.07534439
train,chr17_58692738_T_C,missense,-9.660284,-15.128576,5.468292,0.0800107,0.080544055
train,chr17_58692738_T_G,missense,-5.3865848,-0.27828097,-5.108304,0.07331677,0.07378424
train,chr17_58692738_T_A,missense,-1.2907616,-0.21333289,-1.0774287,0.074898966,0.07534439
train,chr17_58692739_C_G,missense,-0.19357635,-1.7993058,1.6057295,0.07583101,0.076329395
train,chr17_58692739_C_T,synonymous,-0.76970035,0.79008985,-1.5597901,-0.06416995,-0.06427145
train,chr17_58692739_C_A,missense,-0.42470154,-1.7993058,1.3746042,0.07583101,0.076329395
train,chr17_58692743_A_C,missense,-6.6823745,-14.076669,7.3942943,0.07806288,0.07852898
train,chr17_58692743_A_G,missense,-1.1764189,-0.24956155,-0.92685735,0.07576393,0.076193064
train,chr17_58692743_A_T,missense,-0.50896734,0.43713164,-0.946099,0.07364838,0.07405722
train,chr17_58692743_ACT_,indel,0.87141824,0.045976877,0.82544136,0.022639135,0.022728646
train,chr17_58692743_ACT_GCC,missense,0.43111718,-0.24956155,0.6806787,0.07576393,0.076193064
train,chr17_58692743_ACT_CCC,missense,-8.584494,-14.076669,5.492175,0.07806288,0.07852898
train,chr17_58692743_ACT_AAC,missense,1.213315,-0.3195665,1.5328815,0.07527554,0.0757026
train,chr17_58692743_ACT_AGC,missense,1.4302701,0.43713164,0.99313843,0.07364838,0.07405722
train,chr17_58692743_ACT_ATC,missense,-1.8429164,-1.277941,-0.5649754,0.07676234,0.077212356
train,chr17_58692744_C_T,missense,-0.52906305,-1.277941,0.74887794,0.07676234,0.077212356
train,chr17_58692744_C_A,missense,-0.7467754,-0.3195665,-0.4272089,0.07527554,0.0757026
train,chr17_58692744_C_G,missense,0.88065195,0.43713164,0.4435203,0.07364838,0.07405722
train,chr17_58692745_T_G,synonymous,-1.1373945,0.8423147,-1.9797093,-0.06404,-0.064144485
train,chr17_58692745_T_A,synonymous,0.4168129,0.8423147,-0.42550182,-0.06404,-0.064144485
train,chr17_58692745_T_C,synonymous,-0.4055018,0.8423147,-1.2478166,-0.06404,-0.064144485
train,chr17_58692746_G_A,missense,0.13784926,0.14556527,-0.007716015,0.07422398,0.07461043
train,chr17_58692746_G_T,missense,-1.04424,0.43001795,-1.474258,0.07416491,0.07455911
train,chr17_58692746_G_C,missense,2.0416083,-0.22742987,2.2690382,0.07492161,0.07530491
train,chr17_58692746_GCT_,indel,-0.70231944,-2.1661758,1.4638565,0.02410765,0.02419331
train,chr17_58692746_GCT_ACC,missense,0.105354905,0.14556527,-0.040210366,0.07422398,0.07461043
train,chr17_58692746_GCT_AGC,missense,-1.526319,0.43001795,-1.956337,0.07416491,0.07455911
train,chr17_58692746_GCT_CCC,missense,-0.12804861,-0.22742987,0.09938125,0.07492161,0.07530491
train,chr17_58692746_GCT_GAC,missense,2.0567532,-1.719595,3.776348,0.07587102,0.07628669
train,chr17_58692746_GCT_GGC,missense,0.035944376,0.5497074,-0.513763,0.07343892,0.07383444
train,chr17_58692746_GCT_GTG,missense,0.09081747,-0.91574264,1.0065601,0.07497564,0.075332135
train,chr17_58692747_C_G,missense,-1.3057225,0.5497074,-1.8554299,0.07343892,0.07383444
train,chr17_58692747_C_T,missense,-0.33577204,-0.91574264,0.5799706,0.07497564,0.075332135
train,chr17_58692747_C_A,missense,-0.45930856,-1.719595,1.2602863,0.07587102,0.07628669
train,chr17_58692748_T_C,synonymous,-1.0191284,0.7754719,-1.7946004,-0.06538479,-0.06546278
train,chr17_58692748_T_A,synonymous,0.41046718,0.7754719,-0.36500475,-0.06538479,-0.06546278
train,chr17_58692748_T_G,synonymous,-1.2469285,0.7754719,-2.0224004,-0.06538479,-0.06546278
train,chr17_58692755_CTC_,indel,-5.4740295,-6.509234,1.0352044,0.02303362,0.023335632
train,chr17_58692758_C_G,missense,0.41150233,-0.21330214,0.6248045,0.071792245,0.07217499
train,chr17_58692758_C_A,missense,-1.2477793,-0.13696551,-1.1108137,0.07175247,0.07213241
train,chr17_58692758_C_T,synonymous,-1.9729226,0.4424982,-2.4154208,-0.065098815,-0.06517614
train,chr17_58692758_CTA_,indel,-4.794733,-6.509234,1.7145009,0.02303362,0.023335632
train,chr17_58692758_CTA_GCC,missense,-0.89739233,0.18674588,-1.0841382,0.070918515,0.07128943
train,chr17_58692758_CTA_CCC,missense,-5.9220014,-10.736469,4.814468,0.077279374,0.07771685
train,chr17_58692758_CTA_ATC,missense,0.22700183,-0.13696551,0.36396736,0.07175247,0.07213241
train,chr17_58692758_CTA_CAG,missense,-1.4931287,0.07848835,-1.571617,0.07187158,0.072248705
train,chr17_58692758_CTA_CGG,missense,2.1460109,0.23928905,1.9067218,0.07154368,0.07192598
train,chr17_58692758_CTA_GTG,missense,0.015329119,-0.21330214,0.22863126,0.071792245,0.07217499
train,chr17_58692758_CTA_TTG,synonymous,-0.21833079,0.4424982,-0.660829,-0.065098815,-0.06517614
train,chr17_58692759_T_C,missense,-6.680518,-10.736469,4.055951,0.077279374,0.07771685
train,chr17_58692759_T_A,missense,-0.057919674,0.07848835,-0.13640803,0.07187158,0.072248705
train,chr17_58692759_T_G,missense,0.9512532,0.23928905,0.71196413,0.07154368,0.07192598
train,chr17_58692760_A_C,synonymous,0.5378363,0.4424982,0.095338106,-0.065098815,-0.06517614
train,chr17_58692760_A_G,synonymous,-0.5589211,0.4424982,-1.0014193,-0.065098815,-0.06517614
train,chr17_58692760_A_T,synonymous,-1.5539765,0.4424982,-1.9964747,-0.065098815,-0.06517614
train,chr17_58692761_G_A,missense,-0.6448384,-0.73654866,0.09171027,0.07165855,0.07204692
train,chr17_58692761_G_C,missense,1.6939604,-0.45583367,2.149794,0.071125,0.07149162
train,chr17_58692761_GAG_,indel,-4.269012,-4.089973,-0.179039,0.020834241,0.021127969
train,chr17_58692761_GAG_GCC,missense,0.7531761,-0.5835018,1.3366779,0.071309865,0.07168064
train,chr17_58692761_GAG_AAA,missense,-2.0755756,-0.73654866,-1.3390269,0.07165855,0.07204692
train,chr17_58692761_GAG_CAA,missense,0.16348967,-0.45583367,0.6193234,0.071125,0.07149162
train,chr17_58692761_GAG_GGC,missense,0.9040637,-0.51915836,1.4232221,0.07143142,0.07180616
train,chr17_58692761_GAG_GTC,missense,-0.9346115,-0.3015275,-0.633084,0.07081926,0.07117996
train,chr17_58692762_A_G,missense,-1.4083182,-0.51915836,-0.8891598,0.07143142,0.07180616
train,chr17_58692762_A_C,missense,-0.59286225,-0.5835018,-0.009360433,0.071309865,0.07168064
train,chr17_58692762_A_T,missense,0.46414575,-0.3015275,0.7656733,0.07081926,0.07117996
train,chr17_58692763_G_A,synonymous,0.5570424,0.3442297,0.21281272,-0.0664953,-0.06659136
train,chr17_58692763_G_C,missense,-1.445569,-0.27512074,-1.1704483,0.07077679,0.07116295
train,chr17_58692763_G_T,missense,0.031071847,-0.27512074,0.30619258,0.07077679,0.07116295
train,chr17_58692767_A_C,missense,-0.33419362,-0.9720789,0.63788533,0.07195506,0.07234325
train,chr17_58692767_A_G,missense,-2.5631604,-0.8366666,-1.7264938,0.07081225,0.07121414
train,chr17_58692767_AAA_,indel,-15.8415985,-14.76925,-1.0723486,0.025552584,0.025838066
train,chr17_58692767_AAA_GCC,missense,-0.2331664,-0.5987761,0.3656097,0.071093634,0.0714788
train,chr17_58692767_AAA_ACC,missense,-1.8180058,-0.42358208,-1.3944237,0.07039586,0.070825785
train,chr17_58692767_AAA_ATC,missense,-0.1380935,-1.2660836,1.1279901,0.072453715,0.07286674
train,chr17_58692767_AAA_CAG,missense,-2.197887,-0.9720789,-1.225808,0.07195506,0.07234325
train,chr17_58692767_AAA_CGG,missense,0.54756516,-0.86222863,1.4097939,0.07268658,0.073088534
train,chr17_58692767_AAA_GAG,missense,-2.0896153,-0.8366666,-1.2529488,0.07081225,0.07121414
train,chr17_58692768_A_C,missense,-2.5400903,-0.42358208,-2.1165082,0.07039586,0.070825785
train,chr17_58692768_A_G,missense,-0.5525807,-0.86222863,0.30964792,0.07268658,0.073088534
train,chr17_58692768_A_T,missense,-1.1205089,-1.2660836,0.14557469,0.072453715,0.07286674
train,chr17_58692769_A_G,synonymous,-0.91158843,0.07456088,-0.9861493,-0.065618515,-0.06568623
train,chr17_58692769_A_C,missense,0.10884701,-0.9726695,1.0815165,0.07176284,0.07218035
train,chr17_58692769_A_T,missense,-0.77977747,-0.9726695,0.19289201,0.07176284,0.07218035
train,chr17_58692779_C_T,missense,-0.501168,-7.037629,6.536461,0.078941405,0.07926538
train,chr17_58692779_C_A,missense,-0.10374629,-1.9021223,1.798376,0.07629399,0.07662969
train,chr17_58692779_C_G,missense,-0.7504087,-2.5684512,1.8180425,0.07671784,0.07705522
train,chr17_58692779_CTT_,indel,-10.601687,-8.520479,-2.0812082,0.037318636,0.037346676
train,chr17_58692779_CTT_GCC,missense,-3.6147501,-9.241805,5.627055,0.0810872,0.08142689
train,chr17_58692779_CTT_CAC,missense,-8.629139,-10.329785,1.7006464,0.08064026,0.08099323
train,chr17_58692779_CTT_CCC,missense,-7.802518,-10.183742,2.3812237,0.08002848,0.080403276
train,chr17_58692779_CTT_CGG,missense,-10.028562,-8.750576,-1.2779856,0.07926221,0.079624936
train,chr17_58692779_CTT_ATC,missense,-0.14373727,-1.9021223,1.758385,0.07629399,0.07662969
train,chr17_58692779_CTT_GTG,missense,-0.45979705,-2.5684512,2.108654,0.07671784,0.07705522
train,chr17_58692779_CTT_TTA,synonymous,-0.9781862,-0.33008647,-0.6480997,-0.065032326,-0.06504204
train,chr17_58692779_CTT_TTC,missense,-1.4601996,-7.037629,5.57743,0.078941405,0.07926538
train,chr17_58692779_CTT_TTG,synonymous,0.4137701,-0.33008647,0.74385655,-0.065032326,-0.06504204
train,chr17_58692780_T_A,missense,-10.943507,-10.329785,-0.61372185,0.08064026,0.08099323
train,chr17_58692780_T_C,missense,-11.965504,-10.183742,-1.7817621,0.08002848,0.080403276
train,chr17_58692780_T_G,missense,-10.331367,-8.750576,-1.5807905,0.07926221,0.079624936
train,chr17_58692781_T_A,synonymous,0.029245207,-0.33008647,0.35933167,-0.065032326,-0.06504204
train,chr17_58692781_T_C,synonymous,-2.1609726,-0.33008647,-1.8308861,-0.065032326,-0.06504204
train,chr17_58692781_T_G,synonymous,1.7412958,-0.33008647,2.0713823,-0.065032326,-0.06504204
train,chr17_58692782_A_C,missense,-1.5496237,-1.4985691,-0.051054597,0.07526138,0.075607434
train,chr17_58692782_A_G,missense,-1.584846,-1.0616498,-0.5231962,0.074765176,0.07508239
train,chr17_58692782_A_T,missense,-0.86265296,-2.6118734,1.7492204,0.076583326,0.076915875
train,chr17_58692782_AGC_,indel,-9.243829,-9.4121685,0.16833973,0.027318964,0.027411973
train,chr17_58692782_AGC_GCC,missense,0.709994,-1.1525544,1.8625484,0.07546454,0.07578941
train,chr17_58692782_AGC_AAT,missense,-0.49124855,-1.3439951,0.85274655,0.07522197,0.07555004
train,chr17_58692782_AGC_ACA,missense,-0.50101495,-1.1339654,0.6329504,0.07494917,0.07527157
train,chr17_58692782_AGC_ATT,missense,-1.5470243,-1.6112299,0.06420565,0.075876504,0.0762075
train,chr17_58692782_AGC_CGG,missense,-2.9108324,-1.4985691,-1.4122633,0.07526138,0.075607434
train,chr17_58692782_AGC_GGA,missense,0.70433444,-1.0616498,1.7659843,0.074765176,0.07508239
train,chr17_58692782_AGC_TCA,synonymous,0.0884575,-0.42024183,0.50869936,-0.06483472,-0.06486784
train,chr17_58692782_AGC_TCC,synonymous,-0.18108541,-0.42024183,0.23915642,-0.06483472,-0.06486784
train,chr17_58692782_AGC_TCG,synonymous,0.28989026,-0.42024183,0.7101321,-0.06483472,-0.06486784
train,chr17_58692782_AGC_TCT,synonymous,-0.41680273,-0.42024183,0.0034390986,-0.06483472,-0.06486784
train,chr17_58692782_AGC_TGT,missense,0.74715817,-2.6118734,3.3590317,0.076583326,0.076915875
train,chr17_58692783_G_A,missense,-0.8447053,-1.3439951,0.4992898,0.07522197,0.07555004
train,chr17_58692783_G_C,missense,1.2724682,-1.1339654,2.4064336,0.07494917,0.07527157
train,chr17_58692783_G_T,missense,-1.0846441,-1.6112299,0.5265858,0.075876504,0.0762075
train,chr17_58692784_C_T,synonymous,0.9818572,-0.42024183,1.402099,-0.06483472,-0.06486784
train,chr17_58692784_C_G,missense,-3.0422847,-1.4985691,-1.5437156,0.07526138,0.075607434
train,chr17_58692784_C_A,missense,-2.0697815,-1.4985691,-0.5712124,0.07526138,0.075607434
train,chr17_58692785_A_C,missense,2.0784104,-1.4864641,3.5648746,0.073509514,0.07378269
train,chr17_58692785_A_G,missense,0.45859686,-3.1784382,3.6370351,0.07502525,0.07531898
train,chr17_58692785_AAA_,indel,-8.369577,-9.225635,0.85605717,0.025348447,0.025403475
train,chr17_58692785_AAA_GCC,missense,-4.9921317,-1.2496313,-3.7425003,0.07250221,0.07277713
train,chr17_58692785_AAA_ACC,missense,-10.978096,-1.7373643,-9.240732,0.073561035,0.07384443
train,chr17_58692785_AAA_ATC,missense,-10.868664,-1.6562645,-9.2123995,0.07337052,0.07365868
train,chr17_58692785_AAA_CAG,missense,-6.321993,-1.4864641,-4.835529,0.073509514,0.07378269
train,chr17_58692785_AAA_CGG,missense,-8.504233,-1.1615845,-7.342649,0.073554866,0.07383645
train,chr17_58692785_AAA_GAG,missense,-6.0202665,-3.1784382,-2.8418283,0.07502525,0.07531898
train,chr17_58692786_A_C,missense,-0.55273294,-1.7373643,1.1846313,0.073561035,0.07384443
train,chr17_58692786_A_G,missense,-0.43671012,-1.1615845,0.7248744,0.073554866,0.07383645
train,chr17_58692786_A_T,missense,-1.2085224,-1.6562645,0.4477421,0.07337052,0.07365868
train,chr17_58692787_A_C,missense,-5.7301946,-1.2698224,-4.460372,0.073116675,0.07339299
train,chr17_58692787_A_G,synonymous,-7.993193,-0.54701185,-7.4461813,-0.064767405,-0.064849325
train,chr17_58692787_A_T,missense,-8.189813,-1.2698224,-6.9199905,0.073116675,0.07339299
train,chr17_58692788_G_A,missense,-8.97817,-2.4227762,-6.555394,0.07508161,0.07541242
train,chr17_58692788_G_C,missense,-7.3121696,-1.522363,-5.7898064,0.07417647,0.07449253
train,chr17_58694931_A_C,missense,-1.2193404,-1.1675855,-0.05175495,0.073688425,0.07401097
train,chr17_58694931_A_G,missense,-0.31939673,-1.7221004,1.4027036,0.07470577,0.07502223
train,chr17_58694931_A_T,missense,-2.8720329,-2.4833848,-0.38864803,0.07483055,0.07515232
train,chr17_58694932_A_C,missense,0.11469628,-1.4637655,1.5784618,0.07442308,0.07474092
train,chr17_58694932_A_G,synonymous,-2.5632708,-0.30255723,-2.2607136,-0.06381687,-0.063954405
train,chr17_58694932_A_T,missense,-0.8055519,-1.4637655,0.6582136,0.07442308,0.07474092
train,chr17_58694933_G_A,missense,0.76422775,-1.1010168,1.8652445,0.07409532,0.074469134
train,chr17_58694933_G_C,missense,-1.2900763,-0.80452776,-0.4855485,0.07248554,0.0728589
train,chr17_58694933_G_T,missense,0.28064787,-2.479167,2.7598147,0.074822545,0.075209714
train,chr17_58694933_GTT_,indel,-4.4249406,-6.2644844,1.8395438,0.026124448,0.02616654
train,chr17_58694933_GTT_GCC,missense,-0.67963284,-0.4302678,-0.24936503,0.07269836,0.073048286
train,chr17_58694933_GTT_GAC,missense,-6.5182457,-8.758544,2.2402983,0.07916162,0.07963093
train,chr17_58694933_GTT_ATC,missense,0.30575326,-1.1010168,1.40677,0.07409532,0.074469134
train,chr17_58694933_GTT_CTG,missense,1.4994209,-0.80452776,2.3039486,0.07248554,0.0728589
train,chr17_58694933_GTT_GGC,missense,-0.39821318,-2.470879,2.072666,0.0752009,0.07556834
train,chr17_58694933_GTT_TTC,missense,-0.8573298,-2.479167,1.6218371,0.074822545,0.075209714
train,chr17_58694934_T_A,missense,-5.5431395,-8.758544,3.2154045,0.07916162,0.07963093
train,chr17_58694934_T_C,missense,-0.5665376,-0.4302678,-0.13626981,0.07269836,0.073048286
train,chr17_58694934_T_G,missense,-0.9167388,-2.470879,1.5541403,0.0752009,0.07556834
train,chr17_58694935_T_A,synonymous,-0.24204676,-0.18993473,-0.052112028,-0.06408609,-0.06423708
train,chr17_58694935_T_C,synonymous,-0.7118648,-0.18993473,-0.5219301,-0.06408609,-0.06423708
train,chr17_58694935_T_G,synonymous,-1.8866394,-0.18993473,-1.6967046,-0.06408609,-0.06423708
train,chr17_58694939_A_C,missense,-0.5288391,-0.73456645,0.20572734,0.07209471,0.07250752
train,chr17_58694939_A_G,missense,0.16483195,-1.2198352,1.3846672,0.07246293,0.072883695
train,chr17_58694939_A_T,missense,-1.4310976,-0.73456645,-0.6965312,0.07209471,0.07250752
train,chr17_58694939_ATA_,indel,-8.683885,-9.973155,1.2892704,0.0263408,0.02639234
train,chr17_58694939_ATA_GCC,missense,-2.2226088,-2.643124,0.4205153,0.0737198,0.074135736
train,chr17_58694939_ATA_AAG,missense,-7.578512,-7.374645,-0.20386696,0.0756907,0.07613322
train,chr17_58694939_ATA_CGG,missense,-11.498546,-9.406886,-2.0916595,0.076773435,0.07723946
train,chr17_58694939_ATA_ACC,missense,-0.987779,-2.419107,1.4313279,0.07373797,0.07413815
train,chr17_58694939_ATA_CTG,missense,-1.2318946,-0.73456645,-0.49732816,0.07209471,0.07250752
train,chr17_58694939_ATA_GTG,missense,-0.94367707,-1.2198352,0.2761581,0.07246293,0.072883695
train,chr17_58694940_T_A,missense,-5.8318925,-7.374645,1.5427527,0.0756907,0.07613322
train,chr17_58694940_T_G,missense,-7.938973,-9.406886,1.4679132,0.076773435,0.07723946
train,chr17_58694940_T_C,missense,-0.018110353,-2.419107,2.4009967,0.07373797,0.07413815
train,chr17_58694941_A_G,missense,0.36437187,-1.3783505,1.7427224,0.07248297,0.07291014
train,chr17_58694941_A_C,synonymous,0.6077187,0.003622055,0.60409665,-0.06558624,-0.06573412
train,chr17_58694941_A_T,synonymous,-1.2410032,0.003622055,-1.2446252,-0.06558624,-0.06573412
train,chr17_58694942_T_C,missense,0.26741737,-2.4356666,2.703084,0.07276906,0.07321266
train,chr17_58694942_T_A,missense,-0.5153268,-0.639869,0.12454218,0.070512705,0.07095793
train,chr17_58694942_T_G,missense,-1.8719233,-0.59968305,-1.2722403,0.07113245,0.071546465
train,chr17_58694942_TCT_,indel,-11.102867,-11.254426,0.15155888,0.028657403,0.028720718
train,chr17_58694942_TCT_GCC,missense,-2.1392574,-0.59968305,-1.5395744,0.07113245,0.071546465
train,chr17_58694942_TCT_ACC,missense,-1.9087971,-0.639869,-1.2689282,0.070512705,0.07095793
train,chr17_58694942_TCT_AGC,synonymous,-1.3261695,-0.01533103,-1.3108385,-0.06586974,-0.06602195
train,chr17_58694942_TCT_AGT,synonymous,-1.6078564,-0.01533103,-1.5925254,-0.06586974,-0.06602195
train,chr17_58694942_TCT_CCC,missense,-0.621156,-2.4356666,1.8145106,0.07276906,0.07321266
train,chr17_58694942_TCT_TAC,missense,-1.5586466,-3.5045395,1.9458929,0.07380768,0.07425064
train,chr17_58694942_TCT_TGC,missense,-0.29766914,-1.2474526,0.94978344,0.07188463,0.07233465
train,chr17_58694942_TCT_TTC,missense,-1.0343356,-2.9180703,1.8837347,0.07323061,0.07368212
train,chr17_58694943_C_G,missense,-1.0277796,-1.2474526,0.21967304,0.07188463,0.07233465
train,chr17_58694943_C_A,missense,-1.8237917,-3.5045395,1.6807477,0.07380768,0.07425064
train,chr17_58694943_C_T,missense,-0.8820708,-2.9180703,2.0359995,0.07323061,0.07368212
train,chr17_58694944_T_A,synonymous,-0.24997793,-0.01533103,-0.2346469,-0.06586974,-0.06602195
train,chr17_58694944_T_C,synonymous,0.86794704,-0.01533103,0.8832781,-0.06586974,-0.06602195
train,chr17_58694944_T_G,synonymous,-0.25538105,-0.01533103,-0.24005002,-0.06586974,-0.06602195
train,chr17_58694945_A_G,missense,-4.1536365,-1.1152095,-3.0384269,0.07202384,0.07248627
train,chr17_58694945_A_C,missense,-0.24604303,-0.6868863,0.44084328,0.07168163,0.07216339
train,chr17_58694945_AAA_,indel,-11.718851,-10.332894,-1.3859568,0.025896357,0.026003907
train,chr17_58694945_AAA_GCC,missense,-2.9426146,-1.4507831,-1.4918314,0.07307955,0.07355254
train,chr17_58694945_AAA_CAG,missense,-3.3547783,-0.6868863,-2.667892,0.07168163,0.07216339
train,chr17_58694945_AAA_GAG,missense,-3.7086997,-1.1152095,-2.5934901,0.07202384,0.07248627
train,chr17_58694945_AAA_ACC,missense,-0.5207431,-0.76098657,0.2402435,0.07141418,0.07188478
train,chr17_58694945_AAA_ATC,missense,-1.4951885,-0.92770684,-0.56748164,0.071626,0.072118215
train,chr17_58694945_AAA_CGG,missense,-2.7273846,-0.6953647,-2.0320199,0.07207769,0.07258065
train,chr17_58694946_A_C,missense,-0.48646644,-0.76098657,0.27452013,0.07141418,0.07188478
train,chr17_58694946_A_G,missense,1.6342777,-0.6953647,2.3296423,0.07207769,0.07258065
train,chr17_58694946_A_T,missense,-0.21792784,-0.92770684,0.709779,0.071626,0.072118215
train,chr17_58694947_A_C,missense,0.758596,-1.2575823,2.0161784,0.07295106,0.07342085
train,chr17_58694947_A_G,synonymous,-0.15335675,-0.05693698,-0.09641977,-0.066198125,-0.06634703
train,chr17_58694947_A_T,missense,-2.0189385,-1.2575823,-0.76135623,0.07295106,0.07342085
train,chr17_58694948_G_A,missense,0.8280925,-0.37146068,1.1995533,0.07140069,0.07186638
train,chr17_58694948_G_C,missense,2.1838596,-1.8902649,4.0741243,0.07343707,0.07394624
train,chr17_58694948_G_T,missense,-1.9438229,-0.5784657,-1.3653572,0.07171297,0.07220284
train,chr17_58694948_GCA_,indel,-7.7792277,-9.077159,1.2979312,0.024726063,0.024832878
train,chr17_58694948_GCA_ACC,missense,-1.3729593,-0.37146068,-1.0014986,0.07140069,0.07186638
train,chr17_58694948_GCA_AGC,missense,-0.61567575,-0.5784657,-0.037210047,0.07171297,0.07220284
train,chr17_58694948_GCA_CCC,missense,-1.0065612,-1.8902649,0.8837037,0.07343707,0.07394624
train,chr17_58694948_GCA_GAG,missense,-0.6040646,-1.4121368,0.8080722,0.07304089,0.07356212
train,chr17_58694948_GCA_GGC,missense,-1.7557884,-1.1875514,-0.56823707,0.07274221,0.07321172
train,chr17_58694948_GCA_GTG,missense,-0.0634973,-1.3898678,1.3263705,0.073097326,0.07358752
train,chr17_58694949_C_T,missense,-1.5359106,-1.3898678,-0.14604282,0.073097326,0.07358752
train,chr17_58694949_C_A,missense,-1.4956741,-1.4121368,-0.08353734,0.07304089,0.07356212
train,chr17_58694949_C_G,missense,-0.7646204,-1.1875514,0.42293096,0.07274221,0.07321172
train,chr17_58694950_A_C,synonymous,0.2653645,0.12866163,0.13670287,-0.06639212,-0.066496894
train,chr17_58694950_A_G,synonymous,1.9125682,0.12866163,1.7839066,-0.06639212,-0.066496894
train,chr17_58694950_A_T,synonymous,-0.090014055,0.12866163,-0.21867569,-0.06639212,-0.066496894
train,chr17_58694951_G_A,missense,-1.5755978,-1.9537053,0.37810755,0.07588157,0.076336704
train,chr17_58694951_G_C,missense,-2.6180255,-0.3592689,-2.2587566,0.07278689,0.07324164
train,chr17_58694951_GAA_,indel,-8.325175,-9.527312,1.202137,0.02566248,0.025797896
train,chr17_58694951_GAA_GCC,missense,-2.7957654,-0.36444783,-2.4313176,0.07330936,0.07375267
train,chr17_58694951_GAA_AAG,missense,-0.08532843,-1.9537053,1.8683769,0.07588157,0.076336704
train,chr17_58694951_GAA_CAG,missense,0.74075586,-0.3592689,1.1000247,0.07278689,0.07324164
train,chr17_58694951_GAA_GGC,missense,-1.453252,-1.0980732,-0.3551787,0.074493155,0.07493569
train,chr17_58694951_GAA_GTG,missense,-1.177187,-0.746866,-0.43032098,0.07363327,0.07406478
train,chr17_58694952_A_G,missense,1.5274181,-1.0980732,2.6254914,0.074493155,0.07493569
train,chr17_58694952_A_C,missense,-2.4910085,-0.36444783,-2.1265607,0.07330936,0.07375267
train,chr17_58694952_A_T,missense,1.0854735,-0.746866,1.8323395,0.07363327,0.07406478
train,chr17_58694953_A_C,missense,-0.89289576,-0.75063825,-0.14225751,0.07403286,0.07448863
train,chr17_58694953_A_G,synonymous,0.20433919,0.20058846,0.0037507266,-0.06546812,-0.06553777
train,chr17_58694953_A_T,missense,1.2070541,-0.75063825,1.9576924,0.07403286,0.07448863
train,chr17_58694954_G_A,missense,-0.6256143,-1.5253541,0.89973986,0.07544767,0.07586654
train,chr17_58694954_G_C,missense,-4.43726,-9.317366,4.8801055,0.08014965,0.08063707
train,chr17_58694954_G_T,missense,-0.8030755,-1.1472479,0.34417242,0.074774824,0.075195655
train,chr17_58694954_GCC_,indel,-3.538418,-7.39028,3.8518617,0.025142536,0.025314054
train,chr17_58694954_GCC_CCT,missense,-4.976863,-9.317366,4.3405027,0.08014965,0.08063707
train,chr17_58694954_GCC_GAT,missense,-7.0787454,-8.598295,1.5195498,0.0786695,0.07914051
train,chr17_58694954_GCC_ACA,missense,-1.9946659,-1.5253541,-0.4693117,0.07544767,0.07586654
train,chr17_58694954_GCC_AGC,missense,0.794346,-1.1472479,1.9415939,0.074774824,0.075195655
train,chr17_58694954_GCC_GGA,missense,-0.7928604,-2.3450136,1.5521532,0.0761198,0.07652513
train,chr17_58694954_GCC_GTG,missense,-1.2688295,-1.7851167,0.5162872,0.07553842,0.0760031
train,chr17_58694955_C_G,missense,-2.595557,-2.3450136,-0.25054336,0.0761198,0.07652513
train,chr17_58694955_C_A,missense,-4.808083,-8.598295,3.7902122,0.0786695,0.07914051
train,chr17_58694955_C_T,missense,-1.893346,-1.7851167,-0.10822928,0.07553842,0.0760031
train,chr17_58694956_C_A,synonymous,0.037594527,0.24319029,-0.20559576,-0.066384085,-0.066403024
train,chr17_58694956_C_G,synonymous,-1.5908204,0.24319029,-1.8340107,-0.066384085,-0.066403024
train,chr17_58694956_C_T,synonymous,0.5874052,0.24319029,0.34421492,-0.066384085,-0.066403024
train,chr17_58694957_T_A,missense,-1.6819289,-0.35108185,-1.330847,0.07256849,0.072982475
train,chr17_58694957_T_C,synonymous,0.622708,0.392308,0.23040003,-0.0663426,-0.066376306
train,chr17_58694957_T_G,missense,-0.33334288,-0.47609472,0.14275184,0.07251969,0.07293636
train,chr17_58694957_TTA_,indel,-10.201701,-9.173644,-1.0280571,0.030408522,0.030519439
train,chr17_58694957_TTA_GCC,missense,-1.5301841,-0.4978485,-1.0323356,0.07212417,0.07253698
train,chr17_58694957_TTA_AGC,missense,-0.52539593,-0.77316046,0.24776453,0.073324785,0.07372683
train,chr17_58694957_TTA_ATC,missense,-2.527558,-0.35108185,-2.1764762,0.07256849,0.072982475
train,chr17_58694957_TTA_CTC,synonymous,-0.6340388,0.392308,-1.0263468,-0.0663426,-0.066376306
train,chr17_58694957_TTA_CTG,synonymous,-0.5342252,0.392308,-0.9265332,-0.0663426,-0.066376306
train,chr17_58694957_TTA_CTT,synonymous,-0.71829414,0.392308,-1.1106021,-0.0663426,-0.066376306
train,chr17_58694957_TTA_GTG,missense,0.5588695,-0.47609472,1.0349642,0.07251969,0.07293636
train,chr17_58694958_T_C,missense,-1.4551263,-0.77316046,-0.6819658,0.073324785,0.07372683
train,chr17_58694959_A_C,missense,-1.9674168,-0.32865,-1.6387668,0.07253539,0.07293649
train,chr17_58694959_A_G,synonymous,0.4561637,0.392308,0.06385571,-0.0663426,-0.066376306
train,chr17_58694959_A_T,missense,1.6309869,-0.32865,1.9596369,0.07253539,0.07293649
train,chr17_58694963_A_G,missense,0.03278963,0.25711656,-0.22432692,0.0725294,0.07295796
train,chr17_58694963_A_C,missense,-7.5607333,-4.603799,-2.9569345,0.07686393,0.077327155
train,chr17_58694963_A_T,missense,0.067336366,-2.2867544,2.3540907,0.07596412,0.07642005
train,chr17_58694963_ACT_,indel,-6.796304,-7.8422136,1.0459094,0.029719118,0.029780254
train,chr17_58694963_ACT_GCC,missense,2.5204115,0.25711656,2.263295,0.0725294,0.07295796
train,chr17_58694963_ACT_CCC,missense,-10.08019,-4.603799,-5.476391,0.07686393,0.077327155
train,chr17_58694963_ACT_AAC,missense,0.06604953,-1.788279,1.8543286,0.07546067,0.075905226
train,chr17_58694963_ACT_AGC,missense,0.6746853,-2.2867544,2.9614396,0.07596412,0.07642005
train,chr17_58694963_ACT_ATC,missense,-0.76964694,0.07091117,-0.8405581,0.07202977,0.0724398
train,chr17_58694964_C_A,missense,0.7242232,-1.788279,2.5125022,0.07546067,0.075905226
train,chr17_58694964_C_G,missense,-0.67166424,-2.2867544,1.6150901,0.07596412,0.07642005
train,chr17_58694964_C_T,missense,0.42343393,0.07091117,0.35252276,0.07202977,0.0724398
train,chr17_58694965_T_C,synonymous,0.08939955,0.48222685,-0.3928273,-0.066177554,-0.066232264
train,chr17_58694965_T_A,synonymous,1.1728374,0.48222685,0.6906105,-0.066177554,-0.066232264
train,chr17_58694965_T_G,synonymous,-2.3420715,0.48222685,-2.8242984,-0.066177554,-0.066232264
train,chr17_58694966_C_A,missense,-1.9538999,-0.05150342,-1.9023964,0.072624594,0.07303398
train,chr17_58694966_C_G,missense,-2.1829576,-0.103945255,-2.0790124,0.07229185,0.07269486
train,chr17_58694966_C_T,synonymous,-0.13074613,0.54062104,-0.67136717,-0.06656439,-0.0666287
train,chr17_58694966_CTG_,indel,-8.049033,-10.21851,2.1694765,0.034928095,0.03495084
train,chr17_58694966_CTG_GCC,missense,-0.8635218,-0.7234309,-0.14009094,0.07429257,0.07469336
train,chr17_58694966_CTG_CCC,missense,-7.5704355,-7.944745,0.37430954,0.07990212,0.080370866
train,chr17_58694966_CTG_AGA,missense,0.3137586,-3.7149773,4.028736,0.07733991,0.07777223
train,chr17_58694966_CTG_CAA,missense,0.2652762,-0.8293364,1.0946126,0.074475445,0.07488566
train,chr17_58694966_CTG_GTC,missense,-1.9409282,-0.103945255,-1.836983,0.07229185,0.07269486
train,chr17_58694966_CTG_TTA,synonymous,-0.6531222,0.54062104,-1.1937432,-0.06656439,-0.0666287
train,chr17_58694967_T_C,missense,-5.588892,-7.944745,2.355853,0.07990212,0.080370866
train,chr17_58694967_T_A,missense,-2.2451234,-0.8293364,-1.415787,0.074475445,0.07488566
train,chr17_58694967_T_G,missense,-0.99666333,-3.7149773,2.718314,0.07733991,0.07777223
train,chr17_58694968_G_A,synonymous,-0.2757631,0.54062104,-0.81638414,-0.06656439,-0.0666287
train,chr17_58694968_G_C,synonymous,0.84214085,0.54062104,0.3015198,-0.06656439,-0.0666287
train,chr17_58694968_G_T,synonymous,-0.4730835,0.54062104,-1.0137045,-0.06656439,-0.0666287
train,chr17_58694969_C_A,missense,1.2642266,-0.14319539,1.407422,0.07248127,0.07293118
train,chr17_58694969_C_G,missense,-1.5305512,0.25741076,-1.787962,0.06822214,0.06863989
train,chr17_58694969_CAA_,indel,-6.1286063,-9.964453,3.8358464,0.031080166,0.031161018
train,chr17_58694969_CAA_GCC,missense,-0.3127003,0.24528408,-0.55798435,0.06960496,0.070022106
train,chr17_58694969_CAA_CCC,missense,-11.014066,-6.8538914,-4.1601744,0.075999305,0.07650307
train,chr17_58694969_CAA_AAG,missense,-0.9648991,-0.14319539,-0.82170373,0.07248127,0.07293118
train,chr17_58694969_CAA_CGG,missense,-1.0888878,-0.18097281,-0.907915,0.07259219,0.073043875
train,chr17_58694969_CAA_CTG,missense,-0.07419288,0.10477972,-0.1789726,0.07036287,0.070803046
train,chr17_58694969_CAA_GAG,missense,-0.3388582,0.25741076,-0.59626895,0.06822214,0.06863989
train,chr17_58694970_A_G,missense,0.39659762,-0.18097281,0.57757044,0.07259219,0.073043875
train,chr17_58694970_A_C,missense,-8.856326,-6.8538914,-2.0024347,0.075999305,0.07650307
train,chr17_58694970_A_T,missense,-1.4210846,0.10477972,-1.5258644,0.07036287,0.070803046
train,chr17_58694971_A_G,synonymous,2.9303834,0.60448146,2.325902,-0.066532895,-0.06665378
train,chr17_58694971_A_C,missense,0.1250293,0.14506054,-0.020031244,0.07135934,0.07178728
train,chr17_58694971_A_T,missense,0.30875045,0.14506054,0.16368991,0.07135934,0.07178728
train,chr17_58694972_A_G,missense,0.29127285,0.16914082,0.12213203,0.071700275,0.07215438
train,chr17_58694972_ATT_,indel,-11.353164,-8.738089,-2.615075,0.027236821,0.027318362
train,chr17_58694972_A_C,missense,0.10582908,0.248564,-0.14273492,0.0721957,0.07264908
train,chr17_58694972_A_T,missense,2.3397527,-0.024120808,2.3638735,0.0720899,0.072539784
train,chr17_58694972_ATT_GCC,missense,-0.7651714,0.22005749,-0.9852289,0.07037591,0.07081278
train,chr17_58694972_ATT_CTG,missense,-3.1127758,0.248564,-3.3613398,0.0721957,0.07264908
train,chr17_58694972_ATT_AAC,missense,1.0711778,0.044530153,1.0266477,0.07158443,0.07202151
train,chr17_58694972_ATT_ACC,missense,0.14222439,0.09697318,0.045251206,0.07197455,0.0724056
train,chr17_58694972_ATT_AGC,missense,0.8090924,-0.041095734,0.85018814,0.071524575,0.07195768
train,chr17_58694972_ATT_GTG,missense,2.0938015,0.16914082,1.9246607,0.071700275,0.07215438
train,chr17_58694972_ATT_TTC,missense,-0.5570617,-0.024120808,-0.53294086,0.0720899,0.072539784
train,chr17_58694973_T_A,missense,-1.6385511,0.044530153,-1.6830813,0.07158443,0.07202151
train,chr17_58694973_T_C,missense,-0.597806,0.09697318,-0.69477916,0.07197455,0.0724056
train,chr17_58694973_T_G,missense,0.44763738,-0.041095734,0.4887331,0.071524575,0.07195768
train,chr17_58694974_T_C,synonymous,-0.004852359,0.7068727,-0.71172506,-0.06722324,-0.06735094
train,chr17_58694974_T_G,missense,-0.41327202,-0.048980236,-0.3642918,0.07264687,0.073092096
train,chr17_58694974_T_A,synonymous,-0.60238296,0.7068727,-1.3092556,-0.06722324,-0.06735094
train,chr17_58694975_A_G,missense,-0.033142503,0.0638473,-0.09698981,0.07249086,0.07292226
train,chr17_58694975_A_T,missense,-0.089110516,-1.6204695,1.531359,0.07395095,0.07439218
train,chr17_58694975_A_C,missense,0.3518004,0.61664367,-0.26484326,0.071507215,0.07194197
train,chr17_58694975_ATC_,indel,-10.746301,-8.738089,-2.008212,0.027236821,0.027318362
train,chr17_58694975_ATC_GCC,missense,-0.90550894,-0.5816922,-0.32381672,0.07200125,0.07244052
train,chr17_58694975_ATC_AAT,missense,-5.4630938,-7.642954,2.17986,0.07721843,0.07770013
train,chr17_58694975_ATC_ACA,missense,1.5454054,-2.9951253,4.5405307,0.07514104,0.07558096
train,chr17_58694975_ATC_CTG,missense,-1.1118308,0.61664367,-1.7284745,0.071507215,0.07194197
train,chr17_58694975_ATC_GTG,missense,0.5741034,0.0638473,0.5102561,0.07249086,0.07292226
train,chr17_58694975_ATC_TCC,missense,-1.3505214,-5.0021343,3.6516128,0.0760849,0.07654662
train,chr17_58694975_ATC_TTT,missense,-0.52125424,-1.6204695,1.0992153,0.07395095,0.07439218
train,chr17_58694976_T_C,missense,-0.50431925,-2.9951253,2.490806,0.07514104,0.07558096
train,chr17_58694976_T_A,missense,-7.0838256,-7.642954,0.5591283,0.07721843,0.07770013
train,chr17_58694976_T_G,missense,-1.3645694,-5.0021343,3.637565,0.0760849,0.07654662
train,chr17_58694977_C_A,synonymous,1.503544,0.80160785,0.7019361,-0.06794573,-0.06805652
train,chr17_58694977_C_G,missense,-2.5280545,-0.13135457,-2.3967,0.072572194,0.07300628
train,chr17_58694977_C_T,synonymous,0.34302244,0.80160785,-0.4585854,-0.06794573,-0.06805652
train,chr17_58694981_A_C,synonymous,-1.4898771,0.8750007,-2.3648777,-0.06969255,-0.069810905
train,chr17_58694981_A_G,missense,1.3421011,0.1937027,1.1483984,0.07009964,0.0704639
train,chr17_58694981_AGA_,indel,0.6668526,0.3322165,0.3346361,0.016971244,0.017136853
train,chr17_58694981_AGA_GCC,missense,-0.05363489,0.5111475,-0.5647824,0.0679552,0.068295285
train,chr17_58694981_AGA_ATC,missense,-3.8348742,-0.0060904026,-3.8287838,0.069441676,0.069823466
train,chr17_58694981_AGA_AAG,missense,-0.78800386,0.66809106,-1.456095,0.067707606,0.068070866
train,chr17_58694981_AGA_ACC,missense,0.084467374,0.47720575,-0.39273837,0.06767818,0.06802376
train,chr17_58694981_AGA_CGC,synonymous,1.4065195,0.8750007,0.5315188,-0.06969255,-0.069810905
train,chr17_58694981_AGA_CGG,synonymous,-0.42682794,0.8750007,-1.3018286,-0.06969255,-0.069810905
train,chr17_58694981_AGA_CGT,synonymous,-0.18413295,0.8750007,-1.0591336,-0.06969255,-0.069810905
train,chr17_58694981_AGA_GGC,missense,0.69572955,0.1937027,0.50202686,0.07009964,0.0704639
train,chr17_58694981_AGA_TCC,missense,-0.10890509,0.4783013,-0.58720636,0.06792834,0.068272
train,chr17_58694982_G_A,missense,-1.5382837,0.66809106,-2.2063746,0.067707606,0.068070866
train,chr17_58694982_G_C,missense,0.2733588,0.47720575,-0.20384696,0.06767818,0.06802376
train,chr17_58694982_G_T,missense,-0.9492864,-0.0060904026,-0.943196,0.069441676,0.069823466
train,chr17_58694983_A_T,missense,1.9230767,0.4783013,1.4447755,0.06792834,0.068272
train,chr17_58694983_A_C,missense,0.6679347,0.4783013,0.18963343,0.06792834,0.068272
train,chr17_58694983_A_G,synonymous,0.5714039,0.8750007,-0.3035968,-0.06969255,-0.069810905
train,chr17_58694987_T_A,missense,0.7385781,0.33757067,0.4010074,0.07080486,0.071197264
train,chr17_58694987_T_C,missense,0.99977756,0.08958125,0.9101963,0.071091935,0.071484275
train,chr17_58694987_T_G,missense,-1.9981487,0.12734795,-2.1254966,0.07027311,0.07065819
train,chr17_58694987_TGT_,indel,-0.14863949,0.79704523,-0.94568473,0.016323313,0.016508069
train,chr17_58694987_TGT_GCC,missense,0.3808952,0.38550878,-0.0046135783,0.070343375,0.07073234
train,chr17_58694987_TGT_AGC,missense,-1.3559622,0.33757067,-1.6935328,0.07080486,0.071197264
train,chr17_58694987_TGT_CGG,missense,1.1217263,0.08958125,1.032145,0.071091935,0.071484275
train,chr17_58694987_TGT_GGC,missense,-1.1078416,0.12734795,-1.2351896,0.07027311,0.07065819
train,chr17_58694987_TGT_TAC,missense,2.04332,0.81562066,1.2276993,0.06883293,0.06918327
train,chr17_58694987_TGT_TTC,missense,0.21738654,0.73693967,-0.5195531,0.0685863,0.06894873
train,chr17_58694988_G_A,missense,0.4940652,0.81562066,-0.32155547,0.06883293,0.06918327
train,chr17_58694988_G_C,missense,1.3950807,0.33757067,1.05751,0.07080486,0.071197264
train,chr17_58694988_G_T,missense,-0.13547003,0.73693967,-0.8724097,0.0685863,0.06894873
train,chr17_58694989_T_C,synonymous,1.5276812,0.9794142,0.548267,-0.06983385,-0.06988576
train,chr17_58694989_T_G,missense,2.3782122,0.6208594,1.7573528,0.06942112,0.06980857
train,chr17_58694990_C_A,missense,-1.7257462,0.76682186,-2.492568,0.0664526,0.06680348
train,chr17_58694990_C_G,missense,-0.38881856,0.6875434,-1.0763619,0.0668751,0.06723173
train,chr17_58694990_C_T,missense,0.762246,0.5499368,0.21230924,0.06714747,0.06747981
train,chr17_58694990_CTC_,indel,1.2811668,0.77809906,0.50306773,0.015796442,0.015942974
train,chr17_58694990_CTC_GCC,missense,-0.24876294,0.62131524,-0.8700782,0.06598782,0.06632662
train,chr17_58694990_CTC_ATT,missense,-0.006097136,0.76682186,-0.772919,0.0664526,0.06680348
train,chr17_58694990_CTC_CAT,missense,0.7056696,0.71640086,-0.01073128,0.06758469,0.06791503
train,chr17_58694990_CTC_CCT,missense,-0.35981235,0.2273438,-0.5871562,0.06849093,0.06884914
train,chr17_58694990_CTC_CGG,missense,-0.639201,0.4308176,-1.0700185,0.06787203,0.068225406
train,chr17_58694990_CTC_GTG,missense,0.6454152,0.6875434,-0.042128205,0.0668751,0.06723173
train,chr17_58694990_CTC_TTA,synonymous,0.8543251,1.0636585,-0.20933336,-0.071709424,-0.07177355
train,chr17_58694990_CTC_TTG,synonymous,0.6478266,1.0636585,-0.41583186,-0.071709424,-0.07177355
train,chr17_58694990_CTC_TTT,missense,0.84706557,0.5499368,0.2971288,0.06714747,0.06747981
train,chr17_58694991_T_C,missense,-0.16655686,0.2273438,-0.39390066,0.06849093,0.06884914
train,chr17_58694991_T_A,missense,1.6612155,0.71640086,0.9448147,0.06758469,0.06791503
train,chr17_58694991_T_G,missense,2.267502,0.4308176,1.8366845,0.06787203,0.068225406
train,chr17_58694992_C_T,synonymous,1.0778252,1.0636585,0.014166713,-0.071709424,-0.07177355
train,chr17_58694992_C_A,synonymous,0.23369561,1.0636585,-0.82996285,-0.071709424,-0.07177355
train,chr17_58694992_C_G,synonymous,-2.2599473,1.0636585,-3.3236058,-0.071709424,-0.07177355
train,chr17_58694993_A_C,missense,-1.3360025,0.7608762,-2.0968785,0.06865798,0.06903177
train,chr17_58694993_A_G,missense,-1.8779055,0.9950428,-2.8729482,0.06843745,0.06877487
train,chr17_58694993_A_T,missense,1.2652657,1.1190422,0.14622355,0.06843283,0.06879934
train,chr17_58694993_ACA_,indel,2.192239,1.0158195,1.1764195,0.01704265,0.017225193
train,chr17_58694993_ACA_GCC,missense,0.17677262,0.9950428,-0.8182702,0.06843745,0.06877487
train,chr17_58694993_ACA_AAG,missense,-0.6433056,1.0442679,-1.6875734,0.06679405,0.06714119
train,chr17_58694993_ACA_AGC,missense,-0.6278232,1.1190422,-1.7468653,0.06843283,0.06879934
train,chr17_58694993_ACA_ATC,missense,-0.67178255,0.6635895,-1.335372,0.06786159,0.068204574
train,chr17_58694993_ACA_CCC,missense,-1.0413092,0.7608762,-1.8021854,0.06865798,0.06903177
train,chr17_58694993_ACA_CGG,missense,-1.4089819,0.88843274,-2.2974148,0.0672044,0.067556545
train,chr17_58694994_C_T,missense,0.8488918,0.6635895,0.18530232,0.06786159,0.068204574
train,chr17_58694994_C_A,missense,-0.06247372,1.0442679,-1.1067417,0.06679405,0.06714119
train,chr17_58694994_C_G,missense,-0.39090675,0.88843274,-1.2793396,0.0672044,0.067556545
train,chr17_58694995_A_C,synonymous,-1.6717782,1.093291,-2.7650692,-0.07129566,-0.071380235
train,chr17_58694995_A_G,synonymous,1.3556862,1.093291,0.26239514,-0.07129566,-0.071380235
train,chr17_58694995_A_T,synonymous,-1.9679317,1.093291,-3.0612228,-0.07129566,-0.071380235
train,chr17_58694999_A_G,missense,0.41710415,0.8673878,-0.45028362,0.06665037,0.06694361
train,chr17_58694999_A_C,missense,0.58186907,0.87374663,-0.29187757,0.06693374,0.06722901
train,chr17_58694999_AAA_,indel,1.1040233,0.52684045,0.5771829,0.016341347,0.016485516
train,chr17_58694999_AAA_GCC,missense,-3.3772047,0.7488568,-4.1260614,0.068305396,0.06863949
train,chr17_58694999_AAA_ACC,missense,2.3266041,0.92478085,1.4018233,0.067292646,0.06761936
train,chr17_58694999_AAA_ATC,missense,-0.8256109,0.9659834,-1.7915943,0.06783247,0.0681634
train,chr17_58694999_AAA_CAG,missense,-1.0636702,0.87374663,-1.9374168,0.06693374,0.06722901
train,chr17_58694999_AAA_CGG,missense,-0.75683075,0.48058176,-1.2374125,0.068257906,0.06859211
train,chr17_58694999_AAA_GAG,missense,1.8436035,0.8673878,0.9762157,0.06665037,0.06694361
train,chr17_58695000_A_C,missense,0.5029479,0.92478085,-0.42183292,0.067292646,0.06761936
train,chr17_58695000_A_G,missense,0.5885909,0.48058176,0.10800916,0.068257906,0.06859211
train,chr17_58695000_A_T,missense,-0.15070756,0.9659834,-1.116691,0.06783247,0.0681634
train,chr17_58695001_A_C,missense,-0.9207185,0.80202603,-1.7227445,0.067396685,0.06769003
train,chr17_58695001_A_G,synonymous,2.7850268,1.2275517,1.5574751,-0.07169602,-0.071777366
train,chr17_58695001_A_T,missense,-0.14274473,0.80202603,-0.94477075,0.067396685,0.06769003
train,chr17_58695005_A_C,synonymous,-0.97678417,1.4017823,-2.3785665,-0.07149166,-0.07154636
train,chr17_58695005_A_G,missense,-0.20800358,0.938715,-1.1467185,0.06867341,0.068945736
train,chr17_58695005_AGA_,indel,-0.85102785,-0.250607,-0.60042083,0.018585471,0.018656548
train,chr17_58695005_AGA_GCC,missense,1.3681436,0.98760533,0.38053823,0.067544505,0.06782332
train,chr17_58695005_AGA_AAG,missense,-0.5229257,1.249727,-1.7726526,0.06712397,0.067406945
train,chr17_58695005_AGA_ACC,missense,-0.51700544,1.0723941,-1.5893996,0.06682374,0.067090124
train,chr17_58695005_AGA_ATC,missense,0.85349923,1.0595515,-0.20605224,0.06634377,0.066598445
train,chr17_58695005_AGA_CGC,synonymous,0.74289536,1.4017823,-0.6588869,-0.07149166,-0.07154636
train,chr17_58695005_AGA_CGG,synonymous,-1.0879827,1.4017823,-2.489765,-0.07149166,-0.07154636
train,chr17_58695005_AGA_CGT,synonymous,1.5734137,1.4017823,0.17163146,-0.07149166,-0.07154636
train,chr17_58695005_AGA_GGC,missense,0.9355557,0.938715,-0.0031592846,0.06867341,0.068945736
train,chr17_58695005_AGA_TCC,missense,-0.63314456,1.1528909,-1.7860355,0.06696601,0.06725008
train,chr17_58695006_G_A,missense,0.5431971,1.249727,-0.7065299,0.06712397,0.067406945
train,chr17_58695006_G_C,missense,2.2415996,1.0723941,1.1692054,0.06682374,0.067090124
train,chr17_58695006_G_T,missense,1.1953872,1.0595515,0.13583577,0.06634377,0.066598445
train,chr17_58695007_A_G,synonymous,-7.843933,1.4017823,-9.245715,-0.07149166,-0.07154636
train,chr17_58695007_A_C,missense,0.5226285,1.1528909,-0.63026243,0.06696601,0.06725008
train,chr17_58695007_A_T,missense,-0.14037748,1.1528909,-1.2932684,0.06696601,0.06725008
train,chr17_58695008_T_A,missense,1.8697088,1.1793439,0.69036484,0.065985136,0.06626263
train,chr17_58695008_T_C,missense,0.4402503,1.1804531,-0.7402028,0.06670665,0.06697945
train,chr17_58695008_T_G,missense,1.4881388,1.1010134,0.38712537,0.06577889,0.06605093
train,chr17_58695008_TAT_,indel,-1.3850582,1.081326,-2.4663842,0.016373828,0.016457472
train,chr17_58695008_TAT_GCC,missense,1.7403618,1.2042916,0.5360702,0.06643765,0.0667209
train,chr17_58695008_TAT_AAC,missense,1.0624986,1.1793439,-0.11684537,0.065985136,0.06626263
train,chr17_58695008_TAT_AGC,missense,-1.345109,1.1947,-2.539809,0.06542189,0.0657112
train,chr17_58695008_TAT_CAC,missense,0.30229324,1.1804531,-0.8781598,0.06670665,0.06697945
train,chr17_58695008_TAT_GAC,missense,-1.1328999,1.1010134,-2.2339134,0.06577889,0.06605093
train,chr17_58695008_TAT_TGC,missense,-1.5770789,1.1310775,-2.7081566,0.06691896,0.06719428
train,chr17_58695008_TAT_TTC,missense,1.7615107,1.1683443,0.5931665,0.06794279,0.068226315
train,chr17_58695009_A_G,missense,2.492399,1.1310775,1.3613214,0.06691896,0.06719428
train,chr17_58695009_A_C,missense,-0.83760047,1.1947,-2.0323005,0.06542189,0.0657112
train,chr17_58695009_A_T,missense,1.8365386,1.1683443,0.6681943,0.06794279,0.068226315
train,chr17_58695010_T_C,synonymous,1.441917,1.4742339,-0.032316923,-0.07165754,-0.07169873
train,chr17_58695014_G_A,missense,0.028884232,1.0714796,-1.0425954,0.06836394,0.068595715
train,chr17_58695014_G_C,missense,0.21272098,0.91304374,-0.70032275,0.06931098,0.06956949
train,chr17_58695014_G_T,missense,0.53645617,0.94090056,-0.4044444,0.068938285,0.06917478
train,chr17_58695014_GGT_,indel,-1.2225732,1.1262205,-2.3487935,0.016146526,0.016263194
train,chr17_58695014_GGT_GCC,missense,1.1788934,1.0900135,0.08887994,0.06878346,0.06899495
train,chr17_58695014_GGT_AGC,missense,1.8713614,1.0714796,0.7998818,0.06836394,0.068595715
train,chr17_58695014_GGT_CGG,missense,1.0956916,0.91304374,0.18264782,0.06931098,0.06956949
train,chr17_58695014_GGT_GAC,missense,-0.97761226,0.7504778,-1.72809,0.06935409,0.06957736
train,chr17_58695014_GGT_GTG,missense,-0.80227596,1.0495837,-1.8518596,0.068107,0.06834926
train,chr17_58695014_GGT_TGC,missense,1.5061496,0.94090056,0.5652491,0.068938285,0.06917478
train,chr17_58695015_G_A,missense,2.3165119,0.7504778,1.5660341,0.06935409,0.06957736
train,chr17_58695015_G_C,missense,0.9891114,1.0900135,-0.10090208,0.06878346,0.06899495
train,chr17_58695015_G_T,missense,-0.94942117,1.0495837,-1.9990048,0.068107,0.06834926
train,chr17_58695016_T_A,synonymous,0.091218874,1.4633162,-1.3720974,-0.07113731,-0.071212575
train,chr17_58695016_T_C,synonymous,1.7264118,1.4633162,0.26309562,-0.07113731,-0.071212575
train,chr17_58695016_T_G,synonymous,1.24103,1.4633162,-0.22228622,-0.07113731,-0.071212575
train,chr17_58695020_T_A,missense,0.855119,1.1310742,-0.2759552,0.06830946,0.0685398
train,chr17_58695020_T_C,missense,1.6155343,0.9404676,0.6750667,0.06920394,0.0694511
train,chr17_58695020_T_G,missense,0.9346805,0.9433651,-0.008684576,0.06932795,0.069567546
train,chr17_58695020_TCT_,indel,-1.1978538,0.9490552,-2.146909,0.017231237,0.017274372
train,chr17_58695020_TCT_GCC,missense,-0.1064455,0.9433651,-1.0498106,0.06932795,0.069567546
train,chr17_58695020_TCT_ACC,missense,1.0582616,1.1310742,-0.07281256,0.06830946,0.0685398
train,chr17_58695020_TCT_AGC,synonymous,0.40090522,1.4278467,-1.0269414,-0.07094619,-0.07108068
train,chr17_58695020_TCT_AGT,synonymous,1.1214519,1.4278467,-0.30639482,-0.07094619,-0.07108068
train,chr17_58695020_TCT_CCC,missense,2.145637,0.9404676,1.2051694,0.06920394,0.0694511
train,chr17_58695020_TCT_TAC,missense,1.3124101,0.44285655,0.86955357,0.07084783,0.07107505
train,chr17_58695020_TCT_TGC,missense,-0.904792,-0.067001104,-0.8377909,0.07087256,0.07111985
train,chr17_58695020_TCT_TTC,missense,1.2828461,0.79137754,0.49146855,0.06960438,0.06983333
train,chr17_58695021_C_T,missense,-0.33002692,0.79137754,-1.1214044,0.06960438,0.06983333
train,chr17_58695021_C_A,missense,-0.028311128,0.44285655,-0.47116768,0.07084783,0.07107505
train,chr17_58695021_C_G,missense,-1.3359928,-0.067001104,-1.2689917,0.07087256,0.07111985
train,chr17_58695022_T_C,synonymous,-0.19543284,1.4278467,-1.6232796,-0.07094619,-0.07108068
train,chr17_58695022_T_G,synonymous,1.8783289,1.4278467,0.45048225,-0.07094619,-0.07108068
train,chr17_58695022_T_A,synonymous,-0.2319878,1.4278467,-1.6598345,-0.07094619,-0.07108068
train,chr17_58695026_T_A,missense,1.2197276,1.2712176,-0.05148995,0.067592636,0.06787893
train,chr17_58695026_T_C,missense,0.08855221,1.2001865,-1.1116343,0.06770696,0.06801287
train,chr17_58695026_T_G,missense,0.088135056,1.163068,-1.074933,0.06855218,0.06885359
train,chr17_58695026_TCA_,indel,-1.2033899,1.2044032,-2.407793,0.016897889,0.01692916
train,chr17_58695026_TCA_GCC,missense,-0.78850913,1.163068,-1.9515772,0.06855218,0.06885359
train,chr17_58695026_TCA_ACC,missense,0.028009443,1.2712176,-1.2432082,0.067592636,0.06787893
train,chr17_58695026_TCA_AGC,synonymous,-0.35945922,1.460407,-1.8198662,-0.0704543,-0.07059087
train,chr17_58695026_TCA_AGT,synonymous,0.81986964,1.460407,-0.6405374,-0.0704543,-0.07059087
train,chr17_58695026_TCA_CCC,missense,-0.64329123,1.2001865,-1.8434777,0.06770696,0.06801287
train,chr17_58695026_TCA_CTG,missense,-0.7837295,0.7644694,-1.5481989,0.07010996,0.07039721
train,chr17_58695027_C_T,missense,-0.262881,0.7644694,-1.0273504,0.07010996,0.07039721
train,chr17_58695028_A_C,synonymous,-0.8536436,1.460407,-2.3140507,-0.0704543,-0.07059087
train,chr17_58695028_A_G,synonymous,0.5136471,1.460407,-0.94675994,-0.0704543,-0.07059087
train,chr17_58695028_A_T,synonymous,0.4156299,1.460407,-1.0447772,-0.0704543,-0.07059087
train,chr17_58695029_C_T,missense,3.0626557,1.2389948,1.8236609,0.067719415,0.06806352
train,chr17_58695029_C_A,missense,1.1500688,1.334079,-0.18401027,0.06633298,0.06668914
train,chr17_58695029_C_G,missense,-1.010311,1.0731063,-2.0834174,0.06756125,0.06793129
train,chr17_58695029_CAC_,indel,-0.28287873,1.3001764,-1.5830551,0.015934931,0.015987542
train,chr17_58695029_CAC_GCC,missense,0.273879,1.2823393,-1.0084603,0.0672803,0.067624815
train,chr17_58695029_CAC_AAT,missense,1.1731473,1.334079,-0.1609317,0.06633298,0.06668914
train,chr17_58695029_CAC_CCT,missense,0.024557749,1.1658723,-1.1413146,0.0680125,0.06838978
train,chr17_58695029_CAC_CGG,missense,0.2280494,1.1489675,-0.9209181,0.06798505,0.06836159
train,chr17_58695029_CAC_CTG,missense,-0.51020914,1.3053658,-1.8155749,0.06832121,0.068662986
train,chr17_58695029_CAC_GAT,missense,1.361657,1.0731063,0.28855073,0.06756125,0.06793129
train,chr17_58695029_CAC_TAT,missense,0.74989426,1.2389948,-0.48910058,0.067719415,0.06806352
train,chr17_58695030_A_G,missense,0.5674087,1.1489675,-0.5815588,0.06798505,0.06836159
train,chr17_58695030_A_C,missense,-0.57064044,1.1658723,-1.7365128,0.0680125,0.06838978
train,chr17_58695030_A_T,missense,1.4628644,1.3053658,0.1574986,0.06832121,0.068662986
train,chr17_58695031_C_G,missense,-0.28548375,1.178509,-1.4639927,0.06704917,0.0673908
train,chr17_58695031_C_T,synonymous,1.5903459,1.4835136,0.106832266,-0.07099127,-0.07112118
train,chr17_58695031_C_A,missense,-0.32040352,1.178509,-1.4989126,0.06704917,0.0673908
train,chr17_58695032_A_G,missense,1.219548,0.54340243,0.67614555,0.06942555,0.06980373
train,chr17_58695032_A_C,missense,0.5748762,0.9156029,-0.34072673,0.06913467,0.06952539
train,chr17_58695032_AAG_GCC,missense,-1.041618,-0.19142056,-0.85019743,0.06986082,0.07027673
train,chr17_58695032_AAG_ACC,missense,1.5028167,0.98651886,0.5162978,0.06869881,0.06909158
train,chr17_58695032_AAG_CAA,missense,1.0731022,0.9156029,0.15749931,0.06913467,0.06952539
train,chr17_58695032_AAG_CGG,missense,0.5266456,1.1265023,-0.5998567,0.0684778,0.06889099
train,chr17_58695032_AAG_GAA,missense,0.78049296,0.54340243,0.23709053,0.06942555,0.06980373
train,chr17_58695033_A_G,missense,0.48836237,1.1265023,-0.6381399,0.0684778,0.06889099
train,chr17_58695033_A_C,missense,0.56867486,0.98651886,-0.417844,0.06869881,0.06909158
train,chr17_58695033_A_T,missense,1.7455165,0.71413827,1.0313783,0.069642015,0.07003971
train,chr17_58695034_G_C,missense,-2.1421616,0.25822186,-2.4003835,0.06993463,0.070349656
train,chr17_58695034_G_A,synonymous,1.1080444,1.5760562,-0.46801186,-0.07054666,-0.07064698
train,chr17_58695034_G_T,missense,-1.2099885,0.25822186,-1.4682103,0.06993463,0.070349656
train,chr17_58695035_A_C,missense,1.7234868,0.7245486,0.9989382,0.069567576,0.069958165
train,chr17_58695035_A_G,missense,1.4738863,0.6814635,0.7924228,0.06904878,0.069418065
train,chr17_58695035_AAG_,indel,0.7238432,1.2084792,-0.48463595,0.018112298,0.018294474
train,chr17_58695035_AAG_GCC,missense,4.780456,0.90775704,3.872699,0.06844714,0.06881879
train,chr17_58695035_AAG_ACC,missense,1.6180892,1.0340307,0.5840585,0.068044946,0.06842262
train,chr17_58695035_AAG_CAA,missense,1.2296364,0.7245486,0.50508785,0.069567576,0.069958165
train,chr17_58695035_AAG_CGG,missense,1.035334,1.1537364,-0.11840236,0.06928563,0.06969592
train,chr17_58695035_AAG_GAA,missense,1.2486486,0.6814635,0.56718516,0.06904878,0.069418065
train,chr17_58695036_A_C,missense,0.16842373,1.0340307,-0.86560696,0.068044946,0.06842262
train,chr17_58695036_A_G,missense,1.0497899,1.1537364,-0.10394645,0.06928563,0.06969592
train,chr17_58695036_A_T,missense,-0.58436924,0.9599676,-1.5443368,0.06943294,0.06982203
train,chr17_58695037_G_T,missense,-2.1447618,0.601032,-2.7457938,0.06984343,0.070242874
train,chr17_58695037_G_A,synonymous,1.5346584,1.547148,-0.012489557,-0.0698068,-0.069904275
train,chr17_58695037_G_C,missense,1.3792157,0.601032,0.7781837,0.06984343,0.070242874
train,chr17_58695038_T_C,missense,1.6463329,0.8523662,0.79396665,0.07114291,0.07158918
train,chr17_58695038_T_G,missense,1.6648419,0.5700929,1.094749,0.071399294,0.07178516
train,chr17_58695038_T_A,missense,2.1131148,0.95637417,1.1567407,0.07099872,0.07141405
train,chr17_58695038_TGT_,indel,0.060295295,1.0615423,-1.0012469,0.019652028,0.019859953
train,chr17_58695038_TGT_GCC,missense,0.9882466,0.9483075,0.039939106,0.07097118,0.07137495
train,chr17_58695038_TGT_AGC,missense,-0.27504587,0.95637417,-1.23142,0.07099872,0.07141405
train,chr17_58695038_TGT_CGG,missense,-0.6944436,0.8523662,-1.5468098,0.07114291,0.07158918
train,chr17_58695038_TGT_GGC,missense,1.0958613,0.5700929,0.5257684,0.071399294,0.07178516
train,chr17_58695038_TGT_TAC,missense,-0.21046309,1.337879,-1.548342,0.0709207,0.071350485
train,chr17_58695038_TGT_TTC,missense,1.8642088,0.99451804,0.8696908,0.07175058,0.0721807
train,chr17_58695039_G_A,missense,1.3983088,1.337879,0.06042981,0.0709207,0.071350485
train,chr17_58695039_G_C,missense,1.245589,0.95637417,0.28921485,0.07099872,0.07141405
train,chr17_58695039_G_T,missense,-0.43907768,0.99451804,-1.4335957,0.07175058,0.0721807
train,chr17_58695040_T_C,synonymous,0.8951133,1.5480049,-0.6528916,-0.06664428,-0.0667396
train,chr17_58695040_T_G,missense,1.0244491,0.8503859,0.1740632,0.071972534,0.07243369
train,chr17_58695041_A_C,missense,-20.591875,-16.120066,-4.4718094,0.077985264,0.07836844
train,chr17_58695041_A_G,missense,-11.9474325,-15.390058,3.442625,0.07841835,0.078793265
train,chr17_58695041_A_T,missense,-0.056992326,0.799412,-0.85640436,0.07326397,0.0736426
train,chr17_58695041_ACA_,indel,-7.372465,-5.2660003,-2.1064649,0.024297312,0.024524972
train,chr17_58695041_ACA_GCC,missense,-12.425097,-15.390058,2.96496,0.07841835,0.078793265
train,chr17_58695041_ACA_AAG,missense,-19.11614,-16.861967,-2.2541733,0.07926622,0.079682685
train,chr17_58695041_ACA_ATC,missense,-15.844106,-14.503273,-1.3408327,0.07698452,0.07739888
train,chr17_58695041_ACA_CCC,missense,-25.451305,-16.120066,-9.33124,0.077985264,0.07836844
train,chr17_58695041_ACA_CGG,missense,-8.804332,-16.785593,7.9812613,0.079323635,0.07973181
train,chr17_58695041_ACA_AGC,missense,-0.4576941,0.799412,-1.2571061,0.07326397,0.0736426
train,chr17_58695042_C_T,missense,-13.795658,-14.503273,0.7076149,0.07698452,0.07739888
train,chr17_58695042_C_A,missense,-17.397514,-16.861967,-0.53554726,0.07926622,0.079682685
train,chr17_58695042_C_G,missense,-5.451676,-16.785593,11.333918,0.079323635,0.07973181
train,chr17_58695043_A_T,synonymous,2.7692606,1.517072,1.2521887,-0.065645635,-0.06572284
train,chr17_58695043_A_C,synonymous,3.4814682,1.517072,1.9643962,-0.065645635,-0.06572284
train,chr17_58695043_A_G,synonymous,2.4787066,1.517072,0.96163464,-0.065645635,-0.06572284
train,chr17_58695047_C_T,synonymous,4.857363,1.4303782,3.426985,-0.066203214,-0.0662107
train,chr17_58695047_C_G,missense,-1.3957305,0.25436997,-1.6501005,0.074443564,0.074789144
train,chr17_58695047_C_A,missense,-0.51810384,0.50013494,-1.0182388,0.07423146,0.074574016
train,chr17_58695047_CTA_,indel,-27.680649,-21.472645,-6.208004,0.029064914,0.029254666
train,chr17_58695047_CTA_GCC,missense,-3.5319824,0.19448233,-3.7264647,0.074440196,0.07479794
train,chr17_58695047_CTA_CCC,missense,-22.14894,-16.025248,-6.1236916,0.079573385,0.07991266
train,chr17_58695047_CTA_ATC,missense,-0.86146903,0.50013494,-1.361604,0.07423146,0.074574016
train,chr17_58695047_CTA_CAG,missense,0.36635527,-1.0543349,1.4206902,0.07624654,0.076588675
train,chr17_58695047_CTA_CGG,missense,0.92641485,-2.8799765,3.8063912,0.07709454,0.07743522
train,chr17_58695047_CTA_GTG,missense,-2.1931467,0.25436997,-2.4475167,0.074443564,0.074789144
train,chr17_58695047_CTA_TTG,synonymous,1.9342408,1.4303782,0.5038626,-0.066203214,-0.0662107
train,chr17_58695048_T_A,missense,-3.2702239,-1.0543349,-2.215889,0.07624654,0.076588675
train,chr17_58695048_T_C,missense,-19.268902,-16.025248,-3.2436543,0.079573385,0.07991266
train,chr17_58695048_T_G,missense,-1.7382578,-2.8799765,1.1417187,0.07709454,0.07743522
train,chr17_58695049_A_C,synonymous,1.03449,1.4303782,-0.3958882,-0.066203214,-0.0662107
train,chr17_58695049_A_T,synonymous,-0.42797768,1.4303782,-1.8583559,-0.066203214,-0.0662107
train,chr17_58695053_C_T,missense,-1.2665589,-0.0045921803,-1.2619667,0.07485377,0.07514502
train,chr17_58695053_C_A,missense,1.2392298,0.39438248,0.8448473,0.075095,0.0753685
train,chr17_58695053_C_G,missense,2.0444238,0.37153625,1.6728876,0.07477832,0.07505242
train,chr17_58695053_CTT_GCC,missense,-1.013317,0.32860088,-1.3419179,0.07418875,0.07448283
train,chr17_58695053_CTT_CAC,missense,-4.8117056,-0.8936045,-3.918101,0.07706096,0.077329814
train,chr17_58695053_CTT_CCC,missense,-9.081508,-12.608026,3.5265179,0.07886754,0.07926543
train,chr17_58695053_CTT_ATC,missense,0.8725209,0.39438248,0.47813845,0.075095,0.0753685
train,chr17_58695053_CTT_CGG,missense,-1.9929968,-0.7162223,-1.2767745,0.07648678,0.07678985
train,chr17_58695053_CTT_GTG,missense,-0.6783698,0.37153625,-1.049906,0.07477832,0.07505242
train,chr17_58695053_CTT_TTA,synonymous,2.2937405,1.19332,1.1004205,-0.065906696,-0.06598056
train,chr17_58695053_CTT_TTC,missense,-1.2633687,-0.0045921803,-1.2587765,0.07485377,0.07514502
train,chr17_58695053_CTT_TTG,synonymous,2.0272334,1.19332,0.8339133,-0.065906696,-0.06598056
train,chr17_58695054_T_A,missense,-4.556683,-0.8936045,-3.6630785,0.07706096,0.077329814
train,chr17_58695054_T_G,missense,0.43884337,-0.7162223,1.1550657,0.07648678,0.07678985
train,chr17_58695054_T_C,missense,-10.258084,-12.608026,2.3499413,0.07886754,0.07926543
train,chr17_58695055_T_A,synonymous,-0.9005181,1.19332,-2.0938382,-0.065906696,-0.06598056
train,chr17_58695055_T_C,synonymous,0.08358085,1.19332,-1.1097392,-0.065906696,-0.06598056
train,chr17_58695055_T_G,synonymous,2.7814927,1.19332,1.5881727,-0.065906696,-0.06598056
train,chr17_58695056_C_T,missense,-1.9428364,-0.21584916,-1.7269872,0.07465361,0.07498805
train,chr17_58695056_C_G,missense,-3.708908,-0.6588373,-3.0500708,0.07505896,0.075395145
train,chr17_58695056_C_A,missense,-1.3725566,0.09623051,-1.4687871,0.073577136,0.07388599
train,chr17_58695056_CTT_,indel,-11.3401,-14.218699,2.8785992,0.029531026,0.029605288
train,chr17_58695056_CTT_GCC,missense,-2.3813753,-1.5327219,-0.84865344,0.07554502,0.07590348
train,chr17_58695056_CTT_CAC,missense,-6.2423744,-7.6508045,1.4084301,0.078274846,0.07861493
train,chr17_58695056_CTT_CCC,missense,-4.952714,-13.158093,8.2053795,0.079188846,0.079585046
train,chr17_58695056_CTT_CGG,missense,-10.827153,-9.624665,-1.202488,0.0786192,0.07896581
train,chr17_58695056_CTT_GTG,missense,-4.775679,-0.6588373,-4.116842,0.07505896,0.075395145
train,chr17_58695056_CTT_ATC,missense,-0.8347787,0.09623051,-0.93100923,0.073577136,0.07388599
train,chr17_58695056_CTT_TTA,synonymous,0.5391238,1.0721855,-0.53306174,-0.06545938,-0.0655968
train,chr17_58695056_CTT_TTC,missense,-1.1574005,-0.21584916,-0.9415513,0.07465361,0.07498805
train,chr17_58695056_CTT_TTG,synonymous,0.16560215,1.0721855,-0.90658337,-0.06545938,-0.0655968
train,chr17_58695057_T_C,missense,-13.908934,-13.158093,-0.7508402,0.079188846,0.079585046
train,chr17_58695057_T_A,missense,-5.889055,-7.6508045,1.7617497,0.078274846,0.07861493
train,chr17_58695057_T_G,missense,-9.4569645,-9.624665,0.16770077,0.0786192,0.07896581
train,chr17_58695058_T_A,synonymous,0.086538896,1.0721855,-0.9856466,-0.06545938,-0.0655968
train,chr17_58695058_T_C,synonymous,-0.8826214,1.0721855,-1.9548069,-0.06545938,-0.0655968
train,chr17_58695058_T_G,synonymous,-0.46157908,1.0721855,-1.5337646,-0.06545938,-0.0655968
train,chr17_58695062_C_A,missense,1.5640645,0.6006346,0.9634299,0.07309114,0.07348462
train,chr17_58695062_C_G,missense,-0.010274306,0.62949824,-0.63977253,0.07332329,0.07372684
train,chr17_58695062_CAG_,indel,-2.3709736,-1.9704016,-0.40057194,0.02498795,0.025035808
train,chr17_58695062_CAG_GCC,missense,0.40745372,0.30462837,0.10282534,0.07120444,0.07157424
train,chr17_58695062_CAG_CCC,missense,-4.5759783,-2.727664,-1.8483143,0.07696761,0.07738896
train,chr17_58695062_CAG_AAA,missense,-0.530295,0.6006346,-1.1309296,0.07309114,0.07348462
train,chr17_58695062_CAG_AGA,missense,1.9229637,0.85877967,1.0641841,0.073631,0.07403856
train,chr17_58695062_CAG_CTC,missense,1.1698203,0.44248295,0.72733736,0.07291594,0.07330917
train,chr17_58695062_CAG_GAA,missense,-1.3437349,0.62949824,-1.9732331,0.07332329,0.07372684
train,chr17_58695063_A_C,missense,-4.343342,-2.727664,-1.6156778,0.07696761,0.07738896
train,chr17_58695063_A_G,missense,-2.471872,0.85877967,-3.3306518,0.073631,0.07403856
train,chr17_58695063_A_T,missense,-1.6199831,0.44248295,-2.0624661,0.07291594,0.07330917
train,chr17_58695064_G_A,synonymous,1.4895469,0.94069004,0.54885685,-0.06431005,-0.06455799
train,chr17_58695064_G_C,missense,0.22025283,0.45043468,-0.23018186,0.07404627,0.074429624
train,chr17_58695064_G_T,missense,0.85313314,0.45043468,0.40269846,0.07404627,0.074429624
train,chr17_58695065_G_A,missense,-2.514568,-2.8444874,0.32991934,0.07732358,0.07774935
train,chr17_58695065_G_C,missense,-0.60578626,-0.025898695,-0.57988757,0.07446596,0.07487552
train,chr17_58695065_GAG_,indel,-1.9026432,-1.2120523,-0.69059086,0.024698133,0.0247607
train,chr17_58695065_GAG_GCC,missense,-1.0015543,-1.3121264,0.31057215,0.07660958,0.077030964
train,chr17_58695065_GAG_AAA,missense,-1.989066,-2.8444874,0.8554214,0.07732358,0.07774935
train,chr17_58695065_GAG_CAA,missense,-0.69318247,-0.025898695,-0.6672838,0.07446596,0.07487552
train,chr17_58695065_GAG_GGC,missense,-1.8479706,-0.8506112,-0.9973594,0.07580613,0.076213874
train,chr17_58695065_GAG_GTC,missense,-0.5944885,-3.0812712,2.4867826,0.07753506,0.07796717
train,chr17_58695066_A_T,missense,-14.013318,-3.0812712,-10.932047,0.07753506,0.07796717
train,chr17_58695066_A_C,missense,0.6223526,-1.3121264,1.934479,0.07660958,0.077030964
train,chr17_58695066_A_G,missense,-0.14954184,-0.8506112,0.70106936,0.07580613,0.076213874
train,chr17_58695067_G_C,missense,-1.5970644,0.09507346,-1.6921378,0.07325294,0.07367701
train,chr17_58695067_G_A,synonymous,-0.19413133,0.84367967,-1.037811,-0.063566305,-0.063807026
train,chr17_58695067_G_T,missense,-1.854955,0.09507346,-1.9500284,0.07325294,0.07367701
train,chr17_58695068_C_T,missense,3.168768,0.60620475,2.5625632,0.0713473,0.07180276
train,chr17_58695068_C_A,missense,-0.45798844,0.37852144,-0.8365099,0.07155922,0.07201911
train,chr17_58695068_C_G,missense,-0.9530872,0.34929776,-1.302385,0.0714895,0.07196121
train,chr17_58695068_CAT_,indel,0.529482,0.15281773,0.37666428,0.019759614,0.019924209
train,chr17_58695068_CAT_GCC,missense,2.5476391,0.49439073,2.0532484,0.07152353,0.07196204
train,chr17_58695068_CAT_CCC,missense,-3.4961085,-0.4070387,-3.0890698,0.07370419,0.07417899
train,chr17_58695068_CAT_AAC,missense,-0.45811465,0.37852144,-0.83663607,0.07155922,0.07201911
train,chr17_58695068_CAT_CGG,missense,-0.7111425,0.12705588,-0.83819836,0.07264705,0.07309236
train,chr17_58695068_CAT_CTG,missense,-0.24475966,0.50073504,-0.7454947,0.072054386,0.07249912
train,chr17_58695068_CAT_GAC,missense,-2.702112,0.34929776,-3.0514097,0.0714895,0.07196121
train,chr17_58695068_CAT_TAC,missense,-1.9246833,0.60620475,-2.530888,0.0713473,0.07180276
train,chr17_58695069_A_C,missense,-0.0072644227,-0.4070387,0.39977425,0.07370419,0.07417899
train,chr17_58695069_A_T,missense,0.176194,0.50073504,-0.32454103,0.072054386,0.07249912
train,chr17_58695069_A_G,missense,-2.1349554,0.12705588,-2.2620113,0.07264705,0.07309236
train,chr17_58695070_T_G,missense,-0.8747743,0.3582356,-1.2330098,0.07275416,0.07320387
train,chr17_58695070_T_A,missense,0.2678909,0.3582356,-0.0903447,0.07275416,0.07320387
train,chr17_58695070_T_C,synonymous,-1.911929,0.803329,-2.7152581,-0.065136045,-0.06533814
train,chr17_58695071_A_C,missense,-2.116432,-1.323858,-0.7925739,0.07433082,0.07485715
train,chr17_58695071_A_G,missense,-0.7627476,0.53508806,-1.2978356,0.072038636,0.072500736
train,chr17_58695071_A_T,missense,-0.54955065,0.28098178,-0.83053243,0.07205736,0.072520696
train,chr17_58695071_ACC_,indel,-0.8438317,-0.7205341,-0.12329763,0.020200886,0.020398518
train,chr17_58695071_ACC_AAT,missense,-1.3931564,0.24168015,-1.6348366,0.07190346,0.07236642
train,chr17_58695071_ACC_ATT,missense,0.575538,0.44439268,0.1311453,0.07383725,0.07431075
train,chr17_58695071_ACC_CCT,missense,-1.2539635,-1.323858,0.06989455,0.07433082,0.07485715
train,chr17_58695071_ACC_GCT,missense,0.13859463,0.53508806,-0.39649343,0.072038636,0.072500736
train,chr17_58695072_C_G,missense,0.26285702,0.28098178,-0.01812476,0.07205736,0.072520696
train,chr17_58695072_C_A,missense,0.16798732,0.24168015,-0.07369283,0.07190346,0.07236642
train,chr17_58695072_C_T,missense,-1.3184636,0.44439268,-1.7628562,0.07383725,0.07431075
train,chr17_58695073_C_G,synonymous,1.9628386,0.75115323,1.2116854,-0.066057764,-0.06620061
train,chr17_58695073_C_A,synonymous,0.30180395,0.75115323,-0.44934928,-0.066057764,-0.06620061
train,chr17_58695073_C_T,synonymous,-1.3801757,0.75115323,-2.131329,-0.066057764,-0.06620061
train,chr17_58695074_C_G,missense,0.34303463,0.3251176,0.017917037,0.07114339,0.07156386
train,chr17_58695074_C_A,missense,-1.2678703,0.29452276,-1.5623931,0.07359801,0.07403156
train,chr17_58695074_CAG_,indel,-1.2334975,-0.8132708,-0.4202267,0.020672074,0.020889893
train,chr17_58695074_CAG_GCC,missense,0.655387,0.3082633,0.34712368,0.0733422,0.07379245
train,chr17_58695074_CAG_AAA,missense,-0.041792385,0.29452276,-0.33631516,0.07359801,0.07403156
train,chr17_58695074_CAG_AGA,missense,-1.281986,0.1672442,-1.4492302,0.074203,0.07463788
train,chr17_58695074_CAG_CCC,missense,-0.34889057,-0.51546764,0.16657707,0.07456468,0.07502106
train,chr17_58695074_CAG_CTC,missense,-0.8723342,0.13084817,-1.0031824,0.073955186,0.07438555
train,chr17_58695074_CAG_GAA,missense,1.3830452,0.3251176,1.0579276,0.07114339,0.07156386
train,chr17_58695075_A_G,missense,-1.271695,0.1672442,-1.4389392,0.074203,0.07463788
train,chr17_58695075_A_C,missense,-0.9209427,-0.51546764,-0.40547508,0.07456468,0.07502106
train,chr17_58695075_A_T,missense,-1.1231549,0.13084817,-1.254003,0.073955186,0.07438555
train,chr17_58695076_G_A,synonymous,0.30415362,0.6426759,-0.33852226,-0.06538178,-0.06549272
train,chr17_58695076_G_C,missense,0.9528803,0.24968004,0.7032003,0.07264273,0.073057406
train,chr17_58695076_G_T,missense,-1.001418,0.24968004,-1.251098,0.07264273,0.073057406
train,chr17_58695077_G_A,missense,2.1443388,-0.04161167,2.1859505,0.07487568,0.075301014
train,chr17_58695077_G_C,missense,-2.6498306,-0.16285253,-2.486978,0.07459406,0.07500145
train,chr17_58695077_G_T,missense,-0.04795272,-1.1775724,1.1296196,0.076317884,0.07677305
train,chr17_58695077_GGC_,indel,-0.8784158,-0.35477996,-0.52363586,0.020087814,0.020305444
train,chr17_58695077_GGC_CGG,missense,-4.5816536,-0.16285253,-4.4188013,0.07459406,0.07500145
train,chr17_58695077_GGC_GAT,missense,-2.188824,-0.060664654,-2.1281593,0.074436724,0.074861065
train,chr17_58695077_GGC_GCT,missense,1.0396864,-0.16254449,1.2022309,0.0757478,0.07614792
train,chr17_58695077_GGC_GTG,missense,-0.68700147,-2.41524,1.7282386,0.07693223,0.07735407
train,chr17_58695077_GGC_TCC,missense,-0.10624879,-0.04161167,-0.06463712,0.07487568,0.075301014
train,chr17_58695077_GGC_TGT,missense,-1.5232339,-1.1775724,-0.34566152,0.076317884,0.07677305
train,chr17_58695078_G_T,missense,-2.9310596,-2.41524,-0.51581955,0.07693223,0.07735407
train,chr17_58695078_G_C,missense,0.70981467,-0.16254449,0.87235916,0.0757478,0.07614792
train,chr17_58695078_G_A,missense,-0.007667231,-0.060664654,0.05299742,0.074436724,0.074861065
train,chr17_58695079_C_A,synonymous,2.2942173,0.5848651,1.7093523,-0.064955115,-0.06503074
train,chr17_58695079_C_G,synonymous,-1.1385162,0.5848651,-1.7233813,-0.064955115,-0.06503074
train,chr17_58695079_C_T,synonymous,-0.122414164,0.5848651,-0.70727926,-0.064955115,-0.06503074
train,chr17_58695083_A_C,missense,-1.8955938,-0.5993824,-1.2962114,0.076437086,0.07683836
train,chr17_58695083_A_G,missense,0.9340937,-0.46436572,1.3984594,0.07647498,0.07687487
train,chr17_58695083_A_T,missense,-2.6855052,-0.5993824,-2.0861228,0.076437086,0.07683836
train,chr17_58695083_ATA_GCC,missense,-11.060039,-7.015977,-4.0440617,0.07923752,0.0796259
train,chr17_58695083_ATA_AAG,missense,-14.652912,-11.694743,-2.958169,0.08199198,0.08239631
train,chr17_58695083_ATA_ACC,missense,-12.547088,-7.857484,-4.689604,0.07946789,0.07985643
train,chr17_58695083_ATA_CGG,missense,-11.351549,-11.595376,0.24382687,0.08244702,0.08284035
train,chr17_58695083_ATA_CTG,missense,-1.2507153,-0.5993824,-0.65133286,0.076437086,0.07683836
train,chr17_58695083_ATA_GTG,missense,0.48113325,-0.46436572,0.94549894,0.07647498,0.07687487
train,chr17_58695084_T_A,missense,-11.820257,-11.694743,-0.12551403,0.08199198,0.08239631
train,chr17_58695084_T_C,missense,-12.455573,-7.857484,-4.598089,0.07946789,0.07985643
train,chr17_58695084_T_G,missense,-11.564547,-11.595376,0.03082943,0.08244702,0.08284035
train,chr17_58695085_A_G,missense,-12.362207,-3.2783322,-9.083876,0.07807832,0.0784787
train,chr17_58695085_A_C,synonymous,1.8103486,0.22348571,1.5868629,-0.0633513,-0.06331925
train,chr17_58695085_A_T,synonymous,-0.34491134,0.22348571,-0.56839705,-0.0633513,-0.06331925
train,chr17_58695089_A_G,missense,-8.005674,-10.45417,2.4484959,0.08124362,0.08157899
train,chr17_58695089_A_C,missense,-11.209643,-12.129218,0.91957474,0.08201488,0.08235106
train,chr17_58695089_A_T,missense,0.3563762,-1.3862692,1.7426454,0.0779753,0.07832373
train,chr17_58695089_ACC_,indel,-15.919311,-12.615981,-3.3033295,0.02799106,0.02813945
train,chr17_58695089_ACC_AAT,missense,-11.759271,-11.041904,-0.7173662,0.08116254,0.08151164
train,chr17_58695089_ACC_ATT,missense,-10.052585,-10.526944,0.4743595,0.08100694,0.08134475
train,chr17_58695089_ACC_CCT,missense,-8.635522,-12.129218,3.4936962,0.08201488,0.08235106
train,chr17_58695089_ACC_GCT,missense,-12.44337,-10.45417,-1.9891996,0.08124362,0.08157899
train,chr17_58695090_C_A,missense,-12.036584,-11.041904,-0.99467945,0.08116254,0.08151164
train,chr17_58695090_C_T,missense,-12.025467,-10.526944,-1.4985228,0.08100694,0.08134475
train,chr17_58695090_C_G,missense,-2.7219195,-1.3862692,-1.3356503,0.0779753,0.07832373
train,chr17_58695091_C_T,synonymous,-0.35642505,0.055808306,-0.41223335,-0.062436815,-0.062429674
train,chr17_58695091_CTT_,indel,-12.9088745,-12.46784,-0.44103432,0.02858174,0.028716624
train,chr17_58695091_C_A,synonymous,-1.7589893,0.055808306,-1.8147976,-0.062436815,-0.062429674
train,chr17_58695091_C_G,synonymous,-0.34944946,0.055808306,-0.40525776,-0.062436815,-0.062429674
train,chr17_58695092_T_A,missense,-10.390719,-8.478397,-1.912322,0.08015229,0.08050032
train,chr17_58695092_T_G,missense,-9.581151,-9.6696415,0.088490486,0.080505244,0.08085441
train,chr17_58695092_T_C,missense,-3.6724274,-4.094658,0.42223048,0.07910504,0.07946098
train,chr17_58695092_TTC_GCC,missense,-3.89501,-5.0613146,1.1663046,0.079300664,0.07964239
train,chr17_58695092_TTC_AGC,missense,-6.7067204,-5.206667,-1.5000534,0.07922706,0.07957259
train,chr17_58695092_TTC_ATT,missense,-9.760098,-8.478397,-1.2817011,0.08015229,0.08050032
train,chr17_58695092_TTC_CTG,missense,-4.4692993,-4.094658,-0.37464142,0.07910504,0.07946098
train,chr17_58695092_TTC_GTG,missense,-14.362612,-9.6696415,-4.6929703,0.080505244,0.08085441
train,chr17_58695092_TTC_TGT,missense,-5.5762477,-3.1991277,-2.37712,0.078778535,0.07912301
train,chr17_58695092_TTC_TAT,missense,-1.4900963,-2.181393,0.6912966,0.078368895,0.078706056
train,chr17_58695093_T_A,missense,-2.2326548,-2.181393,-0.0512619,0.078368895,0.078706056
train,chr17_58695093_T_C,missense,-6.46002,-5.206667,-1.2533531,0.07922706,0.07957259
train,chr17_58695093_T_G,missense,-4.857225,-3.1991277,-1.6580973,0.078778535,0.07912301
train,chr17_58695094_C_G,missense,-3.3947551,-4.094658,0.6999028,0.07910504,0.07946098
train,chr17_58695094_C_A,missense,-2.745256,-4.094658,1.349402,0.07910504,0.07946098
train,chr17_58695094_C_T,synonymous,-0.09908918,-0.066771746,-0.032317437,-0.06215902,-0.06223478
train,chr17_58695101_G_C,missense,-3.0510237,-2.2075503,-0.84347343,0.079121366,0.07955281
train,chr17_58695101_G_A,missense,1.3606602,-0.40078115,1.7614413,0.07633783,0.07675287
train,chr17_58695101_G_T,missense,-1.2018231,-0.90116704,-0.30065608,0.07745178,0.077887245
train,chr17_58695101_GCA_,indel,-10.41022,-10.760165,0.34994507,0.033553217,0.03370291
train,chr17_58695101_GCA_ACC,missense,-1.8373,-0.40078115,-1.4365188,0.07633783,0.07675287
train,chr17_58695101_GCA_AGC,missense,0.14768593,-0.90116704,1.0488529,0.07745178,0.077887245
train,chr17_58695101_GCA_CCC,missense,-2.4105704,-2.2075503,-0.2030201,0.079121366,0.07955281
train,chr17_58695101_GCA_GAG,missense,-1.3480133,-0.39791322,-0.95010006,0.076095656,0.07650866
train,chr17_58695101_GCA_GGC,missense,-2.0743835,-0.7123246,-1.3620589,0.077127,0.07750566
train,chr17_58695101_GCA_GTG,missense,0.8139589,-1.2968827,2.1108418,0.07808335,0.078505
train,chr17_58695102_C_T,missense,-0.19091061,-1.2968827,1.1059722,0.07808335,0.078505
train,chr17_58695102_C_A,missense,-1.2694917,-0.39791322,-0.87157845,0.076095656,0.07650866
train,chr17_58695102_C_G,missense,-0.8894403,-0.7123246,-0.17711568,0.077127,0.07750566
train,chr17_58695103_A_G,synonymous,-2.439506,-0.061968803,-2.3775373,-0.060166504,-0.060368262
train,chr17_58695103_A_C,synonymous,-0.5958177,-0.061968803,-0.5338489,-0.060166504,-0.060368262
train,chr17_58695103_A_T,synonymous,1.5409842,-0.061968803,1.602953,-0.060166504,-0.060368262
train,chr17_58695107_G_C,missense,-10.265212,-8.662923,-1.6022892,0.0809947,0.08143046
train,chr17_58695107_G_A,missense,-8.272164,-9.562332,1.2901678,0.081670865,0.08211105
train,chr17_58695107_G_T,missense,-11.399984,-9.202997,-2.1969872,0.08144069,0.08187317
train,chr17_58695107_GAT_GCC,missense,-13.647211,-11.558166,-2.0890455,0.083286956,0.08374217
train,chr17_58695107_GAT_AAC,missense,-8.944674,-9.562332,0.6176586,0.081670865,0.08211105
train,chr17_58695107_GAT_CAC,missense,-9.262293,-8.662923,-0.59937,0.0809947,0.08143046
train,chr17_58695107_GAT_GGC,missense,-10.551425,-10.352176,-0.19924927,0.08192584,0.082371406
train,chr17_58695107_GAT_GTG,missense,-14.721427,-10.990505,-3.7309217,0.08325145,0.08369664
train,chr17_58695107_GAT_TAC,missense,-1.251507,-9.202997,7.9514904,0.08144069,0.08187317
train,chr17_58695108_A_G,missense,-9.8910885,-10.352176,0.46108723,0.08192584,0.082371406
train,chr17_58695108_A_C,missense,-9.077942,-11.558166,2.4802237,0.083286956,0.08374217
train,chr17_58695108_A_T,missense,-11.128362,-10.990505,-0.13785648,0.08325145,0.08369664
train,chr17_58695109_T_A,missense,-9.409943,-5.4445305,-3.9654121,0.07985562,0.08028536
train,chr17_58695109_T_G,missense,-8.159078,-5.4445305,-2.7145472,0.07985562,0.08028536
train,chr17_58695109_T_C,synonymous,1.1148971,0.23661494,0.8782822,-0.062090438,-0.06222315
train,chr17_58695110_G_T,missense,0.36578625,-0.08399868,0.44978493,0.077115506,0.07747113
train,chr17_58695110_G_A,missense,-1.9388524,0.10635686,-2.0452094,0.07687426,0.07723072
train,chr17_58695110_G_C,missense,0.17271188,0.049351215,0.12336066,0.07699696,0.077331126
train,chr17_58695110_GAT_,indel,-11.13731,-10.594441,-0.5428686,0.04314616,0.04319561
train,chr17_58695110_GAT_GCC,missense,0.50941557,0.010636091,0.49877948,0.0760447,0.076368995
train,chr17_58695110_GAT_AAC,missense,-2.4571645,0.10635686,-2.5635214,0.07687426,0.07723072
train,chr17_58695110_GAT_CAC,missense,-1.310671,0.049351215,-1.3600222,0.07699696,0.077331126
train,chr17_58695110_GAT_GGC,missense,0.099187404,-0.38203883,0.48122624,0.076839626,0.07717996
train,chr17_58695110_GAT_GTG,missense,-0.31835765,-0.8086803,0.49032265,0.077720456,0.07806025
train,chr17_58695110_GAT_TAC,missense,-0.36076093,-0.08399868,-0.27676225,0.077115506,0.07747113
train,chr17_58695111_A_G,missense,-1.2369877,-0.38203883,-0.8549489,0.076839626,0.07717996
train,chr17_58695111_A_C,missense,-0.07369015,0.010636091,-0.084326245,0.0760447,0.076368995
train,chr17_58695111_A_T,missense,0.41281274,-0.8086803,1.221493,0.077720456,0.07806025
train,chr17_58695112_T_A,missense,-0.1750918,-0.042661905,-0.1324299,0.075559735,0.07589597
train,chr17_58695112_T_C,synonymous,1.3392334,0.45220232,0.8870311,-0.0628418,-0.06299422
train,chr17_58695112_T_G,missense,0.6906935,-0.042661905,0.7333554,0.075559735,0.07589597
train,chr17_58695113_A_T,missense,-3.6741898,-0.40010953,-3.2740803,0.0779688,0.07839235
train,chr17_58695113_A_C,missense,0.16265023,-0.08299184,0.24564207,0.07824341,0.07865091
train,chr17_58695113_A_G,missense,-0.61781925,-0.27342987,-0.34438938,0.07831085,0.07873341
train,chr17_58695113_ATT_,indel,-5.592289,-8.032727,2.4404383,0.042973462,0.043041714
train,chr17_58695113_ATT_GCC,missense,-1.4750812,-0.42355013,-1.0515311,0.07814445,0.07860027
train,chr17_58695113_ATT_AAC,missense,-3.569356,-3.1610484,-0.40830755,0.07992693,0.080418095
train,chr17_58695113_ATT_TTC,missense,-4.5305147,-0.40010953,-4.1304054,0.0779688,0.07839235
train,chr17_58695113_ATT_ACC,missense,-1.1986858,-0.13821554,-1.0604702,0.07732999,0.07775574
train,chr17_58695113_ATT_AGC,missense,-0.88877577,-2.2897084,1.4009326,0.07965079,0.08013722
train,chr17_58695113_ATT_CTG,missense,0.7517062,-0.08299184,0.834698,0.07824341,0.07865091
train,chr17_58695113_ATT_GTG,missense,-0.6077784,-0.27342987,-0.3343485,0.07831085,0.07873341
train,chr17_58695114_T_G,missense,-0.71137136,-2.2897084,1.578337,0.07965079,0.08013722
train,chr17_58695114_T_A,missense,-3.3903139,-3.1610484,-0.22926545,0.07992693,0.080418095
train,chr17_58695114_T_C,missense,-0.5842705,-0.13821554,-0.44605494,0.07732999,0.07775574
train,chr17_58695115_T_A,synonymous,-0.40460083,0.48158622,-0.8861871,-0.062199336,-0.06233772
train,chr17_58695115_T_C,synonymous,1.6582714,0.48158622,1.1766852,-0.062199336,-0.06233772
train,chr17_58695115_T_G,missense,-0.5575828,-1.686715,1.1291323,0.07956866,0.08001955
train,chr17_58695119_GGG_,indel,-10.927723,-10.9219885,-0.0057344437,0.030814629,0.031138323
train,chr17_58695122_GGT_,indel,-6.7872915,-10.9219885,4.134697,0.030814629,0.031138323
train,chr17_58695125_G_A,missense,-8.682888,-11.005192,2.3223038,0.08274813,0.08324381
train,chr17_58695125_G_C,missense,-10.005344,-11.005192,0.9998474,0.08274813,0.08324381
train,chr17_58695125_GGA_,indel,-11.860113,-10.9219885,-0.93812466,0.030814629,0.031138323
train,chr17_58695125_GGA_GCC,missense,-9.61597,-10.320008,0.7040386,0.08182848,0.082314424
train,chr17_58695125_GGA_CGG,missense,-14.86452,-11.005192,-3.8593283,0.08274813,0.08324381
train,chr17_58695125_GGA_GAG,missense,-8.869484,-11.097761,2.2282772,0.08323907,0.08377791
train,chr17_58695125_GGA_GTG,missense,-12.357089,-10.93361,-1.4234791,0.08333687,0.08385654
train,chr17_58695126_G_T,missense,-7.275329,-10.93361,3.6582808,0.08333687,0.08385654
train,chr17_58695126_G_A,missense,-9.045017,-11.097761,2.052744,0.08323907,0.08377791
train,chr17_58695126_G_C,missense,-11.7104845,-10.320008,-1.3904762,0.08182848,0.082314424
train,chr17_58695127_A_G,synonymous,-0.6490883,-0.12513733,-0.523951,-0.06190047,-0.06200289
train,chr17_58695127_A_C,synonymous,0.892871,-0.12513733,1.0180084,-0.06190047,-0.06200289
train,chr17_58695127_A_T,synonymous,-0.1222552,-0.12513733,0.0028821304,-0.06190047,-0.06200289
train,chr17_58695134_T_A,missense,1.5780286,0.13460493,1.4434236,0.07505547,0.0754295
train,chr17_58695134_T_C,synonymous,-1.1762218,0.52521944,-1.7014413,-0.06200215,-0.062154055
train,chr17_58695134_T_G,missense,1.056969,0.05527687,1.0016922,0.07573027,0.076113835
train,chr17_58695134_TTA_,indel,-11.635945,-9.453532,-2.182413,0.039594498,0.03973926
train,chr17_58695134_TTA_GCC,missense,-2.5696461,-0.8026602,-1.7669859,0.0772918,0.07767739
train,chr17_58695134_TTA_AGC,missense,-3.0581446,-1.964778,-1.0933666,0.078718245,0.07908995
train,chr17_58695134_TTA_ATC,missense,-0.06949781,0.13460493,-0.20410274,0.07505547,0.0754295
train,chr17_58695134_TTA_CTC,synonymous,-1.4961671,0.52521944,-2.0213866,-0.06200215,-0.062154055
train,chr17_58695134_TTA_CTG,synonymous,0.6203725,0.52521944,0.095153034,-0.06200215,-0.062154055
train,chr17_58695134_TTA_CTT,synonymous,-0.60888433,0.52521944,-1.1341038,-0.06200215,-0.062154055
train,chr17_58695134_TTA_GTG,missense,0.799722,0.05527687,0.74444515,0.07573027,0.076113835
train,chr17_58695135_T_C,missense,-3.571538,-1.964778,-1.60676,0.078718245,0.07908995
train,chr17_58695136_A_G,synonymous,-0.8130034,0.52521944,-1.3382229,-0.06200215,-0.062154055
train,chr17_58695136_A_C,missense,-0.98710686,-0.39038038,-0.5967265,0.076108694,0.07648027
train,chr17_58695136_A_T,missense,-0.82054216,-0.39038038,-0.43016177,0.076108694,0.07648027
train,chr17_58695142_AAC_,indel,-10.905722,-7.1295137,-3.776208,0.04516723,0.04538957
train,chr17_58695143_A_C,missense,-10.394634,-6.907608,-3.4870262,0.08132806,0.08178556
train,chr17_58695143_A_G,missense,-0.7644655,-0.7186525,-0.045813024,0.07778254,0.07820555
train,chr17_58695143_A_T,missense,0.07269246,-2.5246048,2.5972972,0.07920105,0.079637766
train,chr17_58695143_ACA_GCC,missense,-0.7945163,-0.7186525,-0.07586384,0.07778254,0.07820555
train,chr17_58695143_ACA_AAG,missense,-2.9934206,-8.203586,5.210165,0.08185664,0.08234751
train,chr17_58695143_ACA_CCC,missense,-7.3676596,-6.907608,-0.46005154,0.08132806,0.08178556
train,chr17_58695143_ACA_CGG,missense,-16.104368,-8.509997,-7.594371,0.082812354,0.08328623
train,chr17_58695143_ACA_AGC,missense,-0.3870449,-2.5246048,2.13756,0.07920105,0.079637766
train,chr17_58695143_ACA_ATC,missense,1.2264755,0.09176636,1.1347091,0.07600564,0.07642273
train,chr17_58695144_C_A,missense,-5.1653385,-8.203586,3.038247,0.08185664,0.08234751
train,chr17_58695144_C_G,missense,-13.867958,-8.509997,-5.3579607,0.082812354,0.08328623
train,chr17_58695144_C_T,missense,-0.9146884,0.09176636,-1.0064547,0.07600564,0.07642273
train,chr17_58695145_A_C,synonymous,1.4275309,0.51144505,0.91608584,-0.061800968,-0.06190893
train,chr17_58695145_A_G,synonymous,0.21947008,0.51144505,-0.29197496,-0.061800968,-0.06190893
train,chr17_58695145_A_T,synonymous,-1.5204762,0.51144505,-2.0319214,-0.061800968,-0.06190893
train,chr17_58695146_A_G,missense,-1.0187302,-0.54498935,-0.47374082,0.076912045,0.07732732
train,chr17_58695146_A_C,missense,-12.483018,-9.721943,-2.761075,0.08158438,0.082107365
train,chr17_58695146_A_T,missense,-1.9881611,0.06642079,-2.0545819,0.075947516,0.0763556
train,chr17_58695146_ACA_GCC,missense,-1.7468321,-0.54498935,-1.2018428,0.076912045,0.07732732
train,chr17_58695146_ACA_AAG,missense,-7.4922757,-8.963133,1.4708571,0.08233215,0.082827404
train,chr17_58695146_ACA_CCC,missense,-11.921588,-9.721943,-2.199645,0.08158438,0.082107365
train,chr17_58695146_ACA_CGG,missense,-6.5734954,-8.6589575,2.085462,0.08178683,0.082278945
train,chr17_58695146_ACA_AGC,missense,0.48660907,0.06642079,0.42018828,0.075947516,0.0763556
train,chr17_58695146_ACA_ATC,missense,1.2503715,-0.99517334,2.245545,0.07796278,0.07837296
train,chr17_58695147_C_T,missense,-2.0084143,-0.99517334,-1.0132409,0.07796278,0.07837296
train,chr17_58695147_C_A,missense,-3.0207367,-8.963133,5.942396,0.08233215,0.082827404
train,chr17_58695147_C_G,missense,-8.578695,-8.6589575,0.080262184,0.08178683,0.082278945
train,chr17_58695148_A_G,synonymous,1.4457875,0.52744913,0.9183384,-0.062301863,-0.062436834
train,chr17_58695148_A_C,synonymous,-0.3711705,0.52744913,-0.89861965,-0.062301863,-0.062436834
train,chr17_58695148_A_T,synonymous,-0.58965755,0.52744913,-1.1171067,-0.062301863,-0.062436834
train,chr17_58695149_G_A,missense,-7.1871614,-6.212493,-0.9746685,0.07968097,0.080207795
train,chr17_58695149_G_C,missense,-7.003199,-5.483366,-1.5198331,0.07980132,0.08029735
train,chr17_58695149_GAA_,indel,-3.9298663,-8.584678,4.6548114,0.052553087,0.05283397
train,chr17_58695149_GAA_GCC,missense,-9.36766,-8.616619,-0.75104046,0.08202026,0.08249895
train,chr17_58695149_GAA_AAG,missense,-9.483854,-6.212493,-3.2713614,0.07968097,0.080207795
train,chr17_58695149_GAA_CAG,missense,-7.9028,-5.483366,-2.419434,0.07980132,0.08029735
train,chr17_58695149_GAA_GGC,missense,-11.623779,-9.898271,-1.7255087,0.0830455,0.08353867
train,chr17_58695149_GAA_GTG,missense,-6.876211,-8.178806,1.3025951,0.08221005,0.082712926
train,chr17_58695150_A_C,missense,-8.13096,-8.616619,0.48565865,0.08202026,0.08249895
train,chr17_58695150_A_G,missense,-10.13144,-9.898271,-0.23316956,0.0830455,0.08353867
train,chr17_58695150_A_T,missense,-7.4050374,-8.178806,0.7737689,0.08221005,0.082712926
train,chr17_58695151_A_C,missense,-11.962896,-4.8489456,-7.1139507,0.07988429,0.08036453
train,chr17_58695151_A_T,missense,-8.148449,-4.8489456,-3.2995033,0.07988429,0.08036453
train,chr17_58695151_A_G,synonymous,0.3124935,0.35480976,-0.042316258,-0.062134113,-0.06226722
train,chr17_58695152_A_G,missense,1.1962805,-0.510216,1.7064965,0.07791194,0.078391075
train,chr17_58695152_A_C,missense,-2.1672208,-0.5180135,-1.6492074,0.0780302,0.078505486
train,chr17_58695152_A_T,missense,-1.3421522,-1.7962425,0.45409024,0.078647606,0.079137616
train,chr17_58695152_ATT_,indel,-7.9651847,-9.20989,1.2447057,0.056560025,0.056791905
train,chr17_58695152_ATT_GCC,missense,-3.6619453,-6.377244,2.7152987,0.08028934,0.08081007
train,chr17_58695152_ATT_AAC,missense,-6.6946316,-7.1766787,0.48204708,0.080362126,0.080903396
train,chr17_58695152_ATT_ACC,missense,-11.791096,-6.566432,-5.2246637,0.080399334,0.08091841
train,chr17_58695152_ATT_AGC,missense,-7.480405,-8.2728615,0.7924566,0.081207484,0.08176545
train,chr17_58695152_ATT_TTC,missense,-3.939251,-1.7962425,-2.1430085,0.078647606,0.079137616
train,chr17_58695152_ATT_CTG,missense,-1.4811496,-0.5180135,-0.9631361,0.0780302,0.078505486
train,chr17_58695152_ATT_GTG,missense,-0.59059775,-0.510216,-0.08038175,0.07791194,0.078391075
train,chr17_58695153_T_A,missense,-10.3351145,-7.1766787,-3.1584358,0.080362126,0.080903396
train,chr17_58695153_T_C,missense,-4.6503005,-6.566432,1.9161315,0.080399334,0.08091841
train,chr17_58695153_T_G,missense,-5.7169228,-8.2728615,2.5559387,0.081207484,0.08176545
train,chr17_58695154_T_A,synonymous,0.005869106,0.55903554,-0.55316645,-0.062572226,-0.062705204
train,chr17_58695154_T_C,synonymous,-1.1350225,0.55903554,-1.6940581,-0.062572226,-0.062705204
train,chr17_58695154_T_G,missense,-2.2550147,-2.0060275,-0.2489872,0.07878346,0.07926882
train,chr17_58695161_G_A,missense,-0.1272641,0.11084366,-0.23810776,0.07749423,0.07785253
train,chr17_58695161_G_C,missense,0.8167094,-0.22446108,1.0411705,0.077981874,0.0783727
train,chr17_58695161_G_T,missense,0.42626178,0.1597426,0.2665192,0.07741623,0.0777804
train,chr17_58695161_GCA_,indel,-7.600124,-8.299217,0.69909334,0.054272447,0.05448728
train,chr17_58695161_GCA_ACC,missense,-0.78444487,0.11084366,-0.8952885,0.07749423,0.07785253
train,chr17_58695161_GCA_AGC,missense,-1.3848978,0.1597426,-1.5446404,0.07741623,0.0777804
train,chr17_58695161_GCA_CCC,missense,0.8364462,-0.22446108,1.0609074,0.077981874,0.0783727
train,chr17_58695161_GCA_GAG,missense,-0.0558607,0.34074807,-0.39660877,0.07660699,0.07696912
train,chr17_58695161_GCA_GGC,missense,-1.5661741,-0.8732903,-0.69288385,0.0790997,0.07943466
train,chr17_58695161_GCA_GTG,missense,-0.8888664,-0.37079072,-0.5180757,0.078402214,0.07877024
train,chr17_58695162_C_T,missense,-0.85950625,-0.37079072,-0.48871553,0.078402214,0.07877024
train,chr17_58695162_C_A,missense,-0.14200398,0.34074807,-0.48275205,0.07660699,0.07696912
train,chr17_58695162_C_G,missense,-1.1464099,-0.8732903,-0.27311957,0.0790997,0.07943466
train,chr17_58695163_A_C,synonymous,-0.5630268,0.57461834,-1.1376451,-0.060592774,-0.06066501
train,chr17_58695163_A_G,synonymous,1.9500167,0.57461834,1.3753984,-0.060592774,-0.06066501
train,chr17_58695163_A_T,synonymous,-2.4773507,0.57461834,-3.051969,-0.060592774,-0.06066501
train,chr17_58695167_G_C,missense,-9.375274,-6.217699,-3.1575747,0.079879366,0.08023943
train,chr17_58695167_G_A,missense,0.7195293,-0.59196115,1.3114904,0.0771509,0.077486
train,chr17_58695167_G_T,missense,-2.3183558,-2.3208683,0.002512455,0.07805838,0.078411125
train,chr17_58695167_GGT_,indel,-10.104269,-7.592515,-2.511754,0.050808046,0.051077813
train,chr17_58695167_GGT_GCC,missense,-1.2762401,-0.5193851,-0.756855,0.07693365,0.077272646
train,chr17_58695167_GGT_GAC,missense,-9.198222,-7.9103374,-1.2878847,0.08029679,0.08067577
train,chr17_58695167_GGT_GTG,missense,-8.506004,-5.16863,-3.3373742,0.079271756,0.079633474
train,chr17_58695167_GGT_AGC,missense,0.32593822,-0.59196115,0.91789937,0.0771509,0.077486
train,chr17_58695167_GGT_CGG,missense,-2.708301,-6.217699,3.509398,0.079879366,0.08023943
train,chr17_58695167_GGT_TGC,missense,-0.8358068,-2.3208683,1.4850614,0.07805838,0.078411125
train,chr17_58695168_G_A,missense,-9.195477,-7.9103374,-1.2851391,0.08029679,0.08067577
train,chr17_58695168_G_C,missense,-1.0598288,-0.5193851,-0.54044366,0.07693365,0.077272646
train,chr17_58695168_G_T,missense,-11.922159,-5.16863,-6.753529,0.079271756,0.079633474
train,chr17_58695169_T_A,synonymous,0.38486362,0.4961927,-0.11132908,-0.06069764,-0.06078779
train,chr17_58695169_T_C,synonymous,1.136312,0.4961927,0.6401193,-0.06069764,-0.06078779
train,chr17_58695169_T_G,synonymous,-0.17649503,0.4961927,-0.6726877,-0.06069764,-0.06078779
train,chr17_58695170_G_A,missense,-1.4144086,-1.1151232,-0.2992854,0.078813024,0.07921583
train,chr17_58695170_G_T,missense,-8.7820635,-6.21327,-2.5687933,0.0808515,0.08128165
train,chr17_58695170_G_C,missense,-0.20064794,-2.1460693,1.9454213,0.07909932,0.079504676
train,chr17_58695170_GTT_,indel,-8.2427,-7.1571198,-1.0855799,0.04704995,0.047232483
train,chr17_58695170_GTT_GCC,missense,0.1086094,-0.93618166,1.0447911,0.07766226,0.07806526
train,chr17_58695170_GTT_GAC,missense,-6.560697,-8.2872925,1.7265954,0.08143107,0.08189289
train,chr17_58695170_GTT_TTC,missense,-7.5681353,-6.21327,-1.3548651,0.0808515,0.08128165
train,chr17_58695170_GTT_ATC,missense,-0.10395847,-1.1151232,1.0111647,0.078813024,0.07921583
train,chr17_58695170_GTT_CTG,missense,-1.5332932,-2.1460693,0.61277604,0.07909932,0.079504676
train,chr17_58695170_GTT_GGC,missense,-2.324136,-3.387175,1.0630391,0.079768345,0.08017624
train,chr17_58695171_T_C,missense,-1.5683092,-0.93618166,-0.6321275,0.07766226,0.07806526
train,chr17_58695171_T_A,missense,-6.4088297,-8.2872925,1.8784628,0.08143107,0.08189289
train,chr17_58695171_T_G,missense,-6.3651733,-3.387175,-2.9779983,0.079768345,0.08017624
train,chr17_58695172_T_A,synonymous,0.9645285,0.33755016,0.62697834,-0.061107773,-0.061191097
train,chr17_58695172_T_C,synonymous,-1.0830085,0.33755016,-1.4205587,-0.061107773,-0.061191097
train,chr17_58695172_T_G,synonymous,0.3087318,0.33755016,-0.028818369,-0.061107773,-0.061191097
train,chr17_58695173_G_A,missense,-3.9621763,-6.329856,2.3676796,0.0804955,0.080944374
train,chr17_58695173_G_C,missense,-7.3044024,-6.329856,-0.97454643,0.0804955,0.080944374
train,chr17_58695173_GGA_,indel,-6.4534674,-8.930685,2.4772177,0.048332047,0.04851753
train,chr17_58695173_GGA_GCC,missense,-7.3878503,-7.0591993,-0.32865095,0.08126815,0.081690244
train,chr17_58695173_GGA_CGG,missense,-8.453323,-6.329856,-2.1234674,0.0804955,0.080944374
train,chr17_58695173_GGA_GAG,missense,-7.062905,-7.856454,0.79354906,0.08149367,0.08193973
train,chr17_58695173_GGA_GTG,missense,-9.652776,-7.604787,-2.047989,0.08137442,0.08180212
train,chr17_58695174_G_C,missense,-7.595675,-7.0591993,-0.53647566,0.08126815,0.081690244
train,chr17_58695174_G_A,missense,-7.1156645,-7.856454,0.7407894,0.08149367,0.08193973
train,chr17_58695174_G_T,missense,-9.295639,-7.604787,-1.6908522,0.08137442,0.08180212
train,chr17_58695175_A_C,synonymous,-0.07864313,-0.028653145,-0.049989983,-0.05950131,-0.059635498
train,chr17_58695175_A_G,synonymous,0.8949179,-0.028653145,0.92357105,-0.05950131,-0.059635498
train,chr17_58695175_A_T,synonymous,0.14183846,-0.028653145,0.1704916,-0.05950131,-0.059635498
train,chr17_58695179_A_C,missense,-10.57496,-9.060823,-1.5141363,0.082296886,0.08273783
train,chr17_58695179_A_G,missense,-8.826735,-5.7748766,-3.051858,0.081162535,0.08156918
train,chr17_58695179_A_T,missense,-3.0325868,-2.8435338,-0.18905306,0.07971958,0.08013358
train,chr17_58695179_ACA_,indel,-6.178807,-7.978346,1.7995391,0.04700352,0.04742949
train,chr17_58695179_ACA_GCC,missense,-7.527687,-5.7748766,-1.7528105,0.081162535,0.08156918
train,chr17_58695179_ACA_AAG,missense,-12.837443,-10.1498,-2.687643,0.0830614,0.083526984
train,chr17_58695179_ACA_AGC,missense,-3.3038363,-2.8435338,-0.4603026,0.07971958,0.08013358
train,chr17_58695179_ACA_ATC,missense,-8.032353,-7.437031,-0.5953226,0.08113621,0.08158832
train,chr17_58695179_ACA_CCC,missense,-9.465092,-9.060823,-0.40426826,0.082296886,0.08273783
train,chr17_58695179_ACA_CGG,missense,-8.390867,-10.475255,2.0843878,0.084387854,0.084851965
train,chr17_58695180_C_G,missense,-6.1928887,-10.475255,4.2823663,0.084387854,0.084851965
train,chr17_58695180_C_T,missense,-9.465761,-7.437031,-2.0287304,0.08113621,0.08158832
train,chr17_58695180_C_A,missense,-6.8711104,-10.1498,3.2786899,0.0830614,0.083526984
train,chr17_58695181_A_C,synonymous,0.8548926,-0.30178356,1.1566762,-0.058993604,-0.059138976
train,chr17_58695181_A_T,synonymous,-1.8309104,-0.30178356,-1.5291269,-0.058993604,-0.059138976
train,chr17_58695181_A_G,synonymous,-1.0155925,-0.30178356,-0.7138089,-0.058993604,-0.059138976
train,chr17_58695182_C_G,missense,-8.585429,-8.300528,-0.28490162,0.08269411,0.08314588
train,chr17_58695182_C_A,missense,-7.6984644,-8.772254,1.0737896,0.08451307,0.08496922
train,chr17_58695182_CAA_,indel,-10.767235,-8.27335,-2.493885,0.046822213,0.047303263
train,chr17_58695182_CAA_GCC,missense,-1.9454378,-3.5268083,1.5813705,0.08057848,0.08102221
train,chr17_58695182_CAA_AAG,missense,-13.569221,-8.772254,-4.7969666,0.08451307,0.08496922
train,chr17_58695182_CAA_CCC,missense,-9.016008,-8.027758,-0.98825073,0.08179749,0.082267575
train,chr17_58695182_CAA_CGG,missense,-8.281928,-7.854863,-0.4270649,0.08377639,0.084223524
train,chr17_58695182_CAA_GAG,missense,-5.441567,-8.300528,2.8589606,0.08269411,0.08314588
train,chr17_58695182_CAA_CTG,missense,-2.2640667,-5.191732,2.9276652,0.08175363,0.08219737
train,chr17_58695183_A_G,missense,-3.6150172,-7.854863,4.239846,0.08377639,0.084223524
train,chr17_58695183_A_C,missense,-9.542119,-8.027758,-1.5143614,0.08179749,0.082267575
train,chr17_58695183_A_T,missense,-1.868089,-5.191732,3.323643,0.08175363,0.08219737
train,chr17_58695184_A_C,missense,-5.460979,-2.4137278,-3.0472512,0.08005388,0.080475114
train,chr17_58695184_A_T,missense,-4.255428,-2.4137278,-1.8417001,0.08005388,0.080475114
train,chr17_58695184_A_G,synonymous,-0.40299484,-0.19464731,-0.20834753,-0.06043906,-0.060531378
train,chr17_58695185_T_C,synonymous,2.6963408,0.10898876,2.587352,-0.060325038,-0.06043622
train,chr17_58695185_T_A,missense,1.0596178,-1.0390416,2.0986595,0.07900222,0.07941286
train,chr17_58695185_T_G,missense,0.505655,-0.41492724,0.92058223,0.07813669,0.07853408
train,chr17_58695185_TTA_,indel,-7.6197777,-8.871016,1.2512379,0.050477054,0.05082978
train,chr17_58695185_TTA_GCC,missense,-1.1166455,-0.7588606,-0.35778487,0.077974536,0.078364685
train,chr17_58695185_TTA_AGC,missense,-4.441465,-4.3348846,-0.10658026,0.08068361,0.081099324
train,chr17_58695185_TTA_GTG,missense,-3.3150907,-0.41492724,-2.9001634,0.07813669,0.07853408
train,chr17_58695185_TTA_ATC,missense,2.2584379,-1.0390416,3.2974796,0.07900222,0.07941286
train,chr17_58695185_TTA_CTC,synonymous,-0.05836267,0.10898876,-0.16735142,-0.060325038,-0.06043622
train,chr17_58695185_TTA_CTG,synonymous,-0.49992186,0.10898876,-0.6089106,-0.060325038,-0.06043622
train,chr17_58695185_TTA_CTT,synonymous,-0.45437163,0.10898876,-0.5633604,-0.060325038,-0.06043622
train,chr17_58695186_T_C,missense,-6.5630894,-4.3348846,-2.2282047,0.08068361,0.081099324
train,chr17_58695187_A_G,synonymous,-2.0947723,0.10898876,-2.203761,-0.060325038,-0.06043622
train,chr17_58695187_A_C,missense,-0.66063017,-1.4366044,0.7759742,0.07934519,0.0797271
train,chr17_58695187_A_T,missense,1.7239361,-1.4366044,3.1605406,0.07934519,0.0797271
train,chr17_58695188_T_C,missense,-5.3613534,-10.168983,4.80763,0.08270252,0.083145306
train,chr17_58695188_T_A,missense,-0.73397106,-1.2100822,0.4761111,0.07876577,0.07912035
train,chr17_58695188_T_G,missense,-2.607885,-4.420236,1.8123512,0.080672204,0.081016436
train,chr17_58695189_G_A,missense,-5.7354665,-8.746116,3.0106492,0.08193373,0.08234732
train,chr17_58695189_G_C,missense,-7.6321077,-1.2100822,-6.4220257,0.07876577,0.07912035
train,chr17_58695189_G_T,missense,-7.8218966,-6.708602,-1.1132946,0.0813739,0.08175794
train,chr17_58696693_T_C,synonymous,0.38964102,0.2804427,0.1091983,-0.06143776,-0.06157673
train,chr17_58696693_T_G,missense,-7.8371334,-7.6404705,-0.1966629,0.081314266,0.08172374
train,chr17_58696694_A_G,missense,2.1973903,-0.31918073,2.516571,0.078125715,0.078495
train,chr17_58696694_A_T,missense,-0.11215145,-0.16483927,0.052687816,0.07826067,0.078629285
train,chr17_58696694_A_C,missense,-0.14437413,-0.16483927,0.020465136,0.07826067,0.078629285
train,chr17_58696694_ATG_,indel,-14.615147,-11.383224,-3.231923,0.05451509,0.054703653
train,chr17_58696694_ATG_GCC,missense,-1.4925599,-1.0385797,-0.4539802,0.079184316,0.07956655
train,chr17_58696694_ATG_CGG,missense,-10.623301,-9.382857,-1.2404432,0.08313242,0.08352823
train,chr17_58696694_ATG_AAA,missense,-1.8509213,-9.343785,7.492864,0.082825705,0.08323471
train,chr17_58696694_ATG_ACC,missense,-1.5606911,-1.5643911,0.003700018,0.07997223,0.08034154
train,chr17_58696694_ATG_CTC,missense,1.4552287,-0.16483927,1.620068,0.07826067,0.078629285
train,chr17_58696694_ATG_GTC,missense,1.4792056,-0.31918073,1.7983863,0.078125715,0.078495
train,chr17_58696695_T_A,missense,-3.1442742,-9.343785,6.199511,0.082825705,0.08323471
train,chr17_58696695_T_C,missense,-4.460535,-1.5643911,-2.896144,0.07997223,0.08034154
train,chr17_58696695_T_G,missense,-13.862392,-9.382857,-4.479535,0.08313242,0.08352823
train,chr17_58696696_G_A,missense,0.8793128,-1.2324471,2.11176,0.079527974,0.07990277
train,chr17_58696696_G_T,missense,-0.7440612,-1.2324471,0.48838598,0.079527974,0.07990277
train,chr17_58696696_G_C,missense,-2.6815157,-1.2324471,-1.4490685,0.079527974,0.07990277
train,chr17_58696697_C_A,missense,-5.1801896,-9.1912155,4.011026,0.08262541,0.08306106
train,chr17_58696697_C_G,missense,-16.348766,-11.817548,-4.5312185,0.083307296,0.083763026
train,chr17_58696697_CAG_,indel,-14.021049,-12.955921,-1.0651274,0.054135732,0.054401144
train,chr17_58696697_CAG_GCC,missense,-15.625612,-12.490404,-3.1352081,0.08504647,0.08546454
train,chr17_58696697_CAG_AAA,missense,-6.798238,-9.1912155,2.3929777,0.08262541,0.08306106
train,chr17_58696697_CAG_AGA,missense,-11.647585,-12.544986,0.89740086,0.08413543,0.08458602
train,chr17_58696697_CAG_CCC,missense,-8.009323,-13.652144,5.6428213,0.08522775,0.08570232
train,chr17_58696697_CAG_CTC,missense,-14.237172,-12.582474,-1.6546984,0.08548812,0.08594598
train,chr17_58696697_CAG_GAA,missense,-12.990489,-11.817548,-1.1729412,0.083307296,0.083763026
train,chr17_58696698_A_C,missense,-12.223697,-13.652144,1.4284477,0.08522775,0.08570232
train,chr17_58696698_A_G,missense,-12.186176,-12.544986,0.35880947,0.08413543,0.08458602
train,chr17_58696698_A_T,missense,-12.217267,-12.582474,0.36520672,0.08548812,0.08594598
train,chr17_58696699_G_T,missense,-12.783215,-12.093432,-0.68978214,0.08356996,0.08401832
train,chr17_58696699_G_C,missense,-8.605722,-12.093432,3.48771,0.08356996,0.08401832
train,chr17_58696699_G_A,synonymous,1.3501732,0.020049334,1.3301239,-0.05941924,-0.059511147
train,chr17_58696706_G_C,missense,-1.9488583,-2.253561,0.30470276,0.08010984,0.080520384
train,chr17_58696706_G_A,missense,-0.94118553,-0.842294,-0.098891556,0.07951743,0.07989756
train,chr17_58696706_G_T,missense,-2.8435776,-2.253561,-0.5900166,0.08010984,0.080520384
train,chr17_58696706_GTA_,indel,-11.7662735,-12.140714,0.3744402,0.042504225,0.042794734
train,chr17_58696706_GTA_GCC,missense,-7.0675297,-0.8155303,-6.2519994,0.07903354,0.07944888
train,chr17_58696706_GTA_GAG,missense,-16.407974,-13.443276,-2.9646978,0.08480061,0.08528862
train,chr17_58696706_GTA_GGC,missense,-9.224408,-11.259659,2.0352507,0.082856186,0.08328642
train,chr17_58696706_GTA_ATC,missense,1.1101482,-0.842294,1.9524422,0.07951743,0.07989756
train,chr17_58696706_GTA_CTG,missense,-0.023356767,-2.253561,2.2302043,0.08010984,0.080520384
train,chr17_58696707_T_A,missense,-14.148563,-13.443276,-0.705287,0.08480061,0.08528862
train,chr17_58696707_T_C,missense,-9.438058,-0.8155303,-8.622528,0.07903354,0.07944888
train,chr17_58696707_T_G,missense,-2.142884,-11.259659,9.116775,0.082856186,0.08328642
train,chr17_58696708_A_G,synonymous,1.3989451,0.55244136,0.84650373,-0.06064609,-0.060816728
train,chr17_58696708_A_C,synonymous,-0.5824515,0.55244136,-1.134893,-0.06064609,-0.060816728
train,chr17_58696708_A_T,synonymous,0.49291795,0.55244136,-0.059523404,-0.06064609,-0.060816728
train,chr17_58696712_G_A,missense,-13.538732,-12.218425,-1.3203068,0.08229497,0.082710184
train,chr17_58696712_G_C,missense,-17.068848,-12.8550625,-4.213785,0.08269903,0.08312831
train,chr17_58696712_G_T,missense,-10.832638,-12.8550625,2.0224247,0.08269903,0.08312831
train,chr17_58696712_GTG_,indel,-13.615894,-14.495311,0.87941647,0.0366062,0.03688739
train,chr17_58696712_GTG_GCC,missense,-0.48411712,-2.5543563,2.0702393,0.080511846,0.080920674
train,chr17_58696712_GTG_CTC,missense,-9.535713,-12.8550625,3.3193493,0.08269903,0.08312831
train,chr17_58696712_GTG_GAA,missense,-10.54297,-15.123924,4.5809546,0.084866695,0.08532532
train,chr17_58696712_GTG_GGC,missense,-16.62209,-14.687902,-1.9341869,0.083169706,0.08356114
train,chr17_58696713_T_C,missense,0.9640454,-2.5543563,3.5184016,0.080511846,0.080920674
train,chr17_58696713_T_A,missense,-19.867474,-15.123924,-4.7435493,0.084866695,0.08532532
train,chr17_58696713_T_G,missense,-12.468108,-14.687902,2.2197943,0.083169706,0.08356114
train,chr17_58696714_G_C,synonymous,3.644324,0.30502033,3.3393037,-0.060520988,-0.060691707
train,chr17_58696714_G_A,synonymous,0.58862317,0.30502033,0.28360283,-0.060520988,-0.060691707
train,chr17_58696714_G_T,synonymous,-1.1730436,0.30502033,-1.478064,-0.060520988,-0.060691707
train,chr17_58696721_C_A,missense,-13.941407,-15.007561,1.0661535,0.08198021,0.08239611
train,chr17_58696721_C_G,missense,-13.140911,-13.729928,0.5890169,0.08137181,0.08179131
train,chr17_58696721_C_T,missense,-10.499874,-11.9383,1.438426,0.080699794,0.08113518
train,chr17_58696721_CCA_,indel,-20.710497,-18.165297,-2.5452003,0.035393406,0.03552197
train,chr17_58696721_CCA_GCC,missense,-6.161076,-13.729928,7.568852,0.08137181,0.08179131
train,chr17_58696721_CCA_ACC,missense,-15.525652,-15.007561,-0.5180912,0.08198021,0.08239611
train,chr17_58696721_CCA_AGC,missense,-5.206896,-11.9383,6.7314043,0.080699794,0.08113518
train,chr17_58696721_CCA_CAG,missense,-17.491568,-14.370195,-3.1213722,0.08155598,0.08197729
train,chr17_58696721_CCA_CGG,missense,-17.230776,-16.40295,-0.82782555,0.083177626,0.08360703
train,chr17_58696721_CCA_CTG,missense,-22.722368,-16.148952,-6.5734158,0.08390017,0.08431776
train,chr17_58696722_C_T,missense,-13.413498,-16.148952,2.7354546,0.08390017,0.08431776
train,chr17_58696722_C_A,missense,-13.0469675,-14.370195,1.3232279,0.08155598,0.08197729
train,chr17_58696722_C_G,missense,-11.875402,-16.40295,4.527548,0.083177626,0.08360703
train,chr17_58696723_A_G,synonymous,2.7567673,0.5083666,2.2484007,-0.062480118,-0.0625689
train,chr17_58696723_A_C,synonymous,-0.2736384,0.5083666,-0.78200495,-0.062480118,-0.0625689
train,chr17_58696723_A_T,synonymous,0.89314634,0.5083666,0.38477975,-0.062480118,-0.0625689
train,chr17_58696724_G_A,missense,-1.3815228,-2.4832845,1.1017617,0.07862075,0.07898574
train,chr17_58696724_G_C,missense,-1.8769094,-0.03818345,-1.8387259,0.07643809,0.07677871
train,chr17_58696724_GAA_,indel,-15.983561,-17.19724,1.2136803,0.030547395,0.030750593
train,chr17_58696724_GAA_GCC,missense,1.5529486,0.310009,1.2429396,0.0761362,0.07648245
train,chr17_58696724_GAA_AAG,missense,-1.16967,-2.4832845,1.3136145,0.07862075,0.07898574
train,chr17_58696724_GAA_CAG,missense,0.6887708,-0.03818345,0.7269542,0.07643809,0.07677871
train,chr17_58696724_GAA_GGC,missense,1.6021843,-0.49515247,2.0973368,0.07715369,0.07747087
train,chr17_58696724_GAA_GTG,missense,0.11395073,-1.5232873,1.637238,0.078347504,0.078693904
train,chr17_58696725_A_C,missense,-0.014274306,0.310009,-0.3242833,0.0761362,0.07648245
train,chr17_58696725_A_G,missense,1.980535,-0.49515247,2.4756875,0.07715369,0.07747087
train,chr17_58696725_A_T,missense,-1.1599023,-1.5232873,0.36338496,0.078347504,0.078693904
train,chr17_58696726_A_G,synonymous,1.5707512,0.5956578,0.97509336,-0.06315454,-0.06326004
train,chr17_58696726_A_C,missense,2.891882,-1.0596813,3.9515634,0.07750406,0.07786733
train,chr17_58696726_A_T,missense,-2.5872736,-1.0596813,-1.5275923,0.07750406,0.07786733
train,chr17_58696727_T_C,missense,1.543814,-0.3930974,1.9369113,0.07706438,0.0774157
train,chr17_58696727_T_A,missense,0.8073706,0.043679714,0.7636909,0.076135606,0.076475434
train,chr17_58696727_T_G,missense,-0.6361308,-0.09725428,-0.53887653,0.07588019,0.076184034
train,chr17_58696727_TGT_,indel,-13.57104,-15.963052,2.3920116,0.029578434,0.029735776
train,chr17_58696727_TGT_GCC,missense,-2.02106,0.016928434,-2.0379884,0.07627783,0.076601885
train,chr17_58696727_TGT_AGC,missense,-1.233615,0.043679714,-1.2772948,0.076135606,0.076475434
train,chr17_58696727_TGT_CGG,missense,-0.8068194,-0.3930974,-0.41372198,0.07706438,0.0774157
train,chr17_58696727_TGT_GGC,missense,-0.16115704,-0.09725428,-0.063902766,0.07588019,0.076184034
train,chr17_58696727_TGT_TAC,missense,-0.8006055,-0.5735848,-0.22702068,0.077790365,0.0781094
train,chr17_58696727_TGT_TTC,missense,-1.1624897,-0.85374165,-0.308748,0.07765052,0.077976435
train,chr17_58696728_G_A,missense,-3.3360195,-0.5735848,-2.7624347,0.077790365,0.0781094
train,chr17_58696728_G_C,missense,0.74164796,0.043679714,0.69796824,0.076135606,0.076475434
train,chr17_58696728_G_T,missense,-1.3087633,-0.85374165,-0.45502162,0.07765052,0.077976435
train,chr17_58696729_T_C,synonymous,-0.17230809,0.5692518,-0.74155986,-0.06253643,-0.06268728
train,chr17_58696729_T_G,missense,-0.6772904,-1.3367871,0.6594967,0.07807793,0.078453794
train,chr17_58696730_T_A,missense,-8.957313,-14.248536,5.2912235,0.081223905,0.0816062
train,chr17_58696730_T_G,missense,-4.554874,-11.254747,6.6998734,0.08070038,0.081083715
train,chr17_58696730_T_C,missense,1.4857609,-6.3710403,7.856801,0.08021716,0.08059057
train,chr17_58696730_TTT_,indel,-15.878881,-16.69911,0.8202286,0.030085986,0.030184172
train,chr17_58696730_TTT_GCC,missense,-4.819466,-5.9622536,1.1427875,0.07979634,0.08020627
train,chr17_58696730_TTT_AGC,missense,-23.323492,-19.074343,-4.2491493,0.08217569,0.082606845
train,chr17_58696730_TTT_ATC,missense,-6.017996,-14.248536,8.23054,0.081223905,0.0816062
train,chr17_58696730_TTT_CTG,missense,-9.069565,-6.3710403,-2.6985245,0.08021716,0.08059057
train,chr17_58696730_TTT_GTG,missense,-7.2421756,-11.254747,4.012572,0.08070038,0.081083715
train,chr17_58696730_TTT_TAC,missense,1.5833921,-0.67675424,2.2601464,0.07830122,0.0786603
train,chr17_58696730_TTT_TGC,missense,0.115466036,-6.779842,6.895308,0.07992294,0.08033165
train,chr17_58696731_T_C,missense,-19.92019,-19.074343,-0.8458481,0.08217569,0.082606845
train,chr17_58696731_T_G,missense,-1.2900913,-6.779842,5.489751,0.07992294,0.08033165
train,chr17_58696731_T_A,missense,2.516782,-0.67675424,3.1935363,0.07830122,0.0786603
train,chr17_58696732_T_A,missense,-12.217992,-6.3710403,-5.8469515,0.08021716,0.08059057
train,chr17_58696732_T_G,missense,-14.530701,-6.3710403,-8.15966,0.08021716,0.08059057
train,chr17_58696732_T_C,synonymous,2.5206883,0.21922302,2.3014653,-0.06238855,-0.062561385
train,chr17_58696733_GGA_,indel,-14.004794,-17.217762,3.2129679,0.031934775,0.032088142
train,chr17_58696733_G_A,missense,-13.141142,-13.262449,0.12130737,0.081218004,0.08159858
train,chr17_58696733_G_C,missense,-5.6794977,-13.262449,7.5829515,0.081218004,0.08159858
train,chr17_58696733_GGA_GCC,missense,-0.32675484,-4.339001,4.012246,0.07935561,0.07972008
train,chr17_58696733_GGA_CGG,missense,-31.394966,-13.262449,-18.132517,0.081218004,0.08159858
train,chr17_58696733_GGA_GAG,missense,-10.072785,-11.939319,1.8665333,0.08081513,0.08118397
train,chr17_58696733_GGA_GTG,missense,-22.130411,-14.999072,-7.131339,0.08127415,0.08167626
train,chr17_58696734_G_A,missense,-4.7336183,-11.939319,7.2057004,0.08081513,0.08118397
train,chr17_58696734_G_T,missense,-17.991451,-14.999072,-2.9923792,0.08127415,0.08167626
train,chr17_58696734_G_C,missense,-0.15872742,-4.339001,4.1802735,0.07935561,0.07972008
train,chr17_58696735_A_G,synonymous,-13.691658,0.196136,-13.8877945,-0.062383574,-0.06254504
train,chr17_58696735_A_C,synonymous,0.5665587,0.196136,0.37042272,-0.062383574,-0.06254504
train,chr17_58696735_A_T,synonymous,1.150796,0.196136,0.95466006,-0.062383574,-0.06254504
train,chr17_58696736_G_A,missense,-7.4275627,-13.09323,5.6656675,0.08195073,0.08236859
train,chr17_58696736_G_C,missense,-11.300239,-13.09323,1.7929916,0.08195073,0.08236859
train,chr17_58696736_GGA_GCC,missense,-6.8496103,-7.385504,0.53589344,0.08082792,0.08122584
train,chr17_58696736_GGA_CGG,missense,-10.590014,-13.09323,2.5032158,0.08195073,0.08236859
train,chr17_58696736_GGA_GAG,missense,-10.50948,-10.193987,-0.31549358,0.08143354,0.081833616
train,chr17_58696736_GGA_GTG,missense,-12.511845,-14.903998,2.3921537,0.08337796,0.083815366
train,chr17_58696737_G_A,missense,-7.1771398,-10.193987,3.0168471,0.08143354,0.081833616
train,chr17_58696737_G_C,missense,-10.875114,-7.385504,-3.4896107,0.08082792,0.08122584
train,chr17_58696737_G_T,missense,-9.649282,-14.903998,5.254716,0.08337796,0.083815366
train,chr17_58696738_A_C,synonymous,-1.8498288,0.2779684,-2.1277971,-0.062390115,-0.0625388
train,chr17_58696738_A_G,synonymous,-0.4368076,0.2779684,-0.71477604,-0.062390115,-0.0625388
train,chr17_58696738_A_T,synonymous,0.9455768,0.2779684,0.6676084,-0.062390115,-0.0625388
train,chr17_58696739_G_A,missense,-0.21364786,-0.484694,0.27104616,0.07777036,0.07815066
train,chr17_58696739_G_C,missense,-0.3129026,-0.22148824,-0.09141436,0.077953205,0.0783374
train,chr17_58696739_G_T,missense,1.1903733,-0.22148824,1.4118615,0.077953205,0.0783374
train,chr17_58696739_GTG_,indel,-12.755068,-16.929354,4.174286,0.0311983,0.03140324
train,chr17_58696739_GTG_GCC,missense,-3.5221758,-0.8365669,-2.6856089,0.07821715,0.07861241
train,chr17_58696739_GTG_GGC,missense,-4.0052676,-3.4776754,-0.5275922,0.07947132,0.07986652
train,chr17_58696739_GTG_CTC,missense,0.2906835,-0.22148824,0.51217175,0.077953205,0.0783374
train,chr17_58696739_GTG_GAA,missense,1.285138,-3.1180375,4.4031754,0.07957779,0.07996875
train,chr17_58696740_T_G,missense,-7.2810493,-3.4776754,-3.8033738,0.07947132,0.07986652
train,chr17_58696740_T_A,missense,-1.6968325,-3.1180375,1.4212049,0.07957779,0.07996875
train,chr17_58696740_T_C,missense,-1.3938913,-0.8365669,-0.5573244,0.07821715,0.07861241
train,chr17_58696741_G_A,synonymous,1.4351593,0.49714208,0.93801725,-0.06229655,-0.062458582
train,chr17_58696741_G_C,synonymous,1.1472578,0.49714208,0.6501157,-0.06229655,-0.062458582
train,chr17_58696741_G_T,synonymous,2.3614166,0.49714208,1.8642745,-0.06229655,-0.062458582
train,chr17_58696742_G_A,missense,-1.2137198,-1.1560147,-0.057705164,0.077821605,0.07821831
train,chr17_58696742_G_T,missense,1.5028781,-0.6559715,2.1588497,0.07748597,0.077888645
train,chr17_58696742_G_C,missense,-29.575518,-22.662418,-6.9130993,0.08208293,0.08255049
train,chr17_58696742_GCA_,indel,-26.265585,-25.803892,-0.4616928,0.032341067,0.032649513
train,chr17_58696742_GCA_CCC,missense,-23.34299,-22.662418,-0.6805725,0.08208293,0.08255049
train,chr17_58696742_GCA_GAG,missense,-17.200985,-0.83868694,-16.362297,0.077897415,0.07830115
train,chr17_58696742_GCA_GTG,missense,-6.2581086,-11.227886,4.9697776,0.08042215,0.08085371
train,chr17_58696742_GCA_ACC,missense,-0.95178956,-1.1560147,0.20422512,0.077821605,0.07821831
train,chr17_58696742_GCA_AGC,missense,2.575259,-0.6559715,3.2312305,0.07748597,0.077888645
train,chr17_58696742_GCA_GGC,missense,1.1947327,0.053305626,1.141427,0.075727046,0.076099314
train,chr17_58696743_C_T,missense,-19.441315,-11.227886,-8.2134285,0.08042215,0.08085371
train,chr17_58696743_C_A,missense,2.494899,-0.83868694,3.333586,0.077897415,0.07830115
train,chr17_58696743_C_G,missense,1.2491368,0.053305626,1.1958312,0.075727046,0.076099314
train,chr17_58696744_A_C,synonymous,2.5038805,0.45368242,2.050198,-0.062084224,-0.062231787
train,chr17_58696744_A_G,synonymous,-0.5515903,0.45368242,-1.0052727,-0.062084224,-0.062231787
train,chr17_58696744_A_T,synonymous,2.213596,0.45368242,1.7599137,-0.062084224,-0.062231787
train,chr17_58696745_G_A,missense,-6.5563164,-3.1811054,-3.375211,0.07918281,0.07964759
train,chr17_58696745_G_C,missense,-29.193005,-23.060978,-6.1320267,0.08337547,0.083904766
train,chr17_58696745_G_T,missense,-13.944256,-8.134935,-5.8093204,0.080302864,0.08079151
train,chr17_58696745_GGT_,indel,-29.879799,-28.486444,-1.3933544,0.030791096,0.031131253
train,chr17_58696745_GGT_GCC,missense,-0.34675482,-3.7815752,3.4348204,0.07943783,0.07991426
train,chr17_58696745_GGT_CGG,missense,-33.635334,-23.060978,-10.574356,0.08337547,0.083904766
train,chr17_58696745_GGT_GAC,missense,-20.574547,-20.451317,-0.12322998,0.08385164,0.08439804
train,chr17_58696745_GGT_GTG,missense,-17.234447,-18.59134,1.3568916,0.08267373,0.08319755
train,chr17_58696745_GGT_TGC,missense,-18.019405,-8.134935,-9.88447,0.080302864,0.08079151
train,chr17_58696745_GGT_AGC,missense,-1.6369634,-3.1811054,1.544142,0.07918281,0.07964759
train,chr17_58696746_G_A,missense,-17.946812,-20.451317,2.5045052,0.08385164,0.08439804
train,chr17_58696746_G_T,missense,-14.984419,-18.59134,3.6069202,0.08267373,0.08319755
train,chr17_58696746_G_C,missense,-1.1341195,-3.7815752,2.6474557,0.07943783,0.07991426
train,chr17_58696747_T_G,synonymous,-7.2282715,0.4055035,-7.6337748,-0.06244306,-0.06260326
train,chr17_58696747_T_A,synonymous,1.3288198,0.4055035,0.92331624,-0.06244306,-0.06260326
train,chr17_58696747_T_C,synonymous,0.362459,0.4055035,-0.043044508,-0.06244306,-0.06260326
train,chr17_58696748_G_A,missense,-6.4110208,-14.551842,8.140821,0.08200656,0.08246437
train,chr17_58696748_G_C,missense,-1.4287525,-0.96067846,-0.46807408,0.079169974,0.07957536
train,chr17_58696748_GAA_,indel,-25.942102,-24.742882,-1.1992207,0.03684302,0.03713544
train,chr17_58696748_GAA_GCC,missense,2.0355883,-1.5439094,3.5794978,0.07944604,0.07984482
train,chr17_58696748_GAA_AAG,missense,-23.664753,-14.551842,-9.112911,0.08200656,0.08246437
train,chr17_58696748_GAA_CAG,missense,-12.978811,-0.96067846,-12.018133,0.079169974,0.07957536
train,chr17_58696748_GAA_GTG,missense,-8.2524,-8.236728,-0.015672684,0.08162586,0.08203439
train,chr17_58696748_GAA_GGC,missense,0.02050858,-3.4849708,3.5054793,0.08050001,0.08090783
train,chr17_58696749_A_G,missense,-2.7221985,-3.4849708,0.7627723,0.08050001,0.08090783
train,chr17_58696749_A_T,missense,-12.388085,-8.236728,-4.1513577,0.08162586,0.08203439
train,chr17_58696749_A_C,missense,-0.94017535,-1.5439094,0.6037341,0.07944604,0.07984482
train,chr17_58696750_A_G,synonymous,-8.256325,0.5222683,-8.778593,-0.062060054,-0.062242538
train,chr17_58696750_A_C,missense,-0.07818607,-0.26263785,0.18445179,0.07868214,0.079066195
train,chr17_58696750_A_T,missense,-0.19748093,-0.26263785,0.06515692,0.07868214,0.079066195
train,chr17_58696751_G_A,missense,-2.0419517,-0.39035177,-1.6515999,0.077844456,0.07818246
train,chr17_58696751_G_C,missense,-6.1169095,-11.949923,5.833013,0.08172171,0.08213729
train,chr17_58696751_G_T,missense,-1.655737,-0.7503431,-0.90539396,0.07924546,0.07959714
train,chr17_58696751_GCA_,indel,-20.611023,-20.386158,-0.22486496,0.043291032,0.043470073
train,chr17_58696751_GCA_ACC,missense,-3.791542,-0.39035177,-3.4011903,0.077844456,0.07818246
train,chr17_58696751_GCA_CCC,missense,-5.1379695,-11.949923,6.811953,0.08172171,0.08213729
train,chr17_58696751_GCA_GAG,missense,-16.493656,-13.751169,-2.742487,0.08197187,0.08237908
train,chr17_58696751_GCA_AGC,missense,0.9461211,-0.7503431,1.6964642,0.07924546,0.07959714
train,chr17_58696751_GCA_GGC,missense,1.7443457,-1.7930835,3.5374293,0.08029031,0.08063049
train,chr17_58696751_GCA_GTG,missense,-1.2734025,-0.5842757,-0.68912673,0.0778029,0.07813748
train,chr17_58696752_C_G,missense,0.22829545,-1.7930835,2.021379,0.08029031,0.08063049
train,chr17_58696752_C_A,missense,-23.690685,-13.751169,-9.939516,0.08197187,0.08237908
train,chr17_58696752_C_T,missense,-11.44125,-0.5842757,-10.856974,0.0778029,0.07813748
train,chr17_58696753_A_C,synonymous,2.866741,0.6609545,2.2057865,-0.0618503,-0.061973058
train,chr17_58696753_A_G,synonymous,0.43617392,0.6609545,-0.22478056,-0.0618503,-0.061973058
train,chr17_58696753_A_T,synonymous,0.59160167,0.6609545,-0.069352806,-0.0618503,-0.061973058
train,chr17_58696754_G_A,missense,0.5162894,-0.22336721,0.7396566,0.07916809,0.07950132
train,chr17_58696754_G_C,missense,-0.5910419,-0.37471414,-0.21632779,0.079023995,0.0793503
train,chr17_58696754_G_T,missense,-0.55087876,-2.2175705,1.6666918,0.08022165,0.080597304
train,chr17_58696754_GTT_,indel,-18.721643,-21.429249,2.7076054,0.04406728,0.044252746
train,chr17_58696754_GTT_GCC,missense,-1.9824684,-0.2097404,-1.772728,0.079098515,0.07943955
train,chr17_58696754_GTT_GAC,missense,-17.38145,-19.014553,1.6331024,0.08347583,0.08389895
train,chr17_58696754_GTT_GGC,missense,-17.777418,-11.048063,-6.729355,0.082694225,0.08308474
train,chr17_58696754_GTT_ATC,missense,2.3353868,-0.22336721,2.558754,0.07916809,0.07950132
train,chr17_58696754_GTT_CTG,missense,0.117048614,-0.37471414,0.49176276,0.079023995,0.0793503
train,chr17_58696754_GTT_TTC,missense,-0.83903235,-2.2175705,1.3785381,0.08022165,0.080597304
train,chr17_58696755_T_A,missense,-18.862389,-19.014553,0.15216446,0.08347583,0.08389895
train,chr17_58696755_T_G,missense,-12.460387,-11.048063,-1.412324,0.082694225,0.08308474
train,chr17_58696755_T_C,missense,0.11957096,-0.2097404,0.32931137,0.079098515,0.07943955
train,chr17_58696756_T_A,synonymous,0.76873195,0.60390353,0.16482842,-0.061710943,-0.06179589
train,chr17_58696756_T_C,synonymous,0.7024509,0.60390353,0.09854734,-0.061710943,-0.06179589
train,chr17_58696756_T_G,synonymous,0.9524669,0.60390353,0.34856337,-0.061710943,-0.06179589
train,chr17_58696757_T_A,missense,-0.48418012,-1.3082964,0.82411635,0.0805913,0.08092518
train,chr17_58696757_T_C,missense,-0.7298364,-1.6775317,0.9476953,0.08101008,0.081353925
train,chr17_58696757_T_G,missense,-0.8897054,-1.1098938,0.22018838,0.0804859,0.08081741
train,chr17_58696757_TTT_,indel,-21.717276,-21.868925,0.15164948,0.046666566,0.046878017
train,chr17_58696757_TTT_GCC,missense,-1.9478287,-3.7886229,1.8407942,0.081962675,0.08230642
train,chr17_58696757_TTT_AGC,missense,-14.482399,-9.12161,-5.3607893,0.08288682,0.08323602
train,chr17_58696757_TTT_ATC,missense,-1.8927398,-1.3082964,-0.58444333,0.0805913,0.08092518
train,chr17_58696757_TTT_CTG,missense,-1.8104889,-1.6775317,-0.13295722,0.08101008,0.081353925
train,chr17_58696757_TTT_GTG,missense,1.4142387,-1.1098938,2.5241325,0.0804859,0.08081741
train,chr17_58696757_TTT_TAC,missense,0.9667387,0.31597662,0.6507621,0.078044206,0.078368925
train,chr17_58696757_TTT_TGC,missense,-2.7940903,-0.4348297,-2.3592606,0.080006644,0.08032406
train,chr17_58696758_T_G,missense,-2.879682,-0.4348297,-2.4448524,0.080006644,0.08032406
train,chr17_58696758_T_C,missense,-19.097162,-9.12161,-9.975553,0.08288682,0.08323602
train,chr17_58696758_T_A,missense,1.4041476,0.31597662,1.088171,0.078044206,0.078368925
train,chr17_58696759_T_C,synonymous,3.2781756,0.62729454,2.650881,-0.06172901,-0.061771758
train,chr17_58696759_T_A,missense,-5.638212,-1.6775317,-3.9606805,0.08101008,0.081353925
train,chr17_58696759_T_G,missense,-2.8815494,-1.6775317,-1.2040176,0.08101008,0.081353925
train,chr17_58696760_A_G,missense,1.8485105,0.10682249,1.741688,0.07901705,0.07936195
train,chr17_58696760_A_T,missense,-0.81209356,-1.6363082,0.82421464,0.08079581,0.08113429
train,chr17_58696760_A_C,missense,-0.9039341,-0.039737225,-0.8641969,0.0794081,0.07974302
train,chr17_58696760_ATT_,indel,-16.801628,-21.157183,4.3555546,0.048624676,0.048802502
train,chr17_58696760_ATT_GCC,missense,-5.7620096,-9.176135,3.4141254,0.082490936,0.08287233
train,chr17_58696760_ATT_AAC,missense,-18.62972,-14.588822,-4.0408983,0.08307147,0.0834699
train,chr17_58696760_ATT_ACC,missense,-23.529266,-20.076323,-3.4529438,0.0839226,0.08429876
train,chr17_58696760_ATT_AGC,missense,-15.244136,-20.827553,5.583417,0.08461957,0.08501533
train,chr17_58696760_ATT_CTG,missense,0.21714918,-0.039737225,0.25688642,0.0794081,0.07974302
train,chr17_58696760_ATT_GTG,missense,0.15658711,0.10682249,0.04976462,0.07901705,0.07936195
train,chr17_58696760_ATT_TTC,missense,-0.1378794,-1.6363082,1.4984288,0.08079581,0.08113429
train,chr17_58696761_T_C,missense,-19.873518,-20.076323,0.20280457,0.0839226,0.08429876
train,chr17_58696761_T_A,missense,-10.426748,-14.588822,4.162074,0.08307147,0.0834699
train,chr17_58696761_T_G,missense,-22.189154,-20.827553,-1.3616009,0.08461957,0.08501533
train,chr17_58696762_T_A,synonymous,-2.4999707,0.72713995,-3.2271106,-0.06265065,-0.062701605
train,chr17_58696762_T_C,synonymous,1.6099094,0.72713995,0.88276947,-0.06265065,-0.062701605
train,chr17_58696762_T_G,missense,1.4221542,-0.88683105,2.3089852,0.08026347,0.08061472
train,chr17_58696766_A_C,missense,-2.1341755,-3.3675752,1.2333996,0.08057839,0.081030406
train,chr17_58696766_A_G,missense,0.9911284,-2.3608572,3.3519857,0.080032654,0.08047131
train,chr17_58696766_A_T,missense,-0.8697388,-1.601262,0.73152316,0.079823285,0.08024874
train,chr17_58696766_ACA_,indel,-17.967505,-19.741663,1.7741585,0.043426856,0.04363022
train,chr17_58696766_ACA_GCC,missense,-0.6598509,-2.3608572,1.7010064,0.080032654,0.08047131
train,chr17_58696766_ACA_AAG,missense,-21.573563,-17.307943,-4.2656193,0.0824692,0.0829133
train,chr17_58696766_ACA_AGC,missense,-10.000734,-1.601262,-8.399472,0.079823285,0.08024874
train,chr17_58696766_ACA_ATC,missense,-3.385546,-1.8813951,-1.5041509,0.07957088,0.07997304
train,chr17_58696766_ACA_CGG,missense,-17.159462,-21.398438,4.2389755,0.083874494,0.08431225
train,chr17_58696766_ACA_CCC,missense,-2.7465882,-3.3675752,0.62098694,0.08057839,0.081030406
train,chr17_58696767_C_A,missense,-17.844118,-17.307943,-0.5361748,0.0824692,0.0829133
train,chr17_58696767_C_G,missense,-21.397655,-21.398438,0.00078201294,0.083874494,0.08431225
train,chr17_58696767_C_T,missense,-6.2985377,-1.8813951,-4.417143,0.07957088,0.07997304
train,chr17_58696768_A_G,synonymous,3.479526,0.5648711,2.914655,-0.061060753,-0.06117434
train,chr17_58696768_A_C,synonymous,2.0021884,0.5648711,1.4373174,-0.061060753,-0.06117434
train,chr17_58696768_A_T,synonymous,0.96437293,0.5648711,0.39950186,-0.061060753,-0.06117434
train,chr17_58696769_G_C,missense,-8.633751,-4.217981,-4.41577,0.080368675,0.080784924
train,chr17_58696769_G_A,missense,-16.30173,-21.994884,5.6931553,0.08369272,0.08411449
train,chr17_58696769_GAG_,indel,-24.931835,-24.289583,-0.64225197,0.03891402,0.039232153
train,chr17_58696769_GAG_GCC,missense,-4.1361194,-3.2424116,-0.89370775,0.08003129,0.08046127
train,chr17_58696769_GAG_AAA,missense,-20.54009,-21.994884,1.4547939,0.08369272,0.08411449
train,chr17_58696769_GAG_GGC,missense,-7.5474005,-8.091716,0.54431534,0.08125201,0.08165009
train,chr17_58696769_GAG_GTC,missense,-6.679151,-5.1132574,-1.5658937,0.080648236,0.081082985
train,chr17_58696769_GAG_CAA,missense,-2.52252,-4.217981,1.6954608,0.080368675,0.080784924
train,chr17_58696770_A_T,missense,-6.078655,-5.1132574,-0.96539736,0.080648236,0.081082985
train,chr17_58696770_A_C,missense,-5.00371,-3.2424116,-1.7612982,0.08003129,0.08046127
train,chr17_58696770_A_G,missense,-10.244692,-8.091716,-2.152976,0.08125201,0.08165009
train,chr17_58696771_G_A,synonymous,0.45366105,0.3157935,0.13786754,-0.058665,-0.05882213
train,chr17_58696771_G_T,missense,1.3814168,-1.1210246,2.5024414,0.078681484,0.07910866
train,chr17_58696771_G_C,missense,1.025556,-1.1210246,2.1465807,0.078681484,0.07910866
train,chr17_58696775_A_G,missense,-12.282875,-2.5366886,-9.746186,0.080215864,0.08057959
train,chr17_58696775_A_T,missense,-3.8237245,-3.7109783,-0.11274624,0.08106376,0.08142606
train,chr17_58696775_A_C,missense,-25.551453,-22.68579,-2.8656635,0.08386552,0.08422207
train,chr17_58696775_AGT_,indel,-19.94817,-22.933977,2.9858074,0.041315828,0.04162541
train,chr17_58696775_AGT_GCC,missense,-0.65193284,-1.0050415,0.35310864,0.07960939,0.07997114
train,chr17_58696775_AGT_ATC,missense,-20.93422,-19.22913,-1.7050896,0.08298316,0.08336722
train,chr17_58696775_AGT_CGG,missense,-30.675957,-22.68579,-7.9901676,0.08386552,0.08422207
train,chr17_58696775_AGT_AAC,missense,-2.9153922,-5.0905166,2.1751244,0.081229016,0.08160296
train,chr17_58696775_AGT_ACC,missense,-1.0120597,-1.6494071,0.63734746,0.080114685,0.08045606
train,chr17_58696775_AGT_GGC,missense,-0.9890477,-2.5366886,1.5476408,0.080215864,0.08057959
train,chr17_58696775_AGT_TCA,synonymous,1.0518283,0.34425998,0.7075683,-0.061057422,-0.061136574
train,chr17_58696775_AGT_TCC,synonymous,1.4198974,0.34425998,1.0756375,-0.061057422,-0.061136574
train,chr17_58696775_AGT_TCG,synonymous,0.38643134,0.34425998,0.04217136,-0.061057422,-0.061136574
train,chr17_58696775_AGT_TCT,synonymous,-1.1396028,0.34425998,-1.4838628,-0.061057422,-0.061136574
train,chr17_58696775_AGT_TGC,missense,-2.2948701,-3.7109783,1.4161081,0.08106376,0.08142606
train,chr17_58696776_G_A,missense,-8.276819,-5.0905166,-3.1863027,0.081229016,0.08160296
train,chr17_58696776_G_T,missense,-17.962748,-19.22913,1.2663822,0.08298316,0.08336722
train,chr17_58696776_G_C,missense,-1.0831653,-1.6494071,0.56624186,0.080114685,0.08045606
train,chr17_58696777_T_A,missense,-25.37278,-22.68579,-2.6869907,0.08386552,0.08422207
train,chr17_58696777_T_G,missense,-16.671171,-22.68579,6.014618,0.08386552,0.08422207
train,chr17_58696777_T_C,synonymous,3.1052868,0.34425998,2.7610269,-0.061057422,-0.061136574
train,chr17_58696778_T_G,missense,-8.696132,-6.884781,-1.8113508,0.08222895,0.08254234
train,chr17_58696778_T_A,missense,-15.012735,-7.6027718,-7.4099636,0.082196355,0.08251627
train,chr17_58696778_T_C,missense,-1.2183645,-2.3738449,1.1554804,0.08082472,0.08115079
train,chr17_58696778_TTT_,indel,-21.138567,-21.247393,0.10882568,0.041079838,0.041309915
train,chr17_58696778_TTT_GCC,missense,-11.772456,-10.425407,-1.3470488,0.08295694,0.08327273
train,chr17_58696778_TTT_AGC,missense,-24.371635,-23.246061,-1.1255741,0.08432582,0.08464605
train,chr17_58696778_TTT_ATC,missense,-17.811682,-7.6027718,-10.20891,0.082196355,0.08251627
train,chr17_58696778_TTT_GTG,missense,-4.606229,-6.884781,2.278552,0.08222895,0.08254234
train,chr17_58696778_TTT_TAC,missense,-5.7068977,-2.2766433,-3.4302545,0.08105086,0.08135134
train,chr17_58696778_TTT_TGC,missense,-5.92679,-5.05247,-0.87432003,0.08189191,0.08221495
train,chr17_58696778_TTT_CTG,missense,-2.8838532,-2.3738449,-0.51000834,0.08082472,0.08115079
train,chr17_58696779_T_C,missense,-25.543623,-23.246061,-2.2975616,0.08432582,0.08464605
train,chr17_58696779_T_A,missense,-11.728791,-2.2766433,-9.452148,0.08105086,0.08135134
train,chr17_58696779_T_G,missense,-2.7010517,-5.05247,2.3514185,0.08189191,0.08221495
train,chr17_58696780_T_G,missense,-1.8327329,-2.3738449,0.54111195,0.08082472,0.08115079
train,chr17_58696780_T_A,missense,-4.2009187,-2.3738449,-1.8270738,0.08082472,0.08115079
train,chr17_58696780_T_C,synonymous,-0.8251612,0.18444896,-1.0096102,-0.062269416,-0.062298767
train,chr17_58696784_G_C,missense,-4.918697,-1.3737706,-3.5449262,0.080729894,0.08103187
train,chr17_58696784_G_T,missense,-12.47747,-6.2398367,-6.2376337,0.08315506,0.08344972
train,chr17_58696784_G_A,missense,-1.3730413,-1.0375104,-0.33553088,0.08072477,0.08103845
train,chr17_58696784_GTT_,indel,-18.25313,-19.775322,1.522192,0.042660244,0.04277771
train,chr17_58696784_GTT_GCC,missense,0.32188296,-1.2752354,1.5971184,0.08128716,0.08157539
train,chr17_58696784_GTT_GAC,missense,-4.905459,-6.378323,1.4728642,0.08317825,0.083474
train,chr17_58696784_GTT_GGC,missense,-5.4766974,-2.8902948,-2.5864027,0.08232255,0.082605556
train,chr17_58696784_GTT_TTC,missense,-13.686294,-6.2398367,-7.446457,0.08315506,0.08344972
train,chr17_58696784_GTT_ATC,missense,0.62836003,-1.0375104,1.6658704,0.08072477,0.08103845
train,chr17_58696784_GTT_CTG,missense,-0.9253465,-1.3737706,0.4484241,0.080729894,0.08103187
train,chr17_58696785_T_C,missense,-1.2717959,-1.2752354,0.0034395456,0.08128716,0.08157539
train,chr17_58696785_T_A,missense,-5.837594,-6.378323,0.54072905,0.08317825,0.083474
train,chr17_58696785_T_G,missense,-14.171848,-2.8902948,-11.281553,0.08232255,0.082605556
train,chr17_58696786_T_A,synonymous,-9.525099,0.054970026,-9.580069,-0.061543535,-0.06158597
train,chr17_58696786_T_C,synonymous,0.2141892,0.054970026,0.15921918,-0.061543535,-0.06158597
train,chr17_58696786_T_G,synonymous,1.997869,0.054970026,1.942899,-0.061543535,-0.06158597
train,chr17_58696787_G_C,missense,-4.425995,-0.97617364,-3.4498212,0.080200866,0.080495805
train,chr17_58696787_G_T,missense,-2.952243,-0.80491567,-2.1473274,0.0798797,0.0801686
train,chr17_58696787_G_A,missense,0.114702776,-1.1496118,1.2643147,0.08073806,0.08104646
train,chr17_58696787_GAT_,indel,-24.785978,-20.710936,-4.0750427,0.041239362,0.04134425
train,chr17_58696787_GAT_GCC,missense,1.6294248,-0.76074386,2.3901687,0.07932724,0.079651125
train,chr17_58696787_GAT_AAC,missense,0.7302937,-1.1496118,1.8799055,0.08073806,0.08104646
train,chr17_58696787_GAT_CAC,missense,1.3429666,-0.97617364,2.3191402,0.080200866,0.080495805
train,chr17_58696787_GAT_GGC,missense,-0.075157784,-0.97744656,0.9022888,0.07977941,0.08010536
train,chr17_58696787_GAT_GTG,missense,-1.0127926,-1.3607413,0.34794867,0.07981059,0.0801223
train,chr17_58696787_GAT_TAC,missense,2.0960526,-0.80491567,2.9009683,0.0798797,0.0801686
train,chr17_58696788_A_C,missense,-0.28193444,-0.76074386,0.47880942,0.07932724,0.079651125
train,chr17_58696788_A_G,missense,-2.0322192,-0.97744656,-1.0547726,0.07977941,0.08010536
train,chr17_58696788_A_T,missense,-2.5785851,-1.3607413,-1.2178439,0.07981059,0.0801223
train,chr17_58696789_T_A,missense,0.83068806,-0.9595238,1.7902119,0.080039896,0.08035881
train,chr17_58696789_T_C,synonymous,-1.7782524,-0.044413805,-1.7338386,-0.058813084,-0.05894766
train,chr17_58696789_T_G,missense,0.5998679,-0.9595238,1.5593917,0.080039896,0.08035881
train,chr17_58696790_A_G,missense,-19.9838,-19.632812,-0.3509884,0.086305775,0.08671219
train,chr17_58696790_A_C,synonymous,3.148665,-0.2629912,3.4116561,-0.05787164,-0.0580615
train,chr17_58696790_AGA_,indel,-12.644149,-14.380748,1.736599,0.042363342,0.04246489
train,chr17_58696790_AGA_GCC,missense,-19.692581,-19.27977,-0.41281128,0.08604814,0.08644007
train,chr17_58696790_AGA_AAG,missense,-19.760735,-20.51757,0.75683594,0.08508408,0.085481524
train,chr17_58696790_AGA_ACC,missense,-13.331314,-19.682638,6.351324,0.086319625,0.08670949
train,chr17_58696790_AGA_ATC,missense,-19.809568,-19.558413,-0.25115585,0.08582797,0.08624301
train,chr17_58696790_AGA_GGC,missense,-19.344494,-19.632812,0.28831863,0.086305775,0.08671219
train,chr17_58696790_AGA_TCC,missense,-18.830053,-19.278433,0.44837952,0.087590136,0.087970816
train,chr17_58696790_AGA_CGC,synonymous,2.1431992,-0.2629912,2.4061904,-0.05787164,-0.0580615
train,chr17_58696790_AGA_CGG,synonymous,1.0483114,-0.2629912,1.3113025,-0.05787164,-0.0580615
train,chr17_58696790_AGA_CGT,synonymous,-0.94781804,-0.2629912,-0.68482685,-0.05787164,-0.0580615
train,chr17_58696791_G_A,missense,-18.640078,-20.51757,1.8774929,0.08508408,0.085481524
train,chr17_58696791_G_C,missense,-21.07351,-19.682638,-1.390871,0.086319625,0.08670949
train,chr17_58696791_G_T,missense,-17.28317,-19.558413,2.2752419,0.08582797,0.08624301
train,chr17_58696792_A_G,synonymous,-0.81436306,-0.2629912,-0.5513719,-0.05787164,-0.0580615
train,chr17_58696792_A_C,missense,-19.439259,-19.278433,-0.16082573,0.087590136,0.087970816
train,chr17_58696792_A_T,missense,-16.555208,-19.278433,2.7232246,0.087590136,0.087970816
train,chr17_58696793_GTG_,indel,-22.549984,-14.982779,-7.5672054,0.03948552,0.039413672
train,chr17_58696796_G_A,missense,-0.8363288,-0.73239064,-0.10393816,0.08002267,0.08041578
train,chr17_58696796_G_C,missense,-2.8219752,-0.55209947,-2.2698758,0.07993549,0.08032766
train,chr17_58696796_G_T,missense,-1.6273814,-0.55209947,-1.075282,0.07993549,0.08032766
train,chr17_58696796_GTA_,indel,-12.826841,-14.982779,2.1559372,0.03948552,0.039413672
train,chr17_58696796_GTA_GCC,missense,-0.36427554,-0.1447885,-0.21948704,0.07882194,0.07922183
train,chr17_58696796_GTA_ATC,missense,1.470209,-0.73239064,2.2025995,0.08002267,0.08041578
train,chr17_58696796_GTA_CTG,missense,1.2850692,-0.55209947,1.8371687,0.07993549,0.08032766
train,chr17_58696796_GTA_GAG,missense,1.6721203,-0.2929256,1.9650459,0.07797052,0.078358546
train,chr17_58696796_GTA_GGC,missense,2.4098144,-1.0961049,3.5059192,0.0792952,0.079686426
train,chr17_58696797_T_A,missense,0.9018321,-0.2929256,1.1947577,0.07797052,0.078358546
train,chr17_58696797_T_C,missense,0.2144899,-0.1447885,0.3592784,0.07882194,0.07922183
train,chr17_58696797_T_G,missense,0.1520759,-1.0961049,1.2481807,0.0792952,0.079686426
train,chr17_58696798_A_C,synonymous,1.3388166,0.28127074,1.0575459,-0.057937335,-0.05817735
train,chr17_58696798_A_G,synonymous,-0.06207906,0.28127074,-0.3433498,-0.057937335,-0.05817735
train,chr17_58696798_A_T,synonymous,0.18338116,0.28127074,-0.09788959,-0.057937335,-0.05817735
train,chr17_58696799_G_A,missense,-0.28019896,-1.0745848,0.7943859,0.079556115,0.07993329
train,chr17_58696799_G_C,missense,0.120817296,-1.1329467,1.253764,0.0793359,0.07971929
train,chr17_58696799_G_T,missense,-1.8790874,-1.6366168,-0.24247062,0.079551764,0.079939835
train,chr17_58696799_GAC_,indel,-5.8276405,-10.805505,4.9778643,0.038120516,0.038083013
train,chr17_58696799_GAC_AAT,missense,-3.208597,-1.0745848,-2.1340122,0.079556115,0.07993329
train,chr17_58696799_GAC_GGA,missense,-8.952471,-1.8443878,-7.108083,0.07991058,0.08030081
train,chr17_58696799_GAC_TAT,missense,-4.342802,-1.6366168,-2.7061853,0.079551764,0.079939835
train,chr17_58696799_GAC_CAT,missense,-1.5341883,-1.1329467,-0.40124154,0.0793359,0.07971929
train,chr17_58696799_GAC_GCT,missense,-2.7982874,-1.4214449,-1.3768425,0.07987661,0.08027617
train,chr17_58696799_GAC_GTG,missense,-2.918611,-2.859168,-0.059442997,0.08004679,0.08045214
train,chr17_58696800_A_C,missense,-1.7549149,-1.4214449,-0.33347,0.07987661,0.08027617
train,chr17_58696800_A_T,missense,-2.9688175,-2.859168,-0.10964942,0.08004679,0.08045214
train,chr17_58696800_A_G,missense,-2.581452,-1.8443878,-0.7370641,0.07991058,0.08030081
train,chr17_58696801_C_T,synonymous,-0.22404318,0.21084213,-0.43488532,-0.058349356,-0.058596287
train,chr17_58696801_C_A,missense,-0.8651612,-0.1939869,-0.6711743,0.07850957,0.07892143
train,chr17_58696801_C_G,missense,1.1461867,-0.1939869,1.3401736,0.07850957,0.07892143
train,chr17_58696805_G_C,missense,-23.574451,-21.84455,-1.7299023,0.08300714,0.08354065
train,chr17_58696805_G_A,missense,-2.325312,-1.9139087,-0.41140318,0.07904506,0.079476215
train,chr17_58696805_G_T,missense,-0.8655057,-2.0057755,1.1402698,0.07918362,0.079630315
train,chr17_58696805_GCT_,indel,-15.152952,-15.474845,0.32189274,0.037735928,0.037851788
train,chr17_58696805_GCT_CCC,missense,-22.194174,-21.84455,-0.34962463,0.08300714,0.08354065
train,chr17_58696805_GCT_GAC,missense,-19.390705,-20.168638,0.7779331,0.08226029,0.082802534
train,chr17_58696805_GCT_ACC,missense,-1.7632375,-1.9139087,0.15067124,0.07904506,0.079476215
train,chr17_58696805_GCT_AGC,missense,0.46880656,-2.0057755,2.474582,0.07918362,0.079630315
train,chr17_58696805_GCT_GGC,missense,-0.6881219,-0.90676045,0.21863854,0.077353366,0.077799626
train,chr17_58696805_GCT_GTG,missense,-2.3725626,-4.763733,2.3911703,0.08079852,0.081234016
train,chr17_58696806_C_A,missense,-27.738115,-20.168638,-7.569477,0.08226029,0.082802534
train,chr17_58696806_C_G,missense,-1.0083543,-0.90676045,-0.10159385,0.077353366,0.077799626
train,chr17_58696806_C_T,missense,-1.0791013,-4.763733,3.6846316,0.08079852,0.081234016
train,chr17_58696807_T_C,synonymous,2.069142,-0.00095939636,2.0701015,-0.060324285,-0.06047854
train,chr17_58696807_T_A,synonymous,-1.4524766,-0.00095939636,-1.4515172,-0.060324285,-0.06047854
train,chr17_58696807_T_G,synonymous,0.17995933,-0.00095939636,0.18091872,-0.060324285,-0.06047854
train,chr17_58696808_A_G,missense,0.36913115,-1.4583522,1.8274834,0.078859694,0.07930474
train,chr17_58696808_A_C,missense,-9.73798,-11.283707,1.5457268,0.07997823,0.08050782
train,chr17_58696808_A_T,missense,-2.2555099,-1.2955464,-0.95996344,0.07817072,0.07860915
train,chr17_58696808_ACT_,indel,-15.826003,-17.033186,1.2071829,0.03800564,0.03818848
train,chr17_58696808_ACT_GCC,missense,-0.26356792,-1.4583522,1.1947843,0.078859694,0.07930474
train,chr17_58696808_ACT_CCC,missense,-7.8721046,-11.283707,3.411602,0.07997823,0.08050782
train,chr17_58696808_ACT_AAC,missense,-0.05538599,-1.4811263,1.4257404,0.078252845,0.07868698
train,chr17_58696808_ACT_AGC,missense,-0.7635575,-1.2955464,0.5319889,0.07817072,0.07860915
train,chr17_58696808_ACT_ATC,missense,-0.17639713,-1.3693709,1.1929739,0.07840203,0.07884542
train,chr17_58696809_C_T,missense,1.9322704,-1.3693709,3.3016415,0.07840203,0.07884542
train,chr17_58696809_C_G,missense,-4.2559047,-1.2955464,-2.9603581,0.07817072,0.07860915
train,chr17_58696809_C_A,missense,0.76559734,-1.4811263,2.2467237,0.078252845,0.07868698
train,chr17_58696810_T_A,synonymous,0.022152863,-0.013469458,0.03562232,-0.061167005,-0.06139677
train,chr17_58696810_T_C,synonymous,-1.0995818,-0.013469458,-1.0861124,-0.061167005,-0.06139677
train,chr17_58696810_T_G,synonymous,-0.017871328,-0.013469458,-0.00440187,-0.061167005,-0.06139677
train,chr17_58696811_G_A,missense,-3.106441,-1.6910189,-1.4154221,0.07752435,0.07798472
train,chr17_58696811_G_T,missense,-0.73324674,-1.6487042,0.9154574,0.07796844,0.078448094
train,chr17_58696811_G_C,missense,-3.384603,-9.958482,6.573879,0.08009449,0.08062429
train,chr17_58696811_GCC_,indel,-19.311533,-16.43408,-2.8774529,0.036846653,0.037029665
train,chr17_58696811_GCC_ACA,missense,-3.9817183,-1.6910189,-2.2906995,0.07752435,0.07798472
train,chr17_58696811_GCC_AGC,missense,-3.712617,-1.6487042,-2.0639129,0.07796844,0.078448094
train,chr17_58696811_GCC_CCT,missense,-4.598539,-9.958482,5.359943,0.08009449,0.08062429
train,chr17_58696811_GCC_GAT,missense,-5.90989,-5.310505,-0.59938526,0.079712875,0.08020709
train,chr17_58696811_GCC_GTG,missense,-4.6891727,-4.3103366,-0.37883615,0.079259075,0.07972586
train,chr17_58696811_GCC_GGA,missense,-1.9677192,-1.2029036,-0.76481557,0.0765921,0.07707493
train,chr17_58696812_C_A,missense,-6.1859484,-5.310505,-0.87544346,0.079712875,0.08020709
train,chr17_58696812_C_T,missense,-4.561351,-4.3103366,-0.25101423,0.079259075,0.07972586
train,chr17_58696812_C_G,missense,-2.1449788,-1.2029036,-0.94207513,0.0765921,0.07707493
train,chr17_58696813_C_G,synonymous,-3.6958876,-0.2865963,-3.4092913,-0.061021943,-0.061269857
train,chr17_58696813_C_T,synonymous,-3.6420822,-0.2865963,-3.355486,-0.061021943,-0.061269857
train,chr17_58696813_C_A,synonymous,-1.4239439,-0.2865963,-1.1373476,-0.061021943,-0.061269857
train,chr17_58696814_T_C,missense,-20.763279,-20.464136,-0.29914284,0.08308346,0.08355267
train,chr17_58696814_T_A,missense,-2.9726474,-3.4331121,0.46046472,0.079330906,0.07982314
train,chr17_58696814_T_G,missense,-1.0726104,-4.232917,3.1603065,0.07953651,0.080024034
train,chr17_58696814_TGC_,indel,-14.258877,-16.22644,1.9675636,0.036642153,0.03678031
train,chr17_58696814_TGC_GCC,missense,-0.001199314,-1.4492106,1.4480113,0.07837009,0.07886703
train,chr17_58696814_TGC_CGG,missense,-20.861473,-20.464136,-0.39733696,0.08308346,0.08355267
train,chr17_58696814_TGC_TAT,missense,-26.301243,-19.188084,-7.113159,0.082728185,0.08321648
train,chr17_58696814_TGC_TTT,missense,-16.139582,-16.500305,0.3607235,0.081757545,0.08226844
train,chr17_58696814_TGC_GGA,missense,-2.5729172,-4.232917,1.6599996,0.07953651,0.080024034
train,chr17_58696815_G_A,missense,-12.4809065,-19.188084,6.707177,0.082728185,0.08321648
train,chr17_58696815_G_C,missense,-4.6905556,-3.4331121,-1.2574434,0.079330906,0.07982314
train,chr17_58696815_G_T,missense,-14.798312,-16.500305,1.701993,0.081757545,0.08226844
train,chr17_58696816_C_G,missense,-20.399714,-19.26745,-1.1322632,0.08310787,0.083659984
train,chr17_58696816_C_T,synonymous,-1.4094464,-0.76228666,-0.6471597,-0.061417405,-0.061592363
train,chr17_58696820_C_A,missense,-3.4877625,-2.1072793,-1.3804832,0.07733742,0.07776477
train,chr17_58696820_C_G,missense,0.2675707,-1.4220521,1.6896229,0.0763951,0.07680744
train,chr17_58696820_CAG_,indel,-24.257982,-18.043661,-6.214321,0.03634652,0.036515176
train,chr17_58696820_CAG_GCC,missense,-1.1405802,-1.8742013,0.7336211,0.07691212,0.07732398
train,chr17_58696820_CAG_AGA,missense,-2.9906287,-1.5264884,-1.4641403,0.07697446,0.07739802
train,chr17_58696820_CAG_CCC,missense,-4.7201915,-7.4560127,2.7358212,0.07915147,0.07959118
train,chr17_58696820_CAG_AAA,missense,-1.9859068,-2.1072793,0.12137246,0.07733742,0.07776477
train,chr17_58696820_CAG_CTC,missense,-1.4187655,-3.8387766,2.420011,0.078495435,0.0789217
train,chr17_58696820_CAG_GAA,missense,-0.62896985,-1.4220521,0.7930823,0.0763951,0.07680744
train,chr17_58696821_A_C,missense,-6.5446157,-7.4560127,0.911397,0.07915147,0.07959118
train,chr17_58696821_A_G,missense,-0.3044133,-1.5264884,1.2220751,0.07697446,0.07739802
train,chr17_58696821_A_T,missense,-1.2262033,-3.8387766,2.6125731,0.078495435,0.0789217
train,chr17_58696822_G_T,missense,-2.0051575,-2.4532294,0.44807196,0.077767715,0.07818208
train,chr17_58696822_G_C,missense,-2.9715378,-2.4532294,-0.5183084,0.077767715,0.07818208
train,chr17_58696822_G_A,synonymous,0.1398619,-0.35855627,0.49841815,-0.062270876,-0.06245333
train,chr17_58696826_C_T,missense,-10.54387,-2.5549896,-7.98888,0.07697094,0.07741083
train,chr17_58696826_C_A,missense,-1.5971403,-1.6735553,0.07641494,0.07702753,0.07744433
train,chr17_58696826_C_G,missense,-2.923452,-2.718095,-0.20535684,0.077818915,0.078249075
train,chr17_58696826_CTT_,indel,-18.741955,-19.296627,0.55467224,0.031039994,0.031123143
train,chr17_58696826_CTT_GCC,missense,-5.6310787,-4.2853193,-1.3457594,0.0785619,0.079011045
train,chr17_58696826_CTT_CAC,missense,-7.090037,-6.858744,-0.23129272,0.07925981,0.079699345
train,chr17_58696826_CTT_CCC,missense,-11.099305,-13.569828,2.4705229,0.08252587,0.0830284
train,chr17_58696826_CTT_CGG,missense,-13.1940565,-16.081522,2.8874655,0.08208089,0.08254756
train,chr17_58696826_CTT_GTG,missense,-3.4735217,-2.718095,-0.75542665,0.077818915,0.078249075
train,chr17_58696826_CTT_TTA,synonymous,-3.1997063,-0.6284585,-2.5712478,-0.06343775,-0.06355874
train,chr17_58696826_CTT_TTC,missense,-13.020593,-2.5549896,-10.465603,0.07697094,0.07741083
train,chr17_58696826_CTT_ATC,missense,-1.4974153,-1.6735553,0.17613995,0.07702753,0.07744433
train,chr17_58696826_CTT_TTG,synonymous,-0.5842695,-0.6284585,0.044188976,-0.06343775,-0.06355874
train,chr17_58696827_T_G,missense,-19.178816,-16.081522,-3.0972939,0.08208089,0.08254756
train,chr17_58696827_T_A,missense,-6.482805,-6.858744,0.37593937,0.07925981,0.079699345
train,chr17_58696827_T_C,missense,-12.902013,-13.569828,0.6678152,0.08252587,0.0830284
train,chr17_58696828_T_A,synonymous,1.3466187,-0.6284585,1.9750772,-0.06343775,-0.06355874
train,chr17_58696828_T_C,synonymous,-0.7662659,-0.6284585,-0.13780743,-0.06343775,-0.06355874
train,chr17_58696828_T_G,synonymous,-1.235329,-0.6284585,-0.60687053,-0.06343775,-0.06355874
train,chr17_58696829_C_A,missense,-2.2482018,-0.9490452,-1.2991567,0.074659795,0.07507641
train,chr17_58696829_C_G,missense,-0.85197884,-2.0631058,1.211127,0.075917795,0.076317206
train,chr17_58696829_CAG_,indel,-20.193352,-21.974287,1.7809353,0.02984423,0.02995136
train,chr17_58696829_CAG_GCC,missense,-3.350756,-1.2125412,-2.1382146,0.07535561,0.07574361
train,chr17_58696829_CAG_AAA,missense,-3.6190321,-0.9490452,-2.669987,0.074659795,0.07507641
train,chr17_58696829_CAG_AGA,missense,-5.446557,-1.1131899,-4.3333673,0.07533151,0.07576077
train,chr17_58696829_CAG_CCC,missense,-14.341524,-14.537705,0.1961813,0.07991586,0.08036333
train,chr17_58696829_CAG_CTC,missense,-2.7352014,-0.9214326,-1.8137687,0.07543728,0.07582081
train,chr17_58696829_CAG_GAA,missense,0.08802262,-2.0631058,2.1511285,0.075917795,0.076317206
train,chr17_58696830_A_G,missense,-1.1815586,-1.1131899,-0.06836867,0.07533151,0.07576077
train,chr17_58696830_A_C,missense,-12.609099,-14.537705,1.928606,0.07991586,0.08036333
train,chr17_58696830_A_T,missense,-1.4216683,-0.9214326,-0.5002357,0.07543728,0.07582081
train,chr17_58696831_G_A,synonymous,0.052510045,-0.37936926,0.4318793,-0.06343119,-0.063597135
train,chr17_58696831_G_C,missense,-2.034822,-1.8558282,-0.17899382,0.07644844,0.076856606
train,chr17_58696831_G_T,missense,-0.0970328,-1.8558282,1.7587954,0.07644844,0.076856606
train,chr17_58696832_C_T,missense,-2.0027676,-1.2714084,-0.7313591,0.074012116,0.07439531
train,chr17_58696832_C_A,missense,-2.7836382,-0.810344,-1.9732943,0.073552124,0.073936366
train,chr17_58696832_C_G,missense,-2.0575898,-1.2099774,-0.8476124,0.074100256,0.07449191
train,chr17_58696832_CTT_,indel,-10.606301,-12.564045,1.9577436,0.027205894,0.027336752
train,chr17_58696832_CTT_GCC,missense,-1.6130404,-1.3316784,-0.28136206,0.07445924,0.0748357
train,chr17_58696832_CTT_CCC,missense,-4.5624876,-8.083563,3.5210752,0.07899262,0.07941157
train,chr17_58696832_CTT_TTC,missense,-3.160855,-1.2714084,-1.8894466,0.074012116,0.07439531
train,chr17_58696832_CTT_ATC,missense,-2.530987,-0.810344,-1.720643,0.073552124,0.073936366
train,chr17_58696832_CTT_CAC,missense,-2.0965374,-1.5125606,-0.58397675,0.07483389,0.07521854
train,chr17_58696832_CTT_CGG,missense,-1.1417093,-1.330411,0.18870163,0.07462801,0.0750132
train,chr17_58696832_CTT_GTG,missense,-2.6983273,-1.2099774,-1.4883499,0.074100256,0.07449191
train,chr17_58696832_CTT_TTA,synonymous,-0.44932935,-0.14681602,-0.30251333,-0.06446396,-0.06466755
train,chr17_58696832_CTT_TTG,synonymous,-1.9280422,-0.14681602,-1.7812262,-0.06446396,-0.06466755
train,chr17_58696833_T_C,missense,-3.2545059,-8.083563,4.8290567,0.07899262,0.07941157
train,chr17_58696833_T_A,missense,-2.5881717,-1.5125606,-1.0756111,0.07483389,0.07521854
train,chr17_58696833_T_G,missense,-0.05515843,-1.330411,1.2752526,0.07462801,0.0750132
train,chr17_58696834_T_G,synonymous,-0.9938237,-0.14681602,-0.8470077,-0.06446396,-0.06466755
train,chr17_58696834_T_A,synonymous,0.9718757,-0.14681602,1.1186917,-0.06446396,-0.06466755
train,chr17_58696834_T_C,synonymous,-0.69421816,-0.14681602,-0.54740214,-0.06446396,-0.06466755
train,chr17_58696835_A_G,missense,-0.014616202,-1.4138831,1.3992668,0.07498056,0.075444214
train,chr17_58696835_A_C,missense,-1.9060574,-1.2474059,-0.6586515,0.07513015,0.07553428
train,chr17_58696835_A_T,missense,-0.17414379,-1.2474059,1.0732621,0.07513015,0.07553428
train,chr17_58696835_ATA_,indel,-8.44085,-12.057235,3.6163845,0.027687822,0.027854234
train,chr17_58696835_ATA_GCC,missense,-3.2058668,-2.3144746,-0.89139223,0.07631934,0.07675429
train,chr17_58696835_ATA_AAG,missense,-9.72868,-10.100919,0.3722391,0.07876031,0.07923487
train,chr17_58696835_ATA_CGG,missense,-8.646372,-8.957432,0.31105995,0.07842763,0.078889854
train,chr17_58696835_ATA_ACC,missense,-0.31311417,-2.5485468,2.2354326,0.07591766,0.07636621
train,chr17_58696835_ATA_CTG,missense,-1.590511,-1.2474059,-0.34310508,0.07513015,0.07553428
train,chr17_58696835_ATA_GTG,missense,-0.7675015,-1.4138831,0.6463816,0.07498056,0.075444214
train,chr17_58696836_T_C,missense,-0.004268433,-2.5485468,2.5442784,0.07591766,0.07636621
train,chr17_58696836_T_A,missense,-7.3054023,-10.100919,2.7955165,0.07876031,0.07923487
train,chr17_58696836_T_G,missense,-7.63351,-8.957432,1.3239217,0.07842763,0.078889854
train,chr17_58696837_A_G,missense,-4.931213,-2.1236086,-2.8076043,0.07589733,0.0763342
train,chr17_58696837_A_C,synonymous,0.8103713,-0.06363058,0.87400186,-0.064205594,-0.06442122
train,chr17_58696837_A_T,synonymous,-0.6680816,-0.06363058,-0.604451,-0.064205594,-0.06442122
train,chr17_58696841_G_C,missense,-3.1601934,-0.22524405,-2.9349494,0.07213505,0.072548635
train,chr17_58696841_G_A,missense,-1.5382811,-0.27997828,-1.2583028,0.07225445,0.072682485
train,chr17_58696841_GAA_,indel,-3.169104,-0.7610116,-2.4080925,0.02223262,0.022319706
train,chr17_58696841_GAA_GCC,missense,-1.4977475,-0.40311766,-1.0946299,0.072421685,0.072860405
train,chr17_58696841_GAA_GGC,missense,-6.196538,-2.1231906,-4.073347,0.07454206,0.07497707
train,chr17_58696841_GAA_AAG,missense,0.2828365,-0.27997828,0.5628148,0.07225445,0.072682485
train,chr17_58696841_GAA_CAG,missense,-0.55611134,-0.22524405,-0.3308673,0.07213505,0.072548635
train,chr17_58696841_GAA_GTG,missense,0.6369021,-0.347121,0.9840231,0.07069306,0.07111221
train,chr17_58696842__AAA,indel,3.153062,3.6183631,-0.46530104,0.024062555,0.023933122
train,chr17_58696842_A_G,missense,1.2248089,-2.1231906,3.3479996,0.07454206,0.07497707
train,chr17_58696842_A_C,missense,-1.1842138,-0.40311766,-0.7810961,0.072421685,0.072860405
train,chr17_58696842_A_T,missense,-0.9923554,-0.347121,-0.6452344,0.07069306,0.07111221
train,chr17_58696843_A_C,missense,-0.3652485,-0.90135956,0.53611106,0.07258831,0.07303287
train,chr17_58696843_A_G,synonymous,-1.9455295,0.13876009,-2.0842896,-0.06605387,-0.0662812
train,chr17_58696843_A_T,missense,1.2374467,-0.90135956,2.1388063,0.07258831,0.07303287
train,chr17_58696844_A_C,missense,-1.2244046,-0.044862986,-1.1795416,0.06938493,0.06976633
train,chr17_58696844_A_G,missense,-1.5518495,-0.08983016,-1.4620193,0.06852414,0.06891289
train,chr17_58696844_AAA_,indel,1.6453936,-0.65633607,2.3017297,0.021447329,0.021528503
train,chr17_58696844_AAA_GCC,missense,-0.2205913,0.07464385,-0.29523516,0.07026519,0.07068194
train,chr17_58696844_AAA_ACC,missense,0.50412804,-0.040996075,0.5451241,0.06953663,0.06992666
train,chr17_58696844_AAA_ATC,missense,-0.28862247,-0.26883245,-0.019790024,0.07003577,0.07043283
train,chr17_58696844_AAA_CAG,missense,0.36289406,-0.044862986,0.40775704,0.06938493,0.06976633
train,chr17_58696844_AAA_CGG,missense,1.8441229,-0.053086758,1.8972096,0.07025607,0.070651405
train,chr17_58696844_AAA_GAG,missense,1.3330688,-0.08983016,1.422899,0.06852414,0.06891289
train,chr17_58696845_A_C,missense,-1.187338,-0.040996075,-1.1463419,0.06953663,0.06992666
train,chr17_58696845_A_G,missense,0.43586245,-0.053086758,0.4889492,0.07025607,0.070651405
train,chr17_58696845_A_T,missense,1.9957051,-0.26883245,2.2645376,0.07003577,0.07043283
train,chr17_58696846_A_G,synonymous,2.9849167,0.25298238,2.7319343,-0.06701511,-0.067218475
train,chr17_58696846_A_C,missense,0.05047771,-0.118038416,0.16851613,0.06975368,0.07014817
train,chr17_58696846_A_T,missense,-2.5098436,-0.118038416,-2.3918052,0.06975368,0.07014817
train,chr17_58696847_C_A,missense,1.5597233,-0.12305522,1.6827785,0.07056775,0.070999414
train,chr17_58696847_C_G,missense,-0.5221451,-0.5281801,0.00603503,0.07115385,0.07159579
train,chr17_58696847_C_T,missense,2.4129739,-0.053676367,2.4666502,0.07015682,0.070563026
train,chr17_58696847_CAC_,indel,-0.9357905,-1.0401838,0.1043933,0.021488043,0.02162616
train,chr17_58696847_CAC_GCC,missense,-0.3046284,-0.16798902,-0.13663939,0.070419185,0.070852995
train,chr17_58696847_CAC_AAT,missense,-3.1133556,-0.12305522,-2.9903004,0.07056775,0.070999414
train,chr17_58696847_CAC_GAT,missense,-3.1520193,-0.5281801,-2.6238391,0.07115385,0.07159579
train,chr17_58696847_CAC_CCT,missense,0.13064505,-1.2717088,1.4023539,0.072974525,0.073439285
train,chr17_58696847_CAC_CGG,missense,-0.082283325,-0.45398307,0.37169975,0.07134096,0.07179539
train,chr17_58696847_CAC_CTG,missense,2.0642707,-0.08000994,2.1442807,0.07149081,0.07194202
train,chr17_58696847_CAC_TAT,missense,-1.4061524,-0.053676367,-1.352476,0.07015682,0.070563026
train,chr17_58696848_A_C,missense,-2.2722082,-1.2717088,-1.0004994,0.072974525,0.073439285
train,chr17_58696848_A_G,missense,0.4375423,-0.45398307,0.8915254,0.07134096,0.07179539
train,chr17_58696848_A_T,missense,0.73654664,-0.08000994,0.8165566,0.07149081,0.07194202
train,chr17_58696849_C_A,missense,-0.8876345,-0.12642503,-0.7612095,0.071257375,0.07171236
train,chr17_58696849_C_T,synonymous,0.00079142075,0.29171515,-0.2909237,-0.06749038,-0.067650124
train,chr17_58696849_C_G,missense,1.5009073,-0.12642503,1.6273323,0.071257375,0.07171236
train,chr17_58696850_A_C,missense,1.1186728,0.13941073,0.9792621,0.06806008,0.06843047
train,chr17_58696850_A_G,missense,-0.3556769,0.111614466,-0.46729136,0.066993944,0.06735365
train,chr17_58696850_AAG_,indel,-1.8237255,-0.81770897,-1.0060165,0.018199157,0.018388603
train,chr17_58696850_AAG_GCC,missense,-1.8719755,0.038513184,-1.9104887,0.06628882,0.06665374
train,chr17_58696850_AAG_ACC,missense,-1.9314559,-0.11157775,-1.8198781,0.06737035,0.06774525
train,chr17_58696850_AAG_CAA,missense,-0.8452103,0.13941073,-0.98462105,0.06806008,0.06843047
train,chr17_58696850_AAG_CGG,missense,0.22405085,-0.22780013,0.45185098,0.0684876,0.068866655
train,chr17_58696850_AAG_GAA,missense,-0.35975695,0.111614466,-0.4713714,0.066993944,0.06735365
train,chr17_58696851_A_T,missense,0.32084423,0.060527086,0.26031715,0.06706583,0.06745008
train,chr17_58696851_A_C,missense,2.8485205,-0.11157775,2.9600983,0.06737035,0.06774525
train,chr17_58696851_A_G,missense,2.302555,-0.22780013,2.5303552,0.0684876,0.068866655
train,chr17_58696852_G_A,synonymous,0.27498785,0.33878803,-0.063800186,-0.0697898,-0.06989294
train,chr17_58696852_G_T,missense,-0.5081061,-0.057539463,-0.45056665,0.06799126,0.06838259
train,chr17_58696852_G_C,missense,-1.7849072,-0.057539463,-1.7273678,0.06799126,0.06838259
train,chr17_58703201_C_A,synonymous,0.74919474,0.34002447,0.40917027,-0.067669496,-0.06777643
train,chr17_58703201_C_G,missense,-0.094207086,-0.37252545,0.27831838,0.07121195,0.07158523
train,chr17_58703201_CGA_,indel,-1.8406271,-2.278214,0.4375869,0.02334607,0.023447026
train,chr17_58703201_CGA_GCC,missense,-1.012037,0.045155525,-1.0571926,0.07013067,0.07048127
train,chr17_58703201_CGA_AGG,synonymous,-1.0782466,0.34002447,-1.4182711,-0.067669496,-0.06777643
train,chr17_58703201_CGA_CAG,missense,0.52224255,0.089779854,0.4324627,0.07124441,0.07161358
train,chr17_58703201_CGA_CCC,missense,-0.49578756,-1.3582463,0.86245877,0.07393356,0.07434613
train,chr17_58703201_CGA_CTG,missense,0.84506565,0.18635106,0.6587146,0.0719969,0.07236054
train,chr17_58703201_CGA_GGC,missense,0.22728369,-0.37252545,0.59980917,0.07121195,0.07158523
train,chr17_58703202_G_A,missense,-1.2220702,0.089779854,-1.3118501,0.07124441,0.07161358
train,chr17_58703202_G_C,missense,0.085340254,-1.3582463,1.4435866,0.07393356,0.07434613
train,chr17_58703202_G_T,missense,-0.2883841,0.18635106,-0.47473517,0.0719969,0.07236054
train,chr17_58703203_A_G,synonymous,0.2756775,0.34002447,-0.06434697,-0.067669496,-0.06777643
train,chr17_58703203_A_C,synonymous,-0.67944264,0.34002447,-1.0194671,-0.067669496,-0.06777643
train,chr17_58703203_A_T,synonymous,-0.7067685,0.34002447,-1.046793,-0.067669496,-0.06777643
train,chr17_58703204_A_C,missense,0.93523544,-0.03950405,0.9747395,0.07137456,0.07170354
train,chr17_58703204_A_G,missense,0.8478424,-0.15826654,1.006109,0.0717881,0.07209292
train,chr17_58703204_AAA_,indel,-0.30023578,-3.4943883,3.1941526,0.023694003,0.02384856
train,chr17_58703204_AAA_GCC,missense,-0.56300545,-0.17234373,-0.39066172,0.07190051,0.07223626
train,chr17_58703204_AAA_ACC,missense,-0.64635307,-0.073035,-0.57331806,0.07112277,0.07146318
train,chr17_58703204_AAA_ATC,missense,0.4140522,-0.48366022,0.8977124,0.07279512,0.073134966
train,chr17_58703204_AAA_CAG,missense,-1.916904,-0.03950405,-1.8773999,0.07137456,0.07170354
train,chr17_58703204_AAA_CGG,missense,-0.994762,-0.11679673,-0.8779653,0.07173705,0.072098196
train,chr17_58703204_AAA_GAG,missense,-1.77569,-0.15826654,-1.6174234,0.0717881,0.07209292
train,chr17_58703205_A_C,missense,-0.62555283,-0.073035,-0.55251783,0.07112277,0.07146318
train,chr17_58703205_A_G,missense,0.055287737,-0.11679673,0.17208447,0.07173705,0.072098196
train,chr17_58703205_A_T,missense,-2.743311,-0.48366022,-2.2596507,0.07279512,0.073134966
train,chr17_58703206_A_C,missense,-0.7716124,-0.1214447,-0.6501677,0.07178466,0.07211406
train,chr17_58703206_A_G,synonymous,-0.1240735,0.33800697,-0.46208048,-0.06776851,-0.06786702
train,chr17_58703206_A_T,missense,-0.2272439,-0.1214447,-0.1057992,0.07178466,0.07211406
train,chr17_58703207_G_A,missense,1.2207142,-0.15063548,1.3713497,0.07310759,0.07347401
train,chr17_58703207_G_C,missense,-0.24219567,-1.0340579,0.7918622,0.07497093,0.07539045
train,chr17_58703207_G_T,missense,0.15865406,-0.07379937,0.23245344,0.07290058,0.07327388
train,chr17_58703207_GCT_,indel,-1.2662306,-2.7060347,1.4398041,0.023668876,0.023865515
train,chr17_58703207_GCT_GTG,missense,-3.4064362,-0.3398714,-3.0665648,0.073803864,0.07417568
train,chr17_58703207_GCT_ACC,missense,-0.99819285,-0.15063548,-0.84755737,0.07310759,0.07347401
train,chr17_58703207_GCT_AGC,missense,-0.63740677,-0.07379937,-0.5636074,0.07290058,0.07327388
train,chr17_58703207_GCT_CCC,missense,-1.523725,-1.0340579,-0.48966718,0.07497093,0.07539045
train,chr17_58703207_GCT_GAC,missense,0.14846791,-1.327557,1.4760249,0.07555835,0.07593153
train,chr17_58703207_GCT_GGC,missense,-0.18588139,-0.07557726,-0.11030413,0.07275264,0.07313851
train,chr17_58703208_C_A,missense,0.3130618,-1.327557,1.6406188,0.07555835,0.07593153
train,chr17_58703208_C_G,missense,0.9401465,-0.07557726,1.0157237,0.07275264,0.07313851
train,chr17_58703208_C_T,missense,-0.7103987,-0.3398714,-0.37052727,0.073803864,0.07417568
train,chr17_58703209_T_A,synonymous,-2.2447488,0.38506722,-2.629816,-0.06726347,-0.06735834
train,chr17_58703209_T_C,synonymous,-0.010925609,0.38506722,-0.39599285,-0.06726347,-0.06735834
train,chr17_58703209_T_G,synonymous,-0.5810876,0.38506722,-0.9661548,-0.06726347,-0.06735834
train,chr17_58703216_G_A,missense,-0.4976225,-0.14638638,-0.3512361,0.07261568,0.07287846
train,chr17_58703216_G_C,missense,-0.22621894,-0.07520938,-0.15100956,0.071921326,0.0721779
train,chr17_58703216_G_T,missense,-1.3113813,-0.08000255,-1.2313788,0.07155946,0.07182865
train,chr17_58703216_GAT_,indel,-6.5094275,-1.9193103,-4.5901175,0.021454286,0.02160859
train,chr17_58703216_GAT_GCC,missense,-1.7446042,-0.044344902,-1.7002593,0.071768545,0.07204151
train,chr17_58703216_GAT_GTG,missense,-3.6089551,-0.061496258,-3.547459,0.071427435,0.071690015
train,chr17_58703216_GAT_AAC,missense,0.020061754,-0.14638638,0.16644815,0.07261568,0.07287846
train,chr17_58703216_GAT_CAC,missense,-0.81992644,-0.07520938,-0.74471706,0.071921326,0.0721779
train,chr17_58703216_GAT_GGC,missense,-1.7275501,-0.452451,-1.2750992,0.072395265,0.072667934
train,chr17_58703216_GAT_TAC,missense,-1.1352493,-0.08000255,-1.0552467,0.07155946,0.07182865
train,chr17_58703217_A_G,missense,0.22388615,-0.452451,0.6763371,0.072395265,0.072667934
train,chr17_58703217_A_C,missense,1.121768,-0.044344902,1.1661129,0.071768545,0.07204151
train,chr17_58703217_A_T,missense,2.0410554,-0.061496258,2.1025517,0.071427435,0.071690015
train,chr17_58703218_T_A,missense,1.2566801,-0.101433754,1.3581139,0.07203686,0.07228341
train,chr17_58703218_T_C,synonymous,1.256618,0.22885656,1.0277615,-0.06705032,-0.06713352
train,chr17_58703218_T_G,missense,-0.20561145,-0.101433754,-0.1041777,0.07203686,0.07228341
train,chr17_58703219_T_A,missense,-0.35314852,-0.19521904,-0.15792948,0.07476737,0.075014226
train,chr17_58703219_T_C,missense,-1.3047543,0.15370345,-1.4584577,0.074050665,0.074307196
train,chr17_58703219_T_G,missense,0.2514157,-0.503088,0.7545037,0.07565096,0.07590933
train,chr17_58703219_TTC_,indel,-10.986359,-11.927689,0.94132996,0.027934862,0.028059881
train,chr17_58703219_TTC_GCC,missense,-3.9761345,-0.80902576,-3.1671088,0.076237775,0.076504566
train,chr17_58703219_TTC_AGC,missense,-5.4416676,-6.2029066,0.76123905,0.07890217,0.07920466
train,chr17_58703219_TTC_ATT,missense,1.4270966,-0.19521904,1.6223156,0.07476737,0.075014226
train,chr17_58703219_TTC_CTG,missense,-0.37238678,0.15370345,-0.52609026,0.074050665,0.074307196
train,chr17_58703219_TTC_GTG,missense,0.71920294,-0.503088,1.222291,0.07565096,0.07590933
train,chr17_58703219_TTC_TAT,missense,-0.43678907,0.11053038,-0.5473194,0.07417236,0.07441298
train,chr17_58703219_TTC_TGT,missense,-1.1203264,-1.3064953,0.18616891,0.07631911,0.076589756
train,chr17_58703220_T_C,missense,-3.9420474,-6.2029066,2.2608593,0.07890217,0.07920466
train,chr17_58703220_T_A,missense,-2.498456,0.11053038,-2.6089864,0.07417236,0.07441298
train,chr17_58703220_T_G,missense,-0.38427708,-1.3064953,0.9222182,0.07631911,0.076589756
train,chr17_58703221_C_A,missense,0.32290375,0.15370345,0.1692003,0.074050665,0.074307196
train,chr17_58703221_C_G,missense,0.1133884,0.15370345,-0.040315054,0.074050665,0.074307196
train,chr17_58703221_C_T,synonymous,1.1002563,0.30685616,0.79340017,-0.06737401,-0.06747606
train,chr17_58703222_A_G,missense,0.29707104,-0.36430907,0.6613801,0.07603304,0.076253526
train,chr17_58703222_A_C,missense,-5.9402566,-2.2888417,-3.6514149,0.07654613,0.07682582
train,chr17_58703222_A_T,missense,0.18439156,-0.076544285,0.26093584,0.07476771,0.07498632
train,chr17_58703222_ACT_,indel,-16.125343,-15.537457,-0.58788586,0.03238446,0.03241592
train,chr17_58703222_ACT_GCC,missense,-0.5364141,-0.36430907,-0.17210501,0.07603304,0.076253526
train,chr17_58703222_ACT_CCC,missense,-7.1319947,-2.2888417,-4.843153,0.07654613,0.07682582
train,chr17_58703222_ACT_AAC,missense,-0.9940116,-0.7585237,-0.23548788,0.07592864,0.07616802
train,chr17_58703222_ACT_AGC,missense,0.30742672,-0.076544285,0.383971,0.07476771,0.07498632
train,chr17_58703222_ACT_ATC,missense,-1.2232172,-1.8929911,0.6697738,0.07734424,0.07758896
train,chr17_58703223_C_A,missense,1.793452,-0.7585237,2.5519757,0.07592864,0.07616802
train,chr17_58703223_C_G,missense,0.10092574,-0.076544285,0.17747003,0.07476771,0.07498632
train,chr17_58703223_C_T,missense,-1.9674313,-1.8929911,-0.07444024,0.07734424,0.07758896
train,chr17_58703224_T_A,synonymous,1.6218938,0.3915968,1.230297,-0.066716805,-0.06683237
train,chr17_58703224_T_C,synonymous,-1.3535829,0.3915968,-1.7451797,-0.066716805,-0.06683237
train,chr17_58703224_T_G,synonymous,-1.4874349,0.3915968,-1.8790317,-0.066716805,-0.06683237
train,chr17_58703228_G_A,missense,-0.8723305,0.35163593,-1.2239664,0.075384215,0.075674966
train,chr17_58703228_G_C,missense,-0.7692487,0.4203925,-1.1896412,0.0748433,0.07512826
train,chr17_58703228_G_T,missense,-1.4483227,0.5101595,-1.9584821,0.07549684,0.07579075
train,chr17_58703228_GAT_,indel,-16.154074,-14.887016,-1.2670574,0.030387213,0.030449566
train,chr17_58703228_GAT_GCC,missense,1.2176229,0.64008904,0.57753384,0.0750508,0.07534813
train,chr17_58703228_GAT_AAC,missense,-0.17266616,0.35163593,-0.5243021,0.075384215,0.075674966
train,chr17_58703228_GAT_CAC,missense,-2.1569037,0.4203925,-2.5772963,0.0748433,0.07512826
train,chr17_58703228_GAT_GGC,missense,-0.9730857,0.2531314,-1.226217,0.07484837,0.07513728
train,chr17_58703228_GAT_GTG,missense,-1.078187,0.3057928,-1.3839798,0.07489512,0.07519793
train,chr17_58703228_GAT_TAC,missense,-1.3916163,0.5101595,-1.9017758,0.07549684,0.07579075
train,chr17_58703229_A_G,missense,-1.0592622,0.2531314,-1.3123935,0.07484837,0.07513728
train,chr17_58703229_A_C,missense,0.77300566,0.64008904,0.13291663,0.0750508,0.07534813
train,chr17_58703229_A_T,missense,1.4310526,0.3057928,1.1252598,0.07489512,0.07519793
train,chr17_58703230_T_A,missense,0.7758381,0.22796416,0.5478739,0.0750072,0.07528548
train,chr17_58703230_T_C,synonymous,-1.4482166,0.46208668,-1.9103032,-0.06408083,-0.064224616
train,chr17_58703230_T_G,missense,-1.6511369,0.22796416,-1.879101,0.0750072,0.07528548
train,chr17_58703231_A_G,missense,-1.3723407,-1.0617375,-0.31060314,0.077145375,0.07750392
train,chr17_58703231_A_C,missense,0.009968522,0.013665915,-0.0036973925,0.07671118,0.077056356
train,chr17_58703231_A_T,missense,-0.5095582,0.21227336,-0.72183156,0.0763672,0.07672426
train,chr17_58703231_AAT_,indel,-8.032503,-12.14545,4.1129465,0.030332405,0.030451028
train,chr17_58703231_AAT_GCC,missense,-2.3685431,0.20920563,-2.5777488,0.0751042,0.07547033
train,chr17_58703231_AAT_ACC,missense,-0.37969342,0.103723526,-0.48341694,0.075364545,0.075721264
train,chr17_58703231_AAT_AGC,missense,-0.30313945,-0.16278505,-0.1403544,0.07639027,0.07676125
train,chr17_58703231_AAT_ATC,missense,1.7104081,-0.17386436,1.8842725,0.07678622,0.07715129
train,chr17_58703231_AAT_CAC,missense,0.60255474,0.013665915,0.5888888,0.07671118,0.077056356
train,chr17_58703231_AAT_GAC,missense,0.61757773,-1.0617375,1.6793153,0.077145375,0.07750392
train,chr17_58703231_AAT_TAC,missense,-0.44058797,0.21227336,-0.65286136,0.0763672,0.07672426
train,chr17_58703232_A_C,missense,0.50881034,0.103723526,0.40508682,0.075364545,0.075721264
train,chr17_58703232_A_G,missense,-0.40281287,-0.16278505,-0.24002782,0.07639027,0.07676125
train,chr17_58703232_A_T,missense,1.223597,-0.17386436,1.3974614,0.07678622,0.07715129
train,chr17_58703233_T_A,missense,-0.5113077,-0.5100429,-0.0012648106,0.0776354,0.07802522
train,chr17_58703233_T_C,synonymous,-1.0038068,0.3743534,-1.3781602,-0.06285272,-0.06301318
train,chr17_58703233_T_G,missense,-0.010439435,-0.5100429,0.49960348,0.0776354,0.07802522
train,chr17_58703234_A_G,missense,-0.23491172,-0.40544724,0.17053552,0.077240996,0.07765512
train,chr17_58703234_A_C,missense,1.4767598,-0.051563263,1.528323,0.07667452,0.0770712
train,chr17_58703234_A_T,missense,-2.6546383,-3.3294961,0.67485785,0.07883014,0.079282105
train,chr17_58703234_ATT_,indel,-13.805109,-12.800687,-1.0044222,0.03449487,0.034713693
train,chr17_58703234_ATT_GCC,missense,0.42775753,-1.2989542,1.7267118,0.07836494,0.078790896
train,chr17_58703234_ATT_AAC,missense,-18.204636,-15.383422,-2.8212137,0.08275132,0.08326194
train,chr17_58703234_ATT_AGC,missense,-9.060969,-13.859421,4.7984514,0.081211686,0.0816903
train,chr17_58703234_ATT_TTC,missense,-3.8530226,-3.3294961,-0.52352643,0.07883014,0.079282105
train,chr17_58703234_ATT_ACC,missense,-0.9097647,-2.8825016,1.9727368,0.07903473,0.0794706
train,chr17_58703234_ATT_CTG,missense,-0.9551289,-0.051563263,-0.90356565,0.07667452,0.0770712
train,chr17_58703234_ATT_GTG,missense,0.17703627,-0.40544724,0.58248353,0.077240996,0.07765512
train,chr17_58703235_T_A,missense,-9.426901,-15.383422,5.956521,0.08275132,0.08326194
train,chr17_58703235_T_G,missense,-9.08868,-13.859421,4.7707405,0.081211686,0.0816903
train,chr17_58703235_T_C,missense,0.39659983,-2.8825016,3.2791014,0.07903473,0.0794706
train,chr17_58703236_T_A,synonymous,-0.45117486,0.39737892,-0.8485538,-0.06268924,-0.06280841
train,chr17_58703236_T_C,synonymous,2.1424248,0.39737892,1.7450459,-0.06268924,-0.06280841
train,chr17_58703236_T_G,missense,-0.56204045,-2.5490038,1.9869634,0.07878324,0.07922544
train,chr17_58703237_C_A,missense,-0.40186444,-1.1387677,0.7369033,0.077878915,0.07832171
train,chr17_58703237_C_G,missense,-4.4334564,-1.2769367,-3.15652,0.07796303,0.07840665
train,chr17_58703237_C_T,missense,-0.33678558,-5.750248,5.413462,0.079899915,0.08033697
train,chr17_58703237_CTT_,indel,-13.006383,-13.999475,0.9930916,0.03455681,0.034844395
train,chr17_58703237_CTT_GCC,missense,-1.548327,-9.547926,7.999599,0.08075275,0.08120285
train,chr17_58703237_CTT_CAC,missense,-13.7501135,-14.886377,1.1362638,0.08383323,0.0843013
train,chr17_58703237_CTT_CCC,missense,-9.72381,-14.380201,4.656391,0.08476993,0.08527054
train,chr17_58703237_CTT_CGG,missense,-16.107271,-15.3324375,-0.7748337,0.08446907,0.08497416
train,chr17_58703237_CTT_GTG,missense,-5.1940804,-1.2769367,-3.9171438,0.07796303,0.07840665
train,chr17_58703237_CTT_ATC,missense,-1.4950233,-1.1387677,-0.35625553,0.077878915,0.07832171
train,chr17_58703237_CTT_TTA,synonymous,0.41558877,0.24324203,0.17234674,-0.06292131,-0.063006505
train,chr17_58703237_CTT_TTC,missense,-1.3466538,-5.750248,4.403594,0.079899915,0.08033697
train,chr17_58703237_CTT_TTG,synonymous,-1.7035536,0.24324203,-1.9467956,-0.06292131,-0.063006505
train,chr17_58703238_T_A,missense,-14.84789,-14.886377,0.038487434,0.08383323,0.0843013
train,chr17_58703238_T_C,missense,-15.068806,-14.380201,-0.68860435,0.08476993,0.08527054
train,chr17_58703238_T_G,missense,-15.06583,-15.3324375,0.26660728,0.08446907,0.08497416
train,chr17_58703239_T_A,synonymous,0.83125925,0.24324203,0.5880172,-0.06292131,-0.063006505
train,chr17_58703239_T_C,synonymous,-1.337142,0.24324203,-1.580384,-0.06292131,-0.063006505
train,chr17_58703239_T_G,synonymous,0.62384677,0.24324203,0.38060474,-0.06292131,-0.063006505
train,chr17_58703240_T_C,missense,-3.7237282,-3.90575,0.18202186,0.078656435,0.079051256
train,chr17_58703240_T_A,missense,0.31505483,-0.12700653,0.44206136,0.07628256,0.07661797
train,chr17_58703240_T_G,missense,-1.1192037,0.09332156,-1.2125252,0.07587854,0.07621847
train,chr17_58703240_TCT_,indel,-16.122322,-13.633583,-2.488739,0.036331628,0.036514886
train,chr17_58703240_TCT_GCC,missense,1.6029292,0.09332156,1.5096077,0.07587854,0.07621847
train,chr17_58703240_TCT_ACC,missense,-0.7246537,-0.12700653,-0.5976472,0.07628256,0.07661797
train,chr17_58703240_TCT_AGC,synonymous,1.2553393,0.43546557,0.8198737,-0.06200381,-0.06216933
train,chr17_58703240_TCT_AGT,synonymous,0.65971875,0.43546557,0.22425318,-0.06200381,-0.06216933
train,chr17_58703240_TCT_CCC,missense,-1.1122798,-3.90575,2.7934704,0.078656435,0.079051256
train,chr17_58703240_TCT_TAC,missense,0.59758687,-1.7138317,2.3114185,0.07871676,0.079065
train,chr17_58703240_TCT_TGC,missense,-0.14530331,-0.48904133,0.34373802,0.07742543,0.07777028
train,chr17_58703240_TCT_TTC,missense,-0.62340343,-4.474379,3.8509755,0.079277955,0.07964515
train,chr17_58703241_C_A,missense,-0.09843285,-1.7138317,1.6153988,0.07871676,0.079065
train,chr17_58703241_C_G,missense,0.2648373,-0.48904133,0.7538786,0.07742543,0.07777028
train,chr17_58703241_C_T,missense,0.56803423,-4.474379,5.042413,0.079277955,0.07964515
train,chr17_58703242_T_C,synonymous,2.9602864,0.43546557,2.5248208,-0.06200381,-0.06216933
train,chr17_58703242_T_A,synonymous,0.22496855,0.43546557,-0.21049702,-0.06200381,-0.06216933
train,chr17_58703242_T_G,synonymous,2.467408,0.43546557,2.0319424,-0.06200381,-0.06216933
train,chr17_58703243_C_A,missense,0.84575826,-0.24486732,1.0906255,0.07755065,0.07786373
train,chr17_58703243_C_G,missense,0.4504162,-9.5533905,10.003807,0.080366746,0.0807508
train,chr17_58703243_C_T,missense,0.5526477,-3.1141973,3.6668448,0.07939477,0.079760835
train,chr17_58703243_CAT_,indel,-11.2282,-12.783231,1.5550308,0.03490996,0.035084587
train,chr17_58703243_CAT_GCC,missense,1.1554675,-0.7019155,1.857383,0.07808914,0.078440465
train,chr17_58703243_CAT_CCC,missense,-18.963936,-14.726064,-4.237872,0.081969604,0.082377434
train,chr17_58703243_CAT_CTG,missense,-4.7561684,-2.4107242,-2.3454442,0.079413444,0.07974741
train,chr17_58703243_CAT_GAC,missense,-3.3487892,-9.5533905,6.2046013,0.080366746,0.0807508
train,chr17_58703243_CAT_AAC,missense,-0.16819568,-0.24486732,0.076671645,0.07755065,0.07786373
train,chr17_58703243_CAT_CGG,missense,-1.0258206,-0.40221143,-0.6236092,0.07718677,0.07753563
train,chr17_58703243_CAT_TAC,missense,-0.93081015,-3.1141973,2.183387,0.07939477,0.079760835
train,chr17_58703244_A_G,missense,1.7507373,-0.40221143,2.1529489,0.07718677,0.07753563
train,chr17_58703244_A_C,missense,-14.902327,-14.726064,-0.17626286,0.081969604,0.082377434
train,chr17_58703244_A_T,missense,-5.1490707,-2.4107242,-2.7383466,0.079413444,0.07974741
train,chr17_58703245_T_A,missense,0.7150576,-0.37665296,1.0917106,0.07751621,0.07783705
train,chr17_58703245_T_C,synonymous,-0.6018557,0.37674904,-0.97860473,-0.06095663,-0.06111414
train,chr17_58703245_T_G,missense,-0.9061213,-0.37665296,-0.52946836,0.07751621,0.07783705
train,chr17_58703249_T_G,missense,-15.063811,-16.183634,1.1198225,0.08219875,0.082538225
train,chr17_58703249_T_A,missense,1.2920961,-4.473055,5.765151,0.08016614,0.08047124
train,chr17_58703249_T_C,missense,-0.48175997,-0.48288512,0.0011251569,0.07816715,0.07845454
train,chr17_58703249_TAT_GCC,missense,-1.8118776,-1.062765,-0.7491126,0.07832399,0.07862171
train,chr17_58703249_TAT_GAC,missense,-18.642956,-16.183634,-2.459322,0.08219875,0.082538225
train,chr17_58703249_TAT_AAC,missense,-0.13762692,-4.473055,4.3354278,0.08016614,0.08047124
train,chr17_58703249_TAT_AGC,missense,0.83575207,-2.4038694,3.2396214,0.079419896,0.079719305
train,chr17_58703249_TAT_CAC,missense,-0.6444406,-0.48288512,-0.16155547,0.07816715,0.07845454
train,chr17_58703249_TAT_TGC,missense,0.4298847,-1.2179449,1.6478295,0.07846194,0.078757055
train,chr17_58703249_TAT_TTC,missense,-0.62273115,-0.4344902,-0.18824095,0.07776337,0.07806305
train,chr17_58703250_A_C,missense,-1.5373068,-2.4038694,0.8665626,0.079419896,0.079719305
train,chr17_58703250_A_G,missense,-0.34359995,-1.2179449,0.87434494,0.07846194,0.078757055
train,chr17_58703250_A_T,missense,0.24286571,-0.4344902,0.6773559,0.07776337,0.07806305
train,chr17_58703251_T_C,synonymous,-0.30991888,0.49910045,-0.8090193,-0.06170555,-0.06182108
train,chr17_58703255_T_C,missense,2.0647068,-1.0142851,3.078992,0.077586606,0.0779571
train,chr17_58703255_T_A,missense,-0.4532079,-0.8398056,0.3865977,0.076987475,0.07733502
train,chr17_58703255_T_G,missense,-1.9424797,-0.8437946,-1.0986851,0.07700686,0.07735761
train,chr17_58703255_TTT_,indel,-17.014505,-15.492575,-1.5219307,0.041119065,0.041228365
train,chr17_58703255_TTT_GCC,missense,2.692001,-1.3201255,4.0121264,0.078019515,0.07839957
train,chr17_58703255_TTT_AGC,missense,-16.149458,-4.7043686,-11.445089,0.07915373,0.079564795
train,chr17_58703255_TTT_ATC,missense,-1.0965953,-0.8398056,-0.25678968,0.076987475,0.07733502
train,chr17_58703255_TTT_CTG,missense,0.14272553,-1.0142851,1.1570106,0.077586606,0.0779571
train,chr17_58703255_TTT_GTG,missense,-1.9603093,-0.8437946,-1.1165147,0.07700686,0.07735761
train,chr17_58703255_TTT_TAC,missense,-0.08541796,-0.3148899,0.22947195,0.07713341,0.07750205
train,chr17_58703255_TTT_TGC,missense,-1.5300066,-1.6316496,0.101642966,0.078084715,0.078456424
train,chr17_58703256_T_A,missense,-0.69014686,-0.3148899,-0.37525696,0.07713341,0.07750205
train,chr17_58703256_T_C,missense,-1.0508159,-4.7043686,3.6535525,0.07915373,0.079564795
train,chr17_58703256_T_G,missense,-0.40654704,-1.6316496,1.2251025,0.078084715,0.078456424
train,chr17_58703257_T_A,missense,-1.1247267,-1.0142851,-0.110441566,0.077586606,0.0779571
train,chr17_58703257_T_C,synonymous,1.5922071,0.3400364,1.2521707,-0.06051411,-0.06063456
train,chr17_58703257_T_G,missense,-0.19275469,-1.0142851,0.8215304,0.077586606,0.0779571
train,chr17_58703258_C_T,missense,0.03280237,-1.0759037,1.108706,0.07711038,0.07755735
train,chr17_58703258_C_A,missense,-10.380372,-1.4461334,-8.934238,0.076863065,0.07731071
train,chr17_58703258_C_G,missense,-0.22439507,-2.0860186,1.8616235,0.077200525,0.07765786
train,chr17_58703258_CGC_,indel,-13.032549,-14.141839,1.1092901,0.043281812,0.043436542
train,chr17_58703258_CGC_GCC,missense,-0.027837329,-1.2161657,1.1883284,0.07687456,0.07731461
train,chr17_58703258_CGC_AGA,synonymous,-12.216023,0.36175466,-12.577778,-0.059874613,-0.0600406
train,chr17_58703258_CGC_AGG,synonymous,-7.1107945,0.36175466,-7.4725494,-0.059874613,-0.0600406
train,chr17_58703258_CGC_CCT,missense,-3.7214096,-7.7818174,4.0604076,0.07877385,0.079265155
train,chr17_58703258_CGC_CTG,missense,-3.2344685,-5.74277,2.5083017,0.07878844,0.07924793
train,chr17_58703258_CGC_CAT,missense,-1.1147511,-1.0863752,-0.028375864,0.07666457,0.07709711
train,chr17_58703258_CGC_GGA,missense,-1.5241702,-2.0860186,0.5618484,0.077200525,0.07765786
train,chr17_58703258_CGC_TCC,missense,-0.032017816,-1.4461334,1.4141155,0.076863065,0.07731071
train,chr17_58703258_CGC_TGT,missense,0.52576655,-1.0759037,1.6016703,0.07711038,0.07755735
train,chr17_58703259_G_A,missense,1.7787579,-1.0863752,2.8651333,0.07666457,0.07709711
train,chr17_58703259_G_T,missense,-2.4503396,-5.74277,3.2924306,0.07878844,0.07924793
train,chr17_58703259_G_C,missense,-2.2014592,-7.7818174,5.5803585,0.07877385,0.079265155
train,chr17_58703260_C_T,synonymous,0.38025123,0.36175466,0.018496573,-0.059874613,-0.0600406
train,chr17_58703260_C_A,synonymous,-0.31986988,0.36175466,-0.68162453,-0.059874613,-0.0600406
train,chr17_58703260_C_G,synonymous,0.7948811,0.36175466,0.43312645,-0.059874613,-0.0600406
train,chr17_58703261_T_A,missense,-13.9261,-13.20765,-0.7184496,0.07986744,0.080428
train,chr17_58703261_T_C,missense,-13.991724,-16.238123,2.246399,0.0834649,0.08407181
train,chr17_58703261_T_G,missense,-0.7958004,-6.2815037,5.4857035,0.07898937,0.07949534
train,chr17_58703261_TGT_,indel,-11.061792,-12.140349,1.078557,0.042932242,0.043015752
train,chr17_58703261_TGT_GCC,missense,1.2160344,-4.7339163,5.9499507,0.07847572,0.07899913
train,chr17_58703261_TGT_AGC,missense,-13.624419,-13.20765,-0.41676903,0.07986744,0.080428
train,chr17_58703261_TGT_CGG,missense,-16.613852,-16.238123,-0.3757286,0.0834649,0.08407181
train,chr17_58703261_TGT_TAC,missense,-14.767022,-15.519525,0.75250244,0.08141569,0.081963114
train,chr17_58703261_TGT_GGC,missense,-0.34898654,-6.2815037,5.932517,0.07898937,0.07949534
train,chr17_58703261_TGT_TTC,missense,-2.4099069,-11.949212,9.539305,0.07976464,0.08030637
train,chr17_58703262_G_A,missense,-13.841815,-15.519525,1.6777096,0.08141569,0.081963114
train,chr17_58703262_G_T,missense,-2.9380682,-11.949212,9.011144,0.07976464,0.08030637
train,chr17_58703262_G_C,missense,0.7604992,-13.20765,13.968149,0.07986744,0.080428
train,chr17_58703263_T_G,missense,-17.27431,-15.815877,-1.4584322,0.08120143,0.08179309
train,chr17_58703263_T_C,synonymous,-1.1021647,0.34345555,-1.4456203,-0.06112742,-0.061313547
train,chr17_58703267_G_T,missense,-1.2520267,-0.064709425,-1.1873173,0.0759961,0.076422706
train,chr17_58703267_G_A,missense,-0.104717664,-0.027546883,-0.07717078,0.0753396,0.07576363
train,chr17_58703267_G_C,missense,-0.73991483,-0.02868104,-0.7112338,0.07560535,0.07603038
train,chr17_58703267_GAC_,indel,-18.346382,-16.036448,-2.3099346,0.045070786,0.04516698
train,chr17_58703267_GAC_AAT,missense,0.8416931,-0.027546883,0.86924,0.0753396,0.07576363
train,chr17_58703267_GAC_CAT,missense,-1.1662813,-0.02868104,-1.1376003,0.07560535,0.07603038
train,chr17_58703267_GAC_GCT,missense,0.8410292,-0.13546729,0.9764965,0.0774034,0.07780705
train,chr17_58703267_GAC_GGA,missense,-0.74561894,0.16867208,-0.914291,0.076748155,0.07713638
train,chr17_58703267_GAC_GTG,missense,-0.082302734,-1.2626508,1.1803482,0.07799643,0.078411326
train,chr17_58703267_GAC_TAT,missense,0.9525938,-0.064709425,1.0173032,0.0759961,0.076422706
train,chr17_58703268_A_G,missense,0.17234774,0.16867208,0.0036756545,0.076748155,0.07713638
train,chr17_58703268_A_C,missense,1.1572915,-0.13546729,1.2927588,0.0774034,0.07780705
train,chr17_58703268_A_T,missense,0.8402571,-1.2626508,2.102908,0.07799643,0.078411326
train,chr17_58703269_C_A,missense,-0.41723284,0.080203295,-0.49743614,0.07576065,0.07618511
train,chr17_58703269_C_G,missense,1.2819532,0.080203295,1.2017499,0.07576065,0.07618511
train,chr17_58703269_C_T,synonymous,0.50237215,0.62423325,-0.1218611,-0.062019173,-0.06225566
train,chr17_58703270_T_A,missense,0.64721185,-0.2881937,0.93540555,0.077172756,0.077612825
train,chr17_58703270_T_C,missense,2.1739106,-0.01827097,2.1921816,0.07563743,0.076082274
train,chr17_58703270_T_G,missense,-1.1845349,-0.77788067,-0.40665424,0.0780732,0.07854157
train,chr17_58703270_TAC_,indel,-13.629433,-14.491779,0.86234665,0.043746255,0.04378188
train,chr17_58703270_TAC_GCC,missense,-1.4567249,-0.14689231,-1.3098326,0.07575605,0.076222904
train,chr17_58703270_TAC_AAT,missense,0.20216937,-0.2881937,0.49036306,0.077172756,0.077612825
train,chr17_58703270_TAC_AGC,missense,0.3750932,-0.370219,0.7453122,0.07679333,0.07724386
train,chr17_58703270_TAC_CAT,missense,0.13030383,-0.01827097,0.1485748,0.07563743,0.076082274
train,chr17_58703270_TAC_GAT,missense,-1.4805424,-0.77788067,-0.70266175,0.0780732,0.07854157
train,chr17_58703270_TAC_TGT,missense,-2.0763779,-0.015403748,-2.0609741,0.076219104,0.076690905
train,chr17_58703270_TAC_TTT,missense,-0.19591479,-0.09167838,-0.10423641,0.076773,0.07721592
train,chr17_58703271_A_G,missense,-1.2924844,-0.015403748,-1.2770807,0.076219104,0.076690905
train,chr17_58703271_A_C,missense,-0.42484096,-0.370219,-0.054621965,0.07679333,0.07724386
train,chr17_58703271_A_T,missense,0.3302828,-0.09167838,0.4219612,0.076773,0.07721592
train,chr17_58703272_C_T,synonymous,-0.56583947,0.555259,-1.1210985,-0.062074568,-0.06226705
train,chr17_58703273_A_G,missense,0.5857922,0.12379551,0.46199667,0.07506533,0.07545569
train,chr17_58703273_A_T,missense,0.1587414,0.16631293,-0.0075715333,0.07441681,0.07480034
train,chr17_58703273_A_C,missense,-0.8092181,-0.712085,-0.0971331,0.07711277,0.07754449
train,chr17_58703273_ACA_,indel,-14.79694,-13.45338,-1.3435602,0.043228153,0.04318677
train,chr17_58703273_ACA_GCC,missense,-1.7679433,0.12379551,-1.8917388,0.07506533,0.07545569
train,chr17_58703273_ACA_AAG,missense,0.37978134,-0.1227746,0.50255597,0.07518183,0.07561139
train,chr17_58703273_ACA_AGC,missense,-0.5980845,0.16631293,-0.76439744,0.07441681,0.07480034
train,chr17_58703273_ACA_ATC,missense,1.4855126,0.2581818,1.2273308,0.07579014,0.076184675
train,chr17_58703273_ACA_CCC,missense,0.50702536,-0.712085,1.2191104,0.07711277,0.07754449
train,chr17_58703273_ACA_CGG,missense,-0.29647115,-0.009287119,-0.28718403,0.0750362,0.07545729
train,chr17_58703274_C_A,missense,1.7110943,-0.1227746,1.8338689,0.07518183,0.07561139
train,chr17_58703274_C_G,missense,0.824884,-0.009287119,0.8341711,0.0750362,0.07545729
train,chr17_58703274_C_T,missense,-1.226893,0.2581818,-1.4850748,0.07579014,0.076184675
train,chr17_58703275_A_G,synonymous,0.3831815,0.5686481,-0.18546659,-0.062772825,-0.06290204
train,chr17_58703275_A_T,synonymous,0.12917317,0.5686481,-0.43947494,-0.062772825,-0.06290204
train,chr17_58703275_A_C,synonymous,0.91521025,0.5686481,0.34656215,-0.062772825,-0.06290204
train,chr17_58703276_G_A,missense,0.4188398,-3.3723361,3.7911758,0.07935116,0.07981104
train,chr17_58703276_G_C,missense,-0.12178043,0.24507475,-0.36685517,0.07493475,0.07534818
train,chr17_58703276_GAG_,indel,-13.996786,-14.729196,0.7324095,0.04232187,0.042380366
train,chr17_58703276_GAG_GCC,missense,-0.7580372,-0.2739992,-0.484038,0.07686225,0.07727197
train,chr17_58703276_GAG_AAA,missense,-0.53887504,-3.3723361,2.833461,0.07935116,0.07981104
train,chr17_58703276_GAG_CAA,missense,1.0656074,0.24507475,0.8205327,0.07493475,0.07534818
train,chr17_58703276_GAG_GGC,missense,-1.0431592,-1.6704777,0.6273185,0.07842386,0.078829825
train,chr17_58703276_GAG_GTC,missense,0.6952688,-0.8286369,1.5239058,0.07753514,0.077944115
train,chr17_58703277_A_G,missense,0.33870885,-1.6704777,2.0091865,0.07842386,0.078829825
train,chr17_58703277_A_C,missense,-0.8915708,-0.2739992,-0.6175716,0.07686225,0.07727197
train,chr17_58703277_A_T,missense,2.3425999,-0.8286369,3.1712368,0.07753514,0.077944115
train,chr17_58703278_G_A,synonymous,1.8215854,0.57704973,1.2445357,-0.062535696,-0.06265718
train,chr17_58703278_G_C,missense,0.09480191,-0.04662037,0.14142227,0.07531532,0.075717315
train,chr17_58703278_G_T,missense,0.14386684,-0.04662037,0.1904872,0.07531532,0.075717315
train,chr17_58703279_T_A,missense,0.6539683,0.21707702,0.43689126,0.0747383,0.07520247
train,chr17_58703279_T_C,synonymous,0.9798441,0.5952778,0.3845663,-0.06390671,-0.06403213
train,chr17_58703279_T_G,missense,-0.078081556,0.12329507,-0.20137662,0.07530475,0.07576519
train,chr17_58703279_TTA_GCC,missense,0.3312377,-1.1540321,1.4852698,0.07808505,0.078548536
train,chr17_58703279_TTA_GTG,missense,3.3793736,0.12329507,3.2560785,0.07530475,0.07576519
train,chr17_58703279_TTA_AGC,missense,-2.6514971,-3.3398228,0.68832564,0.0793042,0.07977782
train,chr17_58703279_TTA_ATC,missense,0.011671539,0.21707702,-0.20540547,0.0747383,0.07520247
train,chr17_58703279_TTA_CTC,synonymous,0.45618197,0.5952778,-0.13909581,-0.06390671,-0.06403213
train,chr17_58703279_TTA_CTG,synonymous,-1.1243658,0.5952778,-1.7196436,-0.06390671,-0.06403213
train,chr17_58703279_TTA_CTT,synonymous,0.090685666,0.5952778,-0.5045921,-0.06390671,-0.06403213
train,chr17_58703280_T_C,missense,-1.4444112,-3.3398228,1.8954116,0.0793042,0.07977782
train,chr17_58703281_A_C,missense,0.42516562,-0.060847282,0.4860129,0.07477256,0.07523375
train,chr17_58703281_A_G,synonymous,0.6216516,0.5952778,0.026373804,-0.06390671,-0.06403213
train,chr17_58703281_A_T,missense,-0.5824736,-0.060847282,-0.5216263,0.07477256,0.07523375
train,chr17_58703285_G_C,missense,-7.9071846,-14.463659,6.5564747,0.080217786,0.08081727
train,chr17_58703285_G_A,missense,-1.6259054,-0.6311469,-0.9947585,0.07485691,0.075404726
train,chr17_58703285_G_T,missense,-0.10636068,-0.3985653,0.29220462,0.07475034,0.07528631
train,chr17_58703285_GCA_,indel,-19.063412,-17.407215,-1.6561966,0.036087546,0.03649737
train,chr17_58703285_GCA_CCC,missense,-10.094798,-14.463659,4.368861,0.080217786,0.08081727
train,chr17_58703285_GCA_GAG,missense,-16.053694,-3.544333,-12.509361,0.07768253,0.07823915
train,chr17_58703285_GCA_GTG,missense,-11.178596,-1.6067243,-9.571871,0.076053284,0.07662409
train,chr17_58703285_GCA_ACC,missense,-2.570232,-0.6311469,-1.939085,0.07485691,0.075404726
train,chr17_58703285_GCA_AGC,missense,0.5068397,-0.3985653,0.905405,0.07475034,0.07528631
train,chr17_58703285_GCA_GGC,missense,0.30682215,-0.09247112,0.39929327,0.07418072,0.07472306
train,chr17_58703286_C_A,missense,-15.162487,-3.544333,-11.618155,0.07768253,0.07823915
train,chr17_58703286_C_T,missense,-12.412116,-1.6067243,-10.805391,0.076053284,0.07662409
train,chr17_58703286_C_G,missense,-1.5587647,-0.09247112,-1.4662936,0.07418072,0.07472306
train,chr17_58703287_A_T,synonymous,0.8350022,0.41050458,0.4244976,-0.063498735,-0.06360243
train,chr17_58703287_A_C,synonymous,0.10705023,0.41050458,-0.30345434,-0.063498735,-0.06360243
train,chr17_58703287_A_G,synonymous,1.141858,0.41050458,0.7313534,-0.063498735,-0.06360243
train,chr17_58703294_T_G,missense,-8.201648,-0.34099412,-7.860654,0.07622621,0.07661832
train,chr17_58703294_T_A,missense,-0.4705746,-0.30246425,-0.16811034,0.07634398,0.07673469
train,chr17_58703294_T_C,missense,0.2842458,0.025051355,0.25919443,0.074919164,0.07530936
train,chr17_58703294_TAT_,indel,-15.89346,-16.4302,0.5367403,0.036543198,0.036824793
train,chr17_58703294_TAT_GCC,missense,-1.7095747,-0.21878457,-1.4907901,0.07516833,0.075561106
train,chr17_58703294_TAT_GAC,missense,-9.902072,-0.34099412,-9.561078,0.07622621,0.07661832
train,chr17_58703294_TAT_AAC,missense,0.09137191,-0.30246425,0.39383614,0.07634398,0.07673469
train,chr17_58703294_TAT_AGC,missense,-0.8538515,-0.47776842,-0.37608308,0.07593182,0.07631356
train,chr17_58703294_TAT_CAC,missense,-0.038788185,0.025051355,-0.06383954,0.074919164,0.07530936
train,chr17_58703294_TAT_TGC,missense,0.6318404,-0.2951815,0.9270219,0.0760666,0.076470025
train,chr17_58703294_TAT_TTC,missense,0.7178786,0.1929264,0.5249522,0.07487707,0.075276755
train,chr17_58703295_A_G,missense,1.642011,-0.2951815,1.9371926,0.0760666,0.076470025
train,chr17_58703295_A_C,missense,-1.2671123,-0.47776842,-0.78934383,0.07593182,0.07631356
train,chr17_58703295_A_T,missense,-0.10237528,0.1929264,-0.29530168,0.07487707,0.075276755
train,chr17_58703296_T_C,synonymous,2.211097,0.6028905,1.6082065,-0.06551564,-0.06554675
train,chr17_58703303_C_T,missense,0.22595894,0.4702537,-0.24429476,0.07664504,0.076976135
train,chr17_58703303_C_A,missense,-0.15014999,0.5048845,-0.6550345,0.07658787,0.07690754
train,chr17_58703303_C_G,missense,1.0479032,0.7657113,0.28219187,0.07587867,0.07620102
train,chr17_58703303_CCA_,indel,-20.730515,-20.414406,-0.3161087,0.035829663,0.03600119
train,chr17_58703303_CCA_GCC,missense,-0.2781657,0.7657113,-1.043877,0.07587867,0.07620102
train,chr17_58703303_CCA_ACC,missense,-1.2170582,0.5048845,-1.7219427,0.07658787,0.07690754
train,chr17_58703303_CCA_AGC,missense,-0.3687549,0.4702537,-0.83900857,0.07664504,0.076976135
train,chr17_58703303_CCA_CAG,missense,0.31407294,0.15113258,0.16294035,0.07699716,0.07732409
train,chr17_58703303_CCA_CGG,missense,0.06415341,-0.561749,0.6259024,0.078159444,0.07849761
train,chr17_58703303_CCA_CTG,missense,1.8526473,0.49956822,1.3530791,0.07668658,0.07702084
train,chr17_58703304_C_T,missense,1.9520403,0.49956822,1.4524721,0.07668658,0.07702084
train,chr17_58703304_C_A,missense,0.8433155,0.15113258,0.6921829,0.07699716,0.07732409
train,chr17_58703304_C_G,missense,-0.23324122,-0.561749,0.32850778,0.078159444,0.07849761
train,chr17_58703305_A_C,synonymous,0.3349105,0.80948734,-0.47457683,-0.06317886,-0.06328344
train,chr17_58703305_A_G,synonymous,2.7737813,0.80948734,1.964294,-0.06317886,-0.06328344
train,chr17_58703305_A_T,synonymous,1.1171215,0.80948734,0.30763412,-0.06317886,-0.06328344
train,chr17_58703306_G_A,missense,-0.31867594,0.43140507,-0.750081,0.075290345,0.07558887
train,chr17_58703306_G_C,missense,0.7919693,0.49675536,0.29521394,0.07475645,0.07505559
train,chr17_58703306_G_T,missense,0.44278336,0.42255878,0.020224571,0.07544147,0.07574365
train,chr17_58703306_GAT_,indel,-20.385212,-19.345642,-1.0395699,0.036621016,0.036748488
train,chr17_58703306_GAT_GCC,missense,0.22361097,0.577708,-0.35409704,0.07481144,0.07512069
train,chr17_58703306_GAT_AAC,missense,-0.75232846,0.43140507,-1.1837335,0.075290345,0.07558887
train,chr17_58703306_GAT_CAC,missense,0.5732872,0.49675536,0.07653183,0.07475645,0.07505559
train,chr17_58703306_GAT_GGC,missense,0.9744498,0.07098627,0.90346354,0.076355055,0.07665713
train,chr17_58703306_GAT_GTG,missense,0.04110178,0.5273342,-0.48623243,0.0751711,0.07547936
train,chr17_58703306_GAT_TAC,missense,1.4188567,0.42255878,0.99629796,0.07544147,0.07574365
train,chr17_58703307_A_G,missense,1.2548382,0.07098627,1.183852,0.076355055,0.07665713
train,chr17_58703307_A_T,missense,-0.32899076,0.5273342,-0.856325,0.0751711,0.07547936
train,chr17_58703307_A_C,missense,0.7585637,0.577708,0.18085569,0.07481144,0.07512069
train,chr17_58703308_T_A,missense,2.3828285,0.39654398,1.9862845,0.07597872,0.07628751
train,chr17_58703308_T_C,synonymous,0.4496534,0.81245756,-0.36280417,-0.06417304,-0.06429828
train,chr17_58703308_T_G,missense,0.5232529,0.39654398,0.12670892,0.07597872,0.07628751
train,chr17_58703309_T_A,missense,1.2567531,-0.22839475,1.4851478,0.07674704,0.07713947
train,chr17_58703309_T_C,missense,0.4402903,0.08032751,0.3599628,0.07727145,0.077652834
train,chr17_58703309_T_G,missense,0.77966905,-0.8613336,1.6410027,0.07749343,0.077896796
train,chr17_58703309_TTT_,indel,-16.50382,-17.789946,1.2861252,0.032245412,0.032407176
train,chr17_58703309_TTT_GCC,missense,-0.057254773,-0.70107675,0.64382195,0.07716353,0.07760149
train,chr17_58703309_TTT_AGC,missense,0.29254353,-5.9305673,6.2231107,0.078974865,0.07942131
train,chr17_58703309_TTT_ATC,missense,0.67071015,-0.22839475,0.8991049,0.07674704,0.07713947
train,chr17_58703309_TTT_CTG,missense,0.3388741,0.08032751,0.2585466,0.07727145,0.077652834
train,chr17_58703309_TTT_GTG,missense,1.7692454,-0.8613336,2.630579,0.07749343,0.077896796
train,chr17_58703309_TTT_TAC,missense,1.8201635,0.17007709,1.6500864,0.07681719,0.07714153
train,chr17_58703309_TTT_TGC,missense,1.7269655,-2.9462652,4.6732306,0.078725435,0.07913179
train,chr17_58703310_T_A,missense,1.0342736,0.17007709,0.86419654,0.07681719,0.07714153
train,chr17_58703310_T_C,missense,-2.4126418,-5.9305673,3.5179255,0.078974865,0.07942131
train,chr17_58703310_T_G,missense,0.12692332,-2.9462652,3.0731885,0.078725435,0.07913179
train,chr17_58703311_T_A,missense,-0.53857124,0.08032751,-0.61889875,0.07727145,0.077652834
train,chr17_58703311_T_G,missense,-0.34824315,0.08032751,-0.42857066,0.07727145,0.077652834
train,chr17_58703312_C_T,missense,1.1095648,-0.9971783,2.106743,0.0770315,0.07743525
train,chr17_58703312_C_A,missense,2.42542,0.13159347,2.2938266,0.07616224,0.0764954
train,chr17_58703312_C_G,missense,1.229328,0.06233692,1.1669911,0.07621629,0.076571435
train,chr17_58703312_CTC_,indel,-14.2463665,-16.758265,2.511898,0.030103935,0.030285485
train,chr17_58703312_CTC_GCC,missense,1.1769911,-0.6334641,1.8104552,0.077580094,0.07797622
train,chr17_58703312_CTC_CCT,missense,-18.64335,-14.527532,-4.115819,0.079927936,0.08039446
train,chr17_58703312_CTC_ATT,missense,0.38044763,0.13159347,0.24885416,0.07616224,0.0764954
train,chr17_58703312_CTC_CAT,missense,0.3497436,-6.165015,6.514759,0.0787662,0.07921054
train,chr17_58703312_CTC_CGG,missense,-1.8289772,-8.369,6.5400233,0.07899175,0.079456806
train,chr17_58703312_CTC_GTG,missense,-0.013932106,0.06233692,-0.07626903,0.07621629,0.076571435
train,chr17_58703312_CTC_TTA,synonymous,-0.56127304,0.57727504,-1.1385481,-0.063676804,-0.06381318
train,chr17_58703312_CTC_TTG,synonymous,1.0396338,0.57727504,0.4623587,-0.063676804,-0.06381318
train,chr17_58703312_CTC_TTT,missense,0.067359835,-0.9971783,1.0645381,0.0770315,0.07743525
train,chr17_58703313_T_C,missense,-19.11926,-14.527532,-4.591729,0.079927936,0.08039446
train,chr17_58703313_T_G,missense,-4.0416446,-8.369,4.327356,0.07899175,0.079456806
train,chr17_58703313_T_A,missense,0.88130444,-6.165015,7.0463195,0.0787662,0.07921054
train,chr17_58703314_C_A,synonymous,0.04926368,0.57727504,-0.5280114,-0.063676804,-0.06381318
train,chr17_58703314_C_G,synonymous,0.40347993,0.57727504,-0.1737951,-0.063676804,-0.06381318
train,chr17_58703315_T_A,missense,-0.9388109,-0.072506905,-0.866304,0.0755322,0.07583866
train,chr17_58703315_T_C,missense,0.5608686,-0.83801055,1.3988792,0.076466754,0.07680799
train,chr17_58703315_T_G,missense,0.20234679,0.17843747,0.023909315,0.0753945,0.075692706
train,chr17_58703315_TCA_,indel,3.9674015,-10.347428,14.31483,0.027095301,0.027220841
train,chr17_58703315_TCA_GCC,missense,1.370141,0.17843747,1.1917036,0.0753945,0.075692706
train,chr17_58703315_TCA_ACC,missense,2.6705174,-0.072506905,2.7430243,0.0755322,0.07583866
train,chr17_58703315_TCA_AGC,synonymous,0.53557336,0.49832416,0.037249207,-0.06376165,-0.06391123
train,chr17_58703315_TCA_AGT,synonymous,-0.2705354,0.49832416,-0.76885957,-0.06376165,-0.06391123
train,chr17_58703315_TCA_CCC,missense,0.9619163,-0.83801055,1.7999269,0.076466754,0.07680799
train,chr17_58703315_TCA_CTG,missense,-0.5367671,0.19071412,-0.72748125,0.07535335,0.07566485
train,chr17_58703316_C_T,missense,0.65184194,0.19071412,0.46112782,0.07535335,0.07566485
train,chr17_58703317_A_G,synonymous,0.3144122,0.49832416,-0.18391195,-0.06376165,-0.06391123
train,chr17_58703317_A_C,synonymous,0.25863892,0.49832416,-0.23968524,-0.06376165,-0.06391123
train,chr17_58703317_A_T,synonymous,0.82970995,0.49832416,0.3313858,-0.06376165,-0.06391123
train,chr17_58703318_G_A,missense,-0.23792885,-0.73486924,0.49694037,0.077525504,0.077848606
train,chr17_58703318_G_C,missense,1.1391443,-0.003395319,1.1425396,0.07599276,0.0762989
train,chr17_58703318_GAA_,indel,-0.1344628,-4.8691006,4.7346377,0.026241396,0.026380692
train,chr17_58703318_GAA_GCC,missense,0.3476724,0.21675181,0.13092059,0.07500637,0.07531258
train,chr17_58703318_GAA_AAG,missense,1.8694074,-0.73486924,2.6042767,0.077525504,0.077848606
train,chr17_58703318_GAA_CAG,missense,0.38100797,-0.003395319,0.3844033,0.07599276,0.0762989
train,chr17_58703318_GAA_GGC,missense,1.4928936,-0.06736088,1.5602545,0.0760469,0.07636401
train,chr17_58703318_GAA_GTG,missense,-1.5456164,-0.03028059,-1.5153358,0.076244935,0.07657369
train,chr17_58703319_A_C,missense,1.0681832,0.21675181,0.85143137,0.07500637,0.07531258
train,chr17_58703319_A_G,missense,1.1919725,-0.06736088,1.2593334,0.0760469,0.07636401
train,chr17_58703319_A_T,missense,0.46638104,-0.03028059,0.49666163,0.076244935,0.07657369
train,chr17_58703320_A_G,synonymous,-0.6237607,0.5050068,-1.1287675,-0.06433413,-0.064449914
train,chr17_58703320_A_T,missense,-0.0039428864,-0.17203641,0.16809352,0.07662571,0.07694213
train,chr17_58703320_A_C,missense,0.95311904,-0.17203641,1.1251554,0.07662571,0.07694213
train,chr17_58703321_C_T,missense,-0.07928548,-0.033384085,-0.045901395,0.077781186,0.078137785
train,chr17_58703321_C_A,missense,0.01331455,-0.7919874,0.80530196,0.07840822,0.07876072
train,chr17_58703321_C_G,missense,-0.38092312,-7.122611,6.741688,0.08065401,0.08104294
train,chr17_58703321_CAC_,indel,-1.321918,-9.587879,8.265961,0.027875734,0.028070774
train,chr17_58703321_CAC_GCC,missense,-0.79459864,-2.5426598,1.7480612,0.079669744,0.08006379
train,chr17_58703321_CAC_AAT,missense,1.0977927,-0.7919874,1.8897802,0.07840822,0.07876072
train,chr17_58703321_CAC_CCT,missense,-2.3447578,-12.477229,10.132471,0.081481524,0.08187485
train,chr17_58703321_CAC_CGG,missense,0.27753606,-0.3495586,0.6270946,0.078659914,0.079023525
train,chr17_58703321_CAC_CTG,missense,0.22406505,-2.076852,2.3009171,0.079409055,0.079813756
train,chr17_58703321_CAC_GAT,missense,-0.73825735,-7.122611,6.3843536,0.08065401,0.08104294
train,chr17_58703321_CAC_TAT,missense,0.89942324,-0.033384085,0.9328073,0.077781186,0.078137785
train,chr17_58703322_A_G,missense,-1.4582139,-0.3495586,-1.1086553,0.078659914,0.079023525
train,chr17_58703322_A_C,missense,-2.387827,-12.477229,10.089402,0.081481524,0.08187485
train,chr17_58703322_A_T,missense,1.1058174,-2.076852,3.1826696,0.079409055,0.079813756
train,chr17_58703323_C_A,missense,0.41566437,-1.7410836,2.156748,0.07938578,0.07975694
train,chr17_58703323_C_G,missense,-0.25710624,-1.7410836,1.4839773,0.07938578,0.07975694
train,chr17_58703323_C_T,synonymous,0.009974616,0.48202872,-0.4720541,-0.06322809,-0.0633503
train,chr17_58703324_T_A,missense,0.83987516,0.14392519,0.69595,0.075448595,0.07575027
train,chr17_58703324_T_C,missense,0.69031274,-0.6020415,1.2923542,0.07533626,0.07566121
train,chr17_58703324_T_G,missense,0.9585975,0.0038557053,0.9547418,0.075595275,0.07591195
train,chr17_58703324_TCA_,indel,-1.3973554,-7.480117,6.0827613,0.02581433,0.026010804
train,chr17_58703324_TCA_GCC,missense,0.018124387,0.0038557053,0.014268681,0.075595275,0.07591195
train,chr17_58703324_TCA_ACC,missense,-1.2511184,0.14392519,-1.3950436,0.075448595,0.07575027
train,chr17_58703324_TCA_AGC,synonymous,-1.175563,0.27526402,-1.450827,-0.06483027,-0.06488345
train,chr17_58703324_TCA_AGT,synonymous,-1.466355,0.27526402,-1.741619,-0.06483027,-0.06488345
train,chr17_58703324_TCA_CCC,missense,1.1847517,-0.6020415,1.7867932,0.07533626,0.07566121
train,chr17_58703324_TCA_CTG,missense,-2.2884595,0.31312752,-2.601587,0.0755557,0.0758641
train,chr17_58703325_C_T,missense,-0.6576859,0.31312752,-0.9708134,0.0755557,0.0758641
train,chr17_58703326_A_C,synonymous,-0.95217663,0.27526402,-1.2274406,-0.06483027,-0.06488345
train,chr17_58703326_A_G,synonymous,1.4354278,0.27526402,1.1601638,-0.06483027,-0.06488345
train,chr17_58703326_A_T,synonymous,-0.41512343,0.27526402,-0.6903875,-0.06483027,-0.06488345
train,chr17_58703327_A_G,missense,0.5803206,-2.8765955,3.456916,0.07748239,0.07782554
train,chr17_58703327_A_C,missense,0.5783718,-1.8047488,2.3831205,0.07698789,0.077326044
train,chr17_58703327_AAG_,indel,-16.52767,-16.206055,-0.32161522,0.027211709,0.027478952
train,chr17_58703327_AAG_GCC,missense,-12.3043165,-2.6606975,-9.64362,0.07736888,0.07772199
train,chr17_58703327_AAG_ACC,missense,-11.398797,-2.1805687,-9.218228,0.07695158,0.077295996
train,chr17_58703327_AAG_CAA,missense,-9.840583,-1.8047488,-8.035834,0.07698789,0.077326044
train,chr17_58703327_AAG_GAA,missense,-10.675848,-2.8765955,-7.7992525,0.07748239,0.07782554
train,chr17_58703327_AAG_CGG,missense,-0.0851831,-2.2251282,2.139945,0.07750276,0.07785002
train,chr17_58703328_A_C,missense,1.1515827,-2.1805687,3.3321514,0.07695158,0.077295996
train,chr17_58703328_A_G,missense,-5.9641867,-2.2251282,-3.7390585,0.07750276,0.07785002
train,chr17_58703328_A_T,missense,0.7539025,-11.334352,12.088254,0.07965937,0.080022775
train,chr17_58703329_G_T,missense,-11.582599,-1.5761735,-10.006425,0.0764579,0.076790206
train,chr17_58703329_G_A,synonymous,-11.344584,-0.5071602,-10.837424,-0.06309331,-0.06319116
train,chr17_58703329_G_C,missense,-8.178893,-1.5761735,-6.6027193,0.0764579,0.076790206
train,chr17_58709859_G_T,missense,-14.436246,-14.609498,0.1732521,0.081682354,0.08206557
train,chr17_58709859_G_A,missense,-0.07003222,-2.239723,2.1696908,0.078922085,0.07926866
train,chr17_58709859_G_C,missense,-1.2527179,-1.6915023,0.43878448,0.07873711,0.07906621
train,chr17_58709859_GTT_,indel,-12.255,-14.21406,1.9590597,0.032127917,0.032318722
train,chr17_58709859_GTT_GCC,missense,1.0545729,-6.305009,7.359582,0.08044028,0.08077679
train,chr17_58709859_GTT_GAC,missense,-15.353943,-15.885841,0.5318985,0.08330931,0.08372396
train,chr17_58709859_GTT_GGC,missense,-5.9537034,-14.771098,8.817394,0.0823049,0.08265575
train,chr17_58709859_GTT_TTC,missense,-16.460272,-14.609498,-1.8507738,0.081682354,0.08206557
train,chr17_58709859_GTT_ATC,missense,0.36175215,-2.239723,2.6014752,0.078922085,0.07926866
train,chr17_58709859_GTT_CTG,missense,0.839345,-1.6915023,2.5308473,0.07873711,0.07906621
train,chr17_58709860_T_A,missense,-12.016104,-15.885841,3.8697376,0.08330931,0.08372396
train,chr17_58709860_T_G,missense,-4.266695,-14.771098,10.504403,0.0823049,0.08265575
train,chr17_58709860_T_C,missense,-0.8134712,-6.305009,5.4915376,0.08044028,0.08077679
train,chr17_58709861_T_A,synonymous,0.45308095,-0.3440895,0.79717046,-0.06280354,-0.062890455
train,chr17_58709861_T_C,synonymous,-0.13617751,-0.3440895,0.207912,-0.06280354,-0.062890455
train,chr17_58709861_T_G,synonymous,-0.5901856,-0.3440895,-0.24609607,-0.06280354,-0.062890455
train,chr17_58709862_C_G,missense,-3.6210592,-1.0362178,-2.5848413,0.077965565,0.07826771
train,chr17_58709862_C_A,synonymous,-1.1355358,0.12715983,-1.2626957,-0.06192864,-0.062080614
train,chr17_58709862_CGA_,indel,-12.347461,-13.345885,0.99842453,0.033441372,0.033570312
train,chr17_58709862_CGA_GCC,missense,0.53781116,-1.3394876,1.8772987,0.07799361,0.07830767
train,chr17_58709862_CGA_CCC,missense,-18.863583,-17.18019,-1.6833935,0.0828437,0.08321729
train,chr17_58709862_CGA_AGG,synonymous,0.2655293,0.12715983,0.13836947,-0.06192864,-0.062080614
train,chr17_58709862_CGA_CAG,missense,0.16810723,-1.1273599,1.2954671,0.07816559,0.078480065
train,chr17_58709862_CGA_CTG,missense,-0.7009626,-5.4100485,4.709086,0.07991165,0.08024991
train,chr17_58709862_CGA_GGC,missense,-1.8422709,-1.0362178,-0.80605304,0.077965565,0.07826771
train,chr17_58709863_G_A,missense,2.4335434,-1.1273599,3.5609033,0.07816559,0.078480065
train,chr17_58709863_G_C,missense,-14.600294,-17.18019,2.579895,0.0828437,0.08321729
train,chr17_58709863_G_T,missense,0.5171599,-5.4100485,5.9272084,0.07991165,0.08024991
train,chr17_58709864_A_C,synonymous,-2.9515004,0.12715983,-3.0786602,-0.06192864,-0.062080614
train,chr17_58709864_A_G,synonymous,-1.045246,0.12715983,-1.1724058,-0.06192864,-0.062080614
train,chr17_58709864_A_T,synonymous,-0.44219676,0.12715983,-0.56935656,-0.06192864,-0.062080614
train,chr17_58709865_C_G,missense,-3.1576848,-2.0124066,-1.1452782,0.07971754,0.08006399
train,chr17_58709865_C_A,missense,-1.6544975,-4.8332434,3.1787457,0.0806518,0.08101925
train,chr17_58709865_C_T,synonymous,-0.77262914,0.11408234,-0.8867115,-0.062009286,-0.062089555
train,chr17_58709865_CTA_,indel,-13.928728,-14.270744,0.34201622,0.03984493,0.039909866
train,chr17_58709865_CTA_GCC,missense,-1.4366639,-4.155984,2.71932,0.08080626,0.08114476
train,chr17_58709865_CTA_CAG,missense,-3.8630908,-17.087757,13.224667,0.082176566,0.08256016
train,chr17_58709865_CTA_CCC,missense,-19.87449,-17.944675,-1.9298153,0.085860915,0.086288124
train,chr17_58709865_CTA_CGG,missense,-17.194195,-18.64443,1.4502354,0.08307677,0.083474524
train,chr17_58709865_CTA_ATC,missense,-1.1379105,-4.8332434,3.695333,0.0806518,0.08101925
train,chr17_58709865_CTA_GTG,missense,-1.0635194,-2.0124066,0.9488872,0.07971754,0.08006399
train,chr17_58709865_CTA_TTG,synonymous,0.4702046,0.11408234,0.35612226,-0.062009286,-0.062089555
train,chr17_58709866_T_G,missense,-22.139639,-18.64443,-3.4952087,0.08307677,0.083474524
train,chr17_58709866_T_A,missense,-3.2339857,-17.087757,13.853771,0.082176566,0.08256016
train,chr17_58709866_T_C,missense,-22.833357,-17.944675,-4.8886814,0.085860915,0.086288124
train,chr17_58709867_A_G,synonymous,-0.06535373,0.11408234,-0.17943606,-0.062009286,-0.062089555
train,chr17_58709867_A_C,synonymous,-0.37969774,0.11408234,-0.49378008,-0.062009286,-0.062089555
train,chr17_58709867_A_T,synonymous,1.4696337,0.11408234,1.3555514,-0.062009286,-0.062089555
train,chr17_58709871_A_T,missense,-0.08229579,-5.559595,5.477299,0.08107234,0.08150951
train,chr17_58709871_A_G,missense,1.8137269,-0.5717666,2.3854935,0.079234056,0.07964907
train,chr17_58709871_A_C,missense,-3.8149366,-5.559595,1.7446585,0.08107234,0.08150951
train,chr17_58709871_ATA_,indel,-19.026707,-16.300638,-2.7260685,0.041662436,0.041762866
train,chr17_58709871_ATA_GCC,missense,-1.1555231,-1.8886253,0.7331022,0.08027622,0.08068757
train,chr17_58709871_ATA_AAG,missense,-16.418392,-18.950941,2.532549,0.08272,0.08320821
train,chr17_58709871_ATA_CGG,missense,-20.83811,-19.023657,-1.8144531,0.082686774,0.08316103
train,chr17_58709871_ATA_ACC,missense,-0.5235846,-14.513344,13.989759,0.08201539,0.082468174
train,chr17_58709871_ATA_CTG,missense,-0.23020662,-5.559595,5.3293886,0.08107234,0.08150951
train,chr17_58709871_ATA_GTG,missense,0.45561224,-0.5717666,1.0273788,0.079234056,0.07964907
train,chr17_58709872_T_C,missense,0.016148977,-14.513344,14.529492,0.08201539,0.082468174
train,chr17_58709872_T_A,missense,-15.082628,-18.950941,3.8683128,0.08272,0.08320821
train,chr17_58709872_T_G,missense,-21.169855,-19.023657,-2.1461983,0.082686774,0.08316103
train,chr17_58709873_A_C,synonymous,-0.3738237,0.07727504,-0.45109874,-0.06127995,-0.0613648
train,chr17_58709873_A_G,missense,1.5923694,-11.965901,13.55827,0.081609935,0.08207785
train,chr17_58709873_A_T,synonymous,-0.89189297,0.07727504,-0.969168,-0.06127995,-0.0613648
train,chr17_58709874_G_A,missense,0.06405619,-1.2716821,1.3357383,0.078999884,0.0794547
train,chr17_58709874_G_C,missense,0.55965245,-0.49603796,1.0556904,0.07848167,0.07892651
train,chr17_58709874_G_T,missense,-0.7274947,-0.49603796,-0.23145676,0.07848167,0.07892651
train,chr17_58709874_GTG_,indel,-13.25986,-14.303616,1.0437555,0.038588867,0.038735215
train,chr17_58709874_GTG_GCC,missense,-0.3278615,-1.2091497,0.88128823,0.07926811,0.07969338
train,chr17_58709874_GTG_GAA,missense,-9.555014,-15.495849,5.940835,0.081478834,0.08198046
train,chr17_58709874_GTG_GGC,missense,-5.5639873,-14.741361,9.177374,0.08140368,0.08190744
train,chr17_58709874_GTG_CTC,missense,1.6873878,-0.49603796,2.183426,0.07848167,0.07892651
train,chr17_58709875_T_C,missense,-1.0871569,-1.2091497,0.12199283,0.07926811,0.07969338
train,chr17_58709875_T_A,missense,-11.898349,-15.495849,3.5974998,0.081478834,0.08198046
train,chr17_58709875_T_G,missense,-5.5672393,-14.741361,9.174122,0.08140368,0.08190744
train,chr17_58709876_G_A,synonymous,1.886908,0.18665695,1.7002511,-0.061940778,-0.06205301
train,chr17_58709876_G_C,synonymous,-0.6782212,0.18665695,-0.8648782,-0.061940778,-0.06205301
train,chr17_58709876_G_T,synonymous,-1.9820845,0.18665695,-2.1687415,-0.061940778,-0.06205301
train,chr17_58709880_G_A,missense,-0.5396246,0.21670866,-0.75633323,0.07659989,0.07703852
train,chr17_58709880_G_C,missense,-16.569674,-18.819899,2.250225,0.08240836,0.082868665
train,chr17_58709880_G_T,missense,1.0216192,-0.4172852,1.4389044,0.078287676,0.07873239
train,chr17_58709880_GGT_,indel,-13.434291,-13.390651,-0.043640137,0.04249457,0.04272785
train,chr17_58709880_GGT_GCC,missense,-0.84806603,-0.56633544,-0.2817306,0.07814094,0.07861084
train,chr17_58709880_GGT_CGG,missense,-18.567598,-18.819899,0.25230026,0.08240836,0.082868665
train,chr17_58709880_GGT_GTG,missense,-6.923748,-8.730753,1.8070049,0.08102032,0.08149985
train,chr17_58709880_GGT_AGC,missense,-1.7383679,0.21670866,-1.9550766,0.07659989,0.07703852
train,chr17_58709880_GGT_GAC,missense,0.9014347,-6.9230757,7.8245106,0.08068496,0.08113863
train,chr17_58709880_GGT_TGC,missense,1.0867606,-0.4172852,1.5040458,0.078287676,0.07873239
train,chr17_58709881_G_T,missense,-5.1578174,-8.730753,3.5729356,0.08102032,0.08149985
train,chr17_58709881_G_A,missense,0.30048102,-6.9230757,7.2235565,0.08068496,0.08113863
train,chr17_58709881_G_C,missense,0.99554044,-0.56633544,1.5618758,0.07814094,0.07861084
train,chr17_58709882_T_A,synonymous,2.413673,0.37775636,2.0359166,-0.06115267,-0.061286308
train,chr17_58709882_T_C,synonymous,1.0382215,0.37775636,0.6604651,-0.06115267,-0.061286308
train,chr17_58709882_T_G,synonymous,0.8687059,0.37775636,0.49094957,-0.06115267,-0.061286308
train,chr17_58709883_A_G,missense,0.75610876,-1.7076726,2.4637814,0.07912695,0.07961165
train,chr17_58709883_A_T,missense,-2.8776736,-3.6749487,0.79727507,0.079204366,0.07974176
train,chr17_58709883_A_C,missense,1.0371609,-0.10851765,1.1456785,0.07663345,0.07712264
train,chr17_58709883_ATT_,indel,-10.941921,-9.721625,-1.2202959,0.038516797,0.038687706
train,chr17_58709883_ATT_GCC,missense,-2.8699555,-4.2551703,1.3852148,0.07992856,0.08040604
train,chr17_58709883_ATT_AAC,missense,-18.176916,-18.093634,-0.08328247,0.08200929,0.08255731
train,chr17_58709883_ATT_ACC,missense,-3.28344,-9.546087,6.262647,0.0810908,0.08156051
train,chr17_58709883_ATT_AGC,missense,-20.622839,-19.478893,-1.1439457,0.08303439,0.083539955
train,chr17_58709883_ATT_CTG,missense,1.0380298,-0.10851765,1.1465474,0.07663345,0.07712264
train,chr17_58709883_ATT_GTG,missense,0.15698367,-1.7076726,1.8646562,0.07912695,0.07961165
train,chr17_58709883_ATT_TTC,missense,-2.8716717,-3.6749487,0.803277,0.079204366,0.07974176
train,chr17_58709884_T_A,missense,-18.167173,-18.093634,-0.073539734,0.08200929,0.08255731
train,chr17_58709884_T_C,missense,-4.1587424,-9.546087,5.387345,0.0810908,0.08156051
train,chr17_58709884_T_G,missense,-19.57239,-19.478893,-0.09349632,0.08303439,0.083539955
train,chr17_58709885_T_G,missense,1.1899368,-1.135761,2.325698,0.07810213,0.078600444
train,chr17_58709885_T_A,synonymous,-0.7392078,0.13998151,-0.8791893,-0.061014313,-0.0611137
train,chr17_58709885_T_C,synonymous,-1.094559,0.13998151,-1.2345405,-0.061014313,-0.0611137
train,chr17_58709886_G_A,missense,0.800101,-1.2506742,2.0507753,0.079239935,0.079694904
train,chr17_58709886_G_C,missense,0.008014253,-5.015029,5.023043,0.08085021,0.08128446
train,chr17_58709886_G_T,missense,-1.3982962,-0.92588747,-0.47240877,0.07878958,0.07924804
train,chr17_58709886_GCT_,indel,-3.715401,-3.9406528,0.22525191,0.03230828,0.03237335
train,chr17_58709886_GCT_GAC,missense,-16.072771,-15.198383,-0.87438774,0.08230619,0.082811475
train,chr17_58709886_GCT_ACC,missense,0.35963854,-1.2506742,1.6103128,0.079239935,0.079694904
train,chr17_58709886_GCT_AGC,missense,0.090213224,-0.92588747,1.0161006,0.07878958,0.07924804
train,chr17_58709886_GCT_CCC,missense,-1.8162447,-5.015029,3.1987844,0.08085021,0.08128446
train,chr17_58709886_GCT_GGC,missense,-1.2064755,-0.3920684,-0.8144071,0.07844578,0.078879975
train,chr17_58709886_GCT_GTG,missense,-0.49899954,-2.5095372,2.0105376,0.07982841,0.08029311
train,chr17_58709887_C_T,missense,-0.18609688,-2.5095372,2.3234403,0.07982841,0.08029311
train,chr17_58709887_C_A,missense,-11.607101,-15.198383,3.591282,0.08230619,0.082811475
train,chr17_58709887_C_G,missense,-4.874617,-0.3920684,-4.4825487,0.07844578,0.078879975
train,chr17_58709888_T_A,synonymous,-1.282274,0.36296105,-1.6452351,-0.06064531,-0.060706846
train,chr17_58709888_T_C,synonymous,2.1404588,0.36296105,1.7774978,-0.06064531,-0.060706846
train,chr17_58709888_T_G,synonymous,0.5492982,0.36296105,0.18633717,-0.06064531,-0.060706846
train,chr17_58709889_T_A,missense,0.580575,-1.3738396,1.9544146,0.079214245,0.07963503
train,chr17_58709889_T_C,missense,1.096674,-1.5908829,2.6875567,0.0796923,0.0801214
train,chr17_58709889_T_G,missense,0.2802957,-1.2123551,1.4926509,0.07896174,0.07938313
train,chr17_58709889_TTT_,indel,-0.49295217,-0.59385467,0.1009025,0.028886423,0.028896054
train,chr17_58709889_TTT_GCC,missense,-0.084246874,0.05864811,-0.14289498,0.077028476,0.077454306
train,chr17_58709889_TTT_AGC,missense,-1.5298035,-0.68697095,-0.84283257,0.07865517,0.07908278
train,chr17_58709889_TTT_ATC,missense,0.31174287,-1.3738396,1.6855825,0.079214245,0.07963503
train,chr17_58709889_TTT_CTG,missense,-0.00081972894,-1.5908829,1.5900632,0.0796923,0.0801214
train,chr17_58709889_TTT_GTG,missense,0.19446267,-1.2123551,1.4068178,0.07896174,0.07938313
train,chr17_58709889_TTT_TAC,missense,1.6305766,-0.16447282,1.7950494,0.07795719,0.07833055
train,chr17_58709889_TTT_TGC,missense,-0.51583177,-0.57567096,0.05983919,0.07896701,0.07938275
train,chr17_58709890_T_A,missense,0.68539524,-0.16447282,0.84986806,0.07795719,0.07833055
train,chr17_58709890_T_C,missense,2.096742,-0.68697095,2.7837129,0.07865517,0.07908278
train,chr17_58709890_T_G,missense,0.29718545,-0.57567096,0.8728564,0.07896701,0.07938275
train,chr17_58709891_T_A,missense,-1.8325073,-1.5908829,-0.24162436,0.0796923,0.0801214
train,chr17_58709891_T_C,synonymous,1.3484219,0.46834278,0.88007915,-0.06072067,-0.060815915
train,chr17_58709891_T_G,missense,1.1015279,-1.5908829,2.692411,0.0796923,0.0801214
train,chr17_58709892_C_A,missense,-0.8931057,-0.4676814,-0.42542428,0.07823392,0.07863352
train,chr17_58709892_C_G,missense,0.11832946,-0.16422749,0.28255695,0.07727704,0.07766998
train,chr17_58709892_C_T,missense,-2.5133352,-0.6879637,-1.8253715,0.07857207,0.07897529
train,chr17_58709892_CCA_,indel,0.46339428,-2.4497237,2.913118,0.028704615,0.028849639
train,chr17_58709892_CCA_GCC,missense,-2.4280412,-0.16422749,-2.2638137,0.07727704,0.07766998
train,chr17_58709892_CCA_CGG,missense,-4.2114415,-3.016943,-1.1944985,0.08062924,0.081042804
train,chr17_58709892_CCA_ACC,missense,0.3117844,-0.4676814,0.7794658,0.07823392,0.07863352
train,chr17_58709892_CCA_AGC,missense,-1.7897174,-0.6879637,-1.1017537,0.07857207,0.07897529
train,chr17_58709892_CCA_CAG,missense,-0.6476402,-1.0842602,0.43662,0.07926755,0.07966234
train,chr17_58709892_CCA_CTG,missense,-0.3489257,-0.69941235,0.35048664,0.07775162,0.07815017
train,chr17_58709893_C_T,missense,0.13684797,-0.69941235,0.8362603,0.07775162,0.07815017
train,chr17_58709893_C_G,missense,-8.0883875,-3.016943,-5.0714445,0.08062924,0.081042804
train,chr17_58709893_C_A,missense,-1.6988469,-1.0842602,-0.6145867,0.07926755,0.07966234
train,chr17_58709894_A_G,synonymous,-0.1455392,0.4360292,-0.58156836,-0.062721,-0.06278547
train,chr17_58709894_A_C,synonymous,0.8939978,0.4360292,0.4579686,-0.062721,-0.06278547
train,chr17_58709894_A_T,synonymous,-0.76236737,0.4360292,-1.1983966,-0.062721,-0.06278547
train,chr17_58709895_T_C,missense,-0.66487885,-2.082712,1.4178331,0.08020625,0.08066396
train,chr17_58709895_T_A,missense,-1.7710936,-2.627853,0.8567593,0.080057845,0.08052711
train,chr17_58709895_T_G,missense,0.9137933,-2.4104455,3.3242388,0.08000588,0.08047953
train,chr17_58709895_TTT_,indel,-1.9898157,-2.3993497,0.40953398,0.026618203,0.02681008
train,chr17_58709895_TTT_GCC,missense,-0.73986083,-2.35321,1.6133492,0.08005536,0.080553435
train,chr17_58709895_TTT_AGC,missense,-6.680231,-7.152439,0.47220802,0.08139592,0.081902586
train,chr17_58709895_TTT_TGC,missense,-3.7112303,-1.6453189,-2.0659113,0.07960074,0.080096796
train,chr17_58709895_TTT_ATC,missense,-0.5726169,-2.627853,2.055236,0.080057845,0.08052711
train,chr17_58709895_TTT_CTG,missense,-0.15070659,-2.082712,1.9320054,0.08020625,0.08066396
train,chr17_58709895_TTT_GTG,missense,-1.9682574,-2.4104455,0.44218802,0.08000588,0.08047953
train,chr17_58709895_TTT_TAC,missense,-0.26882076,-2.4681787,2.199358,0.0805791,0.0810219
train,chr17_58709896_T_C,missense,-4.0937843,-7.152439,3.0586548,0.08139592,0.081902586
train,chr17_58709896_T_G,missense,-3.0467398,-1.6453189,-1.401421,0.07960074,0.080096796
train,chr17_58709896_T_A,missense,0.006963469,-2.4681787,2.4751422,0.0805791,0.0810219
train,chr17_58709897_T_C,synonymous,-0.12000805,0.46843743,-0.5884455,-0.062773325,-0.06282118
train,chr17_58709897_T_A,missense,0.5228285,-2.082712,2.6055405,0.08020625,0.08066396
train,chr17_58709897_T_G,missense,-2.0293262,-2.082712,0.053385735,0.08020625,0.08066396
train,chr17_58709898_C_T,missense,-7.0204573,-9.820577,2.8001194,0.080999725,0.08146836
train,chr17_58709898_C_A,missense,-6.1575255,-11.674335,5.516809,0.08121831,0.08167918
train,chr17_58709898_C_G,missense,-9.996249,-14.707681,4.7114315,0.08186936,0.082332544
train,chr17_58709898_CGT_,indel,-6.501442,-1.2391629,-5.262279,0.024626281,0.024861488
train,chr17_58709898_CGT_GCC,missense,-8.498264,-10.464678,1.9664135,0.08094773,0.08141101
train,chr17_58709898_CGT_AGC,missense,-6.9755707,-11.674335,4.698764,0.08121831,0.08167918
train,chr17_58709898_CGT_CCC,missense,-16.150553,-18.248915,2.098362,0.083331116,0.08380509
train,chr17_58709898_CGT_CTG,missense,-7.7796717,-11.231566,3.4518948,0.08156371,0.08198405
train,chr17_58709898_CGT_GGC,missense,-9.882937,-14.707681,4.8247433,0.08186936,0.082332544
train,chr17_58709898_CGT_TGC,missense,-7.5307994,-9.820577,2.2897773,0.080999725,0.08146836
train,chr17_58709898_CGT_AGA,synonymous,0.1966317,0.39478898,-0.19815728,-0.061602887,-0.06170448
train,chr17_58709898_CGT_AGG,synonymous,0.25886676,0.39478898,-0.13592222,-0.061602887,-0.06170448
train,chr17_58709898_CGT_CAC,missense,-2.7707288,-5.2681446,2.4974158,0.08042939,0.08086189
train,chr17_58709899_G_A,missense,-0.031012904,-5.2681446,5.2371316,0.08042939,0.08086189
train,chr17_58709899_G_C,missense,-15.330768,-18.248915,2.918147,0.083331116,0.08380509
train,chr17_58709899_G_T,missense,-5.7018466,-11.231566,5.52972,0.08156371,0.08198405
train,chr17_58709900_T_A,synonymous,0.4984063,0.39478898,0.10361731,-0.061602887,-0.06170448
train,chr17_58709900_T_C,synonymous,-0.016947025,0.39478898,-0.411736,-0.061602887,-0.06170448
train,chr17_58709900_T_G,synonymous,2.2451725,0.39478898,1.8503835,-0.061602887,-0.06170448
train,chr17_58709901_C_T,missense,-0.18121168,-1.3220348,1.1408231,0.07737521,0.07776922
train,chr17_58709901_C_G,missense,-5.918849,-3.301171,-2.617678,0.07817138,0.07855915
train,chr17_58709901_C_A,missense,-1.9313121,-0.3359177,-1.5953944,0.076434895,0.076793306
train,chr17_58709901_CAT_,indel,0.86560726,-0.775398,1.6410053,0.022889704,0.023096034
train,chr17_58709901_CAT_GCC,missense,-0.25798866,-0.018225193,-0.23976347,0.0747232,0.07507782
train,chr17_58709901_CAT_AAC,missense,-0.00039592123,-0.3359177,0.3355218,0.076434895,0.076793306
train,chr17_58709901_CAT_CCC,missense,-1.1986173,-5.6063867,4.407769,0.078758344,0.079181105
train,chr17_58709901_CAT_CGG,missense,2.2870753,-1.1673353,3.4544106,0.07716886,0.077587016
train,chr17_58709901_CAT_CTG,missense,0.6266335,-0.79721785,1.4238514,0.07664186,0.07702113
train,chr17_58709901_CAT_GAC,missense,0.49315983,-3.301171,3.7943308,0.07817138,0.07855915
train,chr17_58709901_CAT_TAC,missense,0.73720825,-1.3220348,2.0592432,0.07737521,0.07776922
train,chr17_58709902_A_G,missense,1.089542,-1.1673353,2.2568774,0.07716886,0.077587016
train,chr17_58709902_A_C,missense,-2.5091429,-5.6063867,3.0972438,0.078758344,0.079181105
train,chr17_58709902_A_T,missense,1.0873281,-0.79721785,1.8845459,0.07664186,0.07702113
train,chr17_58709903_T_A,missense,0.07408678,0.14897537,-0.074888594,0.07610421,0.07648149
train,chr17_58709903_T_C,synonymous,1.9795624,0.7688365,1.2107259,-0.0630808,-0.063190654
train,chr17_58709903_T_G,missense,0.042267628,0.14897537,-0.106707744,0.07610421,0.07648149
train,chr17_58709904_G_A,missense,1.5093645,0.4053259,1.1040386,0.075160734,0.075507276
train,chr17_58709904_G_C,missense,-0.879808,0.3805809,-1.2603889,0.07425393,0.07460573
train,chr17_58709904_G_T,missense,-0.048337374,0.29374743,-0.3420848,0.07453419,0.07489573
train,chr17_58709904_GAC_,indel,-0.756518,-0.026649475,-0.72986853,0.021436578,0.021638675
train,chr17_58709904_GAC_AAT,missense,-0.34216398,0.4053259,-0.74748987,0.075160734,0.075507276
train,chr17_58709904_GAC_CAT,missense,1.0005567,0.3805809,0.6199758,0.07425393,0.07460573
train,chr17_58709904_GAC_GCT,missense,0.39452273,0.2529652,0.14155751,0.074010454,0.07436685
train,chr17_58709904_GAC_GGA,missense,-1.3988079,0.3274963,-1.7263042,0.07529052,0.07564274
train,chr17_58709904_GAC_GTG,missense,1.0237821,-0.2107215,1.2345036,0.0750527,0.07541265
train,chr17_58709904_GAC_TAT,missense,1.6691688,0.29374743,1.3754214,0.07453419,0.07489573
train,chr17_58709905_A_G,missense,1.5046189,0.3274963,1.1771226,0.07529052,0.07564274
train,chr17_58709905_A_C,missense,-0.73091704,0.2529652,-0.98388225,0.074010454,0.07436685
train,chr17_58709905_A_T,missense,-0.5148482,-0.2107215,-0.30412668,0.0750527,0.07541265
train,chr17_58709906_C_T,synonymous,0.6468858,0.8724642,-0.22557837,-0.06350485,-0.0636273
train,chr17_58709906_C_A,missense,-0.635786,-0.0087759495,-0.62701005,0.07553253,0.075884156
train,chr17_58709906_C_G,missense,-1.0943816,-0.0087759495,-1.0856056,0.07553253,0.075884156
train,chr17_58709907_C_G,missense,-2.0873208,-0.2240715,-1.8632493,0.077974536,0.07832659
train,chr17_58709907_C_A,missense,2.0572922,-0.32944822,2.3867404,0.078110404,0.078467175
train,chr17_58709907_C_T,synonymous,0.87399966,0.9930892,-0.119089544,-0.063670345,-0.0638204
train,chr17_58709907_CTA_,indel,-3.4063866,-3.0952096,-0.31117702,0.026340174,0.02654296
train,chr17_58709907_CTA_GCC,missense,-4.821247,-0.21401286,-4.607234,0.078178495,0.07852688
train,chr17_58709907_CTA_CGG,missense,-3.0335977,-3.8689957,0.83539796,0.080008045,0.08038584
train,chr17_58709907_CTA_GTG,missense,-3.083858,-0.2240715,-2.8597865,0.077974536,0.07832659
train,chr17_58709907_CTA_ATC,missense,-1.5014858,-0.32944822,-1.1720376,0.078110404,0.078467175
train,chr17_58709907_CTA_CAG,missense,-1.3136449,-0.22638345,-1.0872614,0.078586,0.07893428
train,chr17_58709907_CTA_CCC,missense,1.7620302,-0.9814745,2.7435048,0.078815624,0.07917241
train,chr17_58709907_CTA_TTG,synonymous,-1.1651592,0.9930892,-2.1582484,-0.063670345,-0.0638204
train,chr17_58709908_T_A,missense,-0.603318,-0.22638345,-0.37693453,0.078586,0.07893428
train,chr17_58709908_T_C,missense,2.910892,-0.9814745,3.8923664,0.078815624,0.07917241
train,chr17_58709908_T_G,missense,-1.9160864,-3.8689957,1.9529092,0.080008045,0.08038584
train,chr17_58709909_A_G,synonymous,1.902465,0.9930892,0.9093758,-0.063670345,-0.0638204
train,chr17_58709909_A_C,synonymous,2.1537561,0.9930892,1.160667,-0.063670345,-0.0638204
train,chr17_58709909_A_T,synonymous,2.7128842,0.9930892,1.719795,-0.063670345,-0.0638204
train,chr17_58709910_G_A,missense,0.8332222,0.4881637,0.3450585,0.074188255,0.07450459
train,chr17_58709910_G_C,missense,0.9121433,0.3516357,0.5605076,0.07428959,0.074618004
train,chr17_58709910_G_T,missense,-2.7518265,-0.19740391,-2.5544226,0.076097205,0.07644498
train,chr17_58709910_GAT_,indel,-0.27599663,-1.6470404,1.3710437,0.026357405,0.026580995
train,chr17_58709910_GAT_GCC,missense,0.48721793,0.5136478,-0.026429862,0.07267494,0.07301444
train,chr17_58709910_GAT_AAC,missense,0.67434144,0.4881637,0.18617773,0.074188255,0.07450459
train,chr17_58709910_GAT_CAC,missense,0.7190872,0.3516357,0.3674515,0.07428959,0.074618004
train,chr17_58709910_GAT_GGC,missense,1.0597972,0.25142932,0.80836785,0.07424303,0.07455274
train,chr17_58709910_GAT_GTG,missense,-0.61516726,-1.853805,1.2386377,0.07753092,0.07792689
train,chr17_58709910_GAT_TAC,missense,0.075546645,-0.19740391,0.27295056,0.076097205,0.07644498
train,chr17_58709911_A_G,missense,-0.36508694,0.25142932,-0.61651623,0.07424303,0.07455274
train,chr17_58709911_A_C,missense,1.2055244,0.5136478,0.69187665,0.07267494,0.07301444
train,chr17_58709911_A_T,missense,-0.20719035,-1.853805,1.6466146,0.07753092,0.07792689
train,chr17_58709912_T_A,missense,1.2148366,0.60153866,0.61329794,0.07635929,0.0766863
train,chr17_58709912_T_C,synonymous,1.4033545,1.0333765,0.36997807,-0.06405145,-0.06414603
train,chr17_58709912_T_G,missense,1.9498807,0.60153866,1.3483421,0.07635929,0.0766863
train,chr17_58709913_G_T,missense,-0.8481976,-1.2682317,0.42003417,0.08017428,0.08050417
train,chr17_58709913_G_A,missense,1.2806818,0.44298148,0.83770037,0.07777727,0.07810844
train,chr17_58709913_G_C,missense,0.80669874,0.27261233,0.5340864,0.07809562,0.078414395
train,chr17_58709913_GAC_,indel,0.5519001,-1.6470404,2.1989405,0.026357405,0.026580995
train,chr17_58709913_GAC_AAT,missense,1.585324,0.44298148,1.1423426,0.07777727,0.07810844
train,chr17_58709913_GAC_CAT,missense,0.16002126,0.27261233,-0.11259107,0.07809562,0.078414395
train,chr17_58709913_GAC_GCT,missense,-1.1796199,-0.08655119,-1.0930687,0.07916146,0.079482384
train,chr17_58709913_GAC_GGA,missense,-2.2772362,-0.937106,-1.3401302,0.07986151,0.08013954
train,chr17_58709913_GAC_GTG,missense,0.3791235,-2.118692,2.4978154,0.08056426,0.080894165
train,chr17_58709913_GAC_TAT,missense,-0.65534806,-1.2682317,0.6128837,0.08017428,0.08050417
train,chr17_58709914_A_C,missense,1.0392926,-0.08655119,1.1258438,0.07916146,0.079482384
train,chr17_58709914_A_G,missense,0.59127504,-0.937106,1.5283811,0.07986151,0.08013954
train,chr17_58709914_A_T,missense,0.46966058,-2.118692,2.5883524,0.08056426,0.080894165
train,chr17_58709915_C_A,missense,0.6099202,0.08930278,0.5206174,0.07811888,0.07843409
train,chr17_58709915_C_G,missense,-1.7357637,0.08930278,-1.8250664,0.07811888,0.07843409
train,chr17_58709915_C_T,synonymous,1.7248232,1.1275656,0.5972576,-0.06284044,-0.062937476
train,chr17_58709916_C_T,synonymous,0.1482418,1.3081672,-1.1599255,-0.06288836,-0.063037746
train,chr17_58709916_C_A,missense,1.657342,-0.09221196,1.7495539,0.07949762,0.07981703
train,chr17_58709916_C_G,missense,-1.862724,0.35573196,-2.2184558,0.07841332,0.078725815
train,chr17_58709916_CTG_,indel,-7.216501,-13.395055,6.1785536,0.029542655,0.029672747
train,chr17_58709916_CTG_GCC,missense,-0.36206964,0.25529337,-0.617363,0.07857487,0.0788738
train,chr17_58709916_CTG_AGA,missense,-4.0159907,-2.1626883,-1.8533025,0.08103178,0.08133765
train,chr17_58709916_CTG_CAA,missense,-0.26999134,-0.7340417,0.46405035,0.08004911,0.080340944
train,chr17_58709916_CTG_CCC,missense,2.4610035,-2.5474057,5.0084095,0.081174605,0.08148246
train,chr17_58709916_CTG_GTC,missense,1.7841196,0.35573196,1.4283876,0.07841332,0.078725815
train,chr17_58709916_CTG_TTA,synonymous,0.00414267,1.3081672,-1.3040246,-0.06288836,-0.063037746
train,chr17_58709917_T_C,missense,2.2434256,-2.5474057,4.7908316,0.081174605,0.08148246
train,chr17_58709917_T_A,missense,0.073897064,-0.7340417,0.80793875,0.08004911,0.080340944
train,chr17_58709917_T_G,missense,-2.2860737,-2.1626883,-0.12338543,0.08103178,0.08133765
train,chr17_58709918_G_C,synonymous,2.898812,1.3081672,1.5906448,-0.06288836,-0.063037746
train,chr17_58709918_G_A,synonymous,0.23513165,1.3081672,-1.0730356,-0.06288836,-0.063037746
train,chr17_58709918_G_T,synonymous,0.9293717,1.3081672,-0.3787955,-0.06288836,-0.063037746
train,chr17_58709919_T_C,missense,3.6180148,0.35025048,3.2677643,0.07965079,0.07996793
train,chr17_58709919_T_A,missense,0.29189485,0.9578476,-0.66595274,0.07714514,0.0774579
train,chr17_58709919_T_G,missense,0.9947048,1.2089422,-0.21423739,0.078556314,0.07887379
train,chr17_58709919_TCT_,indel,-2.1894515,-3.9526236,1.7631721,0.028422154,0.028543547
train,chr17_58709919_TCT_GCC,missense,2.9820125,1.2089422,1.7730703,0.078556314,0.07887379
train,chr17_58709919_TCT_ACC,missense,2.08479,0.9578476,1.1269424,0.07714514,0.0774579
train,chr17_58709919_TCT_AGC,synonymous,0.51904505,1.4112518,-0.8922067,-0.06211668,-0.062224336
train,chr17_58709919_TCT_AGT,synonymous,-0.18242353,1.4112518,-1.5936754,-0.06211668,-0.062224336
train,chr17_58709919_TCT_CCC,missense,1.308952,0.35025048,0.9587015,0.07965079,0.07996793
train,chr17_58709919_TCT_TAC,missense,0.663932,0.901201,-0.23726898,0.07825255,0.07855257
train,chr17_58709919_TCT_TGC,missense,0.06820107,0.44469166,-0.3764906,0.07973495,0.08005775
train,chr17_58709919_TCT_TTC,missense,0.361179,0.7515409,-0.3903619,0.07839149,0.07869018
train,chr17_58709920_C_G,missense,-1.4600854,0.44469166,-1.904777,0.07973495,0.08005775
train,chr17_58709920_C_A,missense,2.0519245,0.901201,1.1507235,0.07825255,0.07855257
train,chr17_58709920_C_T,missense,1.9981377,0.7515409,1.2465968,0.07839149,0.07869018
train,chr17_58709921_T_A,synonymous,2.5070727,1.4112518,1.0958209,-0.06211668,-0.062224336
train,chr17_58709921_T_C,synonymous,1.1428512,1.4112518,-0.26840055,-0.06211668,-0.062224336
train,chr17_58709921_T_G,synonymous,2.1973937,1.4112518,0.7861419,-0.06211668,-0.062224336
train,chr17_58709922_C_G,missense,-1.2164785,0.13815165,-1.3546301,0.07943196,0.07979591
train,chr17_58709922_C_A,missense,0.651351,0.273767,0.37758398,0.0793457,0.07970126
train,chr17_58709922_C_T,missense,-0.6346705,-0.078366995,-0.5563035,0.07995047,0.080313526
train,chr17_58709922_CTT_,indel,-1.654319,-1.7289672,0.07464814,0.026054397,0.026274832
train,chr17_58709922_CTT_GCC,missense,1.0050563,0.30761957,0.6974367,0.07822914,0.07859252
train,chr17_58709922_CTT_CCC,missense,-4.13343,-8.6722555,4.5388255,0.082701616,0.08308977
train,chr17_58709922_CTT_ATC,missense,1.7151604,0.273767,1.4413934,0.0793457,0.07970126
train,chr17_58709922_CTT_CAC,missense,1.3860583,-0.16103697,1.5470953,0.08019337,0.08053991
train,chr17_58709922_CTT_CGG,missense,1.9154785,0.24405074,1.6714277,0.07894557,0.079304285
train,chr17_58709922_CTT_GTG,missense,-2.060996,0.13815165,-2.1991477,0.07943196,0.07979591
train,chr17_58709922_CTT_TTA,synonymous,0.84799075,1.3688605,-0.52086973,-0.060466673,-0.060568616
train,chr17_58709922_CTT_TTC,missense,0.7109491,-0.078366995,0.7893161,0.07995047,0.080313526
train,chr17_58709922_CTT_TTG,synonymous,0.36062387,1.3688605,-1.0082366,-0.060466673,-0.060568616
train,chr17_58709923_T_C,missense,-5.181901,-8.6722555,3.4903545,0.082701616,0.08308977
train,chr17_58709923_T_A,missense,0.18184279,-0.16103697,0.34287977,0.08019337,0.08053991
train,chr17_58709923_T_G,missense,1.0802326,0.24405074,0.8361819,0.07894557,0.079304285
train,chr17_58709924_T_A,synonymous,1.8533446,1.3688605,0.48448408,-0.060466673,-0.060568616
train,chr17_58709924_T_C,synonymous,1.3366517,1.3688605,-0.0322088,-0.060466673,-0.060568616
train,chr17_58709924_T_G,synonymous,1.0607607,1.3688605,-0.30809975,-0.060466673,-0.060568616
train,chr17_58709925_C_T,missense,-16.637934,-22.211493,5.573559,0.08634897,0.086792074
train,chr17_58709925_C_G,missense,-23.64673,-22.518194,-1.1285362,0.0879878,0.08843489
train,chr17_58709925_C_A,missense,-15.322898,-22.40449,7.0815916,0.08790265,0.088342026
train,chr17_58709925_CGT_,indel,-24.53856,-22.753891,-1.7846699,0.034450438,0.03479951
train,chr17_58709925_CGT_GCC,missense,-24.304766,-22.249203,-2.055563,0.087010175,0.08744256
train,chr17_58709925_CGT_AGC,missense,-19.655699,-22.40449,2.7487907,0.08790265,0.088342026
train,chr17_58709925_CGT_CAC,missense,-26.421206,-21.95383,-4.467375,0.088654846,0.089091554
train,chr17_58709925_CGT_CCC,missense,-29.34049,-22.38103,-6.959461,0.08703875,0.08750166
train,chr17_58709925_CGT_CTG,missense,-23.739552,-21.674643,-2.064909,0.08744547,0.08787185
train,chr17_58709925_CGT_GGC,missense,-27.042282,-22.518194,-4.524088,0.0879878,0.08843489
train,chr17_58709925_CGT_TGC,missense,-23.5144,-22.211493,-1.302908,0.08634897,0.086792074
train,chr17_58709925_CGT_AGA,synonymous,-0.87624663,0.44043112,-1.3166778,-0.05919716,-0.05930131
train,chr17_58709925_CGT_AGG,synonymous,1.1898531,0.44043112,0.74942195,-0.05919716,-0.05930131
train,chr17_58709926_G_A,missense,-13.639878,-21.95383,8.313952,0.088654846,0.089091554
train,chr17_58709926_G_C,missense,-29.3943,-22.38103,-7.0132713,0.08703875,0.08750166
train,chr17_58709926_G_T,missense,-16.036205,-21.674643,5.6384373,0.08744547,0.08787185
train,chr17_58709927_T_C,synonymous,4.0484443,0.44043112,3.6080132,-0.05919716,-0.05930131
train,chr17_58709927_T_A,synonymous,-0.17883527,0.44043112,-0.6192664,-0.05919716,-0.05930131
train,chr17_58709927_T_G,synonymous,0.68452924,0.44043112,0.24409813,-0.05919716,-0.05930131
train,chr17_58709928_A_T,missense,1.1647261,0.09347439,1.0712517,0.081494346,0.08182692
train,chr17_58709928_A_C,missense,-1.7729707,-12.16143,10.38846,0.0843402,0.08469622
train,chr17_58709928_A_G,missense,2.8999517,0.8471942,2.0527575,0.08078353,0.08110532
train,chr17_58709928_ACT_,indel,-0.14847115,-1.675837,1.5273659,0.02655715,0.026818099
train,chr17_58709928_ACT_GCC,missense,1.6846027,0.8471942,0.83740854,0.08078353,0.08110532
train,chr17_58709928_ACT_AAC,missense,-0.043668766,-5.960291,5.916622,0.08373256,0.084083304
train,chr17_58709928_ACT_AGC,missense,1.4672651,0.09347439,1.3737907,0.081494346,0.08182692
train,chr17_58709928_ACT_ATC,missense,1.1367891,-2.9451756,4.0819645,0.082699135,0.083048955
train,chr17_58709928_ACT_CCC,missense,-1.704644,-12.16143,10.456786,0.0843402,0.08469622
train,chr17_58709929_C_A,missense,0.6853382,-5.960291,6.645629,0.08373256,0.084083304
train,chr17_58709929_C_G,missense,-1.2700361,0.09347439,-1.3635105,0.081494346,0.08182692
train,chr17_58709929_C_T,missense,1.1148521,-2.9451756,4.0600276,0.082699135,0.083048955
train,chr17_58709930_T_A,synonymous,0.18060672,1.2851741,-1.1045674,-0.05951154,-0.059637107
train,chr17_58709930_T_C,synonymous,2.7097173,1.2851741,1.4245431,-0.05951154,-0.059637107
train,chr17_58709930_T_G,synonymous,1.682941,1.2851741,0.39776683,-0.05951154,-0.059637107
train,chr17_58709931_C_T,missense,-16.97405,-21.05173,4.0776787,0.08516337,0.08553516
train,chr17_58709931_C_G,missense,-9.851962,-19.419336,9.567374,0.08499045,0.08532264
train,chr17_58709931_C_A,synonymous,-1.8857677,1.162595,-3.0483627,-0.062293682,-0.062351838
train,chr17_58709931_CGG_,indel,-4.237196,-7.205864,2.968668,0.031114567,0.031302482
train,chr17_58709931_CGG_GCC,missense,-5.5035534,-18.008266,12.504713,0.08435306,0.08469342
train,chr17_58709931_CGG_CAA,missense,-5.1318517,-16.097187,10.965336,0.08427851,0.08460906
train,chr17_58709931_CGG_CCC,missense,-10.29429,-21.141514,10.847224,0.084811285,0.08515795
train,chr17_58709931_CGG_CTC,missense,-3.6900113,-15.671734,11.981723,0.08438624,0.08472917
train,chr17_58709931_CGG_GGC,missense,-12.3310375,-19.419336,7.088299,0.08499045,0.08532264
train,chr17_58709931_CGG_AGA,synonymous,1.0392922,1.162595,-0.12330282,-0.062293682,-0.062351838
train,chr17_58709932_G_A,missense,-3.8299487,-16.097187,12.267239,0.08427851,0.08460906
train,chr17_58709932_G_C,missense,-11.379443,-21.141514,9.762071,0.084811285,0.08515795
train,chr17_58709932_G_T,missense,-8.237636,-15.671734,7.4340982,0.08438624,0.08472917
train,chr17_58709933_G_A,synonymous,0.8713822,1.162595,-0.29121286,-0.062293682,-0.062351838
train,chr17_58709933_G_T,synonymous,-1.6288321,1.162595,-2.7914271,-0.062293682,-0.062351838
train,chr17_58709933_G_C,synonymous,0.76058924,1.162595,-0.4020058,-0.062293682,-0.062351838
train,chr17_58709934_T_G,missense,3.5565722,-0.5893445,4.145917,0.08136644,0.08169938
train,chr17_58709934_T_A,missense,2.5657253,0.18278694,2.3829384,0.08096811,0.08129163
train,chr17_58709934_T_C,synonymous,2.681408,1.1432889,1.5381191,-0.06043082,-0.060572878
train,chr17_58709934_TTA_GCC,missense,-0.045309838,-0.41371226,0.36840242,0.079959504,0.08027779
train,chr17_58709934_TTA_CTT,synonymous,4.1070023,1.1432889,2.9637134,-0.06043082,-0.060572878
train,chr17_58709934_TTA_AGC,missense,0.0073290253,-12.301557,12.308886,0.0834828,0.08383872
train,chr17_58709934_TTA_ATC,missense,0.034196507,0.18278694,-0.14859043,0.08096811,0.08129163
train,chr17_58709934_TTA_CTC,synonymous,0.3974376,1.1432889,-0.7458513,-0.06043082,-0.060572878
train,chr17_58709934_TTA_CTG,synonymous,2.1249366,1.1432889,0.98164773,-0.06043082,-0.060572878
train,chr17_58709934_TTA_GTG,missense,-0.46941623,-0.5893445,0.11992827,0.08136644,0.08169938
train,chr17_58709935_T_C,missense,0.609604,-12.301557,12.91116,0.0834828,0.08383872
train,chr17_58709936_A_G,synonymous,2.8162532,1.1432889,1.6729643,-0.06043082,-0.060572878
train,chr17_58709936_A_C,missense,-1.9401742,-0.4317534,-1.5084208,0.08038719,0.08067891
train,chr17_58709936_A_T,missense,-0.18378045,-0.4317534,0.24797295,0.08038719,0.08067891
train,chr17_58709937_T_G,missense,0.82194006,-2.2881901,3.1101303,0.08200491,0.08238872
train,chr17_58709937_T_C,synonymous,0.09263425,1.0968797,-1.0042455,-0.05992842,-0.06002701
train,chr17_58709937_T_A,missense,2.8109589,-1.1870729,3.9980316,0.081585824,0.08196515
train,chr17_58709937_TTA_,indel,-0.82266706,-1.9038227,1.0811555,0.03169457,0.031809535
train,chr17_58709937_TTA_GCC,missense,-7.3399577,-7.180113,-0.15984488,0.08273756,0.08312772
train,chr17_58709937_TTA_AGC,missense,-7.919935,-17.341986,9.42205,0.08400494,0.08441643
train,chr17_58709937_TTA_CTC,synonymous,3.038764,1.0968797,1.9418843,-0.05992842,-0.06002701
train,chr17_58709937_TTA_ATC,missense,-0.17286222,-1.1870729,1.0142107,0.081585824,0.08196515
train,chr17_58709937_TTA_CTG,synonymous,2.243555,1.0968797,1.1466753,-0.05992842,-0.06002701
train,chr17_58709937_TTA_CTT,synonymous,2.3660092,1.0968797,1.2691295,-0.05992842,-0.06002701
train,chr17_58709937_TTA_GTG,missense,-0.9852169,-2.2881901,1.3029733,0.08200491,0.08238872
train,chr17_58709938_T_C,missense,-9.974723,-17.341986,7.367263,0.08400494,0.08441643
train,chr17_58709939_A_C,missense,-14.165088,-4.1694126,-9.995675,0.081870735,0.08227821
train,chr17_58709939_A_T,missense,-10.7731,-4.1694126,-6.6036873,0.081870735,0.08227821
train,chr17_58709939_A_G,synonymous,0.7626736,1.0968797,-0.3342061,-0.05992842,-0.06002701
train,chr17_58709940_A_G,missense,-22.350557,-20.13679,-2.213768,0.08457526,0.08501141
train,chr17_58709940_A_C,missense,1.0505891,-0.01746416,1.0680532,0.07998651,0.080370106
train,chr17_58709940_A_T,missense,1.9149603,0.38583064,1.5291296,0.07955841,0.07994961
train,chr17_58709940_AAT_,indel,1.069207,-0.49152756,1.5607345,0.030635834,0.030729756
train,chr17_58709940_AAT_GCC,missense,0.28397626,0.23405409,0.04992217,0.08060973,0.08101063
train,chr17_58709940_AAT_GAC,missense,-24.205833,-20.13679,-4.069044,0.08457526,0.08501141
train,chr17_58709940_AAT_ACC,missense,1.607558,0.04357767,1.5639803,0.08039711,0.08079774
train,chr17_58709940_AAT_AGC,missense,2.3300993,-0.9242339,3.2543333,0.081257604,0.081660196
train,chr17_58709940_AAT_ATC,missense,0.82037824,0.29394913,0.5264291,0.07932286,0.079722285
train,chr17_58709940_AAT_CAC,missense,0.92610675,-0.01746416,0.9435709,0.07998651,0.080370106
train,chr17_58709940_AAT_TAC,missense,1.945463,0.38583064,1.5596323,0.07955841,0.07994961
train,chr17_58709941_A_G,missense,0.9167431,-0.9242339,1.840977,0.081257604,0.081660196
train,chr17_58709941_A_C,missense,1.0781527,0.04357767,1.034575,0.08039711,0.08079774
train,chr17_58709941_A_T,missense,-0.6955927,0.29394913,-0.9895418,0.07932286,0.079722285
train,chr17_58709942_T_A,missense,2.06139,-1.4154459,3.4768357,0.081306554,0.08170451
train,chr17_58709942_T_C,synonymous,2.0367146,1.0216551,1.0150595,-0.058544062,-0.058667343
train,chr17_58709942_T_G,missense,-0.29935142,-1.4154459,1.1160945,0.081306554,0.08170451
train,chr17_58709943_G_A,missense,1.8997449,-0.84519935,2.744944,0.08000105,0.08047952
train,chr17_58709943_G_C,missense,0.5110422,-0.20773697,0.71877915,0.07937534,0.07984351
train,chr17_58709943_G_T,missense,0.97423637,-0.9329598,1.9071962,0.079959705,0.08044333
train,chr17_58709943_GGT_,indel,-1.5435601,1.094043,-2.6376033,0.027782913,0.027906347
train,chr17_58709943_GGT_GCC,missense,-0.90295917,0.42605948,-1.3290186,0.07869784,0.0791708
train,chr17_58709943_GGT_GAC,missense,-4.4293885,-6.53494,2.1055512,0.081018284,0.0815334
train,chr17_58709943_GGT_AGC,missense,1.391818,-0.84519935,2.2370174,0.08000105,0.08047952
train,chr17_58709943_GGT_CGG,missense,-1.8132153,-0.20773697,-1.6054783,0.07937534,0.07984351
train,chr17_58709943_GGT_GTG,missense,1.451639,-1.3289901,2.7806292,0.0798549,0.080335625
train,chr17_58709943_GGT_TGC,missense,-1.2608012,-0.9329598,-0.3278414,0.079959705,0.08044333
train,chr17_58709944_G_T,missense,-0.2929414,-1.3289901,1.0360487,0.0798549,0.080335625
train,chr17_58709944_G_A,missense,-5.673796,-6.53494,0.8611436,0.081018284,0.0815334
train,chr17_58709944_G_C,missense,1.0861428,0.42605948,0.6600833,0.07869784,0.0791708
train,chr17_58709945_T_A,synonymous,0.81861144,0.70273423,0.11587721,-0.059652966,-0.059794627
train,chr17_58709945_T_G,synonymous,-0.4019946,0.70273423,-1.1047288,-0.059652966,-0.059794627
train,chr17_58709946_C_A,missense,0.013948239,-1.2011145,1.2150627,0.08052867,0.08106297
train,chr17_58709946_C_G,missense,1.9380858,-0.77813387,2.7162197,0.08037561,0.08088824
train,chr17_58709946_C_T,synonymous,2.101354,0.57596445,1.5253894,-0.06060734,-0.060714595
train,chr17_58709946_CTG_,indel,-5.3091164,-7.2571707,1.9480543,0.033801805,0.034018453
train,chr17_58709946_CTG_GCC,missense,-0.07667736,-1.755353,1.6786757,0.080720395,0.08124275
train,chr17_58709946_CTG_AGA,missense,-9.674943,-21.014214,11.339271,0.08462277,0.085234284
train,chr17_58709946_CTG_CCC,missense,-24.336176,-21.50254,-2.8336353,0.08413569,0.08475834
train,chr17_58709946_CTG_CAA,missense,-0.6398662,-10.450429,9.810563,0.08204518,0.082584195
train,chr17_58709946_CTG_GTC,missense,0.90934646,-0.77813387,1.6874803,0.08037561,0.08088824
train,chr17_58709946_CTG_TTA,synonymous,1.765215,0.57596445,1.1892506,-0.06060734,-0.060714595
train,chr17_58709947_T_C,missense,-24.543964,-21.50254,-3.0414238,0.08413569,0.08475834
train,chr17_58709947_T_G,missense,-24.791225,-21.014214,-3.7770119,0.08462277,0.085234284
train,chr17_58709947_T_A,missense,-0.5976891,-10.450429,9.85274,0.08204518,0.082584195
train,chr17_58709948_G_C,synonymous,0.85971737,0.57596445,0.28375292,-0.06060734,-0.060714595
train,chr17_58709948_G_T,synonymous,1.3073599,0.57596445,0.7313955,-0.06060734,-0.060714595
train,chr17_58709949_G_C,missense,-28.598787,-21.535912,-7.0628757,0.08499639,0.08555962
train,chr17_58709949_G_A,missense,-0.552206,-4.2851286,3.7329226,0.081558175,0.08206833
train,chr17_58709949_G_T,missense,1.6692181,-5.0322847,6.701503,0.08192676,0.08243794
train,chr17_58709949_GCC_,indel,-16.708168,-18.577291,1.8691235,0.040087927,0.04052414
train,chr17_58709949_GCC_CCT,missense,-26.91003,-21.535912,-5.374119,0.08499639,0.08555962
train,chr17_58709949_GCC_ACA,missense,-1.2845571,-4.2851286,3.0005715,0.081558175,0.08206833
train,chr17_58709949_GCC_AGC,missense,0.87247765,-5.0322847,5.9047623,0.08192676,0.08243794
train,chr17_58709949_GCC_GAT,missense,-2.6355784,-22.012854,19.377275,0.08411344,0.08466811
train,chr17_58709949_GCC_GGA,missense,-0.6990945,-1.304133,0.6050386,0.08061222,0.08111159
train,chr17_58709949_GCC_GTG,missense,0.85030323,-8.11621,8.966514,0.08231413,0.082849056
train,chr17_58709950_C_A,missense,-5.124161,-22.012854,16.888693,0.08411344,0.08466811
train,chr17_58709950_C_G,missense,0.26246858,-1.304133,1.5666016,0.08061222,0.08111159
train,chr17_58709950_C_T,missense,1.1983696,-8.11621,9.31458,0.08231413,0.082849056
train,chr17_58709951_C_A,synonymous,0.1308522,0.76035976,-0.62950754,-0.059356984,-0.059559837
train,chr17_58709951_C_G,synonymous,-0.51167154,0.76035976,-1.2720313,-0.059356984,-0.059559837
train,chr17_58709951_C_T,synonymous,1.168803,0.76035976,0.4084432,-0.059356984,-0.059559837
train,chr17_58709952_C_G,missense,-4.3024507,-4.1792393,-0.123211384,0.0807673,0.081285775
train,chr17_58709952_C_A,missense,-2.1181364,-5.949669,3.8315325,0.081585675,0.082117684
train,chr17_58709952_CAG_,indel,-26.327383,-22.162222,-4.165161,0.040928576,0.041289147
train,chr17_58709952_CAG_GCC,missense,-0.9486906,-3.0912888,2.1425982,0.08096691,0.08147773
train,chr17_58709952_CAG_AAA,missense,-3.7055495,-5.949669,2.2441194,0.081585675,0.082117684
train,chr17_58709952_CAG_CCC,missense,-19.697412,-22.791784,3.0943718,0.08421041,0.084787555
train,chr17_58709952_CAG_AGA,missense,0.036996294,-1.4352629,1.4722592,0.080264375,0.0807809
train,chr17_58709952_CAG_CTC,missense,-0.10141784,-5.2287664,5.1273484,0.08157891,0.08210539
train,chr17_58709952_CAG_GAA,missense,-2.3200254,-4.1792393,1.8592138,0.0807673,0.081285775
train,chr17_58709953_A_C,missense,-19.69875,-22.791784,3.0930347,0.08421041,0.084787555
train,chr17_58709953_A_G,missense,-0.04886053,-1.4352629,1.3864024,0.080264375,0.0807809
train,chr17_58709953_A_T,missense,-0.49375904,-5.2287664,4.7350073,0.08157891,0.08210539
train,chr17_58709954_G_A,synonymous,0.61747974,0.35631537,0.26116437,-0.060097504,-0.06026472
train,chr17_58709954_G_C,missense,-1.0228381,-1.9202256,0.8973875,0.08058959,0.08109488
train,chr17_58709954_G_T,missense,-1.5793184,-1.9202256,0.34090722,0.08058959,0.08109488
train,chr17_58709955_C_A,missense,-0.19186665,-0.5758579,0.38399124,0.08060931,0.08110838
train,chr17_58709955_C_G,missense,0.5829737,-3.0817518,3.6647255,0.0811633,0.081666015
train,chr17_58709955_CAA_,indel,-22.905865,-22.162222,-0.7436428,0.040928576,0.041289147
train,chr17_58709955_CAA_GCC,missense,-0.11313681,-0.15080523,0.037668422,0.07968924,0.08018804
train,chr17_58709955_CAA_CCC,missense,-19.1364,-23.270596,4.1341953,0.08411546,0.084699
train,chr17_58709955_CAA_AAG,missense,-1.114759,-0.5758579,-0.5389011,0.08060931,0.08110838
train,chr17_58709955_CAA_CGG,missense,-0.5478647,-0.24107432,-0.30679035,0.08024377,0.080735944
train,chr17_58709955_CAA_CTG,missense,0.3967904,-7.4061995,7.80299,0.0822075,0.08274409
train,chr17_58709955_CAA_GAG,missense,0.66735643,-3.0817518,3.7491083,0.0811633,0.081666015
train,chr17_58709956_A_G,missense,0.073722236,-0.24107432,0.31479657,0.08024377,0.080735944
train,chr17_58709956_A_C,missense,-18.682308,-23.270596,4.5882874,0.08411546,0.084699
train,chr17_58709956_A_T,missense,1.3156533,-7.4061995,8.721853,0.0822075,0.08274409
train,chr17_58709957_A_T,missense,0.1006172,-1.3630849,1.4637021,0.08121466,0.08169971
train,chr17_58709957_A_C,missense,0.6947285,-1.3630849,2.0578134,0.08121466,0.08169971
train,chr17_58709957_A_G,synonymous,1.4921547,0.6673622,0.8247925,-0.059659895,-0.059761547
train,chr17_58709961_A_G,missense,-0.7576576,-0.41724515,-0.34041244,0.08054968,0.0809598
train,chr17_58709961_A_C,missense,-0.085680895,0.30953217,-0.39521307,0.08005002,0.08045419
train,chr17_58709961_A_T,missense,-1.6069235,-2.1487188,0.5417954,0.081775434,0.08219169
train,chr17_58709961_ATC_,indel,-20.252956,-19.327322,-0.9256344,0.044702426,0.04498842
train,chr17_58709961_ATC_GCC,missense,-1.0790294,-1.148194,0.069164515,0.081213325,0.081630774
train,chr17_58709961_ATC_TTT,missense,-4.7319965,-2.1487188,-2.5832777,0.081775434,0.08219169
train,chr17_58709961_ATC_AAT,missense,-0.8628161,-7.6326685,6.7698526,0.083241686,0.08369188
train,chr17_58709961_ATC_ACA,missense,-0.367321,-1.0634158,0.69609475,0.08114358,0.08155907
train,chr17_58709961_ATC_CTG,missense,1.3895681,0.30953217,1.0800359,0.08005002,0.08045419
train,chr17_58709961_ATC_GTG,missense,-1.4795532,-0.41724515,-1.0623081,0.08054968,0.0809598
train,chr17_58709961_ATC_TCC,missense,-2.3545256,-4.344625,1.9900994,0.08260966,0.08304292
train,chr17_58709962_T_A,missense,-0.1080795,-7.6326685,7.524589,0.083241686,0.08369188
train,chr17_58709962_T_C,missense,-0.051152278,-1.0634158,1.0122635,0.08114358,0.08155907
train,chr17_58709962_T_G,missense,0.92411774,-4.344625,5.2687426,0.08260966,0.08304292
train,chr17_58709963_C_G,missense,-1.5612242,0.09362483,-1.654849,0.08024472,0.080666944
train,chr17_58709963_C_A,synonymous,1.2688121,0.78757286,0.4812392,-0.06091741,-0.060997687
train,chr17_58709963_C_T,synonymous,-1.088062,0.78757286,-1.8756349,-0.06091741,-0.060997687
train,chr17_58709964_A_G,missense,-0.7034814,-0.099653244,-0.60382813,0.079277664,0.079669096
train,chr17_58709964_A_C,missense,-0.3596325,-0.0067248344,-0.35290766,0.07944014,0.07985626
train,chr17_58709964_A_T,missense,-0.977566,0.20004344,-1.1776094,0.07935515,0.079759754
train,chr17_58709964_AGC_,indel,-18.701517,-18.656044,-0.0454731,0.043174967,0.043437425
train,chr17_58709964_AGC_GCC,missense,-0.7353649,0.4012282,-1.1365931,0.07865482,0.07904396
train,chr17_58709964_AGC_AAT,missense,-0.64659125,0.28259683,-0.9291881,0.07871281,0.07909797
train,chr17_58709964_AGC_ACA,missense,-1.0838042,0.3726399,-1.4564441,0.07801769,0.078414686
train,chr17_58709964_AGC_ATT,missense,-1.5799874,0.57137084,-2.1513581,0.078265965,0.07864809
train,chr17_58709964_AGC_CGG,missense,-1.0913314,-0.0067248344,-1.0846065,0.07944014,0.07985626
train,chr17_58709964_AGC_GGA,missense,-2.8411832,-0.099653244,-2.74153,0.079277664,0.079669096
train,chr17_58709964_AGC_TCA,synonymous,-0.6964778,0.5195584,-1.2160362,-0.061858702,-0.061981246
train,chr17_58709964_AGC_TCC,synonymous,1.0389062,0.5195584,0.5193478,-0.061858702,-0.061981246
train,chr17_58709964_AGC_TCG,synonymous,0.2310814,0.5195584,-0.28847703,-0.061858702,-0.061981246
train,chr17_58709964_AGC_TCT,synonymous,0.65003544,0.5195584,0.13047701,-0.061858702,-0.061981246
train,chr17_58709964_AGC_TGT,missense,-1.3938046,0.20004344,-1.593848,0.07935515,0.079759754
train,chr17_58709965_G_A,missense,-0.2172105,0.28259683,-0.49980733,0.07871281,0.07909797
train,chr17_58709965_G_C,missense,-0.12277083,0.3726399,-0.49541074,0.07801769,0.078414686
train,chr17_58709965_G_T,missense,-2.0227032,0.57137084,-2.594074,0.078265965,0.07864809
train,chr17_58709966_C_T,synonymous,1.6232688,0.5195584,1.1037104,-0.061858702,-0.061981246
train,chr17_58709966_C_A,missense,-1.6181405,-0.0067248344,-1.6114156,0.07944014,0.07985626
train,chr17_58709966_C_G,missense,-1.7346293,-0.0067248344,-1.7279044,0.07944014,0.07985626
train,chr17_58709967_C_A,missense,0.8622299,-0.68905807,1.5512879,0.07945241,0.07991065
train,chr17_58709967_C_G,missense,-1.850542,-0.53626966,-1.3142723,0.078963965,0.079417154
train,chr17_58709967_C_T,missense,-0.64890957,-2.3196607,1.6707511,0.08081131,0.08124567
train,chr17_58709967_CTT_,indel,-17.888147,-16.93131,-0.9568367,0.042129833,0.042287335
train,chr17_58709967_CTT_GCC,missense,1.1050804,-0.057429075,1.1625094,0.0784899,0.07892771
train,chr17_58709967_CTT_CCC,missense,-18.34693,-20.05449,1.7075596,0.083900824,0.084409334
train,chr17_58709967_CTT_CGG,missense,-4.9263496,-11.862025,6.9356756,0.082660794,0.08314416
train,chr17_58709967_CTT_ATC,missense,0.6376888,-0.68905807,1.326747,0.07945241,0.07991065
train,chr17_58709967_CTT_CAC,missense,0.48936453,-2.5751886,3.0645533,0.08130186,0.08172824
train,chr17_58709967_CTT_GTG,missense,-1.1551461,-0.53626966,-0.61887646,0.078963965,0.079417154
train,chr17_58709967_CTT_TTA,synonymous,-0.43053338,0.42442822,-0.85496163,-0.06217346,-0.062277995
train,chr17_58709967_CTT_TTC,missense,0.080792256,-2.3196607,2.4004529,0.08081131,0.08124567
train,chr17_58709967_CTT_TTG,synonymous,-0.7988729,0.42442822,-1.2233012,-0.06217346,-0.062277995
train,chr17_58709968_T_C,missense,-19.084492,-20.05449,0.9699974,0.083900824,0.084409334
train,chr17_58709968_T_G,missense,-5.3599086,-11.862025,6.5021167,0.082660794,0.08314416
train,chr17_58709968_T_A,missense,-0.44860798,-2.5751886,2.1265807,0.08130186,0.08172824
train,chr17_58709969_T_G,synonymous,-1.184958,0.42442822,-1.6093862,-0.06217346,-0.062277995
train,chr17_58709969_T_A,synonymous,-0.93568236,0.42442822,-1.3601105,-0.06217346,-0.062277995
train,chr17_58709969_T_C,synonymous,1.1761671,0.42442822,0.7517389,-0.06217346,-0.062277995
train,chr17_58709970_G_C,missense,-12.848892,-18.091866,5.2429733,0.083173394,0.083718345
train,chr17_58709970_G_A,missense,-1.3071804,-1.8861102,0.5789298,0.07994396,0.080448054
train,chr17_58709970_G_T,missense,1.4192079,-0.43659496,1.8558029,0.078683615,0.07916948
train,chr17_58709970_GCA_,indel,-20.555824,-19.378233,-1.1775913,0.0368771,0.03706816
train,chr17_58709970_GCA_CCC,missense,-20.380953,-18.091866,-2.2890873,0.083173394,0.083718345
train,chr17_58709970_GCA_GAG,missense,-3.3687913,-9.56805,6.199259,0.081946865,0.0824773
train,chr17_58709970_GCA_GTG,missense,-2.9480138,-1.9535348,-0.99447894,0.07985898,0.080373734
train,chr17_58709970_GCA_ACC,missense,-2.4243162,-1.8861102,-0.538206,0.07994396,0.080448054
train,chr17_58709970_GCA_AGC,missense,-0.7715765,-0.43659496,-0.33498156,0.078683615,0.07916948
train,chr17_58709970_GCA_GGC,missense,0.7113642,-1.2288059,1.94017,0.0799412,0.080407165
train,chr17_58709971_C_A,missense,-1.919582,-9.56805,7.6484685,0.081946865,0.0824773
train,chr17_58709971_C_T,missense,-1.6138717,-1.9535348,0.33966315,0.07985898,0.080373734
train,chr17_58709971_C_G,missense,0.06721739,-1.2288059,1.2960232,0.0799412,0.080407165
train,chr17_58709972_A_G,synonymous,-1.893832,0.33232975,-2.2261617,-0.060248632,-0.060316868
train,chr17_58709972_A_C,synonymous,-1.0584402,0.33232975,-1.39077,-0.060248632,-0.060316868
train,chr17_58709972_A_T,synonymous,1.433087,0.33232975,1.1007572,-0.060248632,-0.060316868
train,chr17_58709973_AAT_,indel,-5.4892454,-4.4139113,-1.0753341,0.026782451,0.02699901
train,chr17_58709976_A_G,missense,0.25715563,-0.056040525,0.31319615,0.07513975,0.075575516
train,chr17_58709976_A_C,missense,-0.84312207,0.16630387,-1.0094259,0.075264394,0.07569321
train,chr17_58709976_A_T,missense,-1.0417186,0.49961352,-1.5413321,0.07521482,0.075653
train,chr17_58709976_AAT_GCC,missense,-0.73927665,0.4068811,-1.1461577,0.07500644,0.07543485
train,chr17_58709976_AAT_ACC,missense,0.50379896,0.032321453,0.4714775,0.07532224,0.07574315
train,chr17_58709976_AAT_AGC,missense,-1.1959381,-0.09210539,-1.1038327,0.07549634,0.075931646
train,chr17_58709976_AAT_ATC,missense,-0.16709043,0.5232935,-0.6903839,0.07509896,0.07552502
train,chr17_58709976_AAT_CAC,missense,-1.1860142,0.16630387,-1.352318,0.075264394,0.07569321
train,chr17_58709976_AAT_GAC,missense,-1.5365819,-0.056040525,-1.4805413,0.07513975,0.075575516
train,chr17_58709976_AAT_TAC,missense,0.34463933,0.49961352,-0.15497419,0.07521482,0.075653
train,chr17_58709977_A_C,missense,-1.3494586,0.032321453,-1.38178,0.07532224,0.07574315
train,chr17_58709977_A_G,missense,-0.15187861,-0.09210539,-0.05977322,0.07549634,0.075931646
train,chr17_58709977_A_T,missense,-0.10930781,0.5232935,-0.6326013,0.07509896,0.07552502
train,chr17_58709978_T_A,missense,2.179524,-0.29685855,2.4763825,0.07591408,0.07636378
train,chr17_58709978_T_C,synonymous,0.29784104,0.47254157,-0.17470053,-0.063632004,-0.06378798
train,chr17_58709978_T_G,missense,1.7132126,-0.29685855,2.0100713,0.07591408,0.07636378
train,chr17_58709985_T_A,missense,-1.1556728,0.008085728,-1.1637585,0.07618432,0.0765684
train,chr17_58709985_T_C,synonymous,-0.53214747,0.49082088,-1.0229683,-0.06482504,-0.06483316
train,chr17_58709985_T_G,missense,-0.6911483,-0.028160572,-0.6629877,0.07650516,0.07689744
train,chr17_58709985_TTA_,indel,-8.652845,-11.327068,2.674223,0.031122208,0.031376265
train,chr17_58709985_TTA_GCC,missense,0.040064707,-0.018996,0.059060708,0.07650536,0.07690589
train,chr17_58709985_TTA_AGC,missense,-0.17039917,-1.5655508,1.3951516,0.07844909,0.07886408
train,chr17_58709985_TTA_ATC,missense,-1.5252143,0.008085728,-1.5333,0.07618432,0.0765684
train,chr17_58709985_TTA_CTC,synonymous,0.48921835,0.49082088,-0.0016025305,-0.06482504,-0.06483316
train,chr17_58709985_TTA_CTG,synonymous,-0.9262952,0.49082088,-1.4171162,-0.06482504,-0.06483316
train,chr17_58709985_TTA_CTT,synonymous,1.4138786,0.49082088,0.9230577,-0.06482504,-0.06483316
train,chr17_58709985_TTA_GTG,missense,0.6332192,-0.028160572,0.66137975,0.07650516,0.07689744
train,chr17_58709986_T_C,missense,0.40652192,-1.5655508,1.9720727,0.07844909,0.07886408
train,chr17_58709987_A_C,missense,-1.160183,-0.8005457,-0.35963726,0.07751695,0.07792738
train,chr17_58709987_A_G,synonymous,-1.3960414,0.49082088,-1.8868623,-0.06482504,-0.06483316
train,chr17_58709987_A_T,missense,-0.6176181,-0.8005457,0.18292761,0.07751695,0.07792738
train,chr17_58720746_G_A,missense,3.2130914,0.10845876,3.1046326,0.07708319,0.07741911
train,chr17_58720746_G_C,missense,-0.42476478,-0.02126789,-0.4034969,0.07806053,0.07840377
train,chr17_58720746_G_T,missense,-1.0240854,-0.02126789,-1.0028175,0.07806053,0.07840377
train,chr17_58720746_GTA_,indel,-20.75556,-19.181189,-1.5743713,0.041274626,0.04146211
train,chr17_58720746_GTA_GCC,missense,-0.6434665,-0.45845628,-0.1850102,0.078997195,0.07936841
train,chr17_58720746_GTA_GAG,missense,-17.289932,-6.0035577,-11.286375,0.08077953,0.08119195
train,chr17_58720746_GTA_ATC,missense,-0.26991788,0.10845876,-0.37837663,0.07708319,0.07741911
train,chr17_58720746_GTA_CTG,missense,0.8832546,-0.02126789,0.9045225,0.07806053,0.07840377
train,chr17_58720746_GTA_GGC,missense,-0.030684244,-4.7304854,4.699801,0.08062938,0.08102035
train,chr17_58720747_T_A,missense,-13.595532,-6.0035577,-7.5919747,0.08077953,0.08119195
train,chr17_58720747_T_C,missense,0.34167925,-0.45845628,0.8001355,0.078997195,0.07936841
train,chr17_58720747_T_G,missense,-0.3163764,-4.7304854,4.414109,0.08062938,0.08102035
train,chr17_58720748_A_G,synonymous,-0.85896856,0.52362967,-1.3825982,-0.06325078,-0.06327454
train,chr17_58720748_A_C,synonymous,-2.0498738,0.52362967,-2.5735035,-0.06325078,-0.06327454
train,chr17_58720748_A_T,synonymous,0.12348243,0.52362967,-0.40014723,-0.06325078,-0.06327454
train,chr17_58720752_T_A,missense,-1.1394007,-0.9308965,-0.2085042,0.0787482,0.07915561
train,chr17_58720752_T_C,synonymous,0.32643074,0.39631128,-0.069880545,-0.06304311,-0.06304765
train,chr17_58720752_T_G,missense,-1.848523,-0.43962932,-1.4088937,0.07781953,0.07820996
train,chr17_58720752_TTA_,indel,-20.348679,-19.895061,-0.4536171,0.04241663,0.042539053
train,chr17_58720752_TTA_GCC,missense,-0.8180454,-0.22802639,-0.590019,0.07754354,0.07794093
train,chr17_58720752_TTA_AGC,missense,-2.9958403,-3.3109138,0.3150735,0.08013072,0.08055006
train,chr17_58720752_TTA_ATC,missense,-0.20376615,-0.9308965,0.72713035,0.0787482,0.07915561
train,chr17_58720752_TTA_CTC,synonymous,-1.1472731,0.39631128,-1.5435843,-0.06304311,-0.06304765
train,chr17_58720752_TTA_CTG,synonymous,0.297519,0.39631128,-0.098792285,-0.06304311,-0.06304765
train,chr17_58720752_TTA_CTT,synonymous,-0.3305122,0.39631128,-0.72682345,-0.06304311,-0.06304765
train,chr17_58720752_TTA_GTG,missense,-2.3106387,-0.43962932,-1.8710093,0.07781953,0.07820996
train,chr17_58720753_T_C,missense,-0.24593511,-3.3109138,3.0649786,0.08013072,0.08055006
train,chr17_58720754_A_C,missense,-0.6033936,-2.5975926,1.994199,0.07970331,0.08012037
train,chr17_58720754_A_G,synonymous,-0.32540223,0.39631128,-0.72171354,-0.06304311,-0.06304765
train,chr17_58720754_A_T,missense,1.4798003,-2.5975926,4.077393,0.07970331,0.08012037
train,chr17_58720755_A_C,missense,-18.004652,-20.470734,2.4660816,0.083582215,0.08407617
train,chr17_58720755_A_G,missense,-6.567594,-4.0182533,-2.5493407,0.08063142,0.08105702
train,chr17_58720755_A_T,missense,0.537839,-3.3352535,3.8730924,0.08022954,0.08065985
train,chr17_58720755_ACT_,indel,-18.947659,-20.198683,1.2510242,0.046140693,0.046257507
train,chr17_58720755_ACT_GCC,missense,-8.090237,-4.0182533,-4.0719833,0.08063142,0.08105702
train,chr17_58720755_ACT_AAC,missense,-12.636037,-17.920532,5.2844954,0.082616284,0.0830436
train,chr17_58720755_ACT_CCC,missense,-20.019865,-20.470734,0.4508686,0.083582215,0.08407617
train,chr17_58720755_ACT_AGC,missense,-1.5387471,-3.3352535,1.7965064,0.08022954,0.08065985
train,chr17_58720755_ACT_ATC,missense,-2.5357823,-3.7276015,1.1918192,0.08046091,0.08086831
train,chr17_58720756_C_G,missense,-0.85968864,-3.3352535,2.475565,0.08022954,0.08065985
train,chr17_58720756_C_A,missense,-18.482296,-17.920532,-0.56176376,0.082616284,0.0830436
train,chr17_58720756_C_T,missense,-1.9531757,-3.7276015,1.7744259,0.08046091,0.08086831
train,chr17_58720757_T_A,synonymous,-0.31382558,0.3071015,-0.6209271,-0.06203599,-0.06206789
train,chr17_58720757_T_G,synonymous,-2.7889786,0.3071015,-3.09608,-0.06203599,-0.06206789
train,chr17_58720758_A_G,missense,-20.633926,-19.741917,-0.89200974,0.08399527,0.084440656
train,chr17_58720758_A_C,missense,-23.717115,-19.778484,-3.938631,0.083677925,0.08408627
train,chr17_58720758_A_T,missense,-20.36462,-19.443563,-0.92105675,0.08391611,0.084330924
train,chr17_58720758_AAC_,indel,-21.115358,-20.82416,-0.29119873,0.044252,0.044430595
train,chr17_58720758_AAC_GCC,missense,-20.851643,-19.87334,-0.978302,0.085489534,0.08591899
train,chr17_58720758_AAC_ACA,missense,-16.949543,-20.339392,3.3898487,0.08510499,0.08551617
train,chr17_58720758_AAC_ATT,missense,-20.86173,-19.939999,-0.92173195,0.086896874,0.08734067
train,chr17_58720758_AAC_CAT,missense,-12.068015,-19.778484,7.7104692,0.083677925,0.08408627
train,chr17_58720758_AAC_GAT,missense,-9.87928,-19.741917,9.862637,0.08399527,0.084440656
train,chr17_58720758_AAC_TAT,missense,-8.192104,-19.443563,11.251459,0.08391611,0.084330924
train,chr17_58720758_AAC_TCC,missense,-22.989136,-20.920527,-2.0686092,0.083879404,0.08430444
train,chr17_58720759_A_C,missense,-17.170916,-20.339392,3.168476,0.08510499,0.08551617
train,chr17_58720759_A_G,missense,-19.741905,-20.920527,1.1786213,0.083879404,0.08430444
train,chr17_58720759_A_T,missense,-23.079796,-19.939999,-3.1397972,0.086896874,0.08734067
train,chr17_58720760_C_A,missense,-17.963114,-20.446617,2.4835033,0.0848022,0.085251905
train,chr17_58720760_C_G,missense,-22.432615,-20.446617,-1.9859982,0.0848022,0.085251905
train,chr17_58720761_C_A,missense,-11.0370035,-7.2361126,-3.800891,0.0822732,0.08263659
train,chr17_58720761_C_G,missense,-1.8417628,-9.5391445,7.697382,0.08277883,0.08313966
train,chr17_58720761_CAG_,indel,-19.648966,-21.818884,2.169918,0.03971915,0.039925028
train,chr17_58720761_CAG_GCC,missense,-3.1477168,-11.483136,8.33542,0.08325857,0.08357449
train,chr17_58720761_CAG_AAA,missense,-8.180636,-7.2361126,-0.9445238,0.0822732,0.08263659
train,chr17_58720761_CAG_AGA,missense,-5.5989137,-8.574959,2.9760451,0.082471386,0.08283392
train,chr17_58720761_CAG_CCC,missense,-18.1793,-18.838871,0.6595707,0.0846722,0.08501425
train,chr17_58720761_CAG_CTC,missense,-9.78325,-14.553666,4.7704163,0.08345692,0.083801284
train,chr17_58720761_CAG_GAA,missense,-1.9557623,-9.5391445,7.583382,0.08277883,0.08313966
train,chr17_58720762_A_G,missense,-6.6453586,-8.574959,1.9296002,0.082471386,0.08283392
train,chr17_58720762_A_C,missense,-19.133783,-18.838871,-0.29491234,0.0846722,0.08501425
train,chr17_58720762_A_T,missense,-11.359788,-14.553666,3.1938782,0.08345692,0.083801284
train,chr17_58720763_G_C,missense,0.11723559,-1.146858,1.2640935,0.080424935,0.08074536
train,chr17_58720763_G_T,missense,0.5677045,-1.146858,1.7145624,0.080424935,0.08074536
train,chr17_58720763_G_A,synonymous,2.409759,0.30318427,2.1065748,-0.062104087,-0.062160015
train,chr17_58720764_A_G,missense,0.39094958,-0.2945292,0.6854788,0.07970878,0.080008715
train,chr17_58720764_A_C,missense,-1.711956,-0.5529978,-1.1589582,0.08025654,0.08057227
train,chr17_58720764_A_T,missense,1.656691,-0.5529978,2.2096887,0.08025654,0.08057227
train,chr17_58720764_ATG_,indel,-18.8333,-20.32839,1.4950905,0.040685903,0.04085049
train,chr17_58720764_ATG_GCC,missense,-7.7402477,-3.6603847,-4.079863,0.08184043,0.08215272
train,chr17_58720764_ATG_AAA,missense,-19.695127,-17.86338,-1.831747,0.084483415,0.08485171
train,chr17_58720764_ATG_CGG,missense,-13.938597,-17.892185,3.9535885,0.08530688,0.08567182
train,chr17_58720764_ATG_ACC,missense,-2.5148535,-2.503017,-0.011836529,0.08157043,0.081875816
train,chr17_58720764_ATG_CTC,missense,1.5866743,-0.5529978,2.1396723,0.08025654,0.08057227
train,chr17_58720764_ATG_GTC,missense,0.341827,-0.2945292,0.63635623,0.07970878,0.080008715
train,chr17_58720765_T_G,missense,-11.16965,-17.892185,6.722535,0.08530688,0.08567182
train,chr17_58720765_T_A,missense,-18.72273,-17.86338,-0.8593502,0.084483415,0.08485171
train,chr17_58720765_T_C,missense,-0.6847308,-2.503017,1.8182862,0.08157043,0.081875816
train,chr17_58720766_G_C,missense,0.36105314,-0.22314382,0.5841969,0.07971145,0.08001039
train,chr17_58720766_G_A,missense,-1.4429793,-0.22314382,-1.2198355,0.07971145,0.08001039
train,chr17_58720766_G_T,missense,-2.2567604,-0.22314382,-2.0336165,0.07971145,0.08001039
train,chr17_58720767_A_G,missense,-1.164063,-1.597818,0.43375504,0.078956224,0.079290174
train,chr17_58720767_A_C,missense,-22.844376,-18.016993,-4.827383,0.0816475,0.08206943
train,chr17_58720767_A_T,missense,-1.7644336,-1.2760812,-0.48835242,0.078638546,0.07897256
train,chr17_58720767_ACA_GCC,missense,1.1562426,-1.597818,2.7540607,0.078956224,0.079290174
train,chr17_58720767_ACA_ATC,missense,-4.0749044,-3.0020597,-1.0728447,0.079551205,0.07989019
train,chr17_58720767_ACA_CCC,missense,-14.3645525,-18.016993,3.65244,0.0816475,0.08206943
train,chr17_58720767_ACA_CGG,missense,-4.6869307,-5.4788218,0.7918911,0.07982985,0.08021287
train,chr17_58720767_ACA_AAG,missense,-0.07339166,-3.918305,3.8449132,0.07951384,0.079891376
train,chr17_58720767_ACA_AGC,missense,1.830195,-1.2760812,3.106276,0.078638546,0.07897256
train,chr17_58720768_C_G,missense,-3.5441225,-5.4788218,1.9346993,0.07982985,0.08021287
train,chr17_58720768_C_A,missense,-0.54213077,-3.918305,3.3761742,0.07951384,0.079891376
train,chr17_58720768_C_T,missense,-0.22309059,-3.0020597,2.778969,0.079551205,0.07989019
train,chr17_58720769_A_C,synonymous,-1.3737665,0.20153403,-1.5753006,-0.061089832,-0.061096206
train,chr17_58720769_A_G,synonymous,-1.7231365,0.20153403,-1.9246706,-0.061089832,-0.061096206
train,chr17_58720769_A_T,synonymous,0.95815444,0.20153403,0.7566204,-0.061089832,-0.061096206
train,chr17_58720776_A_T,missense,2.135825,-0.6205301,2.756355,0.076027796,0.07642241
train,chr17_58720776_A_C,missense,1.0325593,-0.42593384,1.4584931,0.07612576,0.076509185
train,chr17_58720776_A_G,missense,-1.2253016,-0.627146,-0.5981556,0.07632744,0.0767082
train,chr17_58720776_ATT_,indel,-13.107381,-21.073946,7.966565,0.031445265,0.031427752
train,chr17_58720776_ATT_GCC,missense,-2.0057693,-1.5023437,-0.5034256,0.0770213,0.07740452
train,chr17_58720776_ATT_AAC,missense,-5.3373394,-4.999727,-0.33761263,0.07869256,0.07908903
train,chr17_58720776_ATT_ACC,missense,-2.4963553,-1.1860029,-1.3103524,0.0767228,0.07710695
train,chr17_58720776_ATT_AGC,missense,-2.6817749,-2.8667083,0.18493342,0.07786994,0.078256615
train,chr17_58720776_ATT_CTG,missense,0.9917934,-0.42593384,1.4177272,0.07612576,0.076509185
train,chr17_58720776_ATT_GTG,missense,-0.7118262,-0.627146,-0.0846802,0.07632744,0.0767082
train,chr17_58720776_ATT_TTC,missense,1.1988602,-0.6205301,1.8193903,0.076027796,0.07642241
train,chr17_58720777_T_C,missense,-2.8313487,-1.1860029,-1.6453458,0.0767228,0.07710695
train,chr17_58720777_T_G,missense,-3.6940877,-2.8667083,-0.82737947,0.07786994,0.078256615
train,chr17_58720777_T_A,missense,-2.4143095,-4.999727,2.5854173,0.07869256,0.07908903
train,chr17_58720778_T_A,synonymous,3.7535439,0.12716126,3.6263826,-0.06398894,-0.064155184
train,chr17_58720778_T_G,missense,0.13555954,-0.49549866,0.6310582,0.0762754,0.076663464
train,chr17_58720778_T_C,synonymous,-0.10651342,0.12716126,-0.23367468,-0.06398894,-0.064155184
train,chr17_58720779_G_A,missense,-0.85443294,-0.34764338,-0.50678957,0.07573417,0.07616175
train,chr17_58720779_G_C,missense,-2.5133905,-0.7638838,-1.7495067,0.07642601,0.07685069
train,chr17_58720779_G_T,missense,-1.5817899,-1.6248462,0.04305637,0.076949574,0.07738928
train,chr17_58720779_GAT_,indel,-1.056081,-3.2164407,2.1603596,0.029088354,0.029099075
train,chr17_58720779_GAT_GCC,missense,-1.4919069,-1.0962167,-0.3956902,0.07683768,0.07727916
train,chr17_58720779_GAT_AAC,missense,-0.31939498,-0.34764338,0.0282484,0.07573417,0.07616175
train,chr17_58720779_GAT_CAC,missense,-2.5844567,-0.7638838,-1.8205729,0.07642601,0.07685069
train,chr17_58720779_GAT_GGC,missense,0.31932545,-0.71719646,1.0365219,0.0764827,0.07690359
train,chr17_58720779_GAT_GTG,missense,0.16405515,-2.1215806,2.2856357,0.07744955,0.0779071
train,chr17_58720779_GAT_TAC,missense,-0.9160468,-1.6248462,0.7087994,0.076949574,0.07738928
train,chr17_58720780_A_G,missense,-0.25312987,-0.71719646,0.4640666,0.0764827,0.07690359
train,chr17_58720780_A_C,missense,-0.21745704,-1.0962167,0.8787596,0.07683768,0.07727916
train,chr17_58720780_A_T,missense,1.6562468,-2.1215806,3.7778273,0.07744955,0.0779071
train,chr17_58720781_T_C,synonymous,0.23242801,0.12770796,0.104720056,-0.06358965,-0.06375076
train,chr17_58720781_T_G,missense,-2.6507845,-1.7890215,-0.861763,0.07709098,0.07751831
train,chr17_58720781_T_A,missense,0.100285456,-1.7890215,1.8893069,0.07709098,0.07751831
train,chr17_58720785_A_C,missense,0.21197541,-0.6855819,0.8975573,0.075668946,0.07612923
train,chr17_58720785_A_G,missense,-1.0093311,-0.85810876,-0.15122235,0.075345576,0.07582958
train,chr17_58720785_A_T,missense,0.6116206,-3.1861198,3.7977405,0.07730789,0.07779318
train,chr17_58720785_AAT_,indel,-1.3182149,-3.5322711,2.2140563,0.02663376,0.026803404
train,chr17_58720785_AAT_GCC,missense,-2.8255148,-0.4930265,-2.3324883,0.07557602,0.076060995
train,chr17_58720785_AAT_ACC,missense,-1.2659818,-0.45271826,-0.81326354,0.07514295,0.07560979
train,chr17_58720785_AAT_AGC,missense,0.7313595,-0.82274723,1.5541067,0.075629726,0.07611129
train,chr17_58720785_AAT_ATC,missense,-1.7959002,-3.8544528,2.0585527,0.07726989,0.07778376
train,chr17_58720785_AAT_CAC,missense,-1.0361803,-0.6855819,-0.35059834,0.075668946,0.07612923
train,chr17_58720785_AAT_GAC,missense,-1.3504885,-0.85810876,-0.49237978,0.075345576,0.07582958
train,chr17_58720785_AAT_TAC,missense,-0.56633663,-3.1861198,2.6197832,0.07730789,0.07779318
train,chr17_58720786_A_G,missense,-2.7824,-0.82274723,-1.9596527,0.075629726,0.07611129
train,chr17_58720786_A_C,missense,-1.059431,-0.45271826,-0.6067127,0.07514295,0.07560979
train,chr17_58720786_A_T,missense,-2.3599088,-3.8544528,1.494544,0.07726989,0.07778376
train,chr17_58720787_T_C,synonymous,0.1392586,0.24875593,-0.10949734,-0.06453177,-0.064622425
train,chr17_58720787_T_A,missense,-0.24645385,-0.93411255,0.68765867,0.07555739,0.07605332
train,chr17_58720787_T_G,missense,0.3640999,-0.93411255,1.2982124,0.07555739,0.07605332
train,chr17_58720788_C_A,missense,0.06750344,-0.59333825,0.6608417,0.07629667,0.076801084
train,chr17_58720788_C_G,missense,0.7672103,-0.51214385,1.2793541,0.075251915,0.07573064
train,chr17_58720788_CAG_,indel,-1.8047327,-1.9862669,0.18153417,0.026183976,0.026419822
train,chr17_58720788_CAG_GCC,missense,-0.81690025,-0.48696947,-0.32993078,0.076038405,0.07650883
train,chr17_58720788_CAG_AAA,missense,0.097741306,-0.59333825,0.69107956,0.07629667,0.076801084
train,chr17_58720788_CAG_AGA,missense,-0.103466704,-0.32234168,0.21887498,0.075516045,0.07601387
train,chr17_58720788_CAG_CCC,missense,-0.5459049,-1.8845237,1.3386189,0.07653695,0.077033475
train,chr17_58720788_CAG_CTC,missense,0.06980055,-3.7712295,3.8410301,0.07823206,0.07871733
train,chr17_58720788_CAG_GAA,missense,-1.3117491,-0.51214385,-0.79960525,0.075251915,0.07573064
train,chr17_58720789_A_C,missense,-0.7165823,-1.8845237,1.1679415,0.07653695,0.077033475
train,chr17_58720789_A_G,missense,-0.4203776,-0.32234168,-0.09803593,0.075516045,0.07601387
train,chr17_58720789_A_T,missense,-2.2363539,-3.7712295,1.5348756,0.07823206,0.07871733
train,chr17_58720790_G_C,missense,-0.671172,-1.1628032,0.49163115,0.07658403,0.077056326
train,chr17_58720790_G_A,synonymous,-0.7599303,0.22666717,-0.9865975,-0.06369927,-0.0637859
train,chr17_58720790_G_T,missense,-1.628971,-1.1628032,-0.4661678,0.07658403,0.077056326
train,chr17_58720794_T_A,missense,0.33781415,-0.12110829,0.45892245,0.07641443,0.076832384
train,chr17_58720794_T_C,synonymous,0.41430414,0.32746553,0.0868386,-0.06305944,-0.063157916
train,chr17_58720794_T_G,missense,-1.1448135,-0.76482964,-0.3799839,0.077146105,0.077569805
train,chr17_58720794_TTG_,indel,-1.6543591,-3.2956784,1.6413193,0.028592495,0.028853653
train,chr17_58720794_TTG_GCC,missense,-0.99985796,0.054571867,-1.0544298,0.075795166,0.076196305
train,chr17_58720794_TTG_AGC,missense,-0.4602783,0.00690794,-0.46718624,0.075946614,0.07634473
train,chr17_58720794_TTG_CTA,synonymous,1.6342647,0.32746553,1.3067992,-0.06305944,-0.063157916
train,chr17_58720794_TTG_CTC,synonymous,-1.0718393,0.32746553,-1.3993049,-0.06305944,-0.063157916
train,chr17_58720794_TTG_CTT,synonymous,-0.54942864,0.32746553,-0.8768942,-0.06305944,-0.063157916
train,chr17_58720794_TTG_GTC,missense,-1.3628628,-0.76482964,-0.5980332,0.077146105,0.077569805
train,chr17_58720795_T_C,missense,0.51394266,0.00690794,0.5070347,0.075946614,0.07634473
train,chr17_58720795_T_G,missense,1.0205761,-0.69669104,1.7172672,0.07709745,0.077533856
train,chr17_58720796_G_A,synonymous,-1.5657718,0.32746553,-1.8932374,-0.06305944,-0.063157916
train,chr17_58720796_G_C,missense,-0.6503263,0.23018074,-0.88050705,0.07547588,0.07589601
train,chr17_58720796_G_T,missense,1.9245684,0.23018074,1.6943877,0.07547588,0.07589601
train,chr17_58720797_C_A,missense,-0.3112107,-0.5768678,0.26565713,0.07705936,0.07745987
train,chr17_58720797_C_G,missense,-0.6225533,-0.6184797,-0.0040735602,0.07692586,0.07732281
train,chr17_58720797_C_T,missense,0.5418575,-0.8790715,1.420929,0.07726073,0.07767788
train,chr17_58720797_CTT_,indel,-1.5917776,-3.2956784,1.7039008,0.028592495,0.028853653
train,chr17_58720797_CTT_GCC,missense,-1.4197953,-0.73483205,-0.6849632,0.07703372,0.07743644
train,chr17_58720797_CTT_ATC,missense,-3.099688,-0.5768678,-2.5228202,0.07705936,0.07745987
train,chr17_58720797_CTT_CGG,missense,-2.9412475,-3.7707336,0.82948613,0.07919096,0.07962406
train,chr17_58720797_CTT_GTG,missense,-3.5306678,-0.6184797,-2.912188,0.07692586,0.07732281
train,chr17_58720797_CTT_TTA,synonymous,2.9600236,0.338552,2.6214716,-0.061412092,-0.061476216
train,chr17_58720797_CTT_CAC,missense,-2.035064,-1.8465787,-0.18848526,0.07847438,0.078895465
train,chr17_58720797_CTT_CCC,missense,-1.6500317,-1.6855536,0.035521865,0.0781905,0.07862029
train,chr17_58720797_CTT_TTC,missense,-1.5471091,-0.8790715,-0.66803765,0.07726073,0.07767788
train,chr17_58720797_CTT_TTG,synonymous,2.539981,0.338552,2.201429,-0.061412092,-0.061476216
train,chr17_58720798_T_C,missense,-1.4441711,-1.6855536,0.24138248,0.0781905,0.07862029
train,chr17_58720798_T_G,missense,-0.092091426,-3.7707336,3.6786423,0.07919096,0.07962406
train,chr17_58720798_T_A,missense,1.5358164,-1.8465787,3.3823953,0.07847438,0.078895465
train,chr17_58720799_T_A,synonymous,1.3021116,0.338552,0.9635596,-0.061412092,-0.061476216
train,chr17_58720799_T_C,synonymous,0.24488285,0.338552,-0.09366915,-0.061412092,-0.061476216
train,chr17_58720799_T_G,synonymous,0.9257497,0.338552,0.5871977,-0.061412092,-0.061476216
train,chr17_58720809_T_A,missense,-17.931255,-19.059256,1.1280003,0.08396045,0.08440428
train,chr17_58720809_T_G,missense,-17.377329,-18.55106,1.1737309,0.084607214,0.08505845
train,chr17_58720809_T_C,synonymous,0.07385267,-0.44620824,0.5200609,-0.05965532,-0.05962304
train,chr17_58720809_TTA_,indel,-13.7624,-16.292114,2.5297146,0.043673612,0.043817297
train,chr17_58720809_TTA_GCC,missense,-15.39146,-17.729097,2.337637,0.08667282,0.08713125
train,chr17_58720809_TTA_AGC,missense,-13.878652,-17.615679,3.7370272,0.087679,0.08813775
train,chr17_58720809_TTA_ATC,missense,-19.886024,-19.059256,-0.8267689,0.08396045,0.08440428
train,chr17_58720809_TTA_GTG,missense,-17.120758,-18.55106,1.4303017,0.084607214,0.08505845
train,chr17_58720809_TTA_CTC,synonymous,1.2120491,-0.44620824,1.6582574,-0.05965532,-0.05962304
train,chr17_58720809_TTA_CTG,synonymous,0.3904204,-0.44620824,0.8366287,-0.05965532,-0.05962304
train,chr17_58720809_TTA_CTT,synonymous,-2.1190476,-0.44620824,-1.6728394,-0.05965532,-0.05962304
train,chr17_58720810_T_C,missense,-22.75008,-17.615679,-5.1344013,0.087679,0.08813775
train,chr17_58720811_A_C,missense,-0.51454234,-13.67133,13.156788,0.08237578,0.0828193
train,chr17_58720811_A_G,synonymous,1.4696333,-0.44620824,1.9158416,-0.05965532,-0.05962304
train,chr17_58720811_A_T,missense,-1.7634444,-13.67133,11.9078865,0.08237578,0.0828193
train,chr17_58724042_G_A,missense,-3.9996831,-7.5134764,3.5137932,0.08239095,0.08265207
train,chr17_58724042_G_C,missense,-1.210424,0.08357024,-1.2939942,0.07859947,0.07884442
train,chr17_58724042_GAA_,indel,-18.229254,-16.316158,-1.9130955,0.043667115,0.043818433
train,chr17_58724042_GAA_GCC,missense,-1.5684457,-1.5802504,0.0118047,0.08030417,0.080562524
train,chr17_58724042_GAA_AAG,missense,-3.1957467,-7.5134764,4.31773,0.08239095,0.08265207
train,chr17_58724042_GAA_CAG,missense,0.2721451,0.08357024,0.18857485,0.07859947,0.07884442
train,chr17_58724042_GAA_GGC,missense,-2.0564258,-4.8342485,2.7778227,0.08158954,0.08186329
train,chr17_58724042_GAA_GTG,missense,-0.73494846,-2.2606719,1.5257235,0.08080334,0.08106244
train,chr17_58724043_A_T,missense,-0.7665099,-2.2606719,1.494162,0.08080334,0.08106244
train,chr17_58724043_A_C,missense,-1.4199933,-1.5802504,0.1602571,0.08030417,0.080562524
train,chr17_58724043_A_G,missense,0.3999082,-4.8342485,5.2341566,0.08158954,0.08186329
train,chr17_58724044_A_T,missense,1.571184,-0.782799,2.353983,0.08027479,0.080547
train,chr17_58724044_A_C,missense,-0.90541124,-0.782799,-0.12261224,0.08027479,0.080547
train,chr17_58724044_A_G,synonymous,0.21863304,0.8156297,-0.59699667,-0.06195241,-0.061951064
train,chr17_58724051_G_A,missense,-7.76332,-18.25501,10.491691,0.084983215,0.08532536
train,chr17_58724051_G_C,missense,-7.6332917,-18.25501,10.621719,0.084983215,0.08532536
train,chr17_58724051_GGA_,indel,-14.972504,-16.701254,1.7287502,0.046977874,0.047112677
train,chr17_58724051_GGA_GCC,missense,0.30451533,-9.456238,9.760753,0.08330693,0.08361884
train,chr17_58724051_GGA_CGG,missense,-7.3297467,-18.25501,10.925264,0.084983215,0.08532536
train,chr17_58724051_GGA_GAG,missense,-16.467812,-18.083605,1.6157932,0.08592087,0.08628349
train,chr17_58724051_GGA_GTG,missense,-16.562725,-18.418957,1.8562317,0.08626318,0.08662273
train,chr17_58724052_G_A,missense,-19.48691,-18.083605,-1.403305,0.08592087,0.08628349
train,chr17_58724052_G_T,missense,-15.849086,-18.418957,2.569871,0.08626318,0.08662273
train,chr17_58724052_G_C,missense,-0.37843928,-9.456238,9.077799,0.08330693,0.08361884
train,chr17_58724053_A_C,synonymous,-0.42680275,0.4884286,-0.91523135,-0.058829743,-0.058930792
train,chr17_58724053_A_G,synonymous,1.5344926,0.4884286,1.046064,-0.058829743,-0.058930792
train,chr17_58724053_A_T,synonymous,-0.8361699,0.4884286,-1.3245986,-0.058829743,-0.058930792
train,chr17_58724054_C_T,missense,-0.70226634,-16.210876,15.50861,0.08244518,0.082850784
train,chr17_58724054_C_A,missense,-13.706262,-16.806805,3.100543,0.08425746,0.08468728
train,chr17_58724054_C_G,missense,-15.730039,-17.70926,1.9792223,0.08738607,0.08788761
train,chr17_58724054_CAT_,indel,-17.500814,-17.530033,0.029218674,0.04579737,0.045995884
train,chr17_58724054_CAT_GCC,missense,-17.07005,-17.766123,0.69607353,0.08647746,0.086897045
train,chr17_58724054_CAT_AAC,missense,-11.287935,-16.806805,5.5188694,0.08425746,0.08468728
train,chr17_58724054_CAT_CCC,missense,-14.943778,-17.757032,2.8132544,0.086578295,0.0870319
train,chr17_58724054_CAT_CGG,missense,-17.315851,-17.58489,0.26903915,0.086770006,0.08723587
train,chr17_58724054_CAT_CTG,missense,-16.898754,-17.668009,0.7692547,0.08700627,0.08741547
train,chr17_58724054_CAT_GAC,missense,-15.01598,-17.70926,2.6932812,0.08738607,0.08788761
train,chr17_58724054_CAT_TAC,missense,0.0055867895,-16.210876,16.216463,0.08244518,0.082850784
train,chr17_58724055_A_G,missense,-12.541534,-17.58489,5.043356,0.086770006,0.08723587
train,chr17_58724055_A_C,missense,-15.457532,-17.757032,2.2995005,0.086578295,0.0870319
train,chr17_58724055_A_T,missense,-14.674922,-17.668009,2.9930868,0.08700627,0.08741547
train,chr17_58724056_T_A,missense,-19.902437,-17.074497,-2.82794,0.08371426,0.08411527
train,chr17_58724056_T_G,missense,-20.786713,-17.074497,-3.7122154,0.08371426,0.08411527
train,chr17_58724056_T_C,synonymous,-0.041227218,0.5684545,-0.6096817,-0.060600054,-0.06062275
train,chr17_58724057_G_T,missense,-0.7531724,-2.1730533,1.4198809,0.08128275,0.08167563
train,chr17_58724057_G_A,missense,-0.18776509,-1.7033691,1.515604,0.0809221,0.08128992
train,chr17_58724057_G_C,missense,-17.889473,-18.260395,0.3709221,0.08422285,0.084679
train,chr17_58724057_GCT_,indel,-18.178152,-18.246487,0.06833458,0.044199463,0.044460107
train,chr17_58724057_GCT_CCC,missense,-16.873314,-18.260395,1.3870811,0.08422285,0.084679
train,chr17_58724057_GCT_GAC,missense,-7.18891,-17.314196,10.125286,0.08366454,0.08412528
train,chr17_58724057_GCT_ACC,missense,-1.7166953,-1.7033691,-0.013326168,0.0809221,0.08128992
train,chr17_58724057_GCT_AGC,missense,0.8902719,-2.1730533,3.0633252,0.08128275,0.08167563
train,chr17_58724057_GCT_GGC,missense,-0.6476954,-10.533328,9.8856325,0.08285093,0.08325493
train,chr17_58724057_GCT_GTG,missense,-0.727087,-7.709613,6.982526,0.082482,0.08286024
train,chr17_58724058_C_G,missense,-0.88592327,-10.533328,9.647405,0.08285093,0.08325493
train,chr17_58724058_C_T,missense,0.29545167,-7.709613,8.005065,0.082482,0.08286024
train,chr17_58724058_C_A,missense,-6.0279164,-17.314196,11.28628,0.08366454,0.08412528
train,chr17_58724059_T_C,synonymous,0.15592399,0.8547144,-0.69879043,-0.058653895,-0.058784917
train,chr17_58724059_T_A,synonymous,0.91280323,0.8547144,0.05808884,-0.058653895,-0.058784917
train,chr17_58724059_T_G,synonymous,1.0427039,0.8547144,0.18798947,-0.058653895,-0.058784917
train,chr17_58724060_G_A,missense,0.18846855,-0.5740361,0.7625047,0.0807497,0.08116479
train,chr17_58724060_G_C,missense,0.45820338,-7.5794125,8.037616,0.08282808,0.083268225
train,chr17_58724060_G_T,missense,2.1219301,-4.9267607,7.048691,0.082293436,0.082750715
train,chr17_58724060_GCT_GAC,missense,-17.018702,-18.723568,1.7048664,0.086419374,0.086956024
train,chr17_58724060_GCT_ACC,missense,0.17789285,-0.5740361,0.751929,0.0807497,0.08116479
train,chr17_58724060_GCT_AGC,missense,1.8618268,-4.9267607,6.7885876,0.082293436,0.082750715
train,chr17_58724060_GCT_CCC,missense,0.59362835,-7.5794125,8.17304,0.08282808,0.083268225
train,chr17_58724060_GCT_GGC,missense,-1.4131029,-17.820631,16.407528,0.08391978,0.0843947
train,chr17_58724060_GCT_GTG,missense,0.26690096,0.52945423,-0.26255327,0.079858325,0.08025986
train,chr17_58724061_C_A,missense,-19.434523,-18.723568,-0.71095467,0.086419374,0.086956024
train,chr17_58724061_C_G,missense,-4.1492105,-17.820631,13.671421,0.08391978,0.0843947
train,chr17_58724061_C_T,missense,1.1945927,0.52945423,0.6651385,0.079858325,0.08025986
train,chr17_58724062_T_C,synonymous,-0.57924545,1.0173681,-1.5966135,-0.05957515,-0.05959659
train,chr17_58724062_T_A,synonymous,0.83769614,1.0173681,-0.17967194,-0.05957515,-0.05959659
train,chr17_58724062_T_G,synonymous,-0.37919298,1.0173681,-1.396561,-0.05957515,-0.05959659
train,chr17_58724063_A_G,missense,1.7513218,-4.038118,5.7894397,0.08269824,0.08316492
train,chr17_58724063_A_C,missense,-2.3698432,-12.640336,10.270493,0.08296004,0.08348587
train,chr17_58724063_A_T,missense,2.255696,-1.6424633,3.8981595,0.08174243,0.0822038
train,chr17_58724063_ACG_,indel,-20.926264,-19.948,-0.97826385,0.044639874,0.044897765
train,chr17_58724063_ACG_GCC,missense,2.571021,-4.038118,6.609139,0.08269824,0.08316492
train,chr17_58724063_ACG_AAA,missense,-13.033287,-18.742325,5.709038,0.08601785,0.086528085
train,chr17_58724063_ACG_AGC,missense,-2.948917,-1.6424633,-1.3064536,0.08174243,0.0822038
train,chr17_58724063_ACG_CGG,missense,-13.612889,-18.99849,5.3856,0.08618133,0.08670506
train,chr17_58724063_ACG_CCC,missense,-2.6250556,-12.640336,10.015281,0.08296004,0.08348587
train,chr17_58724064_C_T,missense,-15.448538,-15.369794,-0.078743935,0.083987184,0.08447812
train,chr17_58724064_C_A,missense,-16.563835,-18.742325,2.1784897,0.08601785,0.086528085
train,chr17_58724064_C_G,missense,-21.3322,-18.99849,-2.3337097,0.08618133,0.08670506
train,chr17_58724065_G_C,synonymous,0.75983846,0.5968096,0.16302884,-0.056954797,-0.057084285
train,chr17_58724065_G_T,synonymous,-0.4872293,0.5968096,-1.084039,-0.056954797,-0.057084285
train,chr17_58724072_C_A,missense,3.0331202,-1.37292,4.40604,0.08169138,0.08221994
train,chr17_58724072_C_G,missense,-0.24712004,-0.83522034,0.5881003,0.081433274,0.08195597
train,chr17_58724072_C_T,synonymous,1.3360833,0.9013963,0.43468702,-0.060313795,-0.06029267
train,chr17_58724072_CTA_,indel,-25.880213,-23.144737,-2.7354755,0.05218919,0.052423824
train,chr17_58724072_CTA_GCC,missense,-1.5123274,-9.731755,8.219428,0.08336545,0.0839211
train,chr17_58724072_CTA_CAG,missense,-22.340687,-19.61423,-2.7264576,0.086324185,0.086940005
train,chr17_58724072_CTA_CCC,missense,-17.699621,-19.04612,1.3464985,0.08601633,0.0866284
train,chr17_58724072_CTA_CGG,missense,-22.672747,-19.762785,-2.9099617,0.08805005,0.088710375
train,chr17_58724072_CTA_ATC,missense,1.789625,-1.37292,3.1625452,0.08169138,0.08221994
train,chr17_58724072_CTA_GTG,missense,2.40027,-0.83522034,3.2354903,0.081433274,0.08195597
train,chr17_58724072_CTA_TTG,synonymous,-0.5211591,0.9013963,-1.4225554,-0.060313795,-0.06029267
train,chr17_58724073_TAA_,indel,-24.73087,-23.135769,-1.5951004,0.050227508,0.050545562
train,chr17_58724073_T_A,missense,-21.556236,-19.61423,-1.9420071,0.086324185,0.086940005
train,chr17_58724073_T_C,missense,-19.281565,-19.04612,-0.23544502,0.08601633,0.0866284
train,chr17_58724073_T_G,missense,-15.570951,-19.762785,4.1918335,0.08805005,0.088710375
train,chr17_58724074_A_G,synonymous,0.49290246,0.9013963,-0.40849382,-0.060313795,-0.06029267
train,chr17_58724074_A_C,synonymous,1.3046722,0.9013963,0.40327597,-0.060313795,-0.06029267
train,chr17_58724074_A_T,synonymous,0.83354264,0.9013963,-0.06785363,-0.060313795,-0.06029267
train,chr17_58724075_A_C,missense,-0.26055595,0.8746486,-1.1352046,0.08051223,0.080996394
train,chr17_58724075_A_G,missense,1.080067,-0.16854477,1.2486118,0.081228316,0.081724815
train,chr17_58724075_A_T,missense,-1.317677,0.45131707,-1.7689941,0.080127284,0.0806323
train,chr17_58724075_ATC_,indel,-22.794172,-23.135769,0.3415966,0.050227508,0.050545562
train,chr17_58724075_ATC_GCC,missense,0.15699969,0.031876087,0.1251236,0.08121693,0.08172802
train,chr17_58724075_ATC_AAT,missense,1.2428145,-1.4616452,2.7044597,0.08186589,0.08238902
train,chr17_58724075_ATC_ACA,missense,-0.1394357,0.23805404,-0.37748975,0.080546096,0.081042714
train,chr17_58724075_ATC_CTG,missense,-0.05963615,0.8746486,-0.93428475,0.08051223,0.080996394
train,chr17_58724075_ATC_GTG,missense,0.8658532,-0.16854477,1.034398,0.081228316,0.081724815
train,chr17_58724075_ATC_TCC,missense,-0.31199062,-1.0281016,0.71611094,0.08165096,0.0821727
train,chr17_58724075_ATC_TTT,missense,-1.8534209,0.45131707,-2.304738,0.080127284,0.0806323
train,chr17_58724076_T_A,missense,-0.31614217,-1.4616452,1.145503,0.08186589,0.08238902
train,chr17_58724076_T_C,missense,0.8908482,0.23805404,0.6527942,0.080546096,0.081042714
train,chr17_58724076_T_G,missense,0.22795571,-1.0281016,1.2560573,0.08165096,0.0821727
train,chr17_58724077_C_G,missense,0.57269496,0.28558707,0.28710788,0.081234194,0.08174414
train,chr17_58724077_C_A,synonymous,0.6285611,0.86529493,-0.23673385,-0.059117254,-0.059223525
train,chr17_58724077_C_T,synonymous,1.3579795,0.86529493,0.4926846,-0.059117254,-0.059223525
train,chr17_58724084_T_A,missense,-0.605722,-0.17285013,-0.43287188,0.0784594,0.07903088
train,chr17_58724084_T_C,missense,-1.2226076,-0.17285013,-1.0497575,0.0784594,0.07903088
train,chr17_58724084_T_G,missense,-1.8399657,-3.4040084,1.5640427,0.08007664,0.08065385
train,chr17_58724084_TGG_,indel,-22.521791,-22.532593,0.010801315,0.036074836,0.036279373
train,chr17_58724084_TGG_GCC,missense,-0.34834737,-0.5563421,0.20799476,0.078454986,0.07901292
train,chr17_58724084_TGG_AGA,missense,0.5890565,-0.17285013,0.7619066,0.0784594,0.07903088
train,chr17_58724084_TGG_AGC,missense,0.10247669,-1.2464969,1.3489736,0.07913801,0.07968699
train,chr17_58724084_TGG_CTG,missense,0.2750398,-0.06047201,0.3355118,0.07786453,0.078412935
train,chr17_58724084_TGG_GGC,missense,-0.3301268,-3.4040084,3.0738816,0.08007664,0.08065385
train,chr17_58724085_G_C,missense,1.0218663,-1.2464969,2.2683632,0.07913801,0.07968699
train,chr17_58724085_G_T,missense,-0.56675905,-0.06047201,-0.50628704,0.07786453,0.078412935
train,chr17_58724086_G_C,missense,1.680037,-0.65856147,2.3385985,0.078676455,0.07921715
train,chr17_58724086_G_T,missense,0.62570155,-0.65856147,1.284263,0.078676455,0.07921715
train,chr17_58724093_A_G,missense,1.1451093,-0.4662223,1.6113316,0.07586995,0.076302156
train,chr17_58724093_A_C,missense,0.03562785,-0.15281248,0.18844032,0.07581918,0.076265514
train,chr17_58724093_AAG_,indel,-2.8888705,-4.9024315,2.013561,0.02742545,0.027639087
train,chr17_58724093_AAG_GCC,missense,-0.71683097,0.2694347,-0.98626566,0.07504707,0.07547378
train,chr17_58724093_AAG_ACC,missense,0.87092865,-0.015960693,0.88688934,0.0749012,0.07532375
train,chr17_58724093_AAG_CAA,missense,0.29926145,-0.15281248,0.45207393,0.07581918,0.076265514
train,chr17_58724093_AAG_CGG,missense,-1.7269307,-0.4978845,-1.2290462,0.07600472,0.07648544
train,chr17_58724093_AAG_GAA,missense,-0.8031453,-0.4662223,-0.336923,0.07586995,0.076302156
train,chr17_58724094_A_G,missense,-0.520963,-0.4978845,-0.023078501,0.07600472,0.07648544
train,chr17_58724094_A_C,missense,0.13673812,-0.015960693,0.15269881,0.0749012,0.07532375
train,chr17_58724094_A_T,missense,1.0933435,-0.22104383,1.3143873,0.07625172,0.07669837
train,chr17_58724095_G_A,synonymous,1.440774,0.22960997,1.211164,-0.06346308,-0.06348382
train,chr17_58724095_G_C,missense,1.9440475,0.0022394657,1.941808,0.07498029,0.07540723
train,chr17_58724095_G_T,missense,0.12741677,0.0022394657,0.12517731,0.07498029,0.07540723
train,chr17_58724096_C_A,missense,0.57618326,-2.3068519,2.8830352,0.07801324,0.078553036
train,chr17_58724096_C_G,missense,0.6997826,-1.4254376,2.1252203,0.07763978,0.07812719
train,chr17_58724096_CAA_,indel,-3.9903965,-4.6742764,0.68387985,0.0274924,0.027744532
train,chr17_58724096_CAA_GCC,missense,-0.20414351,-2.0493765,1.845233,0.07837401,0.078852914
train,chr17_58724096_CAA_CCC,missense,-13.334065,-14.596784,1.2627182,0.08175285,0.08229
train,chr17_58724096_CAA_AAG,missense,-0.58230865,-2.3068519,1.7245432,0.07801324,0.078553036
train,chr17_58724096_CAA_CGG,missense,-0.16284294,-1.938586,1.775743,0.077522315,0.078066245
train,chr17_58724096_CAA_CTG,missense,0.8573954,-4.2995167,5.156912,0.07899221,0.079481855
train,chr17_58724096_CAA_GAG,missense,-0.8924941,-1.4254376,0.5329435,0.07763978,0.07812719
train,chr17_58724097_A_G,missense,1.2309132,-1.938586,3.1694992,0.077522315,0.078066245
train,chr17_58724097_A_C,missense,-10.370164,-14.596784,4.2266197,0.08175285,0.08229
train,chr17_58724097_A_T,missense,-1.4759333,-4.2995167,2.8235834,0.07899221,0.079481855
train,chr17_58724098_A_C,missense,0.5964711,-1.2560794,1.8525505,0.07750262,0.077970766
train,chr17_58724098_A_G,synonymous,0.5015149,-0.088831425,0.59034634,-0.062220503,-0.062211476
train,chr17_58724098_A_T,missense,-1.3100319,-1.2560794,-0.053952456,0.07750262,0.077970766
train,chr17_58732485_T_C,synonymous,-12.438163,-0.55909514,-11.879067,-0.0621257,-0.062120363
train,chr17_58732485_T_G,missense,-13.937531,-1.414435,-12.523096,0.07725732,0.07766501
train,chr17_58732485_T_A,missense,0.10643515,-1.7634734,1.8699086,0.0782274,0.07866402
train,chr17_58732485_TTG_,indel,-13.369229,-13.25961,-0.10961914,0.0322806,0.03249563
train,chr17_58732485_TTG_GCC,missense,-0.38364798,-1.2510237,0.8673757,0.07755723,0.077974655
train,chr17_58732485_TTG_CTA,synonymous,-11.057885,-0.55909514,-10.49879,-0.0621257,-0.062120363
train,chr17_58732485_TTG_AGC,missense,1.5416157,-1.1354444,2.6770601,0.077269435,0.07768497
train,chr17_58732485_TTG_CTC,synonymous,-0.44767082,-0.55909514,0.11142433,-0.0621257,-0.062120363
train,chr17_58732485_TTG_CTT,synonymous,0.608462,-0.55909514,1.1675571,-0.0621257,-0.062120363
train,chr17_58732485_TTG_GTC,missense,-0.42449275,-1.414435,0.9899423,0.07725732,0.07766501
train,chr17_58732486_T_G,missense,-1.999829,-2.004262,0.0044329166,0.07834566,0.078774154
train,chr17_58732486_T_C,missense,2.233809,-1.1354444,3.3692534,0.077269435,0.07768497
train,chr17_58732487_G_A,synonymous,-4.192298,-0.55909514,-3.6332028,-0.0621257,-0.062120363
train,chr17_58732487_G_C,missense,-0.21120104,-1.2276201,1.016419,0.07739604,0.07780705
train,chr17_58732487_G_T,missense,-0.2450358,-1.2276201,0.98258436,0.07739604,0.07780705
train,chr17_58732488_G_A,missense,-3.8064508,-6.568167,2.7617164,0.08045871,0.08091397
train,chr17_58732488_G_C,missense,-10.053299,-12.129345,2.076046,0.08410673,0.084627666
train,chr17_58732488_G_T,missense,-3.9126382,-8.15435,4.241712,0.08112598,0.08158396
train,chr17_58732488_GCA_,indel,-6.095057,-10.11579,4.0207334,0.033864785,0.03407641
train,chr17_58732488_GCA_ACC,missense,-5.0751896,-6.568167,1.4929776,0.08045871,0.08091397
train,chr17_58732488_GCA_AGC,missense,-4.958602,-8.15435,3.1957483,0.08112598,0.08158396
train,chr17_58732488_GCA_CCC,missense,-12.953745,-12.129345,-0.82439995,0.08410673,0.084627666
train,chr17_58732488_GCA_GAG,missense,-10.870416,-12.444708,1.5742922,0.08379143,0.08435885
train,chr17_58732488_GCA_GGC,missense,-14.700542,-7.8593845,-6.841158,0.080893084,0.08134632
train,chr17_58732488_GCA_GTG,missense,-9.984499,-2.9230833,-7.0614157,0.07861451,0.07905837
train,chr17_58732489_C_A,missense,-11.702246,-12.444708,0.74246216,0.08379143,0.08435885
train,chr17_58732489_C_G,missense,-4.486092,-7.8593845,3.3732924,0.080893084,0.08134632
train,chr17_58732489_C_T,missense,-11.0732,-2.9230833,-8.150117,0.07861451,0.07905837
train,chr17_58732490_A_C,synonymous,-1.7561069,-0.6288407,-1.1272662,-0.06263231,-0.06256266
train,chr17_58732490_A_G,synonymous,0.72265714,-0.6288407,1.3514979,-0.06263231,-0.06256266
train,chr17_58732490_A_T,synonymous,0.048183624,-0.6288407,0.6770243,-0.06263231,-0.06256266
train,chr17_58732491_A_G,missense,-0.9507392,-1.0658481,0.11510891,0.07824427,0.07862337
train,chr17_58732491_A_C,missense,-12.45691,-13.722193,1.2652826,0.08281751,0.08325657
train,chr17_58732491_A_T,missense,1.7746444,-2.149962,3.9246063,0.07907802,0.07946184
train,chr17_58732491_ACA_,indel,-16.471739,-14.544325,-1.927414,0.0389878,0.03918995
train,chr17_58732491_ACA_GCC,missense,-3.1562622,-1.0658481,-2.090414,0.07824427,0.07862337
train,chr17_58732491_ACA_ATC,missense,-3.847558,-5.6428556,1.7952976,0.07980152,0.0802147
train,chr17_58732491_ACA_CCC,missense,-16.024029,-13.722193,-2.301836,0.08281751,0.08325657
train,chr17_58732491_ACA_AAG,missense,-0.60591936,-1.8409053,1.234986,0.07876711,0.079158045
train,chr17_58732491_ACA_AGC,missense,1.3761505,-2.149962,3.5261126,0.07907802,0.07946184
train,chr17_58732491_ACA_CGG,missense,-0.69103503,-2.906952,2.2159169,0.079544716,0.07994009
train,chr17_58732492_C_T,missense,-3.3467748,-5.6428556,2.2960808,0.07980152,0.0802147
train,chr17_58732492_C_A,missense,-2.0781033,-1.8409053,-0.237198,0.07876711,0.079158045
train,chr17_58732492_C_G,missense,-1.653787,-2.906952,1.2531649,0.079544716,0.07994009
train,chr17_58732493_A_C,synonymous,1.0594137,-0.61360526,1.6730189,-0.062279295,-0.06234424
train,chr17_58732493_A_G,synonymous,1.4832247,-0.61360526,2.09683,-0.062279295,-0.06234424
train,chr17_58732493_A_T,synonymous,1.141138,-0.61360526,1.7547432,-0.062279295,-0.06234424
train,chr17_58732494_T_C,synonymous,-1.1970258,-0.33427238,-0.8627534,-0.06289157,-0.0628648
train,chr17_58732494_T_A,missense,-0.20019257,-1.8105931,1.6104006,0.07914671,0.07954896
train,chr17_58732494_T_G,missense,1.0576891,-1.3127923,2.3704815,0.07812634,0.07850613
train,chr17_58732494_TTG_,indel,-10.079782,-10.876346,0.7965641,0.037078295,0.03722192
train,chr17_58732494_TTG_GCC,missense,-4.898385,-3.1084547,-1.7899303,0.07961828,0.080025345
train,chr17_58732494_TTG_AGC,missense,-4.1605887,-10.3293495,6.168761,0.08156302,0.082023725
train,chr17_58732494_TTG_CTA,synonymous,-1.2221301,-0.33427238,-0.8878577,-0.06289157,-0.0628648
train,chr17_58732494_TTG_CTC,synonymous,1.790734,-0.33427238,2.1250064,-0.06289157,-0.0628648
train,chr17_58732494_TTG_CTT,synonymous,0.39734194,-0.33427238,0.73161435,-0.06289157,-0.0628648
train,chr17_58732494_TTG_GTC,missense,0.6789917,-1.3127923,1.991784,0.07812634,0.07850613
train,chr17_58732495_T_G,missense,-15.002999,-12.156698,-2.846301,0.082008444,0.08249172
train,chr17_58732495_T_C,missense,-2.7557495,-10.3293495,7.5736,0.08156302,0.082023725
train,chr17_58732496_G_C,missense,-7.919541,-6.538027,-1.3815141,0.08055177,0.08096786
train,chr17_58732496_G_T,missense,-11.471574,-6.538027,-4.933547,0.08055177,0.08096786
train,chr17_58732496_G_A,synonymous,-0.08887076,-0.33427238,0.24540162,-0.06289157,-0.0628648
train,chr17_58732497_T_A,missense,0.1608623,-1.433086,1.5939484,0.07853874,0.078874275
train,chr17_58732497_T_C,missense,-0.4190526,-0.8917153,0.4726627,0.07778022,0.078100026
train,chr17_58732497_T_G,missense,-0.8582334,-1.5884266,0.7301932,0.07858424,0.07891853
train,chr17_58732497_TAC_,indel,-14.127425,-13.981189,-0.14623642,0.03484535,0.03494135
train,chr17_58732497_TAC_GCC,missense,1.019553,-0.44138527,1.4609382,0.07704007,0.077357136
train,chr17_58732497_TAC_CAT,missense,-3.1537168,-0.8917153,-2.2620015,0.07778022,0.078100026
train,chr17_58732497_TAC_TGT,missense,-9.368626,-0.63575625,-8.732869,0.077571854,0.07790134
train,chr17_58732497_TAC_TTT,missense,-8.688203,-1.2875178,-7.4006853,0.07756248,0.077907264
train,chr17_58732497_TAC_AAT,missense,1.8546827,-1.433086,3.2877688,0.07853874,0.078874275
train,chr17_58732497_TAC_AGC,missense,-1.4754943,-1.1037663,-0.37172794,0.07772622,0.07805582
train,chr17_58732497_TAC_GAT,missense,-0.5341866,-1.5884266,1.05424,0.07858424,0.07891853
train,chr17_58732498_A_G,missense,1.1461296,-0.63575625,1.7818859,0.077571854,0.07790134
train,chr17_58732498_A_C,missense,1.8962783,-1.1037663,3.0000446,0.07772622,0.07805582
train,chr17_58732498_A_T,missense,0.19152583,-1.2875178,1.4790436,0.07756248,0.077907264
train,chr17_58732499_C_T,synonymous,-3.698514,-0.13344121,-3.5650728,-0.062072452,-0.062156193
train,chr17_58732509_A_C,missense,0.30688962,-1.3298211,1.6367108,0.07647716,0.07695288
train,chr17_58732509_A_G,missense,-1.2662156,-0.893116,-0.37309957,0.076251276,0.076661386
train,chr17_58732509_A_T,missense,-2.39177,-1.166395,-1.2253749,0.07645836,0.0769106
train,chr17_58732509_AGC_,indel,-13.0037985,-15.034104,2.0303059,0.030110398,0.030240662
train,chr17_58732509_AGC_GCC,missense,0.047759138,-0.8314893,0.87924844,0.076133415,0.07657358
train,chr17_58732509_AGC_ATT,missense,-3.3946483,-1.1871762,-2.207472,0.07589802,0.07634169
train,chr17_58732509_AGC_AAT,missense,-0.9582412,-0.84607744,-0.11216378,0.076205075,0.0766428
train,chr17_58732509_AGC_ACA,missense,-1.7630659,-0.4641707,-1.2988952,0.07529116,0.07569926
train,chr17_58732509_AGC_CGG,missense,0.41668588,-1.3298211,1.7465069,0.07647716,0.07695288
train,chr17_58732509_AGC_GGA,missense,-0.6237466,-0.893116,0.26936942,0.076251276,0.076661386
train,chr17_58732509_AGC_TCA,synonymous,-1.070055,0.01335144,-1.0834064,-0.06290395,-0.063005514
train,chr17_58732509_AGC_TCC,synonymous,-0.055376135,0.01335144,-0.068727575,-0.06290395,-0.063005514
train,chr17_58732509_AGC_TCG,synonymous,-0.7741062,0.01335144,-0.78745764,-0.06290395,-0.063005514
train,chr17_58732509_AGC_TCT,synonymous,-2.3180885,0.01335144,-2.33144,-0.06290395,-0.063005514
train,chr17_58732509_AGC_TGT,missense,-0.053831547,-1.166395,1.1125634,0.07645836,0.0769106
train,chr17_58732510_G_T,missense,-0.052192144,-1.1871762,1.1349841,0.07589802,0.07634169
train,chr17_58732510_G_A,missense,-2.3794405,-0.84607744,-1.5333631,0.076205075,0.0766428
train,chr17_58732510_G_C,missense,-1.849297,-0.4641707,-1.3851264,0.07529116,0.07569926
train,chr17_58732511_C_A,missense,0.9225477,-1.3298211,2.252369,0.07647716,0.07695288
train,chr17_58732511_C_G,missense,-0.12559332,-1.3298211,1.2042278,0.07647716,0.07695288
train,chr17_58732511_C_T,synonymous,1.9801835,0.01335144,1.966832,-0.06290395,-0.063005514
train,chr17_58732512_C_A,missense,-0.4080938,-3.7300189,3.3219252,0.07835883,0.078883834
train,chr17_58732512_C_G,missense,-2.646208,-1.5276575,-1.1185505,0.077288784,0.077766255
train,chr17_58732512_CAA_,indel,-20.251043,-15.790421,-4.460623,0.03202948,0.032174233
train,chr17_58732512_CAA_GCC,missense,-2.514434,-1.8920786,-0.62235546,0.077567466,0.07803781
train,chr17_58732512_CAA_CCC,missense,-6.825363,-13.643527,6.818164,0.081161395,0.08171526
train,chr17_58732512_CAA_AAG,missense,-0.976617,-3.7300189,2.7534018,0.07835883,0.078883834
train,chr17_58732512_CAA_CGG,missense,-1.864476,-3.594117,1.729641,0.078446,0.07897741
train,chr17_58732512_CAA_CTG,missense,-0.46584687,-2.7773385,2.3114917,0.07835914,0.07884589
train,chr17_58732512_CAA_GAG,missense,-2.7939627,-1.5276575,-1.2663052,0.077288784,0.077766255
train,chr17_58732513_A_C,missense,-21.606153,-13.643527,-7.9626265,0.081161395,0.08171526
train,chr17_58732513_A_G,missense,-3.2887106,-3.5941155,0.3054049,0.078446,0.07897741
train,chr17_58732513_A_T,missense,-1.6867079,-2.777339,1.0906311,0.07835915,0.07884589
train,chr17_58732514_A_C,missense,1.5118381,-0.48195314,1.9937912,0.07697022,0.077417694
train,chr17_58732514_A_T,missense,2.670489,-0.48195314,3.1524422,0.07697022,0.077417694
train,chr17_58732515_A_C,missense,0.33160362,-1.5703571,1.9019607,0.076216035,0.076695286
train,chr17_58732515_A_G,missense,-2.1755602,-5.668879,3.4933188,0.07769627,0.078208305
train,chr17_58732515_AAA_,indel,-19.00823,-17.12342,-1.8848095,0.034243513,0.034427956
train,chr17_58732515_AAA_GCC,missense,-0.676248,-1.4472446,0.77099663,0.07625476,0.07673297
train,chr17_58732515_AAA_ACC,missense,-4.546077,-2.0213165,-2.5247602,0.076365836,0.07683125
train,chr17_58732515_AAA_ATC,missense,-5.2710238,-6.3781443,1.1071205,0.077957295,0.07846038
train,chr17_58732515_AAA_CAG,missense,-1.7732315,-1.5703571,-0.20287442,0.076216035,0.076695286
train,chr17_58732515_AAA_CGG,missense,-0.26707655,-1.6554497,1.3883731,0.07654287,0.07704923
train,chr17_58732515_AAA_GAG,missense,-2.1481316,-5.668879,3.5207474,0.07769627,0.078208305
train,chr17_58732516_A_T,missense,-8.941001,-6.3781443,-2.5628567,0.077957295,0.07846038
train,chr17_58732516_A_C,missense,-1.3272123,-2.0213165,0.6941042,0.076365836,0.07683125
train,chr17_58732516_A_G,missense,2.1120715,-1.6554497,3.7675214,0.07654287,0.07704923
train,chr17_58732517_A_C,missense,-1.4371731,-2.74882,1.3116469,0.07673913,0.077242374
train,chr17_58732517_A_T,missense,-1.8274422,-2.74882,0.9213779,0.07673913,0.077242374
train,chr17_58732518_G_A,missense,-18.870672,-7.833869,-11.036803,0.07852807,0.079063
train,chr17_58732518_G_C,missense,-8.140812,-1.5557816,-6.5850306,0.0767394,0.07721161
train,chr17_58732518_GAA_,indel,-16.424026,-16.82422,0.40019417,0.033149388,0.03341282
train,chr17_58732518_GAA_GCC,missense,0.89633703,-2.1907375,3.0870745,0.07709661,0.07760659
train,chr17_58732518_GAA_GGC,missense,-23.068539,-2.9110167,-20.157522,0.07691346,0.07741217
train,chr17_58732518_GAA_AAG,missense,-2.1624167,-7.833869,5.6714525,0.07852807,0.079063
train,chr17_58732518_GAA_CAG,missense,-2.8890202,-1.5557816,-1.3332386,0.0767394,0.07721161
train,chr17_58732518_GAA_GTG,missense,-1.7421839,-7.5019503,5.7597666,0.07854554,0.07906286
train,chr17_58732519_A_T,missense,-4.8211355,-7.5019503,2.6808147,0.07854554,0.07906286
train,chr17_58732519_A_C,missense,-1.9503211,-2.1907375,0.24041641,0.07709661,0.07760659
train,chr17_58732519_A_G,missense,-0.8095077,-2.9110167,2.101509,0.07691346,0.07741217
train,chr17_58732520_A_C,missense,0.49394763,-3.5422091,4.0361567,0.077530816,0.0780197
train,chr17_58732520_A_G,synonymous,0.08509883,-0.28173018,0.366829,-0.062243562,-0.062277667
train,chr17_58732520_A_T,missense,-1.3378594,-3.5422091,2.2043498,0.077530816,0.0780197
train,chr17_58732524_A_C,missense,-13.894816,-14.390606,0.49578953,0.08199156,0.08246649
train,chr17_58732524_A_G,missense,-1.0852895,-0.7338581,-0.35143137,0.07706703,0.07747455
train,chr17_58732524_A_T,missense,1.1925405,-0.7105541,1.9030946,0.07735326,0.07775551
train,chr17_58732524_ACA_,indel,-15.448021,-15.9132,0.46517944,0.033053093,0.033299353
train,chr17_58732524_ACA_GCC,missense,-0.5430923,-0.7338581,0.1907658,0.07706703,0.07747455
train,chr17_58732524_ACA_AAG,missense,-15.129662,-4.0241156,-11.105546,0.07887708,0.07931221
train,chr17_58732524_ACA_CCC,missense,-15.069631,-14.390606,-0.6790247,0.08199156,0.08246649
train,chr17_58732524_ACA_AGC,missense,-2.580242,-0.7105541,-1.8696878,0.07735326,0.07775551
train,chr17_58732524_ACA_ATC,missense,-1.7581555,-4.468819,2.7106638,0.07853197,0.078957
train,chr17_58732524_ACA_CGG,missense,-0.6750074,-2.4518774,1.77687,0.07845431,0.078872964
train,chr17_58732525_C_T,missense,-9.501459,-4.468819,-5.03264,0.07853197,0.078957
train,chr17_58732525_C_A,missense,0.260012,-4.0241156,4.2841277,0.07887708,0.07931221
train,chr17_58732525_C_G,missense,-1.8575108,-2.4518774,0.59436655,0.07845431,0.078872964
train,chr17_58732526_A_G,synonymous,-2.3655818,0.17658854,-2.5421703,-0.06262121,-0.06265332
train,chr17_58732526_A_T,synonymous,0.7076151,0.17658854,0.53102654,-0.06262121,-0.06265332
train,chr17_58732526_A_C,synonymous,3.3302498,0.17658854,3.1536613,-0.06262121,-0.06265332
train,chr17_58732530_C_A,missense,-0.26142046,-0.60987806,0.3484576,0.07853913,0.07895569
train,chr17_58732530_C_G,missense,-2.843448,-1.3138952,-1.5295527,0.07851715,0.07892705
train,chr17_58732530_C_T,synonymous,1.0279952,0.50529957,0.52269566,-0.06242269,-0.062428482
train,chr17_58732530_CTG_,indel,-11.87276,-15.215276,3.342516,0.034205217,0.034354724
train,chr17_58732530_CTG_GCC,missense,-1.9971169,-0.3572502,-1.6398667,0.07850732,0.07893124
train,chr17_58732530_CTG_AGA,missense,-1.5514612,-0.056138277,-1.495323,0.07813041,0.07854708
train,chr17_58732530_CTG_CAA,missense,0.9913114,0.08145118,0.9098602,0.07794361,0.07833458
train,chr17_58732530_CTG_CCC,missense,0.5951905,-0.037101746,0.6322923,0.078842804,0.079248235
train,chr17_58732530_CTG_GTC,missense,-1.725792,-1.3138952,-0.41189682,0.07851715,0.07892705
train,chr17_58732530_CTG_TTA,synonymous,-0.54260355,0.50529957,-1.0479031,-0.06242269,-0.062428482
train,chr17_58732531_TGTTTCAAATCA_,indel,-16.165567,-16.797712,0.6321449,0.04388107,0.0446373
train,chr17_58732531_T_A,missense,1.315136,0.08145118,1.2336848,0.07794361,0.07833458
train,chr17_58732531_T_C,missense,0.738995,-0.037101746,0.77609676,0.078842804,0.079248235
train,chr17_58732531_T_G,missense,0.25982463,-0.056138277,0.3159629,0.07813041,0.07854708
train,chr17_58732532_G_A,synonymous,-0.10352148,0.50529957,-0.60882103,-0.06242269,-0.062428482
train,chr17_58732532_G_C,synonymous,0.3720326,0.50529957,-0.13326696,-0.06242269,-0.062428482
train,chr17_58732532_G_T,synonymous,1.1974441,0.50529957,0.6921445,-0.06242269,-0.062428482
train,chr17_58732533_T_A,missense,-3.8066955,-10.75833,6.951635,0.08150459,0.08203211
train,chr17_58732533_T_C,missense,-15.695646,-12.262733,-3.4329128,0.082212605,0.08274113
train,chr17_58732533_T_G,missense,-9.8966055,-12.663985,2.7673798,0.082602344,0.083142295
train,chr17_58732533_TTT_,indel,-12.188617,-15.722202,3.5335855,0.037368923,0.037461452
train,chr17_58732533_TTT_GCC,missense,-23.362667,-13.649688,-9.712979,0.08415478,0.08473156
train,chr17_58732533_TTT_AGC,missense,-14.461043,-13.562862,-0.89818096,0.08630465,0.086895324
train,chr17_58732533_TTT_ATC,missense,-4.580083,-10.75833,6.1782475,0.08150459,0.08203211
train,chr17_58732533_TTT_CTG,missense,-18.782074,-12.262733,-6.5193405,0.082212605,0.08274113
train,chr17_58732533_TTT_GTG,missense,-7.1191483,-12.663985,5.544837,0.082602344,0.083142295
train,chr17_58732533_TTT_TGC,missense,-10.1844845,-12.453134,2.268649,0.082256876,0.08279196
train,chr17_58732533_TTT_TAC,missense,-0.8537246,-0.72052455,-0.13320005,0.07891394,0.07939253
train,chr17_58732534_T_C,missense,-11.194161,-13.562862,2.368701,0.08630465,0.086895324
train,chr17_58732534_T_G,missense,-12.228456,-12.453134,0.22467804,0.082256876,0.08279196
train,chr17_58732534_T_A,missense,1.6962346,-0.72052455,2.416759,0.07891394,0.07939253
train,chr17_58732535_T_A,missense,-7.9690332,-12.262733,4.2937,0.082212605,0.08274113
train,chr17_58732535_T_G,missense,-12.24735,-12.262733,0.01538372,0.082212605,0.08274113
train,chr17_58732535_T_C,synonymous,-0.27438468,0.5486512,-0.8230359,-0.062851705,-0.06283102
train,chr17_58732536_C_G,missense,3.3430707,-0.11589861,3.4589694,0.07590728,0.076372296
train,chr17_58732536_C_A,missense,-0.6382118,-1.7732335,1.1350217,0.077882774,0.078367285
train,chr17_58732536_CAA_,indel,-17.399841,-13.76193,-3.6379108,0.03912366,0.03918929
train,chr17_58732536_CAA_GCC,missense,0.17277941,-1.175427,1.3482064,0.0775834,0.07806509
train,chr17_58732536_CAA_CCC,missense,-17.63175,-14.3018265,-3.3299236,0.08199624,0.082579635
train,chr17_58732536_CAA_AAG,missense,-1.4814831,-1.7732335,0.29175043,0.077882774,0.078367285
train,chr17_58732536_CAA_CGG,missense,-1.1665808,-2.3537529,1.187172,0.07799572,0.07848374
train,chr17_58732536_CAA_CTG,missense,-0.22848131,-1.7141811,1.4856998,0.0772643,0.07774929
train,chr17_58732536_CAA_GAG,missense,-0.8083758,-0.11589861,-0.69247717,0.07590728,0.076372296
train,chr17_58732537_A_C,missense,-12.224513,-14.3018265,2.0773134,0.08199624,0.082579635
train,chr17_58732537_A_G,missense,0.6049428,-2.3537529,2.9586957,0.07799572,0.07848374
train,chr17_58732537_A_T,missense,-0.6478887,-1.7141811,1.0662923,0.0772643,0.07774929
train,chr17_58732538_A_C,missense,0.8709809,-1.5589544,2.4299352,0.07794571,0.07840002
train,chr17_58732538_A_G,synonymous,2.6631594,0.66435695,1.9988024,-0.061705027,-0.06179771
train,chr17_58732538_A_T,missense,0.36395964,-1.5589544,1.922914,0.07794571,0.07840002
train,chr17_58732539_A_G,missense,3.0813222,-1.0410174,4.1223397,0.076672435,0.07717594
train,chr17_58732539_A_T,missense,-16.798916,-11.189599,-5.609317,0.07988904,0.08047956
train,chr17_58732539_A_C,missense,1.6453214,-2.4399488,4.08527,0.076816745,0.077369824
train,chr17_58732539_ATC_,indel,-12.090749,-10.671811,-1.4189377,0.047629338,0.047588743
train,chr17_58732539_ATC_GCC,missense,-13.617917,-11.475547,-2.1423702,0.079733476,0.080298565
train,chr17_58732539_ATC_AAT,missense,-9.779425,-12.3033285,2.5239038,0.08177401,0.08239767
train,chr17_58732539_ATC_ACA,missense,-5.9123406,-10.352552,4.440212,0.079442635,0.07998988
train,chr17_58732539_ATC_TCC,missense,-10.93728,-11.899305,0.96202564,0.08203681,0.08264235
train,chr17_58732539_ATC_TTT,missense,-7.169856,-11.189599,4.019743,0.07988904,0.08047956
train,chr17_58732539_ATC_CTG,missense,-2.0011299,-2.4399488,0.43881893,0.076816745,0.077369824
train,chr17_58732539_ATC_GTG,missense,0.11060615,-1.0410174,1.1516236,0.076672435,0.07717594
train,chr17_58732540_T_A,missense,-8.621055,-12.3033285,3.6822739,0.08177401,0.08239767
train,chr17_58732540_T_C,missense,-9.404408,-10.352552,0.94814396,0.079442635,0.07998988
train,chr17_58732540_T_G,missense,-8.880328,-11.899305,3.0189772,0.08203681,0.08264235
train,chr17_58732541_C_A,synonymous,-0.5104998,0.6076212,-1.1181209,-0.06085485,-0.060963646
train,chr17_58732541_C_G,missense,-10.054249,-3.27852,-6.7757287,0.07708452,0.07765367
train,chr17_58732541_C_T,synonymous,-1.2328761,0.6076212,-1.8404973,-0.06085485,-0.060963646
train,chr17_58734118_C_T,missense,-0.5270048,0.25422025,-0.781225,0.07025958,0.07071933
train,chr17_58734118_C_A,missense,0.36701822,0.19312811,0.17389011,0.06995294,0.070405625
train,chr17_58734118_C_G,missense,0.20525931,0.50202274,-0.29676342,0.07022016,0.070692465
train,chr17_58734118_CCT_,indel,-5.882347,-6.583122,0.70077467,0.028077802,0.028183317
train,chr17_58734118_CCT_GCC,missense,-0.50404054,0.50202274,-1.0060632,0.07022016,0.070692465
train,chr17_58734118_CCT_ACC,missense,0.7366653,0.19312811,0.5435372,0.06995294,0.070405625
train,chr17_58734118_CCT_AGC,missense,0.1702288,0.25422025,-0.08399145,0.07025958,0.07071933
train,chr17_58734118_CCT_CAC,missense,0.15653013,0.09953952,0.05699061,0.07017933,0.07062703
train,chr17_58734118_CCT_CGG,missense,-1.5752996,-1.0199378,-0.55536187,0.0720184,0.07251714
train,chr17_58734118_CCT_CTG,missense,-0.7998726,-0.14331865,-0.6565539,0.071046054,0.07154079
train,chr17_58734119_C_G,missense,0.59318346,-1.0199378,1.6131213,0.0720184,0.07251714
train,chr17_58734119_C_T,missense,0.9597313,-0.14331865,1.10305,0.071046054,0.07154079
train,chr17_58734119_C_A,missense,0.8285804,0.09953952,0.72904086,0.07017933,0.07062703
train,chr17_58734120_T_A,synonymous,-0.24740082,0.668659,-0.9160598,-0.06435014,-0.06450362
train,chr17_58734120_T_C,synonymous,0.19001651,0.668659,-0.47864246,-0.06435014,-0.06450362
train,chr17_58734120_T_G,synonymous,-0.6394645,0.668659,-1.3081235,-0.06435014,-0.06450362
train,chr17_58734124_G_A,missense,-4.257987,-8.457942,4.199955,0.0782993,0.07896194
train,chr17_58734124_G_C,missense,-6.8243318,-8.457942,1.6336102,0.0782993,0.07896194
train,chr17_58734124_GGA_,indel,-6.3435874,-6.613146,0.26955843,0.029789012,0.029907173
train,chr17_58734124_GGA_GCC,missense,-10.328707,-7.677188,-2.6515188,0.07711083,0.07769086
train,chr17_58734124_GGA_CGG,missense,-9.003446,-8.457942,-0.5455036,0.0782993,0.07896194
train,chr17_58734124_GGA_GAG,missense,-9.125466,-7.9610167,-1.1644497,0.07792949,0.078556485
train,chr17_58734124_GGA_GTG,missense,-10.187176,-7.881281,-2.3058949,0.07890876,0.07953978
train,chr17_58734125_G_A,missense,-4.127533,-7.9610167,3.8334837,0.07792949,0.078556485
train,chr17_58734125_G_C,missense,-5.3950834,-7.677188,2.2821045,0.07711083,0.07769086
train,chr17_58734125_G_T,missense,-1.4500705,-7.881281,6.4312105,0.07890876,0.07953978
train,chr17_58734126_A_C,synonymous,1.5629922,0.5789671,0.9840251,-0.06560194,-0.06560677
train,chr17_58734126_A_G,synonymous,-0.46996638,0.5789671,-1.0489335,-0.06560194,-0.06560677
train,chr17_58734126_A_T,synonymous,0.3073008,0.5789671,-0.2716663,-0.06560194,-0.06560677
train,chr17_58734127_T_A,missense,0.18776706,0.61212444,-0.42435738,0.0706993,0.07110818
train,chr17_58734127_T_C,missense,-1.2224667,0.4221084,-1.6445751,0.07209827,0.072531186
train,chr17_58734127_T_G,missense,0.5671781,0.39529014,0.17188793,0.07172242,0.07215869
train,chr17_58734127_TTT_,indel,-6.92514,-7.859812,0.9346719,0.030305771,0.030332664
train,chr17_58734127_TTT_GCC,missense,-9.279707,-9.068172,-0.2115345,0.077978484,0.07856465
train,chr17_58734127_TTT_AGC,missense,-7.7493873,-8.238011,0.4886241,0.081579916,0.08221091
train,chr17_58734127_TTT_ATC,missense,0.4842768,0.61212444,-0.12784764,0.0706993,0.07110818
train,chr17_58734127_TTT_CTG,missense,-0.06811914,0.4221084,-0.49022755,0.07209827,0.072531186
train,chr17_58734127_TTT_GTG,missense,-0.313927,0.39529014,-0.70921713,0.07172242,0.07215869
train,chr17_58734127_TTT_TAC,missense,0.9466861,-2.5006502,3.4473362,0.07471212,0.07521094
train,chr17_58734127_TTT_TGC,missense,-1.2378634,-1.5819441,0.3440807,0.07371458,0.0742384
train,chr17_58734128_T_C,missense,-7.6293664,-8.238011,0.60864496,0.081579916,0.08221091
train,chr17_58734128_T_A,missense,0.24175265,-2.5006502,2.7424028,0.07471212,0.07521094
train,chr17_58734128_T_G,missense,-0.50316155,-1.5819441,1.0787826,0.07371458,0.0742384
train,chr17_58734129_T_A,missense,0.8696348,0.4221084,0.4475264,0.07209827,0.072531186
train,chr17_58734129_T_C,synonymous,-0.35174295,0.5276141,-0.8793571,-0.066163965,-0.06613224
train,chr17_58734129_T_G,missense,-0.3923941,0.4221084,-0.8145025,0.07209827,0.072531186
train,chr17_58734130_A_G,missense,-3.2677991,-0.9568739,-2.3109252,0.070749715,0.07118004
train,chr17_58734130_A_C,synonymous,0.20517454,0.48863578,-0.28346124,-0.06656425,-0.06664277
train,chr17_58734130_AGA_,indel,-4.622412,-4.2251663,-0.39724588,0.025555305,0.025611654
train,chr17_58734130_AGA_GCC,missense,-1.7961394,-0.77542233,-1.020717,0.06978497,0.070212714
train,chr17_58734130_AGA_AAG,missense,-3.8307521,0.002206564,-3.8329587,0.070485525,0.070905134
train,chr17_58734130_AGA_ATC,missense,-3.9950035,-0.22717404,-3.7678294,0.06841095,0.06880912
train,chr17_58734130_AGA_ACC,missense,-2.8802967,-0.28603268,-2.594264,0.06878118,0.06917112
train,chr17_58734130_AGA_CGC,synonymous,-0.94930464,0.48863578,-1.4379404,-0.06656425,-0.06664277
train,chr17_58734130_AGA_CGG,synonymous,-0.42965493,0.48863578,-0.91829073,-0.06656425,-0.06664277
train,chr17_58734130_AGA_CGT,synonymous,0.28265294,0.48863578,-0.20598283,-0.06656425,-0.06664277
train,chr17_58734130_AGA_GGC,missense,-2.4652312,-0.9568739,-1.5083573,0.070749715,0.07118004
train,chr17_58734130_AGA_TCC,missense,-0.30555332,-0.8341718,0.52861845,0.070421614,0.07084155
train,chr17_58734131_G_A,missense,-1.9085891,0.002206564,-1.9107957,0.070485525,0.070905134
train,chr17_58734131_G_C,missense,-1.0220351,-0.28603268,-0.73600245,0.06878118,0.06917112
train,chr17_58734131_G_T,missense,-2.4830213,-0.22717404,-2.2558472,0.06841095,0.06880912
train,chr17_58734132_A_C,missense,-3.0042062,-0.8341718,-2.1700344,0.070421614,0.07084155
train,chr17_58734132_A_G,synonymous,-1.2243577,0.48863578,-1.7129935,-0.06656425,-0.06664277
train,chr17_58734132_A_T,missense,-1.8203255,-0.8341718,-0.9861537,0.070421614,0.07084155
train,chr17_58734133_G_T,missense,-5.2060356,-1.4696877,-3.736348,0.070251964,0.07073522
train,chr17_58734133_G_A,missense,-0.532884,0.10869384,-0.64157784,0.06976723,0.07020939
train,chr17_58734133_G_C,missense,-1.5845739,-0.45911622,-1.1254576,0.06990788,0.07035817
train,chr17_58734133_GAT_,indel,-1.9294811,-0.6422365,-1.2872447,0.022070546,0.02218414
train,chr17_58734133_GAT_GCC,missense,-1.2284393,-1.2321644,0.0037250519,0.07120902,0.071649
train,chr17_58734133_GAT_CAC,missense,-3.1235676,-0.45911622,-2.6644514,0.06990788,0.07035817
train,chr17_58734133_GAT_GTG,missense,-8.998767,-2.5259535,-6.4728136,0.071440324,0.07191021
train,chr17_58734133_GAT_TAC,missense,-8.935968,-1.4696877,-7.466281,0.070251964,0.07073522
train,chr17_58734133_GAT_AAC,missense,-1.4093014,0.10869384,-1.5179952,0.06976723,0.07020939
train,chr17_58734133_GAT_GGC,missense,-0.33424234,-1.6818848,1.3476424,0.07272873,0.0732028
train,chr17_58734134_A_T,missense,-9.486431,-2.5259535,-6.960478,0.071440324,0.07191021
train,chr17_58734134_A_C,missense,0.3170387,-1.2321644,1.5492032,0.07120902,0.071649
train,chr17_58734134_A_G,missense,-0.6904897,-1.6818848,0.99139506,0.07272873,0.0732028
train,chr17_58734135_T_G,missense,-2.5122066,-0.1239028,-2.3883038,0.06947286,0.06986638
train,chr17_58734135_T_A,missense,-1.1338923,-0.1239028,-1.0099895,0.06947286,0.06986638
train,chr17_58734135_T_C,synonymous,0.4634387,0.5121691,-0.048730433,-0.06816014,-0.06826384
train,chr17_58734136_A_G,missense,0.33344057,0.55511546,-0.22167489,0.06975775,0.07021346
train,chr17_58734136_A_C,missense,-0.7243119,0.0959394,-0.8202513,0.07056673,0.0710308
train,chr17_58734136_A_T,missense,-0.78113604,0.41434097,-1.195477,0.0692582,0.069696635
train,chr17_58734136_ACT_,indel,0.7338076,0.43786144,0.29594618,0.019271526,0.019418979
train,chr17_58734136_ACT_GCC,missense,1.5610154,0.55511546,1.0058999,0.06975775,0.07021346
train,chr17_58734136_ACT_AAC,missense,1.6343776,0.32249784,1.3118798,0.068741925,0.06917369
train,chr17_58734136_ACT_AGC,missense,-0.10164753,0.41434097,-0.5159885,0.0692582,0.069696635
train,chr17_58734136_ACT_ATC,missense,0.33106542,0.07459545,0.25646996,0.06929816,0.06974562
train,chr17_58734136_ACT_CCC,missense,-0.87362987,0.0959394,-0.96956927,0.07056673,0.0710308
train,chr17_58734137_C_T,missense,-0.53106976,0.07459545,-0.6056652,0.06929816,0.06974562
train,chr17_58734137_C_A,missense,-0.53359187,0.32249784,-0.8560897,0.068741925,0.06917369
train,chr17_58734137_C_G,missense,0.42793855,0.41434097,0.013597578,0.0692582,0.069696635
train,chr17_58734138_T_G,synonymous,-0.46384245,0.53299284,-0.9968353,-0.068235695,-0.06833511
train,chr17_58734138_T_A,synonymous,-0.10598918,0.53299284,-0.638982,-0.068235695,-0.06833511
train,chr17_58734138_T_C,synonymous,-0.10502252,0.53299284,-0.6380154,-0.068235695,-0.06833511
train,chr17_58734139_G_A,missense,-0.43689057,0.3386445,-0.7755351,0.06501167,0.0654414
train,chr17_58734139_G_T,missense,0.88051665,0.40471792,0.47579873,0.06407705,0.064507894
train,chr17_58734139_G_C,missense,0.012013814,0.4899888,-0.47797498,0.064595714,0.06503352
train,chr17_58734139_GTT_GCC,missense,0.17451821,0.59801006,-0.42349184,0.06442355,0.064851195
train,chr17_58734139_GTT_ATC,missense,-0.5205252,0.3386445,-0.8591697,0.06501167,0.0654414
train,chr17_58734139_GTT_CTG,missense,-0.26317564,0.4899888,-0.7531644,0.064595714,0.06503352
train,chr17_58734139_GTT_GAC,missense,-0.41208613,0.48069525,-0.8927814,0.06454332,0.064980626
train,chr17_58734139_GTT_GGC,missense,-0.40529403,0.46257257,-0.86786664,0.0656436,0.06607419
train,chr17_58734139_GTT_TTC,missense,0.788214,0.40471792,0.3834961,0.06407705,0.064507894
train,chr17_58734140_T_A,missense,0.2418657,0.48069525,-0.23882955,0.06454332,0.064980626
train,chr17_58734140_T_C,missense,-0.21388033,0.59801006,-0.81189036,0.06442355,0.064851195
train,chr17_58734140_T_G,missense,-0.97878283,0.46257257,-1.4413555,0.0656436,0.06607419
train,chr17_58734141_T_A,synonymous,-0.35833025,0.51587415,-0.8742044,-0.07098876,-0.07111115
train,chr17_58734141_T_C,synonymous,0.9717254,0.51587415,0.45585126,-0.07098876,-0.07111115
train,chr17_58734141_T_G,synonymous,-0.007681536,0.51587415,-0.5235557,-0.07098876,-0.07111115
train,chr17_58734148_T_A,missense,-0.9526457,0.3233478,-1.2759936,0.061535347,0.061850175
train,chr17_58734148_T_C,missense,-0.33987102,0.46056104,-0.8004321,0.061680682,0.06200225
train,chr17_58734148_T_G,missense,-0.5262046,0.3658023,-0.8920069,0.06227133,0.06260147
train,chr17_58734148_TCT_,indel,0.11372777,0.2395525,-0.12582472,0.014282804,0.01435794
train,chr17_58734148_TCT_GCC,missense,0.13871437,0.3658023,-0.22708791,0.06227133,0.06260147
train,chr17_58734148_TCT_ACC,missense,-0.502592,0.3233478,-0.82593983,0.061535347,0.061850175
train,chr17_58734148_TCT_AGC,synonymous,-0.7362702,0.50587344,-1.2421436,-0.07508769,-0.07521037
train,chr17_58734148_TCT_AGT,synonymous,-0.50973654,0.50587344,-1.01561,-0.07508769,-0.07521037
train,chr17_58734148_TCT_CCC,missense,0.8240308,0.46056104,0.36346978,0.061680682,0.06200225
train,chr17_58734148_TCT_TAC,missense,0.46383414,-0.09977031,0.5636045,0.0625947,0.06291558
train,chr17_58734148_TCT_TGC,missense,-1.3363895,-0.094717264,-1.2416723,0.06280179,0.06313706
train,chr17_58734148_TCT_TTC,missense,1.2627441,-0.5519028,1.8146468,0.063243784,0.06359109
train,chr17_58734149_C_A,missense,-0.35598043,-0.09977031,-0.25621012,0.0625947,0.06291558
train,chr17_58734149_C_G,missense,-1.1428099,-0.094717264,-1.0480926,0.06280179,0.06313706
train,chr17_58734149_C_T,missense,-0.030974612,-0.5519028,0.52092814,0.063243784,0.06359109
train,chr17_58734150_T_C,synonymous,0.63569474,0.50587344,0.1298213,-0.07508769,-0.07521037
train,chr17_58734150_T_A,synonymous,0.43391824,0.50587344,-0.071955204,-0.07508769,-0.07521037
train,chr17_58734150_T_G,synonymous,-0.22030194,0.50587344,-0.72617537,-0.07508769,-0.07521037
train,chr17_58734151_G_A,missense,0.38775596,0.38312912,0.0046268404,0.060601056,0.060893428
train,chr17_58734151_G_C,missense,-0.27758247,0.49644876,-0.7740312,0.059775323,0.060066797
train,chr17_58734151_G_T,missense,-1.3226194,0.45939064,-1.7820101,0.060623683,0.060936876
train,chr17_58734151_GCA_,indel,-0.76986736,0.37171078,-1.1415782,0.012591176,0.012663204
train,chr17_58734151_GCA_ACC,missense,0.57921594,0.38312912,0.19608682,0.060601056,0.060893428
train,chr17_58734151_GCA_AGC,missense,-0.16365348,0.45939064,-0.62304413,0.060623683,0.060936876
train,chr17_58734151_GCA_CCC,missense,-0.8418476,0.49644876,-1.3382964,0.059775323,0.060066797
train,chr17_58734151_GCA_GAG,missense,-0.21758153,0.49017668,-0.7077582,0.059108846,0.05938928
train,chr17_58734151_GCA_GGC,missense,-1.5988805,0.41110706,-2.0099876,0.06155407,0.061861016
train,chr17_58734151_GCA_GTG,missense,1.0607984,0.22564125,0.83515716,0.062223975,0.0625344
train,chr17_58734152_C_T,missense,0.6077361,0.22564125,0.38209486,0.062223975,0.0625344
train,chr17_58734152_C_A,missense,-0.11943187,0.49017668,-0.60960853,0.059108846,0.05938928
train,chr17_58734152_C_G,missense,-0.3550229,0.41110706,-0.76613,0.06155407,0.061861016
train,chr17_58734153_A_G,synonymous,1.8023053,0.51316476,1.2891406,-0.07560437,-0.07573368
train,chr17_58734153_A_C,synonymous,0.15351205,0.51316476,-0.3596527,-0.07560437,-0.07573368
train,chr17_58734153_A_T,synonymous,-0.7580286,0.51316476,-1.2711934,-0.07560437,-0.07573368
train,chr17_58734154_T_C,missense,1.3176345,0.49563694,0.8219975,0.061447736,0.061769698
train,chr17_58734154_T_A,missense,-1.5247586,0.5566745,-2.081433,0.059377156,0.059673727
train,chr17_58734154_T_G,missense,0.8757653,0.505507,0.37025833,0.05961656,0.059892625
train,chr17_58734154_TGT_,indel,0.09912029,0.58066607,-0.48154578,0.011365434,0.011446598
train,chr17_58734154_TGT_GCC,missense,-1.3256035,0.56493473,-1.8905382,0.059157554,0.059449065
train,chr17_58734154_TGT_AGC,missense,-0.026897902,0.5566745,-0.5835724,0.059377156,0.059673727
train,chr17_58734154_TGT_CGG,missense,0.45802784,0.49563694,-0.0376091,0.061447736,0.061769698
train,chr17_58734154_TGT_GGC,missense,-0.07438367,0.505507,-0.57989067,0.05961656,0.059892625
train,chr17_58734154_TGT_TAC,missense,0.24686363,0.47842693,-0.2315633,0.05999347,0.060259797
train,chr17_58734154_TGT_TTC,missense,-1.0183634,0.4021895,-1.4205528,0.060406797,0.060694072
train,chr17_58734155_G_A,missense,-1.0722532,0.47842693,-1.5506802,0.05999347,0.060259797
train,chr17_58734155_G_C,missense,0.4670247,0.5566745,-0.08964977,0.059377156,0.059673727
train,chr17_58734155_G_T,missense,-0.5062208,0.4021895,-0.9084103,0.060406797,0.060694072
train,chr17_58734156_T_C,synonymous,-0.43456855,0.53544545,-0.970014,-0.07611209,-0.07624628
train,chr17_58734156_T_G,missense,-0.79198366,0.5025611,-1.2945447,0.060946822,0.061240517
train,chr17_58734157_T_A,missense,-1.2407055,0.49578166,-1.7364872,0.05997623,0.06024511
train,chr17_58734157_T_C,missense,-1.5460366,0.51759124,-2.0636277,0.059601538,0.05985406
train,chr17_58734157_T_G,missense,1.157378,0.5180731,0.6393049,0.059585646,0.059856493
train,chr17_58734157_TCA_,indel,0.33221692,0.489048,-0.15683109,0.011351158,0.011436476
train,chr17_58734157_TCA_GCC,missense,1.3140684,0.5180731,0.79599535,0.059585646,0.059856493
train,chr17_58734157_TCA_ACC,missense,0.639789,0.49578166,0.14400733,0.05997623,0.06024511
train,chr17_58734157_TCA_AGC,synonymous,0.022103203,0.5703788,-0.5482756,-0.07702403,-0.077164225
train,chr17_58734157_TCA_AGT,synonymous,0.976642,0.5703788,0.40626323,-0.07702403,-0.077164225
train,chr17_58734157_TCA_CCC,missense,1.4493241,0.51759124,0.9317329,0.059601538,0.05985406
train,chr17_58734157_TCA_CTG,missense,-0.03494471,0.39508057,-0.43002528,0.06120101,0.061479636
train,chr17_58734158_C_T,missense,0.0032396268,0.39508057,-0.39184093,0.06120101,0.061479636
train,chr17_58734159_A_G,synonymous,-0.95603526,0.5703788,-1.526414,-0.07702403,-0.077164225
train,chr17_58734159_A_C,synonymous,0.39260414,0.5703788,-0.17777464,-0.07702403,-0.077164225
train,chr17_58734159_A_T,synonymous,0.029191604,0.5703788,-0.54118717,-0.07702403,-0.077164225
train,chr17_58734163_C_G,missense,0.35306945,0.63308764,-0.28001818,0.058213826,0.05848397
train,chr17_58734163_C_A,missense,0.27390376,0.6185572,-0.34465346,0.06175605,0.062081225
train,chr17_58734163_CAA_,indel,0.12740165,0.5976727,-0.47027105,0.011296362,0.0113793
train,chr17_58734163_CAA_GCC,missense,-0.22325455,0.5860312,-0.80928576,0.060447775,0.060730338
train,chr17_58734163_CAA_AAG,missense,0.33390832,0.6185572,-0.2846489,0.06175605,0.062081225
train,chr17_58734163_CAA_CCC,missense,0.092316255,0.5876818,-0.4953655,0.060751695,0.061065145
train,chr17_58734163_CAA_CGG,missense,-1.2881941,0.46508336,-1.7532774,0.062241096,0.06257315
train,chr17_58734163_CAA_CTG,missense,-0.16794874,0.55386996,-0.7218187,0.06287235,0.063192286
train,chr17_58734163_CAA_GAG,missense,-0.52850866,0.63308764,-1.1615963,0.058213826,0.05848397
train,chr17_58734164_A_G,missense,-0.67025095,0.46508336,-1.1353343,0.062241096,0.06257315
train,chr17_58734164_A_T,missense,1.7828691,0.55386996,1.2289991,0.06287235,0.063192286
train,chr17_58734164_A_C,missense,1.6227251,0.5876818,1.0350434,0.060751695,0.061065145
train,chr17_58734165_A_C,missense,-1.1453058,0.5583384,-1.7036442,0.060799714,0.061073184
train,chr17_58734165_A_G,synonymous,-1.1947254,0.6246276,-1.819353,-0.0770329,-0.07716757
train,chr17_58734165_A_T,missense,0.26631704,0.5583384,-0.29202136,0.060799714,0.061073184
train,chr17_58734166_A_G,missense,0.6196658,0.60042334,0.019242465,0.059645366,0.059899196
train,chr17_58734166_A_C,missense,1.0298139,0.6262889,0.403525,0.06096322,0.06124969
train,chr17_58734166_A_T,missense,-0.27653447,0.63807726,-0.9146117,0.0597672,0.060034122
train,chr17_58734166_ACA_,indel,0.16355813,0.63792896,-0.47437084,0.011630388,0.0117028495
train,chr17_58734166_ACA_GCC,missense,-0.73368216,0.60042334,-1.3341055,0.059645366,0.059899196
train,chr17_58734166_ACA_AAG,missense,0.306513,0.7246978,-0.41818482,0.061920907,0.06222024
train,chr17_58734166_ACA_AGC,missense,-0.80785936,0.63807726,-1.4459367,0.0597672,0.060034122
train,chr17_58734166_ACA_ATC,missense,0.13859141,0.56664777,-0.42805636,0.061164442,0.061414134
train,chr17_58734166_ACA_CCC,missense,0.19105583,0.6262889,-0.43523306,0.06096322,0.06124969
train,chr17_58734166_ACA_CGG,missense,-0.9289875,0.610003,-1.5389905,0.061987855,0.0622895
train,chr17_58734167_C_A,missense,-0.65753883,0.7246978,-1.3822367,0.061920907,0.06222024
train,chr17_58734167_C_G,missense,-1.531565,0.610003,-2.141568,0.061987855,0.0622895
train,chr17_58734167_C_T,missense,0.03388791,0.56664777,-0.53275985,0.061164442,0.061414134
train,chr17_58734168_A_G,synonymous,0.35390523,0.6600325,-0.30612728,-0.07659623,-0.07669438
train,chr17_58734168_A_C,synonymous,0.36932912,0.6600325,-0.2907034,-0.07659623,-0.07669438
train,chr17_58734168_A_T,synonymous,-0.29325226,0.6600325,-0.95328474,-0.07659623,-0.07669438
train,chr17_58734169_G_A,missense,0.43471617,0.65226483,-0.21754867,0.06301176,0.0633009
train,chr17_58734169_G_C,missense,-0.009147491,0.5908253,-0.5999728,0.061078314,0.061332323
train,chr17_58734169_GAA_,indel,1.2280811,0.5966449,0.6314362,0.011880189,0.011944287
train,chr17_58734169_GAA_GCC,missense,0.66917956,0.53825855,0.130921,0.06135503,0.06162922
train,chr17_58734169_GAA_AAG,missense,-0.070929036,0.65226483,-0.7231939,0.06301176,0.0633009
train,chr17_58734169_GAA_CAG,missense,0.7532036,0.5908253,0.16237825,0.061078314,0.061332323
train,chr17_58734169_GAA_GGC,missense,0.7349897,0.52603126,0.20895845,0.062165976,0.06243004
train,chr17_58734169_GAA_GTG,missense,0.536181,0.52798367,0.008197308,0.06268955,0.06298177
train,chr17_58734170_A_C,missense,-0.12842575,0.53825855,-0.66668427,0.06135503,0.06162922
train,chr17_58734170_A_G,missense,-0.45321319,0.52603126,-0.9792445,0.062165976,0.06243004
train,chr17_58734170_A_T,missense,-1.3947413,0.52798367,-1.922725,0.06268955,0.06298177
train,chr17_58734171_A_C,missense,-0.3275074,0.6294825,-0.9569899,0.060598403,0.060864624
train,chr17_58734171_A_G,synonymous,0.599074,0.6955285,-0.0964545,-0.07792045,-0.07804176
train,chr17_58734171_A_T,missense,0.7926929,0.6294825,0.16321039,0.060598403,0.060864624
train,chr17_58734172_G_A,missense,-0.5367476,0.7021816,-1.2389292,0.057860985,0.058091473
train,chr17_58734172_G_C,missense,-0.17240247,0.6641247,-0.8365272,0.061006878,0.061265036
train,chr17_58734172_G_T,missense,-0.52832156,0.6382501,-1.1665716,0.059066005,0.05927828
train,chr17_58734172_GGT_,indel,0.10036816,0.72797394,-0.6276058,0.009164788,0.009245708
train,chr17_58734172_GGT_GCC,missense,-0.3375684,0.6963484,-1.0339168,0.058521595,0.058752224
train,chr17_58734172_GGT_AGC,missense,-0.256789,0.7021816,-0.95897055,0.057860985,0.058091473
train,chr17_58734172_GGT_CGG,missense,0.91956717,0.6641247,0.25544244,0.061006878,0.061265036
train,chr17_58734172_GGT_GAC,missense,0.7268818,0.7690084,-0.042126596,0.05862071,0.058873855
train,chr17_58734172_GGT_GTG,missense,0.83859223,0.7563615,0.08223075,0.060215335,0.060483932
train,chr17_58734172_GGT_TGC,missense,1.2696347,0.6382501,0.6313846,0.059066005,0.05927828
train,chr17_58734173_G_A,missense,2.25321,0.7690084,1.4842017,0.05862071,0.058873855
train,chr17_58734173_G_C,missense,-1.3435231,0.6963484,-2.0398717,0.058521595,0.058752224
train,chr17_58734173_G_T,missense,0.6702972,0.7563615,-0.08606428,0.060215335,0.060483932
train,chr17_58734174_T_A,synonymous,-1.8303161,0.7085295,-2.5388455,-0.07792084,-0.07803489
train,chr17_58734174_T_C,synonymous,-0.04511603,0.7085295,-0.7536455,-0.07792084,-0.07803489
train,chr17_58734174_T_G,synonymous,0.39680418,0.7085295,-0.3117253,-0.07792084,-0.07803489
train,chr17_58734175_T_A,missense,0.5263724,0.6912577,-0.16488534,0.059943184,0.060139384
train,chr17_58734175_T_C,missense,1.4658252,0.75623584,0.70958936,0.059961364,0.06018467
train,chr17_58734175_T_G,missense,-0.8291953,0.691808,-1.5210032,0.059767712,0.05997197
train,chr17_58734175_TCC_,indel,-0.64376444,0.7477391,-1.3915036,0.011189512,0.011235832
train,chr17_58734175_TCC_ACA,missense,0.18655823,0.6912577,-0.50469947,0.059943184,0.060139384
train,chr17_58734175_TCC_AGC,synonymous,0.32812503,0.7287996,-0.40067455,-0.07786883,-0.07797453
train,chr17_58734175_TCC_AGT,synonymous,-1.2302076,0.7287996,-1.9590071,-0.07786883,-0.07797453
train,chr17_58734175_TCC_CCT,missense,-0.21062121,0.75623584,-0.9668571,0.059961364,0.06018467
train,chr17_58734175_TCC_GCT,missense,0.29300654,0.691808,-0.39880145,0.059767712,0.05997197
train,chr17_58734175_TCC_TAT,missense,0.37504426,0.7442453,-0.36920103,0.060480148,0.06065762
train,chr17_58734175_TCC_TGT,missense,0.8671639,0.69761753,0.16954637,0.060643937,0.060838558
train,chr17_58734175_TCC_TTT,missense,0.13960427,0.758641,-0.61903673,0.059732646,0.05991795
train,chr17_58734176_C_T,missense,-0.19859248,0.758641,-0.9572335,0.059732646,0.05991795
train,chr17_58734176_C_A,missense,0.43609646,0.7442453,-0.30814883,0.060480148,0.06065762
train,chr17_58734176_C_G,missense,-0.12669472,0.69761753,-0.82431227,0.060643937,0.060838558
train,chr17_58734177_C_T,synonymous,0.35040516,0.7287996,-0.37839442,-0.07786883,-0.07797453
train,chr17_58734177_C_A,synonymous,0.15178151,0.7287996,-0.5770181,-0.07786883,-0.07797453
train,chr17_58734177_C_G,synonymous,-1.3266951,0.7287996,-2.0554948,-0.07786883,-0.07797453
train,chr17_58734184_A_C,missense,1.0919927,0.8128271,0.27916563,0.058462292,0.0586595
train,chr17_58734184_A_G,missense,0.27201027,0.877259,-0.60524875,0.05907755,0.059290092
train,chr17_58734184_A_T,missense,0.24130614,0.81391954,-0.5726134,0.058171637,0.05838892
train,chr17_58734184_ACC_,indel,1.2039225,0.8898628,0.31405973,0.009319544,0.009379289
train,chr17_58734184_ACC_AAT,missense,0.040024094,0.8109946,-0.7709705,0.058967836,0.059180573
train,chr17_58734184_ACC_ATT,missense,-0.76080483,0.8893709,-1.6501758,0.061556824,0.061793663
train,chr17_58734184_ACC_CCT,missense,0.21472016,0.8128271,-0.598107,0.058462292,0.0586595
train,chr17_58734184_ACC_GCT,missense,1.3358955,0.877259,0.45863652,0.05907755,0.059290092
train,chr17_58734185_C_T,missense,1.004947,0.8893709,0.11557603,0.061556824,0.061793663
train,chr17_58734185_C_G,missense,0.35694572,0.81391954,-0.45697382,0.058171637,0.05838892
train,chr17_58734185_C_A,missense,1.385305,0.8109946,0.5743104,0.058967836,0.059180573
train,chr17_58734186_C_T,synonymous,-0.54406065,0.7956886,-1.3397493,-0.07822478,-0.078340195
train,chr17_58734186_C_A,synonymous,-0.96688896,0.7956886,-1.7625775,-0.07822478,-0.078340195
train,chr17_58734186_C_G,synonymous,-0.21507405,0.7956886,-1.0107627,-0.07822478,-0.078340195
train,chr17_58734187_C_T,missense,-1.1027516,0.80521035,-1.907962,0.06279642,0.06305457
train,chr17_58734187_C_A,synonymous,-0.19413492,0.797699,-0.9918339,-0.07820931,-0.078320496
train,chr17_58734187_C_G,missense,0.16838822,0.76062036,-0.5922321,0.060382493,0.060561307
train,chr17_58734187_CGG_,indel,0.6067885,0.93980813,-0.3330196,0.011288904,0.01129571
train,chr17_58734187_CGG_GCC,missense,-0.31692904,0.7957318,-1.1126609,0.060857918,0.061048593
train,chr17_58734187_CGG_AGA,synonymous,-0.13226388,0.797699,-0.9299629,-0.07820931,-0.078320496
train,chr17_58734187_CGG_CAA,missense,-0.15211815,0.8008766,-0.95299476,0.059807844,0.05999853
train,chr17_58734187_CGG_CCC,missense,0.049672157,0.81405497,-0.76438284,0.06238092,0.0625991
train,chr17_58734187_CGG_CTC,missense,1.8305435,0.97870016,0.85184336,0.060166836,0.06038814
train,chr17_58734187_CGG_GGC,missense,2.3535128,0.76062036,1.5928924,0.060382493,0.060561307
train,chr17_58734188_G_A,missense,0.36901656,0.8008766,-0.43186006,0.059807844,0.05999853
train,chr17_58734188_G_C,missense,0.7994519,0.81405497,-0.014603078,0.06238092,0.0625991
train,chr17_58734188_G_T,missense,0.22990571,0.97870016,-0.74879444,0.060166836,0.06038814
train,chr17_58734189_G_C,synonymous,-0.7303273,0.797699,-1.5280263,-0.07820931,-0.078320496
train,chr17_58734189_G_A,synonymous,0.27262667,0.797699,-0.52507234,-0.07820931,-0.078320496
train,chr17_58734189_G_T,synonymous,0.9249277,0.797699,0.12722874,-0.07820931,-0.078320496
train,chr17_58734190_A_C,missense,0.08969976,0.121907234,-0.032207474,0.065224506,0.06562153
train,chr17_58734190_A_G,missense,-0.18406925,0.67724633,-0.8613156,0.062558204,0.0629353
train,chr17_58734190_AAG_,indel,-1.3949745,0.7778506,-2.172825,0.015982877,0.015977873
train,chr17_58734190_AAG_GCC,missense,0.056690846,-0.3816955,0.43838635,0.06556866,0.06598566
train,chr17_58734190_AAG_ACC,missense,0.21934532,0.56913495,-0.34978962,0.06336617,0.06373214
train,chr17_58734190_AAG_CAA,missense,-1.1069669,0.121907234,-1.2288741,0.065224506,0.06562153
train,chr17_58734190_AAG_CGG,missense,-1.1480521,0.85546374,-2.0035157,0.062225074,0.062572286
train,chr17_58734190_AAG_GAA,missense,0.8453647,0.67724633,0.16811836,0.062558204,0.0629353
train,chr17_58734191_A_C,missense,-1.5897602,0.56913495,-2.158895,0.06336617,0.06373214
train,chr17_58734191_A_G,missense,-1.5016719,0.85546374,-2.3571358,0.062225074,0.062572286
train,chr17_58734191_A_T,missense,-0.96222466,0.9431827,-1.9054074,0.06199604,0.06236236
train,chr17_58734192_G_C,missense,-0.80398816,0.74401355,-1.5480018,0.06331293,0.06367619
train,chr17_58734192_G_T,missense,0.33982086,0.74401355,-0.4041927,0.06331293,0.06367619
train,chr17_58734193_C_A,synonymous,0.29823658,0.84322095,-0.54498434,-0.07904674,-0.079158135
train,chr17_58734193_C_G,missense,0.16641001,0.67528176,-0.50887173,0.062158156,0.062551826
train,chr17_58734193_CGA_,indel,-0.39584318,-1.8113161,1.415473,0.018991565,0.019020613
train,chr17_58734193_CGA_GCC,missense,0.7928432,0.28596807,0.50687516,0.06322899,0.06359949
train,chr17_58734193_CGA_AGG,synonymous,0.17484261,0.84322095,-0.66837835,-0.07904674,-0.079158135
train,chr17_58734193_CGA_CAG,missense,-0.21866758,0.9080324,-1.1267,0.06091063,0.061225012
train,chr17_58734193_CGA_CCC,missense,-0.61472994,0.3829968,-0.99772674,0.06450632,0.06492212
train,chr17_58734193_CGA_CTG,missense,0.4010616,0.51846194,-0.11740035,0.06379241,0.06426172
train,chr17_58734193_CGA_GGC,missense,-0.76324075,0.67528176,-1.4385226,0.062158156,0.062551826
train,chr17_58734194_G_A,missense,-1.2319833,0.9080324,-2.1400156,0.06091063,0.061225012
train,chr17_58734194_G_C,missense,0.05041104,0.3829968,-0.33258575,0.06450632,0.06492212
train,chr17_58734194_G_T,missense,-1.7580708,0.51846194,-2.2765326,0.06379241,0.06426172
train,chr17_58734195_A_C,synonymous,-0.3024024,0.84322095,-1.1456233,-0.07904674,-0.079158135
train,chr17_58734195_A_T,synonymous,-0.33241335,0.84322095,-1.1756343,-0.07904674,-0.079158135
train,chr17_58734196_T_A,missense,-0.06743407,0.7963321,-0.8637662,0.059053104,0.059298187
train,chr17_58734196_T_C,missense,-0.35136518,0.77642083,-1.127786,0.058289748,0.058530543
train,chr17_58734196_T_G,missense,0.0086152535,0.85550785,-0.8468926,0.059400912,0.05964811
train,chr17_58734196_TCA_,indel,0.13993883,0.54875684,-0.408818,0.015320406,0.015398345
train,chr17_58734196_TCA_GCC,missense,-0.38067845,0.85550785,-1.2361863,0.059400912,0.05964811
train,chr17_58734196_TCA_ACC,missense,-0.92656106,0.7963321,-1.7228932,0.059053104,0.059298187
train,chr17_58734196_TCA_AGC,synonymous,-1.0320514,0.84963894,-1.8816904,-0.079516426,-0.07963898
train,chr17_58734196_TCA_AGT,synonymous,0.75076836,0.84963894,-0.098870575,-0.079516426,-0.07963898
train,chr17_58734196_TCA_CCC,missense,-0.31143573,0.77642083,-1.0878565,0.058289748,0.058530543
train,chr17_58734196_TCA_CTG,missense,2.0574586,0.9559326,1.101526,0.060357932,0.060635764
train,chr17_58734197_C_T,missense,0.88531744,0.9559326,-0.07061517,0.060357932,0.060635764
train,chr17_58734198_A_G,synonymous,1.2179294,0.84963894,0.36829042,-0.079516426,-0.07963898
train,chr17_58734198_A_C,synonymous,-1.2967745,0.84963894,-2.1464133,-0.079516426,-0.07963898
train,chr17_58734198_A_T,synonymous,0.47779885,0.84963894,-0.3718401,-0.079516426,-0.07963898
train,chr17_58734199_C_A,synonymous,-0.6763918,0.85049105,-1.5268829,-0.07990746,-0.08001542
train,chr17_58734199_C_G,missense,0.48343712,0.6798928,-0.19645566,0.062033497,0.062375467
train,chr17_58734199_CGA_,indel,-0.9481668,0.48119974,-1.4293666,0.014599638,0.014706031
train,chr17_58734199_CGA_GCC,missense,-0.62661254,0.7727759,-1.3993884,0.059943583,0.060205467
train,chr17_58734199_CGA_AGG,synonymous,0.3793129,0.85049105,-0.47117814,-0.07990746,-0.08001542
train,chr17_58734199_CGA_CAG,missense,0.53927696,0.8263085,-0.28703153,0.060985666,0.06127872
train,chr17_58734199_CGA_CCC,missense,0.35061547,0.65497875,-0.30436328,0.06386553,0.06424112
train,chr17_58734199_CGA_CTG,missense,0.58821076,0.88501954,-0.29680878,0.059980705,0.06023777
train,chr17_58734199_CGA_GGC,missense,0.6218678,0.6798928,-0.058025002,0.062033497,0.062375467
train,chr17_58734200_G_A,missense,0.32510516,0.8263085,-0.5012033,0.060985666,0.06127872
train,chr17_58734200_G_C,missense,-1.3173076,0.65497875,-1.9722863,0.06386553,0.06424112
train,chr17_58734200_G_T,missense,-0.15639389,0.88501954,-1.0414134,0.059980705,0.06023777
train,chr17_58734201_A_T,synonymous,1.0027555,0.85049105,0.15226448,-0.07990746,-0.08001542
train,chr17_58734201_A_C,synonymous,0.5974105,0.85049105,-0.25308055,-0.07990746,-0.08001542
train,chr17_58734201_A_G,synonymous,-0.83308184,0.85049105,-1.6835729,-0.07990746,-0.08001542
train,chr17_58734202_G_A,missense,0.7010053,0.8901224,-0.18911713,0.05983683,0.060116578
train,chr17_58734202_G_C,missense,1.2390143,0.88050485,0.35850942,0.059205964,0.05947183
train,chr17_58734202_G_T,missense,-0.9210197,0.92251444,-1.8435341,0.06069182,0.061025932
train,chr17_58734202_GAC_,indel,-0.5229678,0.7951844,-1.3181522,0.009044942,0.009149033
train,chr17_58734202_GAC_AAT,missense,-0.9357027,0.8901224,-1.8258251,0.05983683,0.060116578
train,chr17_58734202_GAC_CAT,missense,1.3738283,0.88050485,0.49332345,0.059205964,0.05947183
train,chr17_58734202_GAC_GCT,missense,0.88034576,0.82648396,0.053861797,0.059742022,0.06002771
train,chr17_58734202_GAC_GGA,missense,1.4796084,0.835196,0.6444124,0.0607508,0.061046753
train,chr17_58734202_GAC_GTG,missense,0.23701929,0.88352275,-0.64650345,0.061455797,0.061794844
train,chr17_58734202_GAC_TAT,missense,-0.31317952,0.92251444,-1.2356939,0.06069182,0.061025932
train,chr17_58734203_A_C,missense,0.39762565,0.82648396,-0.4288583,0.059742022,0.06002771
train,chr17_58734203_A_G,missense,0.6498987,0.835196,-0.18529731,0.0607508,0.061046753
train,chr17_58734203_A_T,missense,0.015014801,0.88352275,-0.8685079,0.061455797,0.061794844
train,chr17_58734204_C_A,missense,-1.3108538,0.7971585,-2.1080122,0.05743939,0.057645418
train,chr17_58734204_C_G,missense,-0.25722417,0.7971585,-1.0543827,0.05743939,0.057645418
train,chr17_58734204_C_T,synonymous,-0.51530886,0.8501024,-1.3654113,-0.07956299,-0.0796642
train,chr17_58734205_C_A,missense,1.0235565,0.7808931,0.24266338,0.05657149,0.056739382
train,chr17_58734205_C_G,missense,-0.63556284,0.7662406,-1.4018035,0.05731933,0.057510763
train,chr17_58734205_C_T,missense,-0.119806856,0.7882023,-0.9080092,0.05832863,0.05853778
train,chr17_58734205_CCA_,indel,1.0078411,0.74422836,0.26361275,0.007989774,0.008050881
train,chr17_58734205_CCA_GCC,missense,-0.53385204,0.7662406,-1.3000927,0.05731933,0.057510763
train,chr17_58734205_CCA_ACC,missense,-0.67086786,0.7808931,-1.451761,0.05657149,0.056739382
train,chr17_58734205_CCA_AGC,missense,-0.16431236,0.7882023,-0.95251465,0.05832863,0.05853778
train,chr17_58734205_CCA_CAG,missense,-0.013939422,0.7871599,-0.80109936,0.057818115,0.0580122
train,chr17_58734205_CCA_CGG,missense,0.3698076,0.91740084,-0.54759324,0.059948508,0.060212962
train,chr17_58734205_CCA_CTG,missense,-0.4356304,0.9765825,-1.412213,0.058431085,0.058672875
train,chr17_58734206_C_A,missense,0.3545696,0.7871599,-0.4325903,0.057818115,0.0580122
train,chr17_58734206_C_G,missense,-0.42687094,0.91740084,-1.3442718,0.059948508,0.060212962
train,chr17_58734206_C_T,missense,-0.61920494,0.9765825,-1.5957875,0.058431085,0.058672875
train,chr17_58734207_A_G,synonymous,0.9377463,0.8493719,0.08837438,-0.07981112,-0.07990112
train,chr17_58734207_A_C,synonymous,-0.060551688,0.8493719,-0.9099236,-0.07981112,-0.07990112
train,chr17_58734207_A_T,synonymous,-0.3558083,0.8493719,-1.2051802,-0.07981112,-0.07990112
train,chr17_58734208_G_A,missense,-0.37251428,0.9864056,-1.3589199,0.06200442,0.06231857
train,chr17_58734208_G_C,missense,1.0688697,0.8974669,0.17140281,0.059163507,0.059413288
train,chr17_58734208_GAG_,indel,1.4627217,0.91489816,0.54782355,0.011070436,0.011177721
train,chr17_58734208_GAG_GCC,missense,-1.2380394,0.8478055,-2.085845,0.05839146,0.058628332
train,chr17_58734208_GAG_AAA,missense,1.1401328,0.9864056,0.15372717,0.06200442,0.06231857
train,chr17_58734208_GAG_CAA,missense,-0.23070416,0.8974669,-1.1281711,0.059163507,0.059413288
train,chr17_58734208_GAG_GGC,missense,-0.058861755,0.8448913,-0.90375304,0.05958764,0.059824295
train,chr17_58734208_GAG_GTC,missense,0.20497198,0.87988615,-0.6749142,0.05896861,0.0592246
train,chr17_58734209_A_C,missense,-0.13473906,0.8478055,-0.98254454,0.05839146,0.058628332
train,chr17_58734209_A_G,missense,-0.72306013,0.8448913,-1.5679514,0.05958764,0.059824295
train,chr17_58734209_A_T,missense,-0.29839653,0.87988615,-1.1782827,0.05896861,0.0592246
train,chr17_58734210_G_A,synonymous,0.057804164,0.8617337,-0.8039295,-0.079668984,-0.079745166
train,chr17_58734210_G_C,missense,0.30402344,0.8205831,-0.51655966,0.058999553,0.059242442
train,chr17_58734210_G_T,missense,1.1864634,0.8205831,0.36588025,0.058999553,0.059242442
train,chr17_58734211_G_A,missense,-0.12674485,1.121083,-1.2478279,0.061573703,0.06187599
train,chr17_58734211_G_C,missense,-0.3325872,0.9427488,-1.275336,0.059011593,0.05925405
train,chr17_58734211_GAA_,indel,0.5781991,0.91489816,-0.33669907,0.011070436,0.011177721
train,chr17_58734211_GAA_GCC,missense,-0.16793062,0.9249978,-1.0929284,0.05845143,0.058690313
train,chr17_58734211_GAA_AAG,missense,-1.6082406,1.121083,-2.7293236,0.061573703,0.06187599
train,chr17_58734211_GAA_CAG,missense,-0.063324824,0.9427488,-1.0060736,0.059011593,0.05925405
train,chr17_58734211_GAA_GGC,missense,1.6709236,0.91958165,0.75134194,0.058798667,0.05903483
train,chr17_58734211_GAA_GTG,missense,1.0518275,0.9852085,0.06661904,0.059935916,0.060215138
train,chr17_58734212_A_C,missense,-0.3571585,0.9249978,-1.2821563,0.05845143,0.058690313
train,chr17_58734212_A_G,missense,0.5325879,0.91958165,-0.38699377,0.058798667,0.05903483
train,chr17_58734212_A_T,missense,-1.1973332,0.9852085,-2.1825418,0.059935916,0.060215138
train,chr17_58734213_A_C,missense,0.17304736,0.84158635,-0.668539,0.058978826,0.059235822
train,chr17_58734213_A_G,synonymous,0.19801927,0.881305,-0.6832857,-0.079738066,-0.07980551
train,chr17_58734213_A_T,missense,0.77329415,0.84158635,-0.0682922,0.058978826,0.059235822
train,chr17_58734214_G_A,missense,0.98588485,1.0809424,-0.09505755,0.06110085,0.06141366
train,chr17_58734214_G_C,missense,-0.6090542,0.9297581,-1.5388123,0.059098855,0.059362393
train,chr17_58734214_GAA_GCC,missense,1.901804,0.9546385,0.9471655,0.059422873,0.059698347
train,chr17_58734214_GAA_AAG,missense,-0.5413089,1.0809422,-1.622251,0.061100855,0.06141366
train,chr17_58734214_GAA_CAG,missense,0.38150045,0.9297595,-0.548259,0.059098855,0.059362385
train,chr17_58734214_GAA_GGC,missense,0.32911327,0.92030764,-0.5911944,0.05921638,0.05947829
train,chr17_58734214_GAA_GTG,missense,0.3702724,0.93483543,-0.56456304,0.060638368,0.060938053
train,chr17_58734215_A_C,missense,-0.19153257,0.9546385,-1.1461711,0.059422858,0.05969833
train,chr17_58734215_A_G,missense,-0.67081994,0.92030764,-1.5911276,0.05921638,0.05947829
train,chr17_58734215_A_T,missense,-0.22799052,0.93483543,-1.162826,0.060638368,0.060938053
train,chr17_58734216_ATT_,indel,0.16465086,0.8885586,-0.72390777,0.009719338,0.009833164
train,chr17_58734216_A_C,missense,-0.8954669,0.8656919,-1.7611588,0.05900916,0.05927246
train,chr17_58734216_A_G,synonymous,0.67519134,0.89489865,-0.21970731,-0.07958604,-0.07964304
train,chr17_58734216_A_T,missense,0.087558046,0.8656919,-0.77813387,0.05900916,0.05927246
train,chr17_58734217_T_A,missense,0.94381785,0.75296855,0.1908493,0.05730834,0.057530105
train,chr17_58734217_T_C,synonymous,0.41141987,0.8952141,-0.4837942,-0.07994723,-0.07998691
train,chr17_58734217_T_G,missense,0.36765188,0.75387645,-0.38622457,0.057435166,0.057659984
train,chr17_58734217_TTA_GCC,missense,0.41084766,0.77301884,-0.36217117,0.05654526,0.056750882
train,chr17_58734217_TTA_AGC,missense,-1.2600486,0.80287695,-2.0629256,0.056891885,0.057106383
train,chr17_58734217_TTA_ATC,missense,0.43941137,0.75296855,-0.31355718,0.05730834,0.057530105
train,chr17_58734217_TTA_CTC,synonymous,0.034358468,0.8952141,-0.86085564,-0.07994723,-0.07998691
train,chr17_58734217_TTA_CTG,synonymous,0.09336576,0.8952141,-0.8018483,-0.07994723,-0.07998691
train,chr17_58734217_TTA_CTT,synonymous,-0.29161477,0.8952141,-1.1868289,-0.07994723,-0.07998691
train,chr17_58734217_TTA_GTG,missense,0.018365443,0.75387645,-0.735511,0.057435166,0.057659984
train,chr17_58734218_T_C,missense,1.7071528,0.80287695,0.9042759,0.056891885,0.057106383
train,chr17_58734219_A_G,synonymous,0.50907826,0.8952141,-0.38613582,-0.07994723,-0.07998691
train,chr17_58734219_A_C,missense,0.95361555,0.6929605,0.26065505,0.057205867,0.057433385
train,chr17_58734219_A_T,missense,-0.72821194,0.6929605,-1.4211724,0.057205867,0.057433385
val,chr17_58692650_G_A,missense,0.30890802,0.36231804,-0.053410023,0.06565895,0.06602733
val,chr17_58692650_G_C,missense,0.27762496,0.36231804,-0.084693074,0.06565895,0.06602733
val,chr17_58692650_G_T,missense,-0.24110967,0.4440608,-0.6851705,0.0649819,0.065335095
val,chr17_58692650_GGG_,indel,-0.15439971,0.47975278,-0.6341525,0.013778806,0.013920491
val,chr17_58692650_GGG_GCC,missense,0.8147312,0.25872922,0.55600196,0.06549586,0.06580305
val,chr17_58692650_GGG_AGA,missense,0.4663011,0.36231804,0.103983074,0.06565895,0.06602733
val,chr17_58692650_GGG_GAA,missense,0.8765377,0.30806112,0.56847656,0.06569727,0.06598386
val,chr17_58692650_GGG_GTC,missense,-0.23338035,0.56517124,-0.79855156,0.06336917,0.063703395
val,chr17_58692651_G_A,missense,-0.5625417,0.30806112,-0.87060285,0.06569727,0.06598386
val,chr17_58692651_G_C,missense,0.5255989,0.25872922,0.26686966,0.06549586,0.06580305
val,chr17_58692651_G_T,missense,1.4932268,0.56517124,0.9280555,0.06336917,0.063703395
val,chr17_58692652_G_C,synonymous,-1.3055401,0.5711012,-1.8766413,-0.07314366,-0.073179275
val,chr17_58692652_G_T,synonymous,-1.1294498,0.5711012,-1.700551,-0.07314366,-0.073179275
val,chr17_58692652_G_A,synonymous,1.273068,0.5711012,0.70196676,-0.07314366,-0.073179275
val,chr17_58692662_C_A,missense,-0.734082,0.29362917,-1.0277112,0.06602265,0.06628219
val,chr17_58692662_C_G,missense,0.9228253,0.39277267,0.5300526,0.06554776,0.06580636
val,chr17_58692662_C_T,missense,0.84660137,0.5369761,0.30962527,0.06472671,0.06497754
val,chr17_58692662_CGC_,indel,-0.5710141,0.16649508,-0.7375092,0.016399456,0.016506735
val,chr17_58692662_CGC_GCC,missense,-0.9353165,0.35107422,-1.2863908,0.065393105,0.06566261
val,chr17_58692662_CGC_AGA,synonymous,-0.4661818,0.56088305,-1.0270648,-0.07204977,-0.07211199
val,chr17_58692662_CGC_AGG,synonymous,0.42367923,0.56088305,-0.13720381,-0.07204977,-0.07211199
val,chr17_58692662_CGC_CAT,missense,-0.17662413,0.4836769,-0.660301,0.06530928,0.0655546
val,chr17_58692662_CGC_CCT,missense,-1.301683,0.41033268,-1.7120156,0.06585522,0.0661284
val,chr17_58692662_CGC_CTG,missense,0.08171617,0.5071273,-0.4254111,0.06446649,0.06472975
val,chr17_58692662_CGC_GGA,missense,-0.3335121,0.39277267,-0.72628474,0.06554776,0.06580636
val,chr17_58692662_CGC_TCC,missense,-1.3049337,0.29362917,-1.5985628,0.06602265,0.06628219
val,chr17_58692662_CGC_TGT,missense,-0.94873154,0.5369761,-1.4857076,0.06472671,0.06497754
val,chr17_58692663_G_A,missense,2.3195796,0.4836769,1.8359027,0.06530928,0.0655546
val,chr17_58692663_G_C,missense,-0.37443078,0.41033268,-0.78476346,0.06585522,0.0661284
val,chr17_58692663_G_T,missense,0.44073135,0.5071273,-0.06639594,0.06446649,0.06472975
val,chr17_58692664_C_G,synonymous,-2.025891,0.56088305,-2.586774,-0.07204977,-0.07211199
val,chr17_58692664_C_A,synonymous,-0.5421994,0.56088305,-1.1030824,-0.07204977,-0.07211199
val,chr17_58692664_C_T,synonymous,-2.06484,0.56088305,-2.6257231,-0.07204977,-0.07211199
val,chr17_58692677_C_T,missense,-1.4530007,0.10880017,-1.5618008,0.07109972,0.0714186
val,chr17_58692677_C_G,missense,0.20914228,-0.28100562,0.4901479,0.07097764,0.07129997
val,chr17_58692677_C_A,synonymous,-1.4916997,0.5455682,-2.037268,-0.06759866,-0.06760669
val,chr17_58692677_CGG_,indel,0.20562623,-1.1783872,1.3840134,0.020922476,0.021100758
val,chr17_58692677_CGG_GCC,missense,0.0030650399,-0.19770622,0.20077126,0.06989898,0.07023302
val,chr17_58692677_CGG_AGA,synonymous,1.704987,0.5455682,1.1594188,-0.06759866,-0.06760669
val,chr17_58692677_CGG_CAA,missense,1.1136643,-0.21269274,1.326357,0.07101149,0.07131572
val,chr17_58692677_CGG_CCC,missense,-2.0427277,-0.09873295,-1.9439948,0.07039845,0.07071479
val,chr17_58692677_CGG_CTC,missense,1.0933205,0.11741829,0.9759022,0.06989648,0.07021492
val,chr17_58692677_CGG_GGC,missense,-1.1870421,-0.28100562,-0.9060365,0.07097764,0.07129997
val,chr17_58692678_G_A,missense,0.36024645,-0.21269274,0.57293916,0.07101149,0.07131572
val,chr17_58692678_G_C,missense,-1.4367772,-0.09873295,-1.3380443,0.07039845,0.07071479
val,chr17_58692678_G_T,missense,-1.0952699,0.11741829,-1.2126882,0.06989648,0.07021492
val,chr17_58692679_G_A,synonymous,1.3510107,0.5455682,0.80544245,-0.06759866,-0.06760669
val,chr17_58692679_G_C,synonymous,0.8310783,0.5455682,0.28551006,-0.06759866,-0.06760669
val,chr17_58692679_G_T,synonymous,-0.068917304,0.5455682,-0.6144855,-0.06759866,-0.06760669
val,chr17_58692686_G_A,missense,-0.31761336,-0.61646557,0.2988522,0.07387114,0.0741422
val,chr17_58692686_G_C,missense,-0.06609948,-0.2989409,0.23284142,0.07345605,0.07370436
val,chr17_58692686_G_T,missense,0.16948321,-0.2989409,0.4684241,0.07345605,0.07370436
val,chr17_58692686_GTG_,indel,-14.231126,-15.532848,1.3017225,0.029159466,0.029284501
val,chr17_58692686_GTG_GCC,missense,-0.33117205,0.24780416,-0.5789762,0.0723079,0.07257834
val,chr17_58692686_GTG_CTC,missense,0.4109213,-0.2989409,0.70986223,0.07345605,0.07370436
val,chr17_58692686_GTG_GAA,missense,-0.08622062,-0.19889331,0.11267269,0.07280648,0.073084705
val,chr17_58692686_GTG_GGC,missense,-0.18655916,-0.05947995,-0.1270792,0.07335829,0.073613934
val,chr17_58692687_T_C,missense,-0.72843665,0.24780416,-0.9762408,0.0723079,0.07257834
val,chr17_58692687_T_G,missense,-0.7715003,-0.05947995,-0.71202034,0.07335829,0.073613934
val,chr17_58692687_T_A,missense,-0.09382053,-0.19889331,0.10507278,0.07280648,0.073084705
val,chr17_58692688_G_A,synonymous,-0.581154,0.5483732,-1.1295272,-0.06589345,-0.06590714
val,chr17_58692688_G_C,synonymous,0.11524063,0.5483732,-0.4331326,-0.06589345,-0.06590714
val,chr17_58692688_G_T,synonymous,0.3804161,0.5483732,-0.16795713,-0.06589345,-0.06590714
val,chr17_58692698_C_A,missense,0.09991397,-1.453399,1.5533129,0.077136405,0.077417
val,chr17_58692698_C_T,synonymous,-1.354041,0.83677626,-2.1908174,-0.064283065,-0.064354956
val,chr17_58692698_C_G,missense,1.1712701,0.03210354,1.1391666,0.0751914,0.07546876
val,chr17_58692698_CTG_,indel,-21.218874,-14.642585,-6.576289,0.03342864,0.033554558
val,chr17_58692698_CTG_GCC,missense,-2.4413173,-2.870493,0.42917562,0.07790254,0.07820697
val,chr17_58692698_CTG_AGA,missense,-19.233017,-15.156614,-4.0764027,0.08183081,0.08218121
val,chr17_58692698_CTG_CAA,missense,-13.836169,-14.421741,0.5855713,0.081538424,0.081853904
val,chr17_58692698_CTG_CCC,missense,-17.616388,-15.14891,-2.4674788,0.08147771,0.08182587
val,chr17_58692698_CTG_GTC,missense,-0.22046264,0.03210354,-0.25256616,0.0751914,0.07546876
val,chr17_58692698_CTG_TTA,synonymous,0.6587084,0.83677626,-0.17806786,-0.064283065,-0.064354956
val,chr17_58692699_T_C,missense,-13.31421,-15.14891,1.8346996,0.08147771,0.08182587
val,chr17_58692699_T_A,missense,-14.627121,-14.421741,-0.20538044,0.081538424,0.081853904
val,chr17_58692699_T_G,missense,-16.666195,-15.156614,-1.5095806,0.08183081,0.08218121
val,chr17_58692700_G_A,synonymous,0.74530643,0.83677626,-0.091469824,-0.064283065,-0.064354956
val,chr17_58692700_G_C,synonymous,-0.8949763,0.83677626,-1.7317526,-0.064283065,-0.064354956
val,chr17_58692700_G_T,synonymous,0.6715018,0.83677626,-0.16527444,-0.064283065,-0.064354956
val,chr17_58692710_G_A,missense,0.19041781,-2.2485447,2.4389625,0.07862406,0.0790113
val,chr17_58692710_G_C,missense,-1.3177162,-1.4658765,0.14816022,0.07839717,0.0788106
val,chr17_58692710_G_T,missense,-0.92607456,-1.4658765,0.5398019,0.07839717,0.0788106
val,chr17_58692710_GTG_,indel,-22.133184,-6.505327,-15.627857,0.026509529,0.026734196
val,chr17_58692710_GTG_GCC,missense,-0.22705336,-0.04875207,-0.17830129,0.07578219,0.07617777
val,chr17_58692710_GTG_GAA,missense,-8.309598,-4.799676,-3.509922,0.07915527,0.079537615
val,chr17_58692710_GTG_GGC,missense,-4.1363525,-3.2274654,-0.90888715,0.078936346,0.07932019
val,chr17_58692710_GTG_CTC,missense,-1.0618764,-1.4658765,0.40400004,0.07839717,0.0788106
val,chr17_58692711_T_G,missense,-3.903802,-3.2274654,-0.6763365,0.078936346,0.07932019
val,chr17_58692711_T_A,missense,-7.620659,-4.799676,-2.820983,0.07915527,0.079537615
val,chr17_58692711_T_C,missense,0.49878308,-0.04875207,0.5475352,0.07578219,0.07617777
val,chr17_58692712_G_A,synonymous,0.34212023,0.68504643,-0.3429262,-0.061799552,-0.06194543
val,chr17_58692712_G_T,synonymous,-3.0963042,0.68504643,-3.7813506,-0.061799552,-0.06194543
val,chr17_58692712_G_C,synonymous,-1.8208122,0.68504643,-2.5058587,-0.061799552,-0.06194543
val,chr17_58692764_G_A,missense,-1.441554,-0.4589851,-0.98256886,0.07065598,0.07108997
val,chr17_58692764_G_C,missense,0.24698749,-0.16908884,0.41607633,0.07165203,0.07206788
val,chr17_58692764_G_T,missense,1.3650861,-0.16908884,1.5341749,0.07165203,0.07206788
val,chr17_58692764_GTG_,indel,-12.368799,-2.7478948,-9.620905,0.02156746,0.02187346
val,chr17_58692764_GTG_GCC,missense,-0.2255464,-0.084839106,-0.1407073,0.07014086,0.07051135
val,chr17_58692764_GTG_CTC,missense,-0.0053430637,-0.16908884,0.16374578,0.07165203,0.07206788
val,chr17_58692764_GTG_GAA,missense,1.0630887,-0.492939,1.5560277,0.073071726,0.073435694
val,chr17_58692764_GTG_GGC,missense,-0.6221662,-0.52469015,-0.097476065,0.072058156,0.07242557
val,chr17_58692765_T_A,missense,-0.0725929,-0.492939,0.42034608,0.073071726,0.073435694
val,chr17_58692765_T_C,missense,-1.3336045,-0.084839106,-1.2487653,0.07014086,0.07051135
val,chr17_58692765_T_G,missense,-1.1489643,-0.52469015,-0.62427413,0.072058156,0.07242557
val,chr17_58692766_G_A,synonymous,-2.048383,0.25748348,-2.3058665,-0.06530971,-0.06539915
val,chr17_58692766_G_C,synonymous,-1.0050521,0.25748348,-1.2625356,-0.06530971,-0.06539915
val,chr17_58692766_G_T,synonymous,1.5183662,0.25748348,1.2608827,-0.06530971,-0.06539915
val,chr17_58692773_T_C,missense,-3.1750453,-2.7758312,-0.39921403,0.076810665,0.077231646
val,chr17_58692773_T_A,missense,-0.17244281,-0.9795611,0.8071183,0.075445496,0.075868756
val,chr17_58692773_T_G,missense,-1.339959,-1.293989,-0.045970082,0.0755161,0.07594806
val,chr17_58692773_TCC_,indel,-16.19201,-12.201591,-3.9904203,0.031653054,0.03188176
val,chr17_58692773_TCC_CCT,missense,-6.1580935,-2.7758312,-3.3822622,0.076810665,0.077231646
val,chr17_58692773_TCC_TAT,missense,-7.15683,-1.3227086,-5.834121,0.07597545,0.07639029
val,chr17_58692773_TCC_TTT,missense,-7.6926756,-1.2346936,-6.457982,0.075619295,0.07603328
val,chr17_58692773_TCC_ACA,missense,2.6955702,-0.9795611,3.6751313,0.075445496,0.075868756
val,chr17_58692773_TCC_AGC,synonymous,0.56827086,-0.15316296,0.7214338,-0.064689994,-0.06472578
val,chr17_58692773_TCC_AGT,synonymous,-0.6390497,-0.15316296,-0.48588675,-0.064689994,-0.06472578
val,chr17_58692773_TCC_GCT,missense,0.107137285,-1.293989,1.4011263,0.0755161,0.07594806
val,chr17_58692773_TCC_TGT,missense,0.40042338,-3.259694,3.6601174,0.077085376,0.0775173
val,chr17_58692774_C_A,missense,-2.9492538,-1.3227086,-1.6265452,0.07597545,0.07639029
val,chr17_58692774_C_T,missense,-6.361152,-1.2346936,-5.1264586,0.075619295,0.07603328
val,chr17_58692774_C_G,missense,-0.40577304,-3.259694,2.853921,0.077085376,0.0775173
val,chr17_58692775_C_T,synonymous,-2.3980455,-0.15316296,-2.2448826,-0.064689994,-0.06472578
val,chr17_58692775_C_A,synonymous,-1.7941667,-0.15316296,-1.6410037,-0.064689994,-0.06472578
val,chr17_58692775_C_G,synonymous,-0.57969034,-0.15316296,-0.42652738,-0.064689994,-0.06472578
val,chr17_58694978_A_G,missense,-0.43729055,-0.06914616,-0.3681444,0.07155692,0.07192634
val,chr17_58694978_A_C,synonymous,-1.6341213,0.8242159,-2.4583373,-0.06823545,-0.06836691
val,chr17_58694978_AGA_GCC,missense,-0.06485267,-0.011573076,-0.053279594,0.07008237,0.07046414
val,chr17_58694978_AGA_AAG,missense,1.1212956,0.4182315,0.7030641,0.06871977,0.069118015
val,chr17_58694978_AGA_ACC,missense,-0.11052729,0.015617132,-0.12614442,0.07021627,0.070600204
val,chr17_58694978_AGA_ATC,missense,-1.2550565,-0.79513717,-0.45991933,0.070884846,0.07129481
val,chr17_58694978_AGA_CGC,synonymous,-0.39897427,0.8242159,-1.2231902,-0.06823545,-0.06836691
val,chr17_58694978_AGA_CGG,synonymous,-1.2150316,0.8242159,-2.0392475,-0.06823545,-0.06836691
val,chr17_58694978_AGA_CGT,synonymous,1.9934711,0.8242159,1.1692553,-0.06823545,-0.06836691
val,chr17_58694978_AGA_GGC,missense,-0.3989451,-0.06914616,-0.32979894,0.07155692,0.07192634
val,chr17_58694978_AGA_TCC,missense,-1.2306837,0.17698741,-1.4076711,0.07050441,0.07088729
val,chr17_58694979_G_C,missense,-1.0178362,0.015617132,-1.0334533,0.07021627,0.070600204
val,chr17_58694979_G_A,missense,-0.2668525,0.4182315,-0.685084,0.06871977,0.069118015
val,chr17_58694979_G_T,missense,0.2160636,-0.79513717,1.0112008,0.070884846,0.07129481
val,chr17_58694980_A_G,synonymous,2.1849964,0.8242159,1.3607805,-0.06823545,-0.06836691
val,chr17_58694980_A_C,missense,0.35378596,0.17698741,0.17679855,0.07050441,0.07088729
val,chr17_58694980_A_T,missense,0.80957556,0.17698741,0.63258815,0.07050441,0.07088729
val,chr17_58694984_G_C,missense,1.3536675,0.3943262,0.9593413,0.06905016,0.06944408
val,chr17_58694984_G_A,missense,2.0529146,0.4020896,1.650825,0.06939439,0.06981382
val,chr17_58694984_GAA_,indel,0.4264949,0.361228,0.06526691,0.017246416,0.0174321
val,chr17_58694984_GAA_GCC,missense,0.98814887,0.61310744,0.37504143,0.068944015,0.06934812
val,chr17_58694984_GAA_AAG,missense,0.19137833,0.4020896,-0.21071127,0.06939439,0.06981382
val,chr17_58694984_GAA_CAG,missense,0.7061838,0.3943262,0.31185758,0.06905016,0.06944408
val,chr17_58694984_GAA_GGC,missense,0.28977883,0.10197091,0.18780792,0.07016407,0.070571594
val,chr17_58694984_GAA_GTG,missense,-1.3085254,0.371166,-1.6796914,0.06905255,0.06946285
val,chr17_58694985_A_G,missense,0.35455868,0.10197091,0.25258777,0.07016407,0.070571594
val,chr17_58694985_A_C,missense,1.2651442,0.61310744,0.6520368,0.068944015,0.06934812
val,chr17_58694985_A_T,missense,0.5783782,0.371166,0.20721221,0.06905255,0.06946285
val,chr17_58694986_A_G,synonymous,0.93629557,0.9201274,0.016168177,-0.06994981,-0.070023865
val,chr17_58694986_A_C,missense,1.2396336,0.5318179,0.70781565,0.07029024,0.07067856
val,chr17_58694986_A_T,missense,-1.6603669,0.5318179,-2.192185,0.07029024,0.07067856
val,chr17_58694996_A_T,missense,0.8391245,0.80956745,0.02955705,0.06596476,0.06631343
val,chr17_58694996_A_C,missense,-1.6074253,0.9206915,-2.5281167,0.06677553,0.06711771
val,chr17_58694996_A_G,missense,1.7863432,0.73636174,1.0499815,0.06842026,0.068781555
val,chr17_58694996_AAT_,indel,2.1791935,0.86719227,1.3120012,0.016903467,0.017105617
val,chr17_58694996_AAT_GCC,missense,-0.095056504,0.87334347,-0.9684,0.065736435,0.066103354
val,chr17_58694996_AAT_ACC,missense,0.8402468,0.84946966,-0.009222865,0.065865524,0.06622045
val,chr17_58694996_AAT_AGC,missense,-0.99209857,0.8930347,-1.8851333,0.06625694,0.066618785
val,chr17_58694996_AAT_ATC,missense,2.2896554,0.72480345,1.564852,0.06479322,0.065166876
val,chr17_58694996_AAT_CAC,missense,2.543812,0.9206915,1.6231205,0.06677553,0.06711771
val,chr17_58694996_AAT_GAC,missense,1.0628202,0.73636174,0.32645845,0.06842026,0.068781555
val,chr17_58694996_AAT_TAC,missense,1.1436337,0.80956745,0.33406627,0.06596476,0.06631343
val,chr17_58694997_A_C,missense,0.13440926,0.84946966,-0.7150604,0.065865524,0.06622045
val,chr17_58694997_A_G,missense,1.116499,0.8930347,0.22346425,0.06625694,0.066618785
val,chr17_58694997_A_T,missense,0.7425538,0.72480345,0.017750323,0.06479322,0.065166876
val,chr17_58694998_T_A,missense,-1.1011795,1.0426221,-2.1438017,0.067710675,0.068105385
val,chr17_58694998_T_C,synonymous,2.8653462,1.1486948,1.7166514,-0.07135307,-0.07142775
val,chr17_58694998_T_G,missense,0.08907826,1.0426221,-0.95354384,0.067710675,0.068105385
val,chr17_58695002_C_G,missense,0.07011309,1.2103302,-1.1402172,0.0669393,0.06726486
val,chr17_58695002_C_T,missense,0.58480465,1.2775543,-0.6927496,0.06614613,0.06647447
val,chr17_58695002_C_A,missense,0.08579161,1.2441723,-1.1583807,0.06567526,0.06599044
val,chr17_58695002_CCA_,indel,-1.125221,0.39868736,-1.5239084,0.017621564,0.017712522
val,chr17_58695002_CCA_GCC,missense,1.2609888,1.2103302,0.050658584,0.0669393,0.06726486
val,chr17_58695002_CCA_ACC,missense,-0.61686885,1.2441723,-1.8610412,0.06567526,0.06599044
val,chr17_58695002_CCA_AGC,missense,-0.9105185,1.2775543,-2.1880727,0.06614613,0.06647447
val,chr17_58695002_CCA_CAG,missense,0.18420605,1.2090714,-1.0248654,0.066325895,0.06664576
val,chr17_58695002_CCA_CGG,missense,-0.7005317,1.0365915,-1.7371233,0.066815294,0.06714789
val,chr17_58695002_CCA_CTG,missense,1.300022,1.180865,0.11915696,0.06690922,0.06721945
val,chr17_58695003_C_G,missense,2.049306,1.0365915,1.0127144,0.066815294,0.06714789
val,chr17_58695003_C_A,missense,-0.6112123,1.2090714,-1.8202837,0.066325895,0.06664576
val,chr17_58695003_C_T,missense,1.043344,1.180865,-0.13752103,0.06690922,0.06721945
val,chr17_58695004_A_C,synonymous,-0.46615377,1.2659643,-1.732118,-0.07166187,-0.07173485
val,chr17_58695004_A_G,synonymous,0.6321234,1.2659643,-0.63384086,-0.07166187,-0.07173485
val,chr17_58695004_A_T,synonymous,1.9093462,1.2659643,0.64338195,-0.07166187,-0.07173485
val,chr17_58695011_G_A,missense,1.0420325,1.2724788,-0.23044634,0.06723502,0.06748044
val,chr17_58695011_G_C,missense,1.7470875,0.88208866,0.8649988,0.069432884,0.06967715
val,chr17_58695011_G_T,missense,-0.1536518,1.3469055,-1.5005573,0.06725113,0.06752503
val,chr17_58695011_GCT_,indel,0.98442054,1.0638456,-0.0794251,0.016434839,0.016565999
val,chr17_58695011_GCT_ACC,missense,1.3702278,1.2724788,0.097748995,0.06723502,0.06748044
val,chr17_58695011_GCT_AGC,missense,0.8419477,1.3469055,-0.5049578,0.06725113,0.06752503
val,chr17_58695011_GCT_CCC,missense,1.7691954,0.88208866,0.8871068,0.069432884,0.06967715
val,chr17_58695011_GCT_GAC,missense,1.511619,1.0380831,0.4735359,0.06832493,0.06857935
val,chr17_58695011_GCT_GGC,missense,0.55798095,1.2358782,-0.6778973,0.068041645,0.06829914
val,chr17_58695011_GCT_GTG,missense,1.921574,0.9903796,0.9311944,0.06867784,0.068912774
val,chr17_58695012_C_G,missense,0.5700692,1.2358782,-0.66580904,0.068041645,0.06829914
val,chr17_58695012_C_T,missense,1.402103,0.9903796,0.41172338,0.06867784,0.068912774
val,chr17_58695012_C_A,missense,0.48489925,1.0380831,-0.5531838,0.06832493,0.06857935
val,chr17_58695013_T_G,synonymous,3.730686,1.4868872,2.2437987,-0.07136983,-0.07141376
val,chr17_58695013_T_A,synonymous,0.16023749,1.4868872,-1.3266497,-0.07136983,-0.07141376
val,chr17_58695013_T_C,synonymous,1.376624,1.4868872,-0.11026323,-0.07136983,-0.07141376
val,chr17_58695023_G_A,missense,0.8985466,1.3462718,-0.44772518,0.06569204,0.0660014
val,chr17_58695023_G_C,missense,-0.14072147,1.2608874,-1.4016088,0.06527121,0.06555309
val,chr17_58695023_GAG_,indel,-1.6798385,1.3523219,-3.0321603,0.015247284,0.015284477
val,chr17_58695023_GAG_GCC,missense,1.0646358,1.38956,-0.32492423,0.06560139,0.06588358
val,chr17_58695023_GAG_AAA,missense,1.0137041,1.3462718,-0.3325677,0.06569204,0.0660014
val,chr17_58695023_GAG_CAA,missense,0.4172318,1.2608874,-0.8436556,0.06527121,0.06555309
val,chr17_58695023_GAG_GGC,missense,-0.42243275,1.4490788,-1.8715116,0.06647297,0.066777974
val,chr17_58695023_GAG_GTC,missense,0.418141,1.3462951,-0.9281541,0.06470239,0.06497095
val,chr17_58695024_A_G,missense,1.8404901,1.4490788,0.3914113,0.06647297,0.066777974
val,chr17_58695024_A_C,missense,-0.77334136,1.38956,-2.1629014,0.06560139,0.06588358
val,chr17_58695024_A_T,missense,0.6585453,1.3462951,-0.6877498,0.06470239,0.06497095
val,chr17_58695025_G_A,synonymous,0.5407522,1.4390609,-0.89830875,-0.071254216,-0.07138894
val,chr17_58695025_G_T,missense,-0.40605858,1.2400782,-1.6461368,0.067485176,0.06777632
val,chr17_58695025_G_C,missense,1.1661401,1.2400782,-0.07393813,0.067485176,0.06777632
val,chr17_58695044_G_A,missense,-4.0321565,-4.6530557,0.6208992,0.07668521,0.077045426
val,chr17_58695044_G_T,missense,-0.18842275,-2.2555323,2.0671096,0.07610722,0.07644677
val,chr17_58695044_G_C,missense,-25.310696,-7.43285,-17.877846,0.07672346,0.0771128
val,chr17_58695044_GCG_,indel,-18.371368,-16.110714,-2.2606544,0.025791828,0.025994126
val,chr17_58695044_GCG_ACC,missense,-4.8151164,-4.6530557,-0.16206074,0.07668521,0.077045426
val,chr17_58695044_GCG_CCC,missense,-17.301704,-7.43285,-9.8688545,0.07672346,0.0771128
val,chr17_58695044_GCG_GAA,missense,-20.160307,-16.350414,-3.8098927,0.080148235,0.08055571
val,chr17_58695044_GCG_AGC,missense,-0.2266988,-2.2555323,2.0288334,0.07610722,0.07644677
val,chr17_58695044_GCG_GGC,missense,0.41508657,-0.6506989,1.0657854,0.07554664,0.07588679
val,chr17_58695044_GCG_GTC,missense,-0.032547913,-1.04537,1.012822,0.07517702,0.0755599
val,chr17_58695045_C_A,missense,-15.056839,-16.350414,1.2935753,0.080148235,0.08055571
val,chr17_58695045_C_T,missense,3.0464976,-1.04537,4.0918674,0.07517702,0.0755599
val,chr17_58695045_C_G,missense,-1.2006373,-0.6506989,-0.54993844,0.07554664,0.07588679
val,chr17_58695046_G_C,synonymous,2.242654,1.5142653,0.7283888,-0.06674058,-0.06678685
val,chr17_58695046_G_T,synonymous,2.9086552,1.5142653,1.3943899,-0.06674058,-0.06678685
val,chr17_58695050_G_A,missense,1.0821854,-7.0908403,8.173026,0.07978409,0.08012024
val,chr17_58695050_G_C,missense,0.29232576,0.54262424,-0.25029847,0.07601858,0.076338254
val,chr17_58695050_GAA_,indel,-16.718668,-15.549829,-1.1688395,0.031377513,0.031535793
val,chr17_58695050_GAA_GCC,missense,-0.18870395,0.02975607,-0.21846002,0.07726259,0.07757185
val,chr17_58695050_GAA_AAG,missense,0.39166167,-7.0908403,7.482502,0.07978409,0.08012024
val,chr17_58695050_GAA_CAG,missense,0.9639004,0.54262424,0.42127615,0.07601858,0.076338254
val,chr17_58695050_GAA_GGC,missense,-1.91335,-5.984748,4.071398,0.079471625,0.079777196
val,chr17_58695050_GAA_GTG,missense,0.906634,-2.095572,3.0022058,0.07808919,0.078400224
val,chr17_58695051_A_G,missense,-1.4891276,-5.984748,4.4956203,0.079471625,0.079777196
val,chr17_58695051_A_C,missense,1.5980978,0.02975607,1.5683417,0.07726259,0.07757185
val,chr17_58695051_A_T,missense,-1.9260505,-2.095572,0.16952145,0.07808919,0.078400224
val,chr17_58695052_A_C,missense,3.5586998,0.6432471,2.9154527,0.07602036,0.076339856
val,chr17_58695052_A_G,synonymous,2.0627983,1.3349526,0.72784567,-0.0644431,-0.06449195
val,chr17_58695052_A_T,missense,2.8190029,0.6432471,2.1757557,0.07602036,0.076339856
val,chr17_58695059_G_A,missense,-0.4872783,-0.4385445,-0.0487338,0.07582191,0.07620347
val,chr17_58695059_G_C,missense,-0.0155770155,0.33205724,-0.34763426,0.07476111,0.07511886
val,chr17_58695059_GAG_,indel,-0.8641267,-3.7516246,2.887498,0.026157174,0.026227701
val,chr17_58695059_GAG_GCC,missense,1.4512678,-0.0715456,1.5228134,0.07568112,0.076048896
val,chr17_58695059_GAG_AAA,missense,-1.8825593,-0.4385445,-1.4440148,0.07582191,0.07620347
val,chr17_58695059_GAG_CAA,missense,-0.2986536,0.33205724,-0.63071084,0.07476111,0.07511886
val,chr17_58695059_GAG_GGC,missense,1.3506098,-1.8639123,3.2145221,0.076760866,0.07712159
val,chr17_58695059_GAG_GTC,missense,1.8278422,-0.37824774,2.20609,0.074973665,0.07534484
val,chr17_58695060_A_C,missense,-0.62392956,-0.0715456,-0.55238396,0.07568112,0.076048896
val,chr17_58695060_A_G,missense,1.138546,-1.8639123,3.0024583,0.076760866,0.07712159
val,chr17_58695060_A_T,missense,0.01763751,-0.37824774,0.39588526,0.074973665,0.07534484
val,chr17_58695061_G_A,synonymous,0.8778604,1.0447366,-0.1668762,-0.06372221,-0.06392613
val,chr17_58695061_G_C,missense,-0.09079335,0.22681451,-0.31760785,0.07530629,0.07569561
val,chr17_58695061_G_T,missense,-1.1387421,0.22681451,-1.3655566,0.07530629,0.07569561
val,chr17_58695083_ATA_,indel,-12.989632,-7.954403,-5.0352287,0.026130386,0.026279245
val,chr17_58695086_A_G,missense,1.8919061,-0.19139361,2.0832996,0.07666804,0.07699365
val,chr17_58695086_A_T,missense,-3.9142034,-2.01862,-1.8955834,0.07826431,0.07858732
val,chr17_58695086_A_C,missense,-0.14045787,-0.6800995,0.5396416,0.077507064,0.07782533
val,chr17_58695086_ATC_,indel,-12.390688,-7.954403,-4.436285,0.026130386,0.026279245
val,chr17_58695086_ATC_GCC,missense,-1.7465842,-0.46683598,-1.2797482,0.076800585,0.07714687
val,chr17_58695086_ATC_AAT,missense,-4.198526,-1.2504395,-2.9480863,0.077765495,0.07811555
val,chr17_58695086_ATC_TCC,missense,-3.1667283,-0.4052992,-2.761429,0.07657718,0.07692945
val,chr17_58695086_ATC_TTT,missense,-6.5945373,-2.01862,-4.5759172,0.07826431,0.07858732
val,chr17_58695086_ATC_ACA,missense,-2.6641335,-0.13592768,-2.5282059,0.07595894,0.076296
val,chr17_58695086_ATC_CTG,missense,-1.7801292,-0.6800995,-1.1000297,0.077507064,0.07782533
val,chr17_58695086_ATC_GTG,missense,-0.7161537,-0.19139361,-0.52476007,0.07666804,0.07699365
val,chr17_58695087_T_G,missense,-3.3247876,-0.4052992,-2.9194884,0.07657718,0.07692945
val,chr17_58695087_T_A,missense,-1.5392016,-1.2504395,-0.2887621,0.077765495,0.07811555
val,chr17_58695087_T_C,missense,-0.13477652,-0.13592768,0.0011511594,0.07595894,0.076296
val,chr17_58695088_C_A,synonymous,-0.52808803,0.35381722,-0.88190526,-0.06318511,-0.063188456
val,chr17_58695088_C_G,missense,-1.5273238,-1.2743076,-0.25301623,0.07782425,0.07816144
val,chr17_58695088_C_T,synonymous,-2.1055157,0.35381722,-2.459333,-0.06318511,-0.063188456
val,chr17_58695098_T_A,missense,-3.1040132,-0.78373647,-2.3202767,0.076651245,0.07703441
val,chr17_58695098_T_C,missense,-3.6804688,-0.3653264,-3.3151424,0.0764853,0.07687472
val,chr17_58695098_T_G,missense,-2.6002405,-0.49604917,-2.1041913,0.07635191,0.07672688
val,chr17_58695098_TCA_,indel,-7.1998878,-11.019878,3.8199906,0.033173606,0.033276483
val,chr17_58695098_TCA_GCC,missense,0.5527266,-0.49604917,1.0487758,0.07635191,0.07672688
val,chr17_58695098_TCA_ACC,missense,-4.6754484,-0.78373647,-3.891712,0.076651245,0.07703441
val,chr17_58695098_TCA_CCC,missense,-4.276075,-0.3653264,-3.9107485,0.0764853,0.07687472
val,chr17_58695098_TCA_AGC,synonymous,0.44363287,-0.15641165,0.6000445,-0.061201174,-0.06139739
val,chr17_58695098_TCA_AGT,synonymous,-1.2418684,-0.15641165,-1.0854567,-0.061201174,-0.06139739
val,chr17_58695098_TCA_CTG,missense,0.080317825,-2.0211096,2.1014273,0.07830755,0.0786907
val,chr17_58695099_C_T,missense,-1.4415739,-2.0211096,0.5795357,0.07830755,0.0786907
val,chr17_58695100_A_G,synonymous,1.3874074,-0.15641165,1.5438191,-0.061201174,-0.06139739
val,chr17_58695100_A_T,synonymous,0.104436554,-0.15641165,0.2608482,-0.061201174,-0.06139739
val,chr17_58695100_A_C,synonymous,0.21159789,-0.15641165,0.36800954,-0.061201174,-0.06139739
val,chr17_58695122_G_C,missense,-8.006787,-11.076913,3.0701256,0.08229024,0.08277609
val,chr17_58695122_G_T,missense,-4.598647,-9.399288,4.800641,0.08019984,0.08068235
val,chr17_58695122_G_A,missense,-2.009868,-8.9716625,6.961795,0.080384105,0.080867305
val,chr17_58695122_GGT_GCC,missense,-2.7313347,-8.96893,6.2375956,0.080383524,0.08085839
val,chr17_58695122_GGT_AGC,missense,-2.9407623,-8.9716625,6.0309,0.080384105,0.080867305
val,chr17_58695122_GGT_CGG,missense,-4.755858,-11.076913,6.321055,0.08229024,0.08277609
val,chr17_58695122_GGT_GAC,missense,-8.836978,-11.020555,2.1835766,0.081994295,0.08253894
val,chr17_58695122_GGT_GTG,missense,-13.837334,-10.814327,-3.0230064,0.08260811,0.08311566
val,chr17_58695122_GGT_TGC,missense,-4.540112,-9.399288,4.859176,0.08019984,0.08068235
val,chr17_58695123_G_A,missense,-8.536906,-11.020555,2.4836483,0.081994295,0.08253894
val,chr17_58695123_G_T,missense,-12.573792,-10.814327,-1.7594652,0.08260811,0.08311566
val,chr17_58695123_G_C,missense,-1.3896213,-8.96893,7.579309,0.080383524,0.08085839
val,chr17_58695124_T_C,synonymous,-0.29756343,0.25288177,-0.5504452,-0.06184445,-0.061954647
val,chr17_58695124_T_A,synonymous,-1.1970025,0.25288177,-1.4498843,-0.06184445,-0.061954647
val,chr17_58695124_T_G,synonymous,1.2574403,0.25288177,1.0045586,-0.06184445,-0.061954647
val,chr17_58695131_C_A,missense,-1.8644414,-2.3362534,0.471812,0.07835799,0.0788151
val,chr17_58695131_C_G,missense,-0.3476367,-2.4387176,2.091081,0.07871388,0.07915814
val,chr17_58695131_C_T,missense,0.36216885,-2.34823,2.7103987,0.07841647,0.07887731
val,chr17_58695131_CCC_,indel,-9.846023,-10.004078,0.1580553,0.041268818,0.041495834
val,chr17_58695131_CCC_ACA,missense,-5.1039815,-2.3362534,-2.767728,0.07835799,0.0788151
val,chr17_58695131_CCC_CTG,missense,-7.4587326,-2.0049796,-5.453753,0.07858151,0.07902812
val,chr17_58695131_CCC_AGC,missense,0.22799441,-2.34823,2.5762243,0.07841647,0.07887731
val,chr17_58695131_CCC_CAT,missense,-0.22663826,-1.104491,0.87785274,0.0778735,0.07832588
val,chr17_58695131_CCC_CGG,missense,-1.9182339,-1.61174,-0.30649388,0.078044444,0.078517646
val,chr17_58695131_CCC_GCT,missense,-1.7255683,-2.4387176,0.7131493,0.07871388,0.07915814
val,chr17_58695132_C_A,missense,0.20486863,-1.104491,1.3093597,0.0778735,0.07832588
val,chr17_58695132_C_T,missense,-5.003504,-2.0049796,-2.9985242,0.07858151,0.07902812
val,chr17_58695132_C_G,missense,0.8446263,-1.61174,2.4563663,0.078044444,0.078517646
val,chr17_58695133_C_G,synonymous,0.58259636,0.31791043,0.26468593,-0.060735565,-0.06086172
val,chr17_58695133_C_T,synonymous,-0.11431392,0.31791043,-0.43222436,-0.060735565,-0.06086172
val,chr17_58695133_C_A,synonymous,-0.56407267,0.31791043,-0.8819831,-0.060735565,-0.06086172
val,chr17_58695137_A_C,missense,-0.5234744,-1.4220688,0.89859444,0.078216575,0.07862138
val,chr17_58695137_A_G,missense,-0.9594378,-2.8347926,1.8753548,0.07884836,0.079255454
val,chr17_58695137_A_T,missense,0.15988782,-1.4220688,1.5819566,0.078216575,0.07862138
val,chr17_58695137_ATG_,indel,-8.914861,-9.115779,0.2009182,0.041925587,0.042012893
val,chr17_58695137_ATG_GCC,missense,-0.4396138,-0.089390755,-0.35022303,0.07641109,0.076802514
val,chr17_58695137_ATG_AAA,missense,0.15231776,-2.0248518,2.1771696,0.07884587,0.079258226
val,chr17_58695137_ATG_ACC,missense,0.1900146,-0.61462903,0.80464363,0.077503026,0.07789404
val,chr17_58695137_ATG_CGG,missense,-0.14256196,-2.9350839,2.792522,0.07919566,0.07960939
val,chr17_58695137_ATG_CTC,missense,-0.59487575,-1.4220688,0.8271931,0.078216575,0.07862138
val,chr17_58695137_ATG_GTC,missense,0.33132613,-2.8347926,3.1661186,0.07884836,0.079255454
val,chr17_58695138_T_A,missense,-0.17032965,-2.0248518,1.8545221,0.07884587,0.079258226
val,chr17_58695138_T_C,missense,1.1987087,-0.61462903,1.8133377,0.077503026,0.07789404
val,chr17_58695138_T_G,missense,0.6419285,-2.9350839,3.5770123,0.07919566,0.07960939
val,chr17_58695139_G_C,missense,-1.74391,-2.951665,1.207755,0.07895071,0.079359494
val,chr17_58695139_G_A,missense,2.1813672,-2.951665,5.133032,0.07895071,0.079359494
val,chr17_58695139_G_T,missense,-2.8197942,-2.951665,0.13187075,0.07895071,0.079359494
val,chr17_58695140_A_G,missense,-8.806912,-2.203537,-6.6033754,0.07907053,0.07946165
val,chr17_58695140_A_C,missense,-2.0674975,-0.32415247,-1.743345,0.076718524,0.07710241
val,chr17_58695140_AAA_,indel,-10.264979,-6.916458,-3.3485212,0.041010913,0.04113036
val,chr17_58695140_AAA_GCC,missense,-3.0956988,-0.63849926,-2.4571996,0.07687056,0.0772639
val,chr17_58695140_AAA_ACC,missense,-5.455834,-0.96820915,-4.4876246,0.07759462,0.077990234
val,chr17_58695140_AAA_ATC,missense,-7.79232,-1.3860425,-6.406277,0.07857528,0.078968
val,chr17_58695140_AAA_CAG,missense,-3.0912418,-0.32415247,-2.7670894,0.076718524,0.07710241
val,chr17_58695140_AAA_GAG,missense,-13.754086,-2.203537,-11.550549,0.07907053,0.07946165
val,chr17_58695140_AAA_CGG,missense,-2.2761178,-0.23273826,-2.0433795,0.076892376,0.07729475
val,chr17_58695141_A_G,missense,1.7835405,-0.23273826,2.0162787,0.076892376,0.07729475
val,chr17_58695141_A_C,missense,-4.1239123,-0.96820915,-3.155703,0.07759462,0.077990234
val,chr17_58695141_A_T,missense,-7.631009,-1.3860425,-6.2449665,0.07857528,0.078968
val,chr17_58695142_A_G,synonymous,0.2002463,0.38745928,-0.18721297,-0.061483618,-0.061568983
val,chr17_58695142_A_C,missense,-7.040472,-1.2922817,-5.7481904,0.07808507,0.07848904
val,chr17_58695142_A_T,missense,-2.73541,-1.2922817,-1.4431282,0.07808507,0.07848904
val,chr17_58695155_T_G,missense,-5.7173467,-0.35960484,-5.357742,0.077742346,0.078161344
val,chr17_58695155_T_A,missense,-0.5853394,-0.20778489,-0.37755454,0.07771414,0.07813772
val,chr17_58695155_T_C,missense,-8.908738,-6.9548016,-1.9539366,0.081661835,0.08213256
val,chr17_58695155_TGT_,indel,-7.6144505,-8.419087,0.80463696,0.0526001,0.052780487
val,chr17_58695155_TGT_GCC,missense,-2.2283325,-0.041152954,-2.1871796,0.07722311,0.07763837
val,chr17_58695155_TGT_CGG,missense,-6.0583634,-6.9548016,0.8964381,0.081661835,0.08213256
val,chr17_58695155_TGT_GGC,missense,-5.736741,-0.35960484,-5.377136,0.077742346,0.078161344
val,chr17_58695155_TGT_TAC,missense,-9.380139,-0.86155534,-8.518584,0.07858458,0.07900419
val,chr17_58695155_TGT_TTC,missense,-5.579815,-1.6054789,-3.9743361,0.07913875,0.07956568
val,chr17_58695155_TGT_AGC,missense,1.6915432,-0.20778489,1.8993281,0.07771414,0.07813772
val,chr17_58695156_G_A,missense,-7.3527145,-0.86155534,-6.4911594,0.07858458,0.07900419
val,chr17_58695156_G_T,missense,-6.4160028,-1.6054789,-4.810524,0.07913875,0.07956568
val,chr17_58695156_G_C,missense,-0.03044713,-0.20778489,0.17733777,0.07771414,0.07813772
val,chr17_58695157_T_G,missense,-10.317772,-2.51908,-7.7986917,0.07943731,0.07989299
val,chr17_58695157_T_C,synonymous,0.57129693,0.56909275,0.0022041798,-0.06218948,-0.06230022
val,chr17_58695158_G_A,missense,-4.7900796,-0.98221636,-3.8078632,0.07913999,0.07954484
val,chr17_58695158_G_C,missense,-9.277763,-2.9789944,-6.298769,0.080087066,0.080556735
val,chr17_58695158_G_T,missense,-7.677913,-1.1312629,-6.5466504,0.079100855,0.07951205
val,chr17_58695158_GGT_,indel,-9.17724,-8.768522,-0.4087181,0.054000538,0.054225497
val,chr17_58695158_GGT_GCC,missense,-2.446055,-0.43740416,-2.0086508,0.078319095,0.0787215
val,chr17_58695158_GGT_AGC,missense,-3.5765872,-0.98221636,-2.5943708,0.07913999,0.07954484
val,chr17_58695158_GGT_CGG,missense,-7.067505,-2.9789944,-4.0885105,0.080087066,0.080556735
val,chr17_58695158_GGT_GAC,missense,-8.859358,-3.8926153,-4.9667425,0.08060305,0.08106463
val,chr17_58695158_GGT_GTG,missense,-9.692317,-2.1139634,-7.578354,0.07974215,0.08016855
val,chr17_58695158_GGT_TGC,missense,-9.846154,-1.1312629,-8.714891,0.079100855,0.07951205
val,chr17_58695159_G_A,missense,-5.0412073,-3.8926153,-1.148592,0.08060305,0.08106463
val,chr17_58695159_G_T,missense,-9.492729,-2.1139634,-7.378766,0.07974215,0.08016855
val,chr17_58695159_G_C,missense,-3.6408064,-0.43740416,-3.2034023,0.078319095,0.0787215
val,chr17_58695160_T_A,synonymous,-0.9926125,0.49186873,-1.4844812,-0.060987722,-0.06104888
val,chr17_58695160_T_C,synonymous,-0.4172377,0.49186873,-0.90910643,-0.060987722,-0.06104888
val,chr17_58695160_T_G,synonymous,-0.77679646,0.49186873,-1.2686652,-0.060987722,-0.06104888
val,chr17_58695164_C_A,missense,-1.631541,-1.5657636,-0.06577742,0.07759611,0.0779077
val,chr17_58695164_C_T,missense,-1.645278,-0.748358,-0.89691997,0.07688404,0.07721897
val,chr17_58695164_C_G,missense,-0.9011196,-1.198731,0.29761136,0.07710742,0.07744601
val,chr17_58695164_CCA_,indel,-11.182621,-8.630613,-2.5520077,0.052209035,0.0524886
val,chr17_58695164_CCA_GCC,missense,-0.13521612,-1.198731,1.0635148,0.07710742,0.07744601
val,chr17_58695164_CCA_CAG,missense,-6.4272857,-2.2873638,-4.139922,0.07788499,0.07822621
val,chr17_58695164_CCA_CGG,missense,-10.469894,-7.1330233,-3.3368711,0.08051955,0.08087956
val,chr17_58695164_CCA_CTG,missense,-10.910208,-5.9162774,-4.9939303,0.08028817,0.08062003
val,chr17_58695164_CCA_ACC,missense,-0.21115072,-1.5657636,1.3546128,0.07759611,0.0779077
val,chr17_58695164_CCA_AGC,missense,-0.28418902,-0.748358,0.464169,0.07688404,0.07721897
val,chr17_58695165_C_A,missense,-4.9452147,-2.2873638,-2.657851,0.07788499,0.07822621
val,chr17_58695165_C_G,missense,-9.633666,-7.1330233,-2.5006428,0.08051955,0.08087956
val,chr17_58695165_C_T,missense,-8.898861,-5.9162774,-2.9825835,0.08028817,0.08062003
val,chr17_58695166_A_G,synonymous,-0.15559265,0.6693058,-0.8248985,-0.06317768,-0.063211046
val,chr17_58695166_A_C,synonymous,-0.8529774,0.6693058,-1.5222832,-0.06317768,-0.063211046
val,chr17_58695166_A_T,synonymous,-0.8881956,0.6693058,-1.5575013,-0.06317768,-0.063211046
val,chr17_58696718_A_T,missense,-2.3939822,-1.0065111,-1.3874711,0.078781754,0.079204835
val,chr17_58696718_A_G,missense,-3.2151325,-1.8032125,-1.41192,0.07898999,0.079410695
val,chr17_58696718_A_C,missense,-1.5126047,-1.0065111,-0.5060936,0.078781754,0.079204835
val,chr17_58696718_ATA_,indel,-20.073845,-17.500048,-2.5737972,0.036759876,0.03691583
val,chr17_58696718_ATA_GCC,missense,-9.823927,-12.210749,2.3868217,0.081036225,0.081472114
val,chr17_58696718_ATA_AAG,missense,-12.8031025,-16.196472,3.3933697,0.083886065,0.08435167
val,chr17_58696718_ATA_ACC,missense,-14.117685,-8.945419,-5.172266,0.08054051,0.080972716
val,chr17_58696718_ATA_CGG,missense,-12.260777,-16.751682,4.490905,0.08340156,0.08386267
val,chr17_58696718_ATA_GTG,missense,-3.6049995,-1.8032125,-1.801787,0.07898999,0.079410695
val,chr17_58696718_ATA_CTG,missense,-0.9417907,-1.0065111,0.06472039,0.078781754,0.079204835
val,chr17_58696719_T_C,missense,-19.688623,-8.945419,-10.743204,0.08054051,0.080972716
val,chr17_58696719_T_A,missense,-12.463082,-16.196472,3.7333899,0.083886065,0.08435167
val,chr17_58696719_T_G,missense,-14.776761,-16.751682,1.9749212,0.08340156,0.08386267
val,chr17_58696720_A_G,missense,0.48370293,-5.4190073,5.9027104,0.080079876,0.08051807
val,chr17_58696720_A_C,synonymous,0.15765566,0.46243477,-0.3047791,-0.0626796,-0.062762015
val,chr17_58696720_A_T,synonymous,0.44715145,0.46243477,-0.015283316,-0.0626796,-0.062762015
val,chr17_58696763_G_A,missense,-21.741018,-19.461317,-2.2797012,0.08418301,0.08453333
val,chr17_58696763_G_C,missense,-15.944375,-13.753584,-2.1907911,0.083528996,0.08389221
val,chr17_58696763_G_T,missense,-13.742594,-16.658474,2.9158802,0.08378845,0.0841642
val,chr17_58696763_GAT_,indel,-17.373045,-18.425837,1.0527916,0.05037141,0.05047901
val,chr17_58696763_GAT_GCC,missense,-18.963215,-21.54952,2.5863056,0.087180376,0.08749596
val,chr17_58696763_GAT_AAC,missense,-23.543875,-19.461317,-4.0825577,0.08418301,0.08453333
val,chr17_58696763_GAT_CAC,missense,-18.185032,-13.753584,-4.431448,0.083528996,0.08389221
val,chr17_58696763_GAT_GGC,missense,-17.777697,-22.3982,4.6205025,0.08566634,0.085987926
val,chr17_58696763_GAT_GTG,missense,-17.511513,-21.927792,4.416279,0.08590733,0.08628694
val,chr17_58696763_GAT_TAC,missense,-17.432434,-16.658474,-0.7739601,0.08378845,0.0841642
val,chr17_58696764_A_C,missense,-18.93189,-21.54952,2.61763,0.087180376,0.08749596
val,chr17_58696764_A_G,missense,-24.162989,-22.3982,-1.7647896,0.08566634,0.085987926
val,chr17_58696764_A_T,missense,-22.084099,-21.927792,-0.15630722,0.08590733,0.08628694
val,chr17_58696765_T_G,missense,-11.116414,-2.814853,-8.301561,0.081656404,0.0820046
val,chr17_58696765_T_C,synonymous,1.6121864,0.6951797,0.91700673,-0.061596517,-0.061669417
val,chr17_58696765_T_A,missense,-6.5616136,-2.814853,-3.7467606,0.081656404,0.0820046
val,chr17_58696793_G_A,missense,1.666508,-3.7508419,5.41735,0.08231255,0.08274209
val,chr17_58696793_G_C,missense,-1.0016226,-2.805382,1.8037595,0.08242127,0.08282881
val,chr17_58696793_G_T,missense,-0.55575156,-2.805382,2.2496305,0.08242127,0.08282881
val,chr17_58696793_GTG_GCC,missense,0.1076348,-0.92802525,1.03566,0.08120155,0.08160669
val,chr17_58696793_GTG_GGC,missense,-3.5869942,-5.635583,2.0485888,0.0829351,0.08332615
val,chr17_58696793_GTG_CTC,missense,-1.9411446,-2.805382,0.8642374,0.08242127,0.08282881
val,chr17_58696793_GTG_GAA,missense,-0.10054527,-20.289595,20.189049,0.085894205,0.08638835
val,chr17_58696794_T_C,missense,0.9053799,-0.92802525,1.8334051,0.08120155,0.08160669
val,chr17_58696794_T_A,missense,-5.1492815,-20.289595,15.140313,0.085894205,0.08638835
val,chr17_58696794_T_G,missense,-3.1473722,-5.635583,2.4882107,0.0829351,0.08332615
val,chr17_58696795_G_A,synonymous,-2.6657352,0.15054774,-2.816283,-0.060910713,-0.061056413
val,chr17_58696795_G_C,synonymous,2.0761664,0.15054774,1.9256186,-0.060910713,-0.061056413
val,chr17_58696795_G_T,synonymous,1.7461009,0.15054774,1.5955532,-0.060910713,-0.061056413
val,chr17_58696802_C_T,missense,-7.170002,-8.3626175,1.1926155,0.08201263,0.08246139
val,chr17_58696802_C_G,missense,1.4191779,-1.054278,2.473456,0.07861878,0.07906669
val,chr17_58696802_C_A,missense,-0.67533344,-0.49246383,-0.18286961,0.07859132,0.079034194
val,chr17_58696802_CTT_,indel,-12.138509,-13.142092,1.003583,0.042679418,0.042777434
val,chr17_58696802_CTT_GCC,missense,-11.617959,-7.434395,-4.183564,0.08173376,0.082187
val,chr17_58696802_CTT_CAC,missense,-15.683288,-19.756384,4.0730963,0.083603844,0.08405789
val,chr17_58696802_CTT_CCC,missense,-15.2164135,-20.715708,5.4992943,0.08398984,0.08450617
val,chr17_58696802_CTT_CGG,missense,-11.432768,-19.617622,8.1848545,0.08588493,0.086387776
val,chr17_58696802_CTT_TTA,synonymous,-8.058381,0.04984522,-8.108227,-0.059232187,-0.05942306
val,chr17_58696802_CTT_ATC,missense,-0.009480014,-0.49246383,0.48298383,0.07859132,0.079034194
val,chr17_58696802_CTT_GTG,missense,0.26839802,-1.054278,1.3226761,0.07861878,0.07906669
val,chr17_58696802_CTT_TTC,missense,-1.2402321,-8.3626175,7.1223855,0.08201263,0.08246139
val,chr17_58696802_CTT_TTG,synonymous,-1.7973008,0.04984522,-1.847146,-0.059232187,-0.05942306
val,chr17_58696803_T_C,missense,-9.783452,-20.715708,10.932256,0.08398984,0.08450617
val,chr17_58696803_T_A,missense,-18.960936,-19.756384,0.7954483,0.083603844,0.08405789
val,chr17_58696803_T_G,missense,-12.095902,-19.617622,7.52172,0.08588493,0.086387776
val,chr17_58696804_T_A,synonymous,-1.4561453,0.04984522,-1.5059905,-0.059232187,-0.05942306
val,chr17_58696804_T_C,synonymous,1.6661295,0.04984522,1.6162843,-0.059232187,-0.05942306
val,chr17_58696804_T_G,synonymous,-2.1949368,0.04984522,-2.244782,-0.059232187,-0.05942306
val,chr17_58696823_C_A,missense,-9.38245,-11.289325,1.9068747,0.080785185,0.08119104
val,chr17_58696823_C_G,missense,-11.844932,-15.01412,3.1691885,0.08212066,0.082564354
val,chr17_58696823_C_T,missense,-7.2457385,-6.5093536,-0.73638487,0.079730876,0.080114394
val,chr17_58696823_CAC_,indel,-16.590708,-17.881649,1.2909412,0.034792643,0.034945123
val,chr17_58696823_CAC_GCC,missense,-18.685556,-11.424908,-7.2606487,0.08122231,0.08159119
val,chr17_58696823_CAC_AAT,missense,-7.13715,-11.289325,4.152175,0.080785185,0.08119104
val,chr17_58696823_CAC_CCT,missense,-16.486216,-15.860638,-0.6255779,0.08386639,0.08431465
val,chr17_58696823_CAC_CGG,missense,-10.7359915,-6.9439144,-3.792077,0.07988828,0.08029256
val,chr17_58696823_CAC_CTG,missense,-14.478618,-14.256094,-0.22252369,0.0820082,0.08240357
val,chr17_58696823_CAC_GAT,missense,-11.757014,-15.01412,3.2571058,0.08212066,0.082564354
val,chr17_58696823_CAC_TAT,missense,-8.120524,-6.5093536,-1.6111708,0.079730876,0.080114394
val,chr17_58696824_A_G,missense,-5.0053277,-6.9439144,1.9385867,0.07988828,0.08029256
val,chr17_58696824_A_C,missense,-25.66961,-15.860638,-9.808971,0.08386639,0.08431465
val,chr17_58696824_A_T,missense,-12.344286,-14.256094,1.911808,0.0820082,0.08240357
val,chr17_58696825_C_T,synonymous,-0.10108412,-0.59895825,0.49787414,-0.062152017,-0.06233052
val,chr17_58696825_C_A,missense,-6.6859894,-6.0838833,-0.6021061,0.07951872,0.07992174
val,chr17_58696825_C_G,missense,-9.352327,-6.0838833,-3.268444,0.07951872,0.07992174
val,chr17_58696853_G_A,missense,-0.7626429,0.13615346,-0.8987964,0.06900281,0.06940434
val,chr17_58696853_G_C,missense,1.0509257,0.13615346,0.9147723,0.06900281,0.06940434
val,chr17_58696853_GGA_,indel,-1.433458,-0.6067703,-0.8266877,0.020243686,0.020439643
val,chr17_58696853_GGA_GCC,missense,0.25059283,0.21037436,0.040218472,0.06786336,0.068244845
val,chr17_58696853_GGA_CGG,missense,0.70299274,0.13615346,0.5668393,0.06900281,0.06940434
val,chr17_58696853_GGA_GAG,missense,0.5114284,0.35301805,0.15841037,0.06867737,0.06908482
val,chr17_58696853_GGA_GTG,missense,0.73503006,0.08333206,0.651698,0.06910494,0.06947884
val,chr17_58696854_G_A,missense,-0.46182325,0.35301805,-0.8148413,0.06867737,0.06908482
val,chr17_58696854_G_C,missense,-1.0850508,0.21037436,-1.2954252,0.06786336,0.068244845
val,chr17_58696854_G_T,missense,-1.6410553,0.08333206,-1.7243874,0.06910494,0.06947884
val,chr17_58696855_A_G,synonymous,0.24873778,0.35572052,-0.10698274,-0.06920888,-0.06932355
val,chr17_58696855_A_C,synonymous,1.2817006,0.35572052,0.9259801,-0.06920888,-0.06932355
val,chr17_58696855_A_T,synonymous,-1.6712638,0.35572052,-2.0269842,-0.06920888,-0.06932355
val,chr17_58696856_G_A,missense,0.10902483,-0.4166243,0.52564913,0.0721354,0.072532095
val,chr17_58696856_G_C,missense,0.89480954,-0.1391747,1.0339842,0.07122545,0.0716112
val,chr17_58696856_GAG_,indel,-2.1528263,-2.251227,0.09840059,0.02355883,0.02368097
val,chr17_58696856_GAG_GCC,missense,-1.6289253,0.037138224,-1.6660635,0.07023547,0.0706103
val,chr17_58696856_GAG_AAA,missense,-0.2675792,-0.4166243,0.14904511,0.0721354,0.072532095
val,chr17_58696856_GAG_CAA,missense,-0.8465088,-0.1391747,-0.7073341,0.07122545,0.0716112
val,chr17_58696856_GAG_GGC,missense,-0.62106496,-0.7958689,0.17480391,0.07253545,0.07291874
val,chr17_58696856_GAG_GTC,missense,1.1145616,-0.30411172,1.4186733,0.071705855,0.072098024
val,chr17_58696857_A_C,missense,-0.3612076,0.037138224,-0.39834583,0.07023547,0.0706103
val,chr17_58696857_A_G,missense,-0.7521237,-0.7958689,0.04374516,0.07253545,0.07291874
val,chr17_58696857_A_T,missense,-0.41415134,-0.30411172,-0.11003962,0.071705855,0.072098024
val,chr17_58696858_G_A,synonymous,-1.8791298,0.33572102,-2.214851,-0.068041965,-0.06817457
val,chr17_58696858_G_C,missense,-0.52582234,-0.4221933,-0.10362905,0.07184935,0.07224875
val,chr17_58696858_G_T,missense,-2.3383756,-0.4221933,-1.9161823,0.07184935,0.07224875
val,chr17_58696859_G_A,missense,-4.4093776,-0.5438981,-3.8654795,0.072296634,0.07272357
val,chr17_58696859_G_C,missense,-1.7565345,-0.18358731,-1.5729471,0.07133042,0.07172727
val,chr17_58703196_A_C,missense,-1.8042291,-0.020303488,-1.7839257,0.070947744,0.07134602
val,chr17_58703196_A_G,missense,0.30344856,-0.2247498,0.52819836,0.071445934,0.07184464
val,chr17_58703196_A_T,missense,-0.6594844,-0.40531635,-0.25416803,0.071906276,0.072298236
val,chr17_58703197_A_C,missense,-0.8319936,-0.19660306,-0.6353905,0.07215513,0.07256863
val,chr17_58703197_A_G,synonymous,0.13585432,0.30135536,-0.16550104,-0.067609206,-0.06773731
val,chr17_58703197_A_T,missense,-0.65215665,-0.19660306,-0.4555536,0.07215513,0.07256863
val,chr17_58703225_C_G,missense,1.0411167,-0.0838778,1.1249945,0.07383904,0.0741018
val,chr17_58703225_C_A,missense,0.081196345,-0.049746513,0.13094285,0.07383353,0.074087925
val,chr17_58703225_C_T,missense,-1.1376276,0.27986264,-1.4174902,0.07414373,0.0743951
val,chr17_58703225_CTT_,indel,-13.973145,-13.006851,-0.96629333,0.033147518,0.033195477
val,chr17_58703225_CTT_GCC,missense,-1.4249935,-0.045553207,-1.3794403,0.0738875,0.07415199
val,chr17_58703225_CTT_CCC,missense,-3.3795102,-0.5854254,-2.7940848,0.07626145,0.0765527
val,chr17_58703225_CTT_ATC,missense,0.08507595,-0.049746513,0.13482246,0.07383353,0.074087925
val,chr17_58703225_CTT_CAC,missense,1.3649673,-0.14906526,1.5140326,0.07591637,0.07616477
val,chr17_58703225_CTT_CGG,missense,-1.9148581,-0.37150645,-1.5433517,0.07663247,0.07690198
val,chr17_58703225_CTT_GTG,missense,-0.42975354,-0.0838778,-0.34587574,0.07383904,0.0741018
val,chr17_58703225_CTT_TTA,synonymous,0.15768072,0.3800478,-0.22236708,-0.064134665,-0.06426413
val,chr17_58703225_CTT_TTC,missense,0.18903871,0.27986264,-0.09082393,0.07414373,0.0743951
val,chr17_58703225_CTT_TTG,synonymous,-0.77294785,0.3800478,-1.1529956,-0.064134665,-0.06426413
val,chr17_58703226_T_C,missense,1.7849101,-0.5854254,2.3703356,0.07626145,0.0765527
val,chr17_58703226_T_A,missense,-2.0649743,-0.14906526,-1.915909,0.07591637,0.07616477
val,chr17_58703226_T_G,missense,-0.68927693,-0.37150645,-0.31777048,0.07663247,0.07690198
val,chr17_58703227_T_A,synonymous,-2.2207954,0.3800478,-2.6008432,-0.064134665,-0.06426413
val,chr17_58703227_T_C,synonymous,-0.61427444,0.3800478,-0.99432224,-0.064134665,-0.06426413
val,chr17_58703227_T_G,synonymous,-0.29320228,0.3800478,-0.6732501,-0.064134665,-0.06426413
val,chr17_58703246_A_G,missense,-0.2641798,-0.23686385,-0.027315944,0.07783937,0.078136705
val,chr17_58703246_A_C,missense,0.7719371,-0.11037469,0.88231176,0.07776987,0.078067265
val,chr17_58703246_A_T,missense,-2.6932118,-2.6219847,-0.07122707,0.079198696,0.07952817
val,chr17_58703246_ATT_,indel,-16.262632,-14.170763,-2.0918694,0.039058194,0.03916011
val,chr17_58703246_ATT_GCC,missense,-10.949256,-6.6748676,-4.2743883,0.08038488,0.08072185
val,chr17_58703246_ATT_AAC,missense,-18.268784,-14.673248,-3.5955353,0.081990145,0.08238191
val,chr17_58703246_ATT_AGC,missense,-16.72903,-13.943742,-2.7852888,0.08157954,0.08194866
val,chr17_58703246_ATT_TTC,missense,-3.0614107,-2.6219847,-0.43942595,0.079198696,0.07952817
val,chr17_58703246_ATT_ACC,missense,-0.8358714,-5.62815,4.792279,0.080136515,0.08045946
val,chr17_58703246_ATT_CTG,missense,0.44656122,-0.11037469,0.5569359,0.07776987,0.078067265
val,chr17_58703246_ATT_GTG,missense,1.0394921,-0.23686385,1.276356,0.07783937,0.078136705
val,chr17_58703247_T_G,missense,-14.852265,-13.943742,-0.90852356,0.08157954,0.08194866
val,chr17_58703247_T_A,missense,-14.471393,-14.673248,0.20185566,0.081990145,0.08238191
val,chr17_58703247_T_C,missense,-2.2754242,-5.62815,3.3527257,0.080136515,0.08045946
val,chr17_58703248_T_A,synonymous,0.94985074,0.45261145,0.4972393,-0.06410617,-0.06419686
val,chr17_58703248_T_C,synonymous,-1.7864116,0.45261145,-2.2390232,-0.06410617,-0.06419686
val,chr17_58703248_T_G,missense,-0.35412,-2.3043118,1.9501917,0.079202116,0.07953105
val,chr17_58703279_TTA_,indel,-16.01454,-17.548784,1.5342445,0.03963127,0.03998287
val,chr17_58703282_C_T,synonymous,1.9419543,0.5823643,1.3595899,-0.062489312,-0.0626468
val,chr17_58703282_C_A,missense,-1.2410759,-0.15060687,-1.090469,0.07429409,0.07484721
val,chr17_58703282_C_G,missense,-0.6753033,-0.31164432,-0.36365896,0.07460885,0.07516994
val,chr17_58703282_CTG_,indel,-13.057405,-17.548784,4.491379,0.03963127,0.03998287
val,chr17_58703282_CTG_GCC,missense,-0.3100711,-1.017113,0.70704186,0.076152906,0.07670857
val,chr17_58703282_CTG_CCC,missense,-18.962736,-12.223854,-6.738882,0.08089556,0.08146388
val,chr17_58703282_CTG_AGA,missense,-1.1218667,-4.7097006,3.587834,0.07802513,0.07858642
val,chr17_58703282_CTG_CAA,missense,-0.3964367,-1.1764574,0.7800207,0.07595821,0.076509945
val,chr17_58703282_CTG_GTC,missense,1.1313076,-0.31164432,1.4429519,0.07460885,0.07516994
val,chr17_58703282_CTG_TTA,synonymous,0.90694416,0.5823643,0.32457983,-0.062489312,-0.0626468
val,chr17_58703283_T_C,missense,-18.205353,-12.223854,-5.9814987,0.08089556,0.08146388
val,chr17_58703283_T_A,missense,1.2554095,-1.1764574,2.431867,0.07595821,0.076509945
val,chr17_58703283_T_G,missense,-0.69524294,-4.7097006,4.0144577,0.07802513,0.07858642
val,chr17_58703284_G_A,synonymous,0.81830674,0.5823643,0.23594242,-0.062489312,-0.0626468
val,chr17_58703284_G_C,synonymous,0.6560993,0.5823643,0.073735,-0.062489312,-0.0626468
val,chr17_58703284_G_T,synonymous,0.1884383,0.5823643,-0.39392602,-0.062489312,-0.0626468
val,chr17_58703288_C_A,missense,0.32902154,-0.5149467,0.8439683,0.07639918,0.07692721
val,chr17_58703288_C_G,missense,0.69799066,-0.9591594,1.65715,0.07690678,0.077431485
val,chr17_58703288_CAA_,indel,-18.220093,-16.646544,-1.5735493,0.037573267,0.0381032
val,chr17_58703288_CAA_GCC,missense,-0.121683,-0.095263004,-0.026419997,0.07234741,0.07283857
val,chr17_58703288_CAA_CCC,missense,-7.824472,-8.447066,0.62259436,0.07865782,0.07922935
val,chr17_58703288_CAA_AAG,missense,-0.69463116,-0.5149467,-0.17968446,0.07639918,0.07692721
val,chr17_58703288_CAA_CGG,missense,-0.6689661,-0.12604332,-0.5429228,0.0758423,0.07637383
val,chr17_58703288_CAA_CTG,missense,-0.49436092,-1.0122033,0.5178424,0.07518237,0.075697854
val,chr17_58703288_CAA_GAG,missense,1.5113289,-0.9591594,2.4704883,0.07690678,0.077431485
val,chr17_58703289_A_C,missense,-13.831135,-8.447066,-5.3840685,0.07865782,0.07922935
val,chr17_58703289_A_G,missense,2.6919966,-0.12604332,2.81804,0.0758423,0.07637383
val,chr17_58703289_A_T,missense,0.17071782,-1.0122033,1.1829212,0.07518237,0.075697854
val,chr17_58703290_A_C,missense,0.58324814,-0.50320196,1.0864501,0.075635925,0.07614191
val,chr17_58703290_A_G,synonymous,0.8981,0.5073743,0.39072573,-0.06224167,-0.06236165
val,chr17_58703290_A_T,missense,-0.020814573,-0.50320196,0.4823874,0.075635925,0.07614191
val,chr17_58703291_G_A,missense,-1.1051755,0.23345137,-1.3386269,0.074923806,0.0753453
val,chr17_58703291_G_C,missense,-0.9891615,0.18508196,-1.1742435,0.074229315,0.07464764
val,chr17_58703291_G_T,missense,0.6911687,-0.49872327,1.189892,0.0755298,0.07595822
val,chr17_58703291_GTT_,indel,-16.393797,-15.192099,-1.2016983,0.037783694,0.03816055
val,chr17_58703291_GTT_GCC,missense,2.8928788,0.11971855,2.7731602,0.075260356,0.0756811
val,chr17_58703291_GTT_GAC,missense,-3.1806536,-4.823707,1.6430535,0.07891359,0.07939102
val,chr17_58703291_GTT_ATC,missense,-0.5494372,0.23345137,-0.7828886,0.074923806,0.0753453
val,chr17_58703291_GTT_CTG,missense,1.4305276,0.18508196,1.2454456,0.074229315,0.07464764
val,chr17_58703291_GTT_GGC,missense,-0.85259455,-0.94041336,0.0878188,0.07737356,0.07779325
val,chr17_58703291_GTT_TTC,missense,0.36988962,-0.49872327,0.8686129,0.0755298,0.07595822
val,chr17_58703292_T_A,missense,-3.4028294,-4.823707,1.4208777,0.07891359,0.07939102
val,chr17_58703292_T_C,missense,-0.32108387,0.11971855,-0.44080243,0.075260356,0.0756811
val,chr17_58703292_T_G,missense,-0.33344972,-0.94041336,0.60696363,0.07737356,0.07779325
val,chr17_58703293_T_A,synonymous,0.9917741,0.55471396,0.43706012,-0.06378279,-0.06385518
val,chr17_58703293_T_C,synonymous,0.75787014,0.55471396,0.20315617,-0.06378279,-0.06385518
val,chr17_58703293_T_G,synonymous,-0.41619125,0.55471396,-0.9709052,-0.06378279,-0.06385518
val,chr17_58703296_TCT_,indel,-18.376133,-18.56848,0.19234657,0.038634397,0.03874157
val,chr17_58703297_C_A,missense,1.9881673,0.14891338,1.8392539,0.07452069,0.07486262
val,chr17_58703297_C_G,missense,-0.20522676,0.02458644,-0.2298132,0.07478153,0.075127654
val,chr17_58703297_C_T,missense,-1.253293,0.17497063,-1.4282637,0.07347579,0.07379305
val,chr17_58703297_CTT_GCC,missense,-2.5422997,0.09627128,-2.638571,0.07358687,0.07392234
val,chr17_58703297_CTT_CCC,missense,-10.681976,-9.611141,-1.0708351,0.07952832,0.07992783
val,chr17_58703297_CTT_ATC,missense,-0.28495488,0.14891338,-0.43386826,0.07452069,0.07486262
val,chr17_58703297_CTT_CAC,missense,-2.1824975,-0.007532358,-2.1749651,0.07437788,0.07470282
val,chr17_58703297_CTT_CGG,missense,-1.1015059,-0.14218068,-0.9593252,0.07465412,0.07499706
val,chr17_58703297_CTT_GTG,missense,-1.3583974,0.02458644,-1.3829838,0.07478153,0.075127654
val,chr17_58703297_CTT_TTA,synonymous,-1.1584044,0.62766004,-1.7860644,-0.06374432,-0.0637657
val,chr17_58703297_CTT_TTC,missense,-0.6685607,0.17497063,-0.8435313,0.07347579,0.07379305
val,chr17_58703297_CTT_TTG,synonymous,0.35879597,0.62766004,-0.26886407,-0.06374432,-0.0637657
val,chr17_58703298_T_C,missense,-8.856968,-9.611141,0.7541733,0.07952832,0.07992783
val,chr17_58703298_T_A,missense,-2.6532784,-0.007532358,-2.645746,0.07437788,0.07470282
val,chr17_58703298_T_G,missense,-0.46756515,-0.14218068,-0.32538447,0.07465412,0.07499706
val,chr17_58703299_T_A,synonymous,0.33528006,0.62766004,-0.29237998,-0.06374432,-0.0637657
val,chr17_58703299_T_C,synonymous,1.895377,0.62766004,1.267717,-0.06374432,-0.0637657
val,chr17_58703299_T_G,synonymous,0.59729785,0.62766004,-0.030362189,-0.06374432,-0.0637657
val,chr17_58703300_C_A,missense,1.2003005,0.32763577,0.8726647,0.074582554,0.07490361
val,chr17_58703300_C_G,missense,0.37229216,0.4201398,-0.04784763,0.07479481,0.07512995
val,chr17_58703300_C_T,missense,-0.85288554,-0.51857495,-0.3343106,0.077689536,0.07801975
val,chr17_58703300_CTT_GCC,missense,-1.9273206,0.68660593,-2.6139264,0.07498198,0.07534402
val,chr17_58703300_CTT_CAC,missense,-17.890087,-1.3464763,-16.543612,0.07800269,0.07839423
val,chr17_58703300_CTT_CCC,missense,-13.579742,-3.9880817,-9.5916605,0.079282664,0.0796986
val,chr17_58703300_CTT_CGG,missense,-18.6829,-1.2130736,-17.469826,0.07790189,0.07831643
val,chr17_58703300_CTT_ATC,missense,-0.08373796,0.32763577,-0.41137373,0.074582554,0.07490361
val,chr17_58703300_CTT_GTG,missense,0.33529273,0.4201398,-0.08484706,0.07479481,0.07512995
val,chr17_58703300_CTT_TTA,synonymous,-0.009591321,0.7119551,-0.7215464,-0.06472139,-0.0647514
val,chr17_58703300_CTT_TTC,missense,0.9514652,-0.51857495,1.4700401,0.077689536,0.07801975
val,chr17_58703300_CTT_TTG,synonymous,0.27431187,0.7119551,-0.4376432,-0.06472139,-0.0647514
val,chr17_58703301_T_C,missense,-18.129786,-3.9880817,-14.141704,0.079282664,0.0796986
val,chr17_58703301_T_A,missense,-15.247159,-1.3464763,-13.900682,0.07800269,0.07839423
val,chr17_58703301_T_G,missense,-8.141367,-1.2130736,-6.928293,0.07790189,0.07831643
val,chr17_58703302_T_A,synonymous,0.2826539,0.7119551,-0.42930117,-0.06472139,-0.0647514
val,chr17_58703302_T_C,synonymous,0.97801745,0.7119551,0.26606238,-0.06472139,-0.0647514
val,chr17_58703302_T_G,synonymous,-0.73971707,0.7119551,-1.4516721,-0.06472139,-0.0647514
val,chr17_58709979_C_A,missense,-1.2012404,-0.79890466,-0.40233576,0.07712496,0.07758901
val,chr17_58709979_C_T,missense,-0.29299942,0.34763956,-0.64063895,0.07505681,0.07548351
val,chr17_58709979_C_G,missense,-0.013637738,-5.395226,5.3815885,0.07860349,0.07912513
val,chr17_58709979_CAC_,indel,-3.5574224,-6.697584,3.1401618,0.027445588,0.027752481
val,chr17_58709979_CAC_GCC,missense,-0.52310604,-0.41355252,-0.109553516,0.07694955,0.07742473
val,chr17_58709979_CAC_CCT,missense,-17.56489,-5.707222,-11.857668,0.07856162,0.07911692
val,chr17_58709979_CAC_AAT,missense,-0.42001218,-0.79890466,0.37889248,0.07712496,0.07758901
val,chr17_58709979_CAC_CGG,missense,-0.43499938,-1.4420289,1.0070295,0.07785949,0.07834765
val,chr17_58709979_CAC_CTG,missense,0.09680031,0.19908428,-0.10228397,0.076750875,0.0772179
val,chr17_58709979_CAC_GAT,missense,-0.677202,-5.395226,4.7180243,0.07860349,0.07912513
val,chr17_58709979_CAC_TAT,missense,0.055639137,0.34763956,-0.2920004,0.07505681,0.07548351
val,chr17_58709980_A_C,missense,-14.902679,-5.707222,-9.195457,0.07856162,0.07911692
val,chr17_58709980_A_G,missense,-0.12934202,-1.4420289,1.3126869,0.07785949,0.07834765
val,chr17_58709980_A_T,missense,-1.0425093,0.19908428,-1.2415936,0.076750875,0.0772179
val,chr17_58709981_C_A,missense,-3.1628683,-0.1462903,-3.016578,0.07668593,0.07714279
val,chr17_58709981_C_G,missense,-0.34840763,-0.1462903,-0.20211732,0.07668593,0.07714279
val,chr17_58709981_C_T,synonymous,-1.0126725,0.5294957,-1.5421683,-0.06336842,-0.063493505
val,chr17_58709988_G_C,missense,-15.794605,-3.4534478,-12.341158,0.07989116,0.08030691
val,chr17_58709988_G_A,missense,-4.4416075,-0.2268312,-4.214776,0.07728977,0.0776133
val,chr17_58709988_G_T,missense,-1.1933453,0.0059945583,-1.1993399,0.07723721,0.077581756
val,chr17_58709988_GCT_CCC,missense,-18.728983,-3.4534478,-15.275536,0.07989116,0.08030691
val,chr17_58709988_GCT_GAC,missense,-11.703,-3.5895922,-8.113408,0.07998724,0.080378816
val,chr17_58709988_GCT_GTG,missense,-12.181059,-1.00922,-11.171839,0.07861022,0.078946434
val,chr17_58709988_GCT_ACC,missense,-1.731106,-0.2268312,-1.5042748,0.07728977,0.0776133
val,chr17_58709988_GCT_AGC,missense,-0.5819689,0.0059945583,-0.58796346,0.07723721,0.077581756
val,chr17_58709988_GCT_GGC,missense,0.028171413,-0.05855918,0.08673059,0.07701712,0.07735391
val,chr17_58709989_C_G,missense,-1.5750865,-0.05855918,-1.5165273,0.07701712,0.07735391
val,chr17_58709989_C_A,missense,-9.392803,-3.5895922,-5.803211,0.07998724,0.080378816
val,chr17_58709989_C_T,missense,-9.848573,-1.00922,-8.839353,0.07861022,0.078946434
val,chr17_58709990_T_A,synonymous,-2.8397062,0.5850079,-3.424714,-0.06386079,-0.06387364
val,chr17_58709990_T_C,synonymous,-0.8606296,0.5850079,-1.4456375,-0.06386079,-0.06387364
val,chr17_58709990_T_G,synonymous,-1.5964378,0.5850079,-2.1814456,-0.06386079,-0.06387364
val,chr17_58720791_G_A,missense,-1.3641872,-0.29407,-1.0701172,0.07570903,0.076146066
val,chr17_58720791_G_T,missense,-0.24286577,-0.4373374,0.19447163,0.07630253,0.07675489
val,chr17_58720791_G_C,missense,-3.3741102,-1.1906649,-2.1834455,0.07646056,0.076918505
val,chr17_58720791_GCC_,indel,-2.7248805,-3.5696745,0.84479403,0.026543306,0.026803775
val,chr17_58720791_GCC_ACA,missense,-1.3224529,-0.29407,-1.0283829,0.07570903,0.076146066
val,chr17_58720791_GCC_AGC,missense,-2.111138,-0.4373374,-1.6738007,0.07630253,0.07675489
val,chr17_58720791_GCC_CCT,missense,-1.5265139,-1.1906649,-0.33584905,0.07646056,0.076918505
val,chr17_58720791_GCC_GAT,missense,-1.9177697,-10.225492,8.307722,0.07906886,0.07955751
val,chr17_58720791_GCC_GGA,missense,-1.1125904,-4.352669,3.2400784,0.07808451,0.078555316
val,chr17_58720791_GCC_GTG,missense,-2.7880652,-1.1766251,-1.6114401,0.076556385,0.07699595
val,chr17_58720792_C_G,missense,0.93548465,-4.352669,5.2881536,0.07808451,0.078555316
val,chr17_58720792_C_A,missense,-3.6344836,-10.225492,6.591008,0.07906886,0.07955751
val,chr17_58720792_C_T,missense,-0.9190317,-1.1766251,0.25759345,0.076556385,0.07699595
val,chr17_58720793_C_A,synonymous,-1.0533059,0.3855059,-1.4388118,-0.064023495,-0.06413595
val,chr17_58720793_C_G,synonymous,-0.7934889,0.3855059,-1.1789949,-0.064023495,-0.06413595
val,chr17_58720793_C_T,synonymous,1.4031734,0.3855059,1.0176675,-0.064023495,-0.06413595
val,chr17_58720803_C_A,missense,-7.5197115,-5.2380323,-2.2816792,0.08158241,0.08201154
val,chr17_58720803_C_T,missense,-11.805278,-3.2083635,-8.596914,0.08118267,0.081624895
val,chr17_58720803_C_G,missense,-2.4175594,-4.315566,1.8980067,0.08171663,0.082155645
val,chr17_58720803_CCT_,indel,-9.751485,-20.520441,10.768956,0.033876933,0.03411519
val,chr17_58720803_CCT_GCC,missense,-2.3951395,-4.315566,1.9204266,0.08171663,0.082155645
val,chr17_58720803_CCT_ACC,missense,-7.103407,-5.2380323,-1.8653746,0.08158241,0.08201154
val,chr17_58720803_CCT_AGC,missense,-12.442483,-3.2083635,-9.234119,0.08118267,0.081624895
val,chr17_58720803_CCT_CAC,missense,-15.271584,-16.482628,1.2110443,0.083504505,0.0839475
val,chr17_58720803_CCT_CGG,missense,-19.428225,-18.726988,-0.7012367,0.08479191,0.08522568
val,chr17_58720803_CCT_CTG,missense,-15.883906,-6.3271284,-9.556778,0.08211556,0.08252678
val,chr17_58720804_C_G,missense,-22.369234,-18.726988,-3.6422462,0.08479191,0.08522568
val,chr17_58720804_C_T,missense,-20.677818,-6.3271284,-14.35069,0.08211556,0.08252678
val,chr17_58720804_C_A,missense,-19.951073,-16.482628,-3.4684448,0.083504505,0.0839475
val,chr17_58720805_T_A,synonymous,2.6811318,0.325696,2.3554358,-0.06000599,-0.060029417
val,chr17_58720805_T_C,synonymous,2.8299086,0.325696,2.5042126,-0.06000599,-0.060029417
val,chr17_58720805_T_G,synonymous,-0.09377837,0.325696,-0.41947436,-0.06000599,-0.060029417
val,chr17_58720806_G_T,missense,-1.9760084,-1.0833554,-0.892653,0.0804721,0.08087886
val,chr17_58720806_G_C,missense,-23.687603,-12.18999,-11.497613,0.08270507,0.08313546
val,chr17_58720806_G_A,missense,-1.2453346,-1.5382484,0.2929138,0.080424085,0.08082772
val,chr17_58720806_GCA_,indel,-22.022676,-19.448181,-2.5744953,0.035882268,0.036124118
val,chr17_58720806_GCA_CCC,missense,-20.16251,-12.18999,-7.97252,0.08270507,0.08313546
val,chr17_58720806_GCA_GAG,missense,-20.468231,-16.025814,-4.442417,0.08291211,0.08334549
val,chr17_58720806_GCA_GGC,missense,-5.0254807,-0.76854444,-4.256936,0.07989884,0.080296166
val,chr17_58720806_GCA_GTG,missense,-4.951987,-3.8034635,-1.1485233,0.08158414,0.08199092
val,chr17_58720806_GCA_ACC,missense,1.7841381,-1.5382484,3.3223865,0.080424085,0.08082772
val,chr17_58720806_GCA_AGC,missense,2.162287,-1.0833554,3.2456424,0.0804721,0.08087886
val,chr17_58720807_C_T,missense,-6.471653,-3.8034635,-2.6681895,0.08158414,0.08199092
val,chr17_58720807_C_A,missense,-19.118273,-16.025814,-3.0924587,0.08291211,0.08334549
val,chr17_58720807_C_G,missense,-4.390371,-0.76854444,-3.6218264,0.07989884,0.080296166
val,chr17_58720808_A_G,synonymous,1.0219882,0.17761755,0.8443706,-0.05945975,-0.059403785
val,chr17_58720808_A_C,synonymous,1.4327326,0.17761755,1.255115,-0.05945975,-0.059403785
val,chr17_58720808_A_T,synonymous,-1.2254581,0.17761755,-1.4030757,-0.05945975,-0.059403785
val,chr17_58724045_A_C,missense,-5.6938562,-15.204965,9.511108,0.083144546,0.08349116
val,chr17_58724045_A_G,missense,0.4636197,-1.1605215,1.6241412,0.080806874,0.08108614
val,chr17_58724045_A_T,missense,0.16240409,-1.0096425,1.1720465,0.080742285,0.081039704
val,chr17_58724045_AGT_,indel,-13.0859375,-16.313086,3.227148,0.04454233,0.044699416
val,chr17_58724045_AGT_GCC,missense,0.4122771,-0.23532677,0.64760387,0.08053632,0.08080716
val,chr17_58724045_AGT_CGG,missense,-4.3734145,-15.204965,10.831551,0.083144546,0.08349116
val,chr17_58724045_AGT_AAC,missense,-1.1717283,-6.789888,5.61816,0.082409784,0.08272896
val,chr17_58724045_AGT_ACC,missense,-0.30807918,-0.3511002,0.043021023,0.0802593,0.08051847
val,chr17_58724045_AGT_ATC,missense,-2.8613963,-6.502205,3.6408086,0.082233526,0.08253265
val,chr17_58724045_AGT_GGC,missense,0.6379746,-1.1605215,1.7984961,0.080806874,0.08108614
val,chr17_58724045_AGT_TCA,synonymous,-1.8383762,0.74694204,-2.585318,-0.059342008,-0.05935049
val,chr17_58724045_AGT_TCC,synonymous,-0.2992775,0.74694204,-1.0462196,-0.059342008,-0.05935049
val,chr17_58724045_AGT_TCG,synonymous,-0.3730439,0.74694204,-1.1199859,-0.059342008,-0.05935049
val,chr17_58724045_AGT_TCT,synonymous,0.56488013,0.74694204,-0.18206191,-0.059342008,-0.05935049
val,chr17_58724045_AGT_TGC,missense,-2.4282413,-1.0096425,-1.4185988,0.080742285,0.081039704
val,chr17_58724046_G_T,missense,-3.1231618,-6.502205,3.379043,0.082233526,0.08253265
val,chr17_58724046_G_A,missense,-1.4130107,-6.789888,5.3768773,0.082409784,0.08272896
val,chr17_58724046_G_C,missense,1.0627109,-0.3511002,1.4138111,0.0802593,0.08051847
val,chr17_58724047_T_A,missense,-5.560454,-15.204965,9.64451,0.083144546,0.08349116
val,chr17_58724047_T_G,missense,-6.1055956,-15.204965,9.099369,0.083144546,0.08349116
val,chr17_58724047_T_C,synonymous,-1.3972384,0.74694204,-2.1441803,-0.059342008,-0.05935049
val,chr17_58724069_C_G,missense,-21.957792,-19.212687,-2.7451057,0.088288195,0.08886577
val,chr17_58724069_C_A,synonymous,2.6620173,0.90387297,1.7581444,-0.05861576,-0.058689978
val,chr17_58724069_CGA_,indel,-27.273413,-21.147459,-6.1259537,0.053744856,0.053902376
val,chr17_58724069_CGA_GCC,missense,-23.198309,-18.323973,-4.8743362,0.08655039,0.08709932
val,chr17_58724069_CGA_CAG,missense,-17.200623,-19.0658,1.8651772,0.08529501,0.08585227
val,chr17_58724069_CGA_CCC,missense,-19.127575,-19.276217,0.14864159,0.08736607,0.087985955
val,chr17_58724069_CGA_CTG,missense,-23.585684,-19.251753,-4.333931,0.08716898,0.08774605
val,chr17_58724069_CGA_GGC,missense,-26.727772,-19.212687,-7.515085,0.088288195,0.08886577
val,chr17_58724069_CGA_AGG,synonymous,1.3888613,0.90387297,0.48498833,-0.05861576,-0.058689978
val,chr17_58724070_G_A,missense,-15.334904,-19.0658,3.730896,0.08529501,0.08585227
val,chr17_58724070_G_C,missense,-19.65193,-19.276217,-0.37571335,0.08736607,0.087985955
val,chr17_58724070_G_T,missense,-25.393648,-19.251753,-6.1418953,0.08716898,0.08774605
val,chr17_58724071_A_C,synonymous,-0.46632853,0.90387297,-1.3702015,-0.05861576,-0.058689978
val,chr17_58724071_A_T,synonymous,-0.47435856,0.90387297,-1.3782315,-0.05861576,-0.058689978
val,chr17_58732500_A_G,missense,-18.01753,-8.812827,-9.204703,0.08064654,0.081010915
val,chr17_58732500_A_C,missense,-16.764868,-5.355319,-11.409549,0.07951449,0.079852544
val,chr17_58732500_AAG_,indel,-13.316233,-14.588203,1.2719707,0.03799581,0.03807267
val,chr17_58732500_AAG_GCC,missense,-15.2277155,-9.890133,-5.3375826,0.08118877,0.081555024
val,chr17_58732500_AAG_ACC,missense,-16.589691,-9.804032,-6.785659,0.08122707,0.08159544
val,chr17_58732500_AAG_CAA,missense,-5.175238,-5.355319,0.18008089,0.07951449,0.079852544
val,chr17_58732500_AAG_CGG,missense,-15.836409,-3.3257616,-12.510647,0.078852065,0.079190716
val,chr17_58732500_AAG_GAA,missense,-14.811052,-8.812827,-5.998225,0.08064654,0.081010915
val,chr17_58732501_A_C,missense,-20.155815,-9.804032,-10.351783,0.08122707,0.08159544
val,chr17_58732501_A_G,missense,-18.212568,-3.3257616,-14.8868065,0.078852065,0.079190716
val,chr17_58732501_A_T,missense,-12.78516,-8.571086,-4.214074,0.08060414,0.080963835
val,chr17_58732502_G_A,synonymous,-3.7703557,-0.12908244,-3.6412733,-0.06178229,-0.061896652
val,chr17_58732502_G_C,missense,-12.139094,-8.141089,-3.998005,0.08063121,0.080988005
val,chr17_58732502_G_T,missense,-12.248202,-8.141089,-4.107113,0.08063121,0.080988005
val,chr17_58732506_C_T,missense,0.29858896,-1.5455112,1.8441002,0.077459924,0.07787053
val,chr17_58732506_C_A,missense,-10.7209425,-1.9180613,-8.802881,0.077498145,0.077897534
val,chr17_58732506_C_G,missense,-13.960837,-1.13249,-12.828347,0.07710253,0.07750006
val,chr17_58732506_CCC_,indel,-17.20378,-16.171118,-1.0326614,0.03293314,0.03311179
val,chr17_58732506_CCC_ACA,missense,-4.0729666,-1.9180613,-2.1549053,0.077498145,0.077897534
val,chr17_58732506_CCC_CAT,missense,-11.851958,-1.4671961,-10.384762,0.07738277,0.077781186
val,chr17_58732506_CCC_CGG,missense,-8.078869,-1.8957567,-6.183112,0.07784733,0.07825837
val,chr17_58732506_CCC_CTG,missense,-8.294262,-9.178473,0.88421154,0.08014497,0.08057303
val,chr17_58732506_CCC_GCT,missense,-16.111193,-1.13249,-14.978703,0.07710253,0.07750006
val,chr17_58732506_CCC_AGC,missense,-1.305057,-1.5455112,0.2404542,0.077459924,0.07787053
val,chr17_58732507_C_G,missense,-11.310701,-1.8957567,-9.414945,0.07784733,0.07825837
val,chr17_58732507_C_T,missense,-16.949396,-9.178473,-7.7709227,0.08014497,0.08057303
val,chr17_58732507_C_A,missense,-13.260258,-1.4671961,-11.793061,0.07738277,0.077781186
val,chr17_58732508_C_T,synonymous,-2.9626067,-0.01661992,-2.9459867,-0.062136766,-0.062237136
val,chr17_58732508_C_A,synonymous,1.6823883,-0.01661992,1.6990082,-0.062136766,-0.062237136
val,chr17_58732508_C_G,synonymous,1.3344686,-0.01661992,1.3510885,-0.062136766,-0.062237136
val,chr17_58732527_G_T,missense,-6.699211,-1.3333882,-5.365823,0.078513466,0.07891383
val,chr17_58732527_G_A,missense,0.8826377,-0.6192968,1.5019345,0.07838583,0.078775845
val,chr17_58732527_G_C,missense,-3.3572588,-1.3333882,-2.0238705,0.078513466,0.07891383
val,chr17_58732527_GTA_,indel,-12.560149,-15.496034,2.9358845,0.03254308,0.03271792
val,chr17_58732527_GTA_GCC,missense,1.3967042,0.53167224,0.86503196,0.07738464,0.07777944
val,chr17_58732527_GTA_CTG,missense,-4.037168,-1.3333882,-2.7037797,0.078513466,0.07891383
val,chr17_58732527_GTA_GAG,missense,-7.4326077,-4.3180823,-3.1145253,0.0797696,0.080198325
val,chr17_58732527_GTA_GGC,missense,-3.0589526,-1.2147886,-1.844164,0.07892446,0.07932419
val,chr17_58732527_GTA_ATC,missense,-1.438362,-0.6192968,-0.8190652,0.07838583,0.078775845
val,chr17_58732528_T_A,missense,-5.76019,-4.3180823,-1.4421077,0.0797696,0.080198325
val,chr17_58732528_T_C,missense,0.84034115,0.53167224,0.3086689,0.07738464,0.07777944
val,chr17_58732528_T_G,missense,-0.37455875,-1.2147886,0.8402298,0.07892446,0.07932419
val,chr17_58732529_A_C,synonymous,0.12732168,0.48225188,-0.35493022,-0.06317259,-0.063203864
val,chr17_58732529_A_G,synonymous,-0.69766706,0.48225188,-1.179919,-0.06317259,-0.063203864
val,chr17_58732529_A_T,synonymous,0.08208372,0.48225188,-0.40016818,-0.06317259,-0.063203864
val,chr17_58732542_A_C,missense,-1.4911611,0.5008304,-1.9919915,0.071387395,0.071845785
val,chr17_58732542_A_G,missense,0.4075512,0.3189931,0.08855811,0.07059907,0.07108046
val,chr17_58732542_AAA_,indel,-9.406766,-8.843251,-0.5635147,0.036618218,0.036627967
val,chr17_58732542_AAA_GCC,missense,-22.327623,0.48355412,-22.811178,0.07113989,0.071614124
val,chr17_58732542_AAA_ATC,missense,-9.982802,0.6060624,-10.588865,0.07184745,0.07235728
val,chr17_58732542_AAA_ACC,missense,-0.62400895,0.8197708,-1.4437797,0.071310475,0.07179932
val,chr17_58732542_AAA_CAG,missense,1.1717607,0.5008304,0.67093027,0.071387395,0.071845785
val,chr17_58732542_AAA_CGG,missense,-1.7112663,0.31251287,-2.0237792,0.07288577,0.07336321
val,chr17_58732542_AAA_GAG,missense,0.39279744,0.3189931,0.07380435,0.07059907,0.07108046
val,chr17_58732543_A_T,missense,-8.896623,0.6060624,-9.502686,0.07184745,0.07235728
val,chr17_58732543_A_C,missense,1.4267837,0.8197708,0.60701287,0.071310475,0.07179932
val,chr17_58732543_A_G,missense,-1.1119174,0.31251287,-1.4244303,0.07288577,0.07336321
val,chr17_58732544_A_C,missense,1.2468567,0.5446315,0.7022252,0.07084879,0.07131602
val,chr17_58732544_A_G,synonymous,-0.8701584,0.69990396,-1.5700624,-0.064061746,-0.06419949
val,chr17_58732544_A_T,missense,0.027384032,0.5446315,-0.51724744,0.07084879,0.07131602
val,chr17_58734121_C_A,missense,-1.5949173,-0.4342103,-1.160707,0.07245602,0.072965674
val,chr17_58734121_C_G,missense,0.51640373,0.011184692,0.50521904,0.071718104,0.07214271
val,chr17_58734121_CAG_,indel,-9.881733,-6.3110237,-3.5707092,0.027362032,0.027522955
val,chr17_58734121_CAG_GCC,missense,1.1563447,0.115119696,1.041225,0.07033556,0.070796736
val,chr17_58734121_CAG_AAA,missense,0.92965484,-0.4342103,1.3638651,0.07245602,0.072965674
val,chr17_58734121_CAG_AGA,missense,1.001972,0.0047426224,0.99722934,0.071308374,0.07182355
val,chr17_58734121_CAG_CCC,missense,0.55094886,-2.0448143,2.5957632,0.07266232,0.07316708
val,chr17_58734121_CAG_CTC,missense,0.06350678,-0.448601,0.5121078,0.0714152,0.07191752
val,chr17_58734121_CAG_GAA,missense,1.7261236,0.011184692,1.7149389,0.071718104,0.07214271
val,chr17_58734122_A_G,missense,-0.57037085,0.0047426224,-0.5751135,0.071308374,0.07182355
val,chr17_58734122_A_C,missense,0.28811175,-2.0448143,2.332926,0.07266232,0.07316708
val,chr17_58734122_A_T,missense,1.1582204,-0.448601,1.6068214,0.0714152,0.07191752
val,chr17_58734123_G_T,missense,1.6071199,0.29620576,1.3109142,0.06982571,0.070247106
val,chr17_58734123_G_A,synonymous,0.87332386,0.5955987,0.27772516,-0.06475663,-0.06490905
val,chr17_58734123_G_C,missense,-0.23615958,0.29620576,-0.5323653,0.06982571,0.070247106
val,chr17_58734145_A_C,missense,-0.4260152,0.52521443,-0.95122963,0.06235606,0.06272123
val,chr17_58734145_A_G,missense,0.7811739,0.45871043,0.32246345,0.06275916,0.06313092
val,chr17_58734145_A_T,missense,1.1180407,0.4966874,0.62135327,0.062354043,0.06273353
val,chr17_58734145_ACT_,indel,-0.57113767,0.3467424,-0.91788006,0.01471275,0.014787155
val,chr17_58734145_ACT_GCC,missense,-0.75604796,0.45871043,-1.2147584,0.06275916,0.06313092
val,chr17_58734145_ACT_AAC,missense,-0.97375107,0.5387471,-1.5124981,0.06227971,0.06265379
val,chr17_58734145_ACT_AGC,missense,-0.5371813,0.4966874,-1.0338688,0.062354043,0.06273353
val,chr17_58734145_ACT_ATC,missense,0.47239938,-0.3401363,0.81253564,0.064093426,0.06448565
val,chr17_58734145_ACT_CCC,missense,0.98867726,0.52521443,0.46346283,0.06235606,0.06272123
val,chr17_58734146_C_A,missense,0.48889124,0.5387471,-0.04985583,0.06227971,0.06265379
val,chr17_58734146_C_G,missense,-0.010596965,0.4966874,-0.5072844,0.062354043,0.06273353
val,chr17_58734146_C_T,missense,-1.1372025,-0.3401363,-0.7970662,0.064093426,0.06448565
val,chr17_58734147_T_A,synonymous,-0.013595451,0.52845526,-0.5420507,-0.07393685,-0.07406614
val,chr17_58734147_T_C,synonymous,-1.0283585,0.52845526,-1.5568137,-0.07393685,-0.07406614
val,chr17_58734147_T_G,synonymous,-0.18943587,0.52845526,-0.7178911,-0.07393685,-0.07406614
val,chr17_58734160_T_C,synonymous,-0.25647077,0.6124251,-0.8688959,-0.07640193,-0.07652857
val,chr17_58734160_T_A,missense,1.1683537,0.55201507,0.6163386,0.059259273,0.05954806
val,chr17_58734160_T_G,missense,-0.23659295,0.5396533,-0.77624625,0.059401307,0.05969748
val,chr17_58734160_TTG_,indel,1.0617545,0.65076137,0.4109931,0.010478837,0.010571735
val,chr17_58734160_TTG_GCC,missense,-1.3515382,0.5414524,-1.8929906,0.057732813,0.05802157
val,chr17_58734160_TTG_AGC,missense,-0.57952166,0.56253815,-1.1420598,0.057593703,0.05788217
val,chr17_58734160_TTG_CTA,synonymous,-0.7278782,0.6124251,-1.3403033,-0.07640193,-0.07652857
val,chr17_58734160_TTG_CTC,synonymous,0.82295597,0.6124251,0.21053088,-0.07640193,-0.07652857
val,chr17_58734160_TTG_CTT,synonymous,0.8627456,0.6124251,0.2503205,-0.07640193,-0.07652857
val,chr17_58734160_TTG_GTC,missense,-0.34672272,0.5396533,-0.886376,0.059401307,0.05969748
val,chr17_58734161_T_C,missense,-0.26109982,0.56253815,-0.82363796,0.057593703,0.05788217
val,chr17_58734161_T_G,missense,-1.0531517,0.47514915,-1.5283009,0.061022345,0.061314013
val,chr17_58734162_G_A,synonymous,-0.53118384,0.6124251,-1.1436089,-0.07640193,-0.07652857
val,chr17_58734162_G_C,missense,0.30431598,0.43427682,-0.12996083,0.060384847,0.060651332
val,chr17_58734162_G_T,missense,0.52043086,0.43427682,0.08615404,0.060384847,0.060651332
val,chr17_58734181_A_C,missense,-0.028292732,0.68916655,-0.71745926,0.062441286,0.06267426
val,chr17_58734181_A_G,missense,1.250349,0.68524027,0.5651088,0.06100026,0.061192866
val,chr17_58734181_A_T,missense,-0.99431556,0.77312183,-1.7674375,0.060137134,0.060320042
val,chr17_58734181_AGC_,indel,0.36834326,0.8220799,-0.45373663,0.011121938,0.011173741
val,chr17_58734181_AGC_GCC,missense,0.94227195,0.6926758,0.24959612,0.05981312,0.060006477
val,chr17_58734181_AGC_AAT,missense,0.20072985,0.75329494,-0.5525651,0.058771893,0.058954604
val,chr17_58734181_AGC_ACA,missense,0.018062884,0.70278215,-0.68471926,0.059544284,0.059726384
val,chr17_58734181_AGC_ATT,missense,1.3761054,0.7737334,0.60237205,0.060510688,0.06071909
val,chr17_58734181_AGC_CGG,missense,0.71700746,0.68916655,0.027840912,0.062441286,0.06267426
val,chr17_58734181_AGC_GGA,missense,1.0697055,0.68524027,0.38446522,0.06100026,0.061192866
val,chr17_58734181_AGC_TCA,synonymous,1.1271664,0.7660904,0.361076,-0.077627465,-0.07773573
val,chr17_58734181_AGC_TCC,synonymous,-0.8540522,0.7660904,-1.6201426,-0.077627465,-0.07773573
val,chr17_58734181_AGC_TCG,synonymous,0.8595029,0.7660904,0.09341252,-0.077627465,-0.07773573
val,chr17_58734181_AGC_TCT,synonymous,-0.5564625,0.7660904,-1.3225529,-0.077627465,-0.07773573
val,chr17_58734181_AGC_TGT,missense,-0.80313534,0.77312183,-1.5762572,0.060137134,0.060320042
val,chr17_58734182_G_A,missense,-0.98049766,0.75329494,-1.7337925,0.058771893,0.058954604
val,chr17_58734182_G_C,missense,0.4165642,0.70278215,-0.28621796,0.059544284,0.059726384
val,chr17_58734182_G_T,missense,-0.5657595,0.7737334,-1.3394928,0.060510688,0.06071909
val,chr17_58734183_C_G,missense,1.4985797,0.68916655,0.8094132,0.062441286,0.06267426
val,chr17_58734183_C_T,synonymous,0.1496318,0.7660904,-0.6164586,-0.077627465,-0.07773573
val,chr17_58734183_C_A,missense,-0.66911864,0.68916655,-1.3582852,0.062441286,0.06267426
