pair,split,var_id,type,z_diff,z_norm,delta_a,delta_b,pred_diff
tau0.69_single|tau0.69_nine,train,chr17_58692648_G_C,missense,0.002728800754994154,0.8973021507263184,0.06994891911745071,0.06994958966970444,-6.705522537231445e-07
tau0.69_single|tau0.69_nine,train,chr17_58692655_G_C,missense,0.002371341921389103,0.9738668203353882,0.06469850987195969,0.06470325589179993,-4.7460198402404785e-06
tau0.69_single|tau0.69_nine,train,chr17_58692659_TTC_ATT,missense,0.002211090410128236,0.9496909976005554,0.06647404283285141,0.06648600846529007,-1.1965632438659668e-05
tau0.69_single|tau0.69_nine,train,chr17_58692672_T_C,missense,0.001903259428218007,0.9134716987609863,0.07255366444587708,0.0725780799984932,-2.4415552616119385e-05
tau0.69_single|tau0.69_nine,train,chr17_58692675_A_C,missense,0.0015994046116247773,0.9045182466506958,0.06993631273508072,0.06994499266147614,-8.67992639541626e-06
tau0.69_single|tau0.69_nine,train,chr17_58692683_TTG_GTC,missense,0.001243408303707838,0.8394307494163513,0.07507643103599548,0.07509032636880875,-1.389533281326294e-05
tau0.69_single|tau0.69_nine,train,chr17_58692705_C_T,missense,0.0012161264894530177,0.7690469026565552,0.07754005491733551,0.07754354178905487,-3.4868717193603516e-06
tau0.69_single|tau0.69_nine,train,chr17_58692721_G_T,missense,0.0011216531274840236,0.7468762397766113,0.08001434803009033,0.08002444356679916,-1.0095536708831787e-05
tau0.69_single|tau0.69_nine,train,chr17_58692723_T_G,missense,0.0009922791505232453,0.749371349811554,0.08537238836288452,0.08539438992738724,-2.2001564502716064e-05
tau0.69_single|tau0.69_nine,train,chr17_58692728_TCT_CCC,missense,0.0012957989238202572,0.7240702509880066,0.08125628530979156,0.08127838373184204,-2.2098422050476074e-05
tau0.69_single|tau0.69_nine,train,chr17_58692734_GGG_GTC,missense,0.0016641647089272738,0.7486469745635986,0.08275172114372253,0.08278755098581314,-3.582984209060669e-05
tau0.69_single|tau0.69_nine,train,chr17_58692743_ACT_CCC,missense,0.0016349576180800796,0.7538567185401917,0.07978262007236481,0.0798100158572197,-2.7395784854888916e-05
tau0.69_single|tau0.69_nine,train,chr17_58692758_CTA_GCC,missense,0.0012705280678346753,0.8498360514640808,0.07192376255989075,0.0719398781657219,-1.611560583114624e-05
tau0.69_single|tau0.69_nine,train,chr17_58692769_A_T,missense,0.0013886127853766084,0.8550045490264893,0.07317236065864563,0.0731995552778244,-2.7194619178771973e-05
tau0.69_single|tau0.69_nine,train,chr17_58692779_CTT_GCC,missense,0.00104545580688864,0.8854831457138062,0.08179556578397751,0.0818077102303505,-1.214444637298584e-05
tau0.69_single|tau0.69_nine,train,chr17_58692785_AAA_CAG,missense,0.0011036548530682921,0.8910961747169495,0.07370658218860626,0.07371018081903458,-3.598630428314209e-06
tau0.69_single|tau0.69_nine,train,chr17_58694934_T_C,missense,0.0010547114070504904,0.9230868220329285,0.07345154881477356,0.07346169650554657,-1.0147690773010254e-05
tau0.69_single|tau0.69_nine,train,chr17_58694942_T_A,missense,0.0011997519759461284,0.9115012288093567,0.07208486646413803,0.07211386412382126,-2.899765968322754e-05
tau0.69_single|tau0.69_nine,train,chr17_58694945_AAA_GCC,missense,0.0011229986557736993,0.9188089966773987,0.07458263635635376,0.07460591197013855,-2.327561378479004e-05
tau0.69_single|tau0.69_nine,train,chr17_58694952_A_C,missense,0.0009653485612943769,0.8729047775268555,0.07474017143249512,0.07476307451725006,-2.2903084754943848e-05
tau0.69_single|tau0.69_nine,train,chr17_58694959_A_C,missense,0.0009227764676325023,0.8848904967308044,0.07365965843200684,0.07367808371782303,-1.8425285816192627e-05
tau0.69_single|tau0.69_nine,train,chr17_58694966_CTG_CAA,missense,0.0008486013975925744,0.8720330595970154,0.07586861401796341,0.07589296996593475,-2.4355947971343994e-05
tau0.69_single|tau0.69_nine,train,chr17_58694972_ATT_ACC,missense,0.0009892421076074243,0.8839256763458252,0.07323694229125977,0.0732576847076416,-2.0742416381835938e-05
tau0.69_single|tau0.69_nine,train,chr17_58694976_T_A,missense,0.0010596091160550714,0.8911018967628479,0.07906174659729004,0.07909522205591202,-3.347545862197876e-05
tau0.69_single|tau0.69_nine,train,chr17_58694988_G_T,missense,0.0009571462869644165,0.9225532412528992,0.06928863376379013,0.06929944455623627,-1.0810792446136475e-05
tau0.69_single|tau0.69_nine,train,chr17_58694993_ACA_CGG,missense,0.001015431247651577,0.9198230504989624,0.06786108762025833,0.06787101924419403,-9.931623935699463e-06
tau0.69_single|tau0.69_nine,train,chr17_58694999_A_C,missense,0.0009197098552249372,0.8983532190322876,0.06724047660827637,0.067247673869133,-7.197260856628418e-06
tau0.69_single|tau0.69_nine,train,chr17_58695009_A_T,missense,0.0008447436266578734,0.8975879549980164,0.06802015751600266,0.0680227279663086,-2.5704503059387207e-06
tau0.69_single|tau0.69_nine,train,chr17_58695020_T_C,missense,0.0007487363182008266,0.8449276685714722,0.06917364150285721,0.06917362660169601,1.4901161193847656e-08
tau0.69_single|tau0.69_nine,train,chr17_58695029_C_T,missense,0.0010166538413614035,0.845047652721405,0.06846565008163452,0.06847656518220901,-1.0915100574493408e-05
tau0.69_single|tau0.69_nine,train,chr17_58695035_AAG_ACC,missense,0.0010167316067963839,0.8357303142547607,0.06893566995859146,0.068949393928051,-1.3723969459533691e-05
tau0.69_single|tau0.69_nine,train,chr17_58695038_T_A,missense,0.0009811711497604847,0.8031265735626221,0.07220003753900528,0.07221745699644089,-1.741945743560791e-05
tau0.69_single|tau0.69_nine,train,chr17_58695048_T_C,missense,0.0006325420108623803,0.7411794662475586,0.08013176918029785,0.08013905584812164,-7.286667823791504e-06
tau0.69_single|tau0.69_nine,train,chr17_58695056_CTT_CCC,missense,0.0005958718247711658,0.7344644069671631,0.08038610219955444,0.08040527999401093,-1.9177794456481934e-05
tau0.69_single|tau0.69_nine,train,chr17_58695065_GAG_GGC,missense,0.0008922593551687896,0.7507314085960388,0.07721696048974991,0.07723353803157806,-1.6577541828155518e-05
tau0.69_single|tau0.69_nine,train,chr17_58695068_CAT_AAC,missense,0.0011992612853646278,0.7836158275604248,0.07326904684305191,0.07329084724187851,-2.180039882659912e-05
tau0.69_single|tau0.69_nine,train,chr17_58695074_CAG_CCC,missense,0.0012884509051218629,0.7477346062660217,0.07651637494564056,0.07654459774494171,-2.822279930114746e-05
tau0.69_single|tau0.69_nine,train,chr17_58695083_ATA_CGG,missense,0.000505841220729053,0.7643186450004578,0.0838918387889862,0.08391669392585754,-2.485513687133789e-05
tau0.69_single|tau0.69_nine,train,chr17_58695092_TTC_ATT,missense,0.0006047763745300472,0.7491288781166077,0.08118704706430435,0.08120324462652206,-1.6197562217712402e-05
tau0.69_single|tau0.69_nine,train,chr17_58695101_GCA_GGC,missense,0.0006419512792490423,0.7907361388206482,0.07835078239440918,0.07836925983428955,-1.8477439880371094e-05
tau0.69_single|tau0.69_nine,train,chr17_58695110_GAT_CAC,missense,0.0006233088788576424,0.8051633834838867,0.07779815047979355,0.07780762761831284,-9.47713851928711e-06
tau0.69_single|tau0.69_nine,train,chr17_58695113_ATT_ACC,missense,0.0006271029124036431,0.8084480166435242,0.07881691306829453,0.07883686572313309,-1.9952654838562012e-05
tau0.69_single|tau0.69_nine,train,chr17_58695136_A_T,missense,0.00047440294292755425,0.8170974850654602,0.07748182862997055,0.07750304788351059,-2.1219253540039062e-05
tau0.69_single|tau0.69_nine,train,chr17_58695147_C_A,missense,0.0008114030351862311,0.8396344780921936,0.08488024771213531,0.08492220938205719,-4.1961669921875e-05
tau0.69_single|tau0.69_nine,train,chr17_58695152_A_G,missense,0.0006899627042002976,0.820859432220459,0.0802825465798378,0.08032000809907913,-3.746151924133301e-05
tau0.69_single|tau0.69_nine,train,chr17_58695167_G_T,missense,0.0004005495284218341,0.8068488240242004,0.07940487563610077,0.07942286878824234,-1.7993152141571045e-05
tau0.69_single|tau0.69_nine,train,chr17_58695171_T_A,missense,0.0006173860165290534,0.8079218864440918,0.08372009545564651,0.08376014977693558,-4.00543212890625e-05
tau0.69_single|tau0.69_nine,train,chr17_58695184_A_T,missense,0.0003202444058842957,0.8032838106155396,0.08162865787744522,0.08165223896503448,-2.3581087589263916e-05
tau0.69_single|tau0.69_nine,train,chr17_58695185_T_G,missense,0.0003544338687788695,0.8014165759086609,0.0797644779086113,0.07978644967079163,-2.197176218032837e-05
tau0.69_single|tau0.69_nine,train,chr17_58696695_T_A,missense,0.00038022472290322185,0.7809591889381409,0.08457429707050323,0.0846017524600029,-2.7455389499664307e-05
tau0.69_single|tau0.69_nine,train,chr17_58696706_G_C,missense,0.0006896943668834865,0.7528519630432129,0.08179013431072235,0.0818171501159668,-2.70158052444458e-05
tau0.69_single|tau0.69_nine,train,chr17_58696721_C_G,missense,0.0006096703582443297,0.7242172360420227,0.0829206109046936,0.08294983208179474,-2.9221177101135254e-05
tau0.69_single|tau0.69_nine,train,chr17_58696727_TGT_TAC,missense,0.0005895777721889317,0.719209611415863,0.07860451936721802,0.07862196117639542,-1.744180917739868e-05
tau0.69_single|tau0.69_nine,train,chr17_58696730_TTT_TGC,missense,0.0007259774720296264,0.7107172608375549,0.08161558210849762,0.08164933323860168,-3.375113010406494e-05
tau0.69_single|tau0.69_nine,train,chr17_58696739_GTG_CTC,missense,0.0004577455692924559,0.7479792237281799,0.07928263396024704,0.07930654287338257,-2.3908913135528564e-05
tau0.69_single|tau0.69_nine,train,chr17_58696745_GGT_GAC,missense,0.0015720352530479431,0.7111794352531433,0.08683627098798752,0.0868913009762764,-5.5029988288879395e-05
tau0.69_single|tau0.69_nine,train,chr17_58696750_A_T,missense,0.000634136376902461,0.7501101493835449,0.08020909875631332,0.08023400604724884,-2.4907290935516357e-05
tau0.69_single|tau0.69_nine,train,chr17_58696754_G_A,missense,0.0006485358462668955,0.7373107671737671,0.08043137192726135,0.08045404404401779,-2.267211675643921e-05
tau0.69_single|tau0.69_nine,train,chr17_58696762_T_G,missense,0.0008366275578737259,0.7351714372634888,0.08164015412330627,0.08166172355413437,-2.1569430828094482e-05
tau0.69_single|tau0.69_nine,train,chr17_58696766_ACA_AGC,missense,0.001087330048903823,0.7241045236587524,0.0818520337343216,0.08188743144273758,-3.539770841598511e-05
tau0.69_single|tau0.69_nine,train,chr17_58696775_AGT_TGC,missense,0.0004951395676471293,0.7059950232505798,0.08246937394142151,0.08249444514513016,-2.507120370864868e-05
tau0.69_single|tau0.69_nine,train,chr17_58696779_T_G,missense,0.0005268644308671355,0.7076948881149292,0.08293190598487854,0.08294998109340668,-1.8075108528137207e-05
tau0.69_single|tau0.69_nine,train,chr17_58696789_T_G,missense,0.0007534246542491019,0.736176073551178,0.08104240894317627,0.08105403929948807,-1.1630356311798096e-05
tau0.69_single|tau0.69_nine,train,chr17_58696796_G_T,missense,0.0007062838994897902,0.718382716178894,0.0814247727394104,0.0814453661441803,-2.059340476989746e-05
tau0.1_single|tau0.1_nine,train,chr17_58692648_G_C,missense,0.020031597465276718,0.9623981714248657,0.0700271725654602,0.07027306407690048,-0.0002458915114402771
tau0.1_single|tau0.1_nine,train,chr17_58692655_G_C,missense,0.01718474179506302,1.022411584854126,0.06454794108867645,0.06480078399181366,-0.00025284290313720703
tau0.1_single|tau0.1_nine,train,chr17_58692659_TTC_ATT,missense,0.0158616341650486,0.9955460429191589,0.06589420139789581,0.06619691103696823,-0.0003027096390724182
tau0.1_single|tau0.1_nine,train,chr17_58692672_T_C,missense,0.014314429834485054,0.9392611384391785,0.07126713544130325,0.0716465637087822,-0.00037942826747894287
tau0.1_single|tau0.1_nine,train,chr17_58692675_A_C,missense,0.014288852922618389,0.937538743019104,0.06920510530471802,0.06951461732387543,-0.00030951201915740967
tau0.1_single|tau0.1_nine,train,chr17_58692683_TTG_GTC,missense,0.012203343212604523,0.8710730075836182,0.07415187358856201,0.07448724657297134,-0.0003353729844093323
tau0.1_single|tau0.1_nine,train,chr17_58692705_C_T,missense,0.009313748218119144,0.8008063435554504,0.0769263207912445,0.07726458460092545,-0.0003382638096809387
tau0.1_single|tau0.1_nine,train,chr17_58692721_G_T,missense,0.00947435200214386,0.7834393978118896,0.07901465147733688,0.07939208298921585,-0.0003774315118789673
tau0.1_single|tau0.1_nine,train,chr17_58692723_T_G,missense,0.00981130637228489,0.7813171148300171,0.08377482742071152,0.08421403169631958,-0.00043920427560806274
tau0.1_single|tau0.1_nine,train,chr17_58692728_TCT_CCC,missense,0.01144118420779705,0.7607715725898743,0.07954807579517365,0.0800090953707695,-0.0004610195755958557
tau0.1_single|tau0.1_nine,train,chr17_58692734_GGG_GTC,missense,0.012989198789000511,0.7767651677131653,0.08065155893564224,0.08114426583051682,-0.0004927068948745728
tau0.1_single|tau0.1_nine,train,chr17_58692743_ACT_CCC,missense,0.016284581273794174,0.7977928519248962,0.07806287705898285,0.0785289779305458,-0.00046610087156295776
tau0.1_single|tau0.1_nine,train,chr17_58692758_CTA_GCC,missense,0.01382953580468893,0.8915164470672607,0.07091851532459259,0.07128942757844925,-0.00037091225385665894
tau0.1_single|tau0.1_nine,train,chr17_58692769_A_T,missense,0.012374301441013813,0.9066548347473145,0.07176284492015839,0.0721803531050682,-0.00041750818490982056
tau0.1_single|tau0.1_nine,train,chr17_58692779_CTT_GCC,missense,0.009389037266373634,0.9315468072891235,0.08108721673488617,0.08142688870429993,-0.0003396719694137573
tau0.1_single|tau0.1_nine,train,chr17_58692785_AAA_CAG,missense,0.00887871254235506,0.923450767993927,0.07350952178239822,0.07378268241882324,-0.0002731606364250183
tau0.1_single|tau0.1_nine,train,chr17_58694934_T_C,missense,0.01149020902812481,0.9550474286079407,0.07269836217164993,0.07304827123880386,-0.00034990906715393066
tau0.1_single|tau0.1_nine,train,chr17_58694942_T_A,missense,0.0122940419241786,0.9559566974639893,0.07051270455121994,0.07095792889595032,-0.0004452243447303772
tau0.1_single|tau0.1_nine,train,chr17_58694945_AAA_GCC,missense,0.009770390577614307,0.9613804221153259,0.07307954877614975,0.07355254143476486,-0.0004729926586151123
tau0.1_single|tau0.1_nine,train,chr17_58694952_A_C,missense,0.009117933921515942,0.9119475483894348,0.07330936938524246,0.07375267148017883,-0.00044330209493637085
tau0.1_single|tau0.1_nine,train,chr17_58694959_A_C,missense,0.00830131582915783,0.9172958135604858,0.07253538072109222,0.07293649017810822,-0.0004011094570159912
tau0.1_single|tau0.1_nine,train,chr17_58694966_CTG_CAA,missense,0.007902183569967747,0.9045755863189697,0.07447544485330582,0.07488565891981125,-0.00041021406650543213
tau0.1_single|tau0.1_nine,train,chr17_58694972_ATT_ACC,missense,0.011746439151465893,0.9234192371368408,0.07197454571723938,0.07240559905767441,-0.0004310533404350281
tau0.1_single|tau0.1_nine,train,chr17_58694976_T_A,missense,0.011740492656826973,0.92676842212677,0.0772184357047081,0.07770012319087982,-0.0004816874861717224
tau0.1_single|tau0.1_nine,train,chr17_58694988_G_T,missense,0.01059028971940279,0.9610331058502197,0.06858629733324051,0.06894873082637787,-0.0003624334931373596
tau0.1_single|tau0.1_nine,train,chr17_58694993_ACA_CGG,missense,0.010956265963613987,0.9617276787757874,0.06720440089702606,0.06755654513835907,-0.0003521442413330078
tau0.1_single|tau0.1_nine,train,chr17_58694999_A_C,missense,0.012892493046820164,0.9320554137229919,0.06693374365568161,0.0672290101647377,-0.0002952665090560913
tau0.1_single|tau0.1_nine,train,chr17_58695009_A_T,missense,0.012724179774522781,0.9271438717842102,0.0679427906870842,0.06822631508111954,-0.00028352439403533936
tau0.1_single|tau0.1_nine,train,chr17_58695020_T_C,missense,0.011683255434036255,0.862912654876709,0.0692039430141449,0.06945110112428665,-0.00024715811014175415
tau0.1_single|tau0.1_nine,train,chr17_58695029_C_T,missense,0.013438728637993336,0.868430495262146,0.06771940737962723,0.06806351989507675,-0.0003441125154495239
tau0.1_single|tau0.1_nine,train,chr17_58695035_AAG_ACC,missense,0.013685992918908596,0.8620275259017944,0.06804493814706802,0.06842263042926788,-0.0003776922821998596
tau0.1_single|tau0.1_nine,train,chr17_58695038_T_A,missense,0.01389313954859972,0.8312219381332397,0.07099872082471848,0.071414053440094,-0.0004153326153755188
tau0.1_single|tau0.1_nine,train,chr17_58695048_T_C,missense,0.009560045786201954,0.76737380027771,0.0795733854174614,0.07991265505552292,-0.00033926963806152344
tau0.1_single|tau0.1_nine,train,chr17_58695056_CTT_CCC,missense,0.009624491445720196,0.7582504749298096,0.07918884605169296,0.07958504557609558,-0.0003961995244026184
tau0.1_single|tau0.1_nine,train,chr17_58695065_GAG_GGC,missense,0.01179532054811716,0.7871373295783997,0.0758061334490776,0.07621387392282486,-0.0004077404737472534
tau0.1_single|tau0.1_nine,train,chr17_58695068_CAT_AAC,missense,0.014526091516017914,0.8337627649307251,0.07155922055244446,0.07201910018920898,-0.00045987963676452637
tau0.1_single|tau0.1_nine,train,chr17_58695074_CAG_CCC,missense,0.013233697041869164,0.7944954037666321,0.07456468790769577,0.07502105087041855,-0.0004563629627227783
tau0.1_single|tau0.1_nine,train,chr17_58695083_ATA_CGG,missense,0.009348606690764427,0.7881481647491455,0.08244702219963074,0.08284035325050354,-0.00039333105087280273
tau0.1_single|tau0.1_nine,train,chr17_58695092_TTC_ATT,missense,0.014918149448931217,0.7742798328399658,0.08015228807926178,0.08050031960010529,-0.00034803152084350586
tau0.1_single|tau0.1_nine,train,chr17_58695101_GCA_GGC,missense,0.012380167841911316,0.8214465975761414,0.07712700217962265,0.07750566303730011,-0.0003786608576774597
tau0.1_single|tau0.1_nine,train,chr17_58695110_GAT_CAC,missense,0.0106071587651968,0.8254775404930115,0.07699695974588394,0.07733112573623657,-0.0003341659903526306
tau0.1_single|tau0.1_nine,train,chr17_58695113_ATT_ACC,missense,0.012649248354136944,0.8347609043121338,0.07732999324798584,0.07775574177503586,-0.0004257485270500183
tau0.1_single|tau0.1_nine,train,chr17_58695136_A_T,missense,0.01270940713584423,0.8425729274749756,0.07610869407653809,0.07648026943206787,-0.00037157535552978516
tau0.1_single|tau0.1_nine,train,chr17_58695147_C_A,missense,0.010904479771852493,0.856395423412323,0.08233214914798737,0.08282740414142609,-0.0004952549934387207
tau0.1_single|tau0.1_nine,train,chr17_58695152_A_G,missense,0.01161415595561266,0.8517774343490601,0.07791194319725037,0.07839109003543854,-0.0004791468381881714
tau0.1_single|tau0.1_nine,train,chr17_58695167_G_T,missense,0.013408402912318707,0.8191087245941162,0.07805837690830231,0.07841112464666367,-0.00035274773836135864
tau0.1_single|tau0.1_nine,train,chr17_58695171_T_A,missense,0.011525566689670086,0.8165193200111389,0.0814310684800148,0.08189289271831512,-0.0004618242383003235
tau0.1_single|tau0.1_nine,train,chr17_58695184_A_T,missense,0.009682894684374332,0.8181163668632507,0.0800538882613182,0.08047511428594589,-0.00042122602462768555
tau0.1_single|tau0.1_nine,train,chr17_58695185_T_G,missense,0.009037121199071407,0.8141230940818787,0.07813668996095657,0.0785340815782547,-0.0003973916172981262
tau0.1_single|tau0.1_nine,train,chr17_58696695_T_A,missense,0.009080842137336731,0.7931292057037354,0.08282571285963058,0.08323471248149872,-0.00040899962186813354
tau0.1_single|tau0.1_nine,train,chr17_58696706_G_C,missense,0.010132601484656334,0.7590503096580505,0.0801098421216011,0.0805203840136528,-0.0004105418920516968
tau0.1_single|tau0.1_nine,train,chr17_58696721_C_G,missense,0.01220429316163063,0.7293857336044312,0.08137180656194687,0.08179131150245667,-0.00041950494050979614
tau0.1_single|tau0.1_nine,train,chr17_58696727_TGT_TAC,missense,0.010221384465694427,0.720189094543457,0.07779036462306976,0.07810940593481064,-0.00031904131174087524
tau0.1_single|tau0.1_nine,train,chr17_58696730_TTT_TGC,missense,0.011403525248169899,0.7170787453651428,0.07992294430732727,0.08033166080713272,-0.00040871649980545044
tau0.1_single|tau0.1_nine,train,chr17_58696739_GTG_CTC,missense,0.011398031376302242,0.7581729888916016,0.07795320451259613,0.0783374086022377,-0.00038420408964157104
tau0.1_single|tau0.1_nine,train,chr17_58696745_GGT_GAC,missense,0.01400634367018938,0.7204836010932922,0.0838516429066658,0.08439803123474121,-0.0005463883280754089
tau0.1_single|tau0.1_nine,train,chr17_58696750_A_T,missense,0.01005492266267538,0.7687913179397583,0.07868213951587677,0.0790661945939064,-0.00038405507802963257
tau0.1_single|tau0.1_nine,train,chr17_58696754_G_A,missense,0.006844362709671259,0.7413855791091919,0.07916808873414993,0.07950132340192795,-0.00033323466777801514
tau0.1_single|tau0.1_nine,train,chr17_58696762_T_G,missense,0.008076103404164314,0.7369639873504639,0.08026345819234848,0.08061473071575165,-0.0003512725234031677
tau0.1_single|tau0.1_nine,train,chr17_58696766_ACA_AGC,missense,0.012082627043128014,0.7304283380508423,0.07982328534126282,0.08024874329566956,-0.0004254579544067383
tau0.1_single|tau0.1_nine,train,chr17_58696775_AGT_TGC,missense,0.012075791135430336,0.7110421657562256,0.08106375485658646,0.08142606168985367,-0.0003623068332672119
tau0.1_single|tau0.1_nine,train,chr17_58696779_T_G,missense,0.011700759641826153,0.7135608792304993,0.08189190924167633,0.08221495151519775,-0.00032304227352142334
tau0.1_single|tau0.1_nine,train,chr17_58696789_T_G,missense,0.010349990800023079,0.7355789542198181,0.08003989607095718,0.08035881072282791,-0.00031891465187072754
tau0.1_single|tau0.1_nine,train,chr17_58696796_G_T,missense,0.010042956098914146,0.721649169921875,0.07993549108505249,0.08032765239477158,-0.0003921613097190857
tau0.69_single|tau0.69_nine,train,chr17_58696805_G_T,missense,0.0007035602466203272,0.7224557995796204,0.08129847049713135,0.08133064210414886,-3.217160701751709e-05
tau0.69_single|tau0.69_nine,train,chr17_58696809_C_G,missense,0.0006910754600539804,0.7276196479797363,0.08013511449098587,0.08016391098499298,-2.8796494007110596e-05
tau0.69_single|tau0.69_nine,train,chr17_58696814_T_A,missense,0.000951506954152137,0.7196407914161682,0.0817078948020935,0.0817466527223587,-3.8757920265197754e-05
tau0.69_single|tau0.69_nine,train,chr17_58696827_T_G,missense,0.0008121237042360008,0.7569031119346619,0.08422055840492249,0.08425948768854141,-3.8929283618927e-05
tau0.69_single|tau0.69_nine,train,chr17_58696833_T_G,missense,0.0008136954274959862,0.7890545725822449,0.07609806954860687,0.07612413167953491,-2.606213092803955e-05
tau0.69_single|tau0.69_nine,train,chr17_58696835_A_C,missense,0.0007809128146618605,0.792572021484375,0.07656177878379822,0.0765874907374382,-2.571195363998413e-05
tau0.69_single|tau0.69_nine,train,chr17_58696844_AAA_ATC,missense,0.0007836223812773824,0.8665602207183838,0.07138189673423767,0.07140570878982544,-2.3812055587768555e-05
tau0.69_single|tau0.69_nine,train,chr17_58696847_CAC_GAT,missense,0.000789030862506479,0.8427602648735046,0.07274749875068665,0.07277480512857437,-2.730637788772583e-05
tau0.69_single|tau0.69_nine,train,chr17_58703201_CGA_CTG,missense,0.0008676518336869776,0.8526315689086914,0.07300576567649841,0.07302457094192505,-1.8805265426635742e-05
tau0.69_single|tau0.69_nine,train,chr17_58703207_GCT_CCC,missense,0.0009437783155590296,0.8075291514396667,0.07656852900981903,0.07659785449504852,-2.9325485229492188e-05
tau0.69_single|tau0.69_nine,train,chr17_58703219_TTC_TAT,missense,0.0011773144360631704,0.7932775020599365,0.07450105249881744,0.07450798898935318,-6.936490535736084e-06
tau0.69_single|tau0.69_nine,train,chr17_58703222_A_T,missense,0.0013093879679217935,0.7919661402702332,0.0751691609621048,0.07517632097005844,-7.160007953643799e-06
tau0.69_single|tau0.69_nine,train,chr17_58703231_A_C,missense,0.001093223923817277,0.7527956962585449,0.07800984382629395,0.07802915573120117,-1.9311904907226562e-05
tau0.69_single|tau0.69_nine,train,chr17_58703234_ATT_AAC,missense,0.0014374417951330543,0.7248204350471497,0.08552128821611404,0.08557133376598358,-5.0045549869537354e-05
tau0.69_single|tau0.69_nine,train,chr17_58703240_TCT_GCC,missense,0.0009982992196455598,0.7541394233703613,0.07722155004739761,0.07724102586507797,-1.9475817680358887e-05
tau0.69_single|tau0.69_nine,train,chr17_58703249_TAT_AAC,missense,0.0009533925331197679,0.6941254734992981,0.08152102679014206,0.08154217898845673,-2.1152198314666748e-05
tau0.69_single|tau0.69_nine,train,chr17_58703256_T_G,missense,0.000951490830630064,0.7054516673088074,0.0799020379781723,0.07993187755346298,-2.983957529067993e-05
tau0.69_single|tau0.69_nine,train,chr17_58703261_TGT_GCC,missense,0.0014321602648124099,0.7181522250175476,0.08162501454353333,0.08168212324380875,-5.710870027542114e-05
tau0.69_single|tau0.69_nine,train,chr17_58703268_A_T,missense,0.0010632124030962586,0.7049008011817932,0.08019490540027618,0.08023502677679062,-4.0121376514434814e-05
tau0.69_single|tau0.69_nine,train,chr17_58703274_C_A,missense,0.0010129112051799893,0.759556233882904,0.07732716202735901,0.07736068218946457,-3.35201621055603e-05
tau0.69_single|tau0.69_nine,train,chr17_58703281_A_T,missense,0.00120076525490731,0.7822962999343872,0.07717153429985046,0.077210433781147,-3.889948129653931e-05
tau0.69_single|tau0.69_nine,train,chr17_58703294_T_G,missense,0.0008999218116514385,0.7729541063308716,0.07781625539064407,0.07784432172775269,-2.806633710861206e-05
tau0.69_single|tau0.69_nine,train,chr17_58703306_G_T,missense,0.0013663400895893574,0.7636132836341858,0.07633404433727264,0.07634887099266052,-1.4826655387878418e-05
tau0.69_single|tau0.69_nine,train,chr17_58703309_T_A,missense,0.0015044051688164473,0.7472637295722961,0.07831704616546631,0.07834522426128387,-2.8178095817565918e-05
tau0.69_single|tau0.69_nine,train,chr17_58703315_T_C,missense,0.001383015071041882,0.7318137884140015,0.0777706578373909,0.07779493182897568,-2.4273991584777832e-05
tau0.69_single|tau0.69_nine,train,chr17_58703322_A_C,missense,0.001204224186949432,0.7174785137176514,0.08322083950042725,0.0832512304186821,-3.0390918254852295e-05
tau0.69_single|tau0.69_nine,train,chr17_58703327_AAG_CAA,missense,0.0013176561333239079,0.727025032043457,0.07841039448976517,0.07843641936779022,-2.602487802505493e-05
tau0.69_single|tau0.69_nine,train,chr17_58709859_GTT_ATC,missense,0.0014301566407084465,0.7217583060264587,0.08042310178279877,0.08045113831758499,-2.8036534786224365e-05
tau0.69_single|tau0.69_nine,train,chr17_58709865_C_A,missense,0.0015607690438628197,0.7127323150634766,0.08259747922420502,0.08263314515352249,-3.5665929317474365e-05
tau0.69_single|tau0.69_nine,train,chr17_58709874_G_C,missense,0.0017911228351294994,0.7141373753547668,0.0809095948934555,0.08095142990350723,-4.1835010051727295e-05
tau0.69_single|tau0.69_nine,train,chr17_58709883_ATT_CTG,missense,0.0017790261190384626,0.7218742370605469,0.07951860129833221,0.07957186549901962,-5.326420068740845e-05
tau0.69_single|tau0.69_nine,train,chr17_58709889_TTT_TGC,missense,0.0015598571626469493,0.7062004804611206,0.08134156465530396,0.08138406276702881,-4.2498111724853516e-05
tau0.69_single|tau0.69_nine,train,chr17_58709892_CCA_GCC,missense,0.0014979374827817082,0.7442582249641418,0.07917766273021698,0.07921165972948074,-3.399699926376343e-05
tau0.69_single|tau0.69_nine,train,chr17_58709898_CGT_CCC,missense,0.0014285442885011435,0.7267674207687378,0.08614234626293182,0.08619420975446701,-5.186349153518677e-05
tau0.69_single|tau0.69_nine,train,chr17_58709903_T_G,missense,0.0013213529018685222,0.7273757457733154,0.07804878801107407,0.07808545231819153,-3.666430711746216e-05
tau0.69_single|tau0.69_nine,train,chr17_58709907_CTA_GCC,missense,0.0015074372058734298,0.7352406978607178,0.07995248585939407,0.07998587936162949,-3.33935022354126e-05
tau0.69_single|tau0.69_nine,train,chr17_58709913_GAC_GGA,missense,0.001735568162985146,0.7209776639938354,0.08111822605133057,0.0811406821012497,-2.2456049919128418e-05
tau0.69_single|tau0.69_nine,train,chr17_58709916_C_G,missense,0.0014673862606287003,0.7341403961181641,0.0798858255147934,0.07990825176239014,-2.2426247596740723e-05
tau0.69_single|tau0.69_nine,train,chr17_58709922_CTT_TTC,missense,0.001361686852760613,0.7186023592948914,0.08178307116031647,0.08181154727935791,-2.847611904144287e-05
tau0.69_single|tau0.69_nine,train,chr17_58709928_ACT_ATC,missense,0.0014456510543823242,0.7125623822212219,0.08447200804948807,0.08449941128492355,-2.740323543548584e-05
tau0.69_single|tau0.69_nine,train,chr17_58709934_TTA_GCC,missense,0.0014822280500084162,0.733497679233551,0.08144699037075043,0.08146905899047852,-2.206861972808838e-05
tau0.69_single|tau0.69_nine,train,chr17_58709940_AAT_ATC,missense,0.0015885469038039446,0.7402292490005493,0.08147326111793518,0.08150606602430344,-3.2804906368255615e-05
tau0.69_single|tau0.69_nine,train,chr17_58709946_CTG_AGA,missense,0.002127448795363307,0.7295076847076416,0.08878203481435776,0.08885568380355835,-7.364898920059204e-05
tau0.69_single|tau0.69_nine,train,chr17_58709952_CAG_GCC,missense,0.0017387528205290437,0.7184310555458069,0.0840407982468605,0.08409161120653152,-5.081295967102051e-05
tau0.69_single|tau0.69_nine,train,chr17_58709955_CAA_CGG,missense,0.0016538911731913686,0.744190514087677,0.08305435627698898,0.08310078084468842,-4.642456769943237e-05
tau0.69_single|tau0.69_nine,train,chr17_58709964_AGC_CGG,missense,0.0016751762013882399,0.7346386313438416,0.08172158896923065,0.08175860345363617,-3.701448440551758e-05
tau0.69_single|tau0.69_nine,train,chr17_58709968_T_G,missense,0.0017498746747151017,0.6997824907302856,0.08556914329528809,0.08562004566192627,-5.0902366638183594e-05
tau0.69_single|tau0.69_nine,train,chr17_58709976_AAT_ACC,missense,0.001765323686413467,0.7400109767913818,0.07762608677148819,0.07766899466514587,-4.2907893657684326e-05
tau0.69_single|tau0.69_nine,train,chr17_58720746_GTA_ATC,missense,0.001988263102248311,0.7478823065757751,0.07887992262840271,0.07890728116035461,-2.7358531951904297e-05
tau0.69_single|tau0.69_nine,train,chr17_58720755_A_G,missense,0.00207131146453321,0.6931098103523254,0.08330383151769638,0.08334719389677048,-4.336237907409668e-05
tau0.69_single|tau0.69_nine,train,chr17_58720761_CAG_GAA,missense,0.0016099795466288924,0.690228283405304,0.0848286971449852,0.0848645567893982,-3.5859644412994385e-05
tau0.69_single|tau0.69_nine,train,chr17_58720765_T_A,missense,0.0017515324288979173,0.6895883083343506,0.086742103099823,0.08677886426448822,-3.676116466522217e-05
tau0.69_single|tau0.69_nine,train,chr17_58720776_A_C,missense,0.0019143326207995415,0.7254679799079895,0.0782410278916359,0.07827479392290115,-3.376603126525879e-05
tau0.69_single|tau0.69_nine,train,chr17_58720779_GAT_GTG,missense,0.0018192705465480685,0.7081688642501831,0.07997918874025345,0.08002364635467529,-4.445761442184448e-05
tau0.69_single|tau0.69_nine,train,chr17_58720788_CAG_CCC,missense,0.0019645034335553646,0.7139040231704712,0.07942529767751694,0.07947727292776108,-5.1975250244140625e-05
tau0.69_single|tau0.69_nine,train,chr17_58720797_C_G,missense,0.0018211414571851492,0.7254617214202881,0.07919435948133469,0.07923100143671036,-3.664195537567139e-05
tau0.69_single|tau0.69_nine,train,chr17_58724044_A_T,missense,0.0020643840543925762,0.7427573204040527,0.08172748982906342,0.08175192028284073,-2.4430453777313232e-05
tau0.69_single|tau0.69_nine,train,chr17_58724054_CAT_TAC,missense,0.0020701291505247355,0.7572137713432312,0.08525999635457993,0.08531006425619125,-5.0067901611328125e-05
tau0.69_single|tau0.69_nine,train,chr17_58724057_GCT_GGC,missense,0.0019288898911327124,0.7387738823890686,0.08560848236083984,0.0856538936495781,-4.541128873825073e-05
tau0.69_single|tau0.69_nine,train,chr17_58724064_C_T,missense,0.0021223893854767084,0.7346761226654053,0.08745995163917542,0.08751972764730453,-5.977600812911987e-05
tau0.69_single|tau0.69_nine,train,chr17_58724075_A_C,missense,0.001950430334545672,0.7343944311141968,0.0835149809718132,0.083563894033432,-4.891306161880493e-05
tau0.69_single|tau0.69_nine,train,chr17_58724094_A_C,missense,0.0021191698033362627,0.7594829797744751,0.07720022648572922,0.0772412121295929,-4.098564386367798e-05
tau0.69_single|tau0.69_nine,train,chr17_58724096_CAA_CCC,missense,0.0021790615282952785,0.7194570302963257,0.0852782279253006,0.08534134179353714,-6.311386823654175e-05
tau0.69_single|tau0.69_nine,train,chr17_58732488_GCA_GAG,missense,0.0023079775273799896,0.7802222371101379,0.08766236156225204,0.08772933483123779,-6.697326898574829e-05
tau0.1_single|tau0.1_nine,train,chr17_58696805_G_T,missense,0.009394826367497444,0.7241734266281128,0.07918362319469452,0.07963031530380249,-0.0004466921091079712
tau0.1_single|tau0.1_nine,train,chr17_58696809_C_G,missense,0.011278335936367512,0.7300384044647217,0.07817071676254272,0.0786091610789299,-0.0004384443163871765
tau0.1_single|tau0.1_nine,train,chr17_58696814_T_A,missense,0.011511177755892277,0.7230190634727478,0.07933090627193451,0.07982313632965088,-0.0004922300577163696
tau0.1_single|tau0.1_nine,train,chr17_58696827_T_G,missense,0.008883880451321602,0.7568102478981018,0.0820808932185173,0.08254755288362503,-0.00046665966510772705
tau0.1_single|tau0.1_nine,train,chr17_58696833_T_G,missense,0.010364904999732971,0.7960601449012756,0.07462801039218903,0.0750131905078888,-0.00038518011569976807
tau0.1_single|tau0.1_nine,train,chr17_58696835_A_C,missense,0.009988387115299702,0.7979713082313538,0.0751301497220993,0.07553427666425705,-0.00040412694215774536
tau0.1_single|tau0.1_nine,train,chr17_58696844_AAA_ATC,missense,0.010358711704611778,0.875800371170044,0.07003577053546906,0.07043282687664032,-0.00039705634117126465
tau0.1_single|tau0.1_nine,train,chr17_58696847_CAC_GAT,missense,0.011220789514482021,0.8548159003257751,0.07115384936332703,0.07159578055143356,-0.00044193118810653687
tau0.1_single|tau0.1_nine,train,chr17_58703201_CGA_CTG,missense,0.008381239138543606,0.8400030136108398,0.07199689745903015,0.07236053794622421,-0.0003636404871940613
tau0.1_single|tau0.1_nine,train,chr17_58703207_GCT_CCC,missense,0.009060594253242016,0.7985571622848511,0.07497093081474304,0.07539045065641403,-0.00041951984167099
tau0.1_single|tau0.1_nine,train,chr17_58703219_TTC_TAT,missense,0.009162036702036858,0.7600688338279724,0.07417236268520355,0.07441297918558121,-0.00024061650037765503
tau0.1_single|tau0.1_nine,train,chr17_58703222_A_T,missense,0.007571826688945293,0.7577602863311768,0.07476770132780075,0.07498632371425629,-0.0002186223864555359
tau0.1_single|tau0.1_nine,train,chr17_58703231_A_C,missense,0.008051136508584023,0.7361118197441101,0.07671117782592773,0.07705635577440262,-0.00034517794847488403
tau0.1_single|tau0.1_nine,train,chr17_58703234_ATT_AAC,missense,0.00995313934981823,0.702701210975647,0.0827513188123703,0.08326193690299988,-0.0005106180906295776
tau0.1_single|tau0.1_nine,train,chr17_58703240_TCT_GCC,missense,0.008298284374177456,0.7390310764312744,0.07587853819131851,0.07621847093105316,-0.00033993273973464966
tau0.1_single|tau0.1_nine,train,chr17_58703249_TAT_AAC,missense,0.007363724522292614,0.680729866027832,0.08016613870859146,0.08047123998403549,-0.00030510127544403076
tau0.1_single|tau0.1_nine,train,chr17_58703256_T_G,missense,0.006653469055891037,0.6948038339614868,0.07808471471071243,0.07845642417669296,-0.0003717094659805298
tau0.1_single|tau0.1_nine,train,chr17_58703261_TGT_GCC,missense,0.009769756346940994,0.7124924659729004,0.0784757137298584,0.07899913191795349,-0.0005234181880950928
tau0.1_single|tau0.1_nine,train,chr17_58703268_A_T,missense,0.009408568032085896,0.6948938369750977,0.07799643278121948,0.07841132581233978,-0.0004148930311203003
tau0.1_single|tau0.1_nine,train,chr17_58703274_C_A,missense,0.008681641891598701,0.7572121620178223,0.07518182694911957,0.07561139017343521,-0.0004295632243156433
tau0.1_single|tau0.1_nine,train,chr17_58703281_A_T,missense,0.009130910038948059,0.7787455320358276,0.07477255910634995,0.07523375004529953,-0.00046119093894958496
tau0.1_single|tau0.1_nine,train,chr17_58703294_T_G,missense,0.006630878895521164,0.7695475816726685,0.07622621208429337,0.07661832869052887,-0.00039211660623550415
tau0.1_single|tau0.1_nine,train,chr17_58703306_G_T,missense,0.006861562374979258,0.7332350611686707,0.07544147223234177,0.0757436603307724,-0.00030218809843063354
tau0.1_single|tau0.1_nine,train,chr17_58703309_T_A,missense,0.010725251398980618,0.727118730545044,0.07674703747034073,0.0771394670009613,-0.00039242953062057495
tau0.1_single|tau0.1_nine,train,chr17_58703315_T_C,missense,0.008244193159043789,0.6993914842605591,0.07646675407886505,0.07680798321962357,-0.0003412291407585144
tau0.1_single|tau0.1_nine,train,chr17_58703322_A_C,missense,0.0071202609688043594,0.6863893270492554,0.08148151636123657,0.08187485486268997,-0.00039333850145339966
tau0.1_single|tau0.1_nine,train,chr17_58703327_AAG_CAA,missense,0.004134139511734247,0.6933068037033081,0.07698789238929749,0.07732603698968887,-0.00033814460039138794
tau0.1_single|tau0.1_nine,train,chr17_58709859_GTT_ATC,missense,0.003397415392100811,0.6891113519668579,0.0789220854640007,0.07926865667104721,-0.0003465712070465088
tau0.1_single|tau0.1_nine,train,chr17_58709865_C_A,missense,0.004137787036597729,0.6778892278671265,0.08065179735422134,0.08101925253868103,-0.0003674551844596863
tau0.1_single|tau0.1_nine,train,chr17_58709874_G_C,missense,0.007357154041528702,0.684158980846405,0.07848166674375534,0.07892651110887527,-0.0004448443651199341
tau0.1_single|tau0.1_nine,train,chr17_58709883_ATT_CTG,missense,0.00841396115720272,0.7041288018226624,0.07663345336914062,0.07712265104055405,-0.0004891976714134216
tau0.1_single|tau0.1_nine,train,chr17_58709889_TTT_TGC,missense,0.0081868227571249,0.6833973526954651,0.07896701991558075,0.0793827474117279,-0.00041572749614715576
tau0.1_single|tau0.1_nine,train,chr17_58709892_CCA_GCC,missense,0.0070706140249967575,0.7171146273612976,0.0772770419716835,0.07766998559236526,-0.0003929436206817627
tau0.1_single|tau0.1_nine,train,chr17_58709898_CGT_CCC,missense,0.007613100577145815,0.6992870569229126,0.08333110809326172,0.08380509167909622,-0.0004739835858345032
tau0.1_single|tau0.1_nine,train,chr17_58709903_T_G,missense,0.004888672381639481,0.7037206292152405,0.07610420882701874,0.07648149132728577,-0.0003772825002670288
tau0.1_single|tau0.1_nine,train,chr17_58709907_CTA_GCC,missense,0.007791910320520401,0.7094966173171997,0.07817849516868591,0.07852686941623688,-0.00034837424755096436
tau0.1_single|tau0.1_nine,train,chr17_58709913_GAC_GGA,missense,0.008287159726023674,0.6886283755302429,0.07986149936914444,0.08013953268527985,-0.0002780333161354065
tau0.1_single|tau0.1_nine,train,chr17_58709916_C_G,missense,0.008144847117364407,0.7075662016868591,0.07841330766677856,0.07872581481933594,-0.00031250715255737305
tau0.1_single|tau0.1_nine,train,chr17_58709922_CTT_TTC,missense,0.0053818486630916595,0.6903348565101624,0.07995046675205231,0.08031352609395981,-0.0003630593419075012
tau0.1_single|tau0.1_nine,train,chr17_58709928_ACT_ATC,missense,0.005657253321260214,0.6814476847648621,0.08269913494586945,0.08304895460605621,-0.0003498196601867676
tau0.1_single|tau0.1_nine,train,chr17_58709934_TTA_GCC,missense,0.005998903885483742,0.6988844871520996,0.07995950430631638,0.08027779310941696,-0.00031828880310058594
tau0.1_single|tau0.1_nine,train,chr17_58709940_AAT_ATC,missense,0.0035977524239569902,0.7045295834541321,0.07932285964488983,0.07972228527069092,-0.0003994256258010864
tau0.1_single|tau0.1_nine,train,chr17_58709946_CTG_AGA,missense,0.008679709397256374,0.6846310496330261,0.08462277054786682,0.08523428440093994,-0.0006115138530731201
tau0.1_single|tau0.1_nine,train,chr17_58709952_CAG_GCC,missense,0.0070215798914432526,0.6868426203727722,0.08096691220998764,0.08147772401571274,-0.0005108118057250977
tau0.1_single|tau0.1_nine,train,chr17_58709955_CAA_CGG,missense,0.00692008575424552,0.7163879871368408,0.08024375140666962,0.0807359367609024,-0.0004921853542327881
tau0.1_single|tau0.1_nine,train,chr17_58709964_AGC_CGG,missense,0.005171984434127808,0.6938936710357666,0.07944013923406601,0.0798562616109848,-0.0004161223769187927
tau0.1_single|tau0.1_nine,train,chr17_58709968_T_G,missense,0.004705031402409077,0.6583325266838074,0.08266079425811768,0.0831441655755043,-0.0004833713173866272
tau0.1_single|tau0.1_nine,train,chr17_58709976_AAT_ACC,missense,0.004038742743432522,0.7018333673477173,0.0753222405910492,0.07574314624071121,-0.0004209056496620178
tau0.1_single|tau0.1_nine,train,chr17_58720746_GTA_ATC,missense,0.0049871536903083324,0.697594165802002,0.07708319276571274,0.07741910964250565,-0.0003359168767929077
tau0.1_single|tau0.1_nine,train,chr17_58720755_A_G,missense,0.003910018131136894,0.6470668315887451,0.08063142001628876,0.08105701953172684,-0.00042559951543807983
tau0.1_single|tau0.1_nine,train,chr17_58720761_CAG_GAA,missense,0.005584018304944038,0.6606703996658325,0.08277882635593414,0.08313965797424316,-0.000360831618309021
tau0.1_single|tau0.1_nine,train,chr17_58720765_T_A,missense,0.00557367131114006,0.6590587496757507,0.08448341488838196,0.0848517045378685,-0.00036828964948654175
tau0.1_single|tau0.1_nine,train,chr17_58720776_A_C,missense,0.004990911111235619,0.6817429661750793,0.07612576335668564,0.07650918513536453,-0.00038342177867889404
tau0.1_single|tau0.1_nine,train,chr17_58720779_GAT_GTG,missense,0.0044250525534152985,0.6730037927627563,0.07744955271482468,0.07790710031986237,-0.0004575476050376892
tau0.1_single|tau0.1_nine,train,chr17_58720788_CAG_CCC,missense,0.007755622733384371,0.6913327574729919,0.07653693854808807,0.07703348249197006,-0.0004965439438819885
tau0.1_single|tau0.1_nine,train,chr17_58720797_C_G,missense,0.005437588784843683,0.6947461366653442,0.0769258588552475,0.0773228108882904,-0.0003969520330429077
tau0.1_single|tau0.1_nine,train,chr17_58724044_A_T,missense,0.008212217129766941,0.7102751731872559,0.0802747905254364,0.08054699748754501,-0.00027220696210861206
tau0.1_single|tau0.1_nine,train,chr17_58724054_CAT_TAC,missense,0.006639918312430382,0.7179664969444275,0.0824451744556427,0.08285078406333923,-0.0004056096076965332
tau0.1_single|tau0.1_nine,train,chr17_58724057_GCT_GGC,missense,0.006812142673879862,0.7007831335067749,0.08285093307495117,0.08325493335723877,-0.00040400028228759766
tau0.1_single|tau0.1_nine,train,chr17_58724064_C_T,missense,0.005400220863521099,0.6869816184043884,0.08398718386888504,0.08447811752557755,-0.0004909336566925049
tau0.1_single|tau0.1_nine,train,chr17_58724075_A_C,missense,0.005195708014070988,0.6872768402099609,0.08051223307847977,0.08099639415740967,-0.0004841610789299011
tau0.1_single|tau0.1_nine,train,chr17_58724094_A_C,missense,0.00490445364266634,0.7170286774635315,0.07490120083093643,0.07532375305891037,-0.000422552227973938
tau0.1_single|tau0.1_nine,train,chr17_58724096_CAA_CCC,missense,0.0065811811946332455,0.6842305064201355,0.08175284415483475,0.08229000121355057,-0.0005371570587158203
tau0.1_single|tau0.1_nine,train,chr17_58732488_GCA_GAG,missense,0.008379880338907242,0.7187705636024475,0.08379142731428146,0.08435884863138199,-0.0005674213171005249
tau0.69_single|tau0.69_nine,train,chr17_58732496_G_C,missense,0.002181902527809143,0.7475752234458923,0.08295474946498871,0.0829947292804718,-3.997981548309326e-05
tau0.69_single|tau0.69_nine,train,chr17_58732509_AGC_ACA,missense,0.002156906994059682,0.7681092619895935,0.07740259915590286,0.07743694633245468,-3.434717655181885e-05
tau0.69_single|tau0.69_nine,train,chr17_58732515_AAA_GCC,missense,0.0023222046438604593,0.7693569660186768,0.07895839214324951,0.07900582253932953,-4.743039608001709e-05
tau0.69_single|tau0.69_nine,train,chr17_58732519_A_T,missense,0.002287848386913538,0.7439858317375183,0.08172224462032318,0.08177927881479263,-5.7034194469451904e-05
tau0.69_single|tau0.69_nine,train,chr17_58732530_CTG_CCC,missense,0.0020760339684784412,0.7497540712356567,0.08109953999519348,0.08113862574100494,-3.90857458114624e-05
tau0.69_single|tau0.69_nine,train,chr17_58732537_A_C,missense,0.0025007405783981085,0.7722102999687195,0.08597638458013535,0.08604961633682251,-7.32317566871643e-05
tau0.69_single|tau0.69_nine,train,chr17_58732539_ATC_ACA,missense,0.002346717519685626,0.774989902973175,0.08305138349533081,0.08311503380537033,-6.365031003952026e-05
tau0.69_single|tau0.69_nine,train,chr17_58734124_G_C,missense,0.0028306860476732254,0.9347432851791382,0.08279401063919067,0.08288117498159409,-8.716434240341187e-05
tau0.69_single|tau0.69_nine,train,chr17_58734132_A_T,missense,0.0020375086460262537,0.9365756511688232,0.0725988894701004,0.07263771444559097,-3.882497549057007e-05
tau0.69_single|tau0.69_nine,train,chr17_58734136_ACT_AAC,missense,0.002130841603502631,0.9347937107086182,0.07087768614292145,0.07091663777828217,-3.8951635360717773e-05
tau0.69_single|tau0.69_nine,train,chr17_58734139_G_T,missense,0.0021109278313815594,0.9712640643119812,0.06617045402526855,0.06621070206165314,-4.024803638458252e-05
tau0.69_single|tau0.69_nine,train,chr17_58734151_GCA_CCC,missense,0.0020239443983882666,1.0683860778808594,0.060707464814186096,0.06072719022631645,-1.9725412130355835e-05
tau0.69_single|tau0.69_nine,train,chr17_58734157_TCA_GCC,missense,0.002183865522965789,1.1075184345245361,0.06031492352485657,0.06033015623688698,-1.5232712030410767e-05
tau0.69_single|tau0.69_nine,train,chr17_58734166_ACA_ATC,missense,0.0022557456977665424,1.0852258205413818,0.061756156384944916,0.06176941469311714,-1.3258308172225952e-05
tau0.69_single|tau0.69_nine,train,chr17_58734172_GGT_AGC,missense,0.002278169384226203,1.1668329238891602,0.05825911462306976,0.05826842412352562,-9.309500455856323e-06
tau0.69_single|tau0.69_nine,train,chr17_58734176_C_G,missense,0.002437163842841983,1.1054154634475708,0.060737624764442444,0.06074120104312897,-3.5762786865234375e-06
tau0.69_single|tau0.69_nine,train,chr17_58734190_AAG_GAA,missense,0.0023336876183748245,1.009514331817627,0.0641314908862114,0.06416502594947815,-3.353506326675415e-05
tau0.69_single|tau0.69_nine,train,chr17_58734196_TCA_CTG,missense,0.0026550523471087217,1.0979211330413818,0.06108735501766205,0.06110063195228577,-1.3276934623718262e-05
tau0.69_single|tau0.69_nine,train,chr17_58734202_GAC_GGA,missense,0.0029834031593054533,1.056791067123413,0.061618536710739136,0.061634551733732224,-1.601502299308777e-05
tau0.69_single|tau0.69_nine,train,chr17_58734208_GAG_GTC,missense,0.0035965139977633953,1.0927398204803467,0.05929422378540039,0.05930165573954582,-7.4319541454315186e-06
tau0.69_single|tau0.69_nine,train,chr17_58734211_GAA_GCC,missense,0.003998289350420237,1.1171249151229858,0.05862845480442047,0.058633554726839066,-5.09992241859436e-06
tau0.69_single|tau0.69_nine,train,chr17_58734217_TTA_GTG,missense,0.004690608475357294,1.1017827987670898,0.057548217475414276,0.057553183287382126,-4.9658119678497314e-06
tau0.69_single|tau0.69_nine,train,chr17_58692649_C_A,synonymous,0.0026511650066822767,0.992160439491272,-0.07265758514404297,-0.07269187271595001,3.428757190704346e-05
tau0.69_single|tau0.69_nine,train,chr17_58692655_G_A,synonymous,0.002415682887658477,0.9744693636894226,-0.07196696102619171,-0.072003073990345,3.6112964153289795e-05
tau0.69_single|tau0.69_nine,train,chr17_58692661_C_T,synonymous,0.0021381571423262358,0.9563612341880798,-0.07089513540267944,-0.07093028724193573,3.515183925628662e-05
tau0.69_single|tau0.69_nine,train,chr17_58692683_TTG_CTC,synonymous,0.0014469283632934093,0.8555139899253845,-0.06451205164194107,-0.06453309208154678,2.104043960571289e-05
tau0.69_single|tau0.69_nine,train,chr17_58692703_T_A,synonymous,0.0010515168542042375,0.7936198711395264,-0.06299225986003876,-0.06303481757640839,4.2557716369628906e-05
tau0.69_single|tau0.69_nine,train,chr17_58692706_G_T,synonymous,0.0010517013724893332,0.7883131504058838,-0.06250359117984772,-0.06255039572715759,4.680454730987549e-05
tau0.69_single|tau0.69_nine,train,chr17_58692721_G_A,synonymous,0.0010662090498954058,0.7694365382194519,-0.060391977429389954,-0.06042730435729027,3.532692790031433e-05
tau0.69_single|tau0.69_nine,train,chr17_58692724_G_T,synonymous,0.0009010857320390642,0.7703894376754761,-0.061425209045410156,-0.06145792827010155,3.271922469139099e-05
tau0.69_single|tau0.69_nine,train,chr17_58692730_T_C,synonymous,0.0010600675595924258,0.7627413272857666,-0.061208516359329224,-0.061250749975442886,4.223361611366272e-05
tau0.69_single|tau0.69_nine,train,chr17_58692733_G_A,synonymous,0.0010871200356632471,0.7615253925323486,-0.06044125556945801,-0.06048772856593132,4.647299647331238e-05
tau0.69_single|tau0.69_nine,train,chr17_58692736_G_A,synonymous,0.0012492547975853086,0.7698284983634949,-0.06369485706090927,-0.06374075263738632,4.589557647705078e-05
tau0.69_single|tau0.69_nine,train,chr17_58692745_T_C,synonymous,0.0012137473095208406,0.794212818145752,-0.06321198493242264,-0.06325126439332962,3.927946090698242e-05
tau0.69_single|tau0.69_nine,train,chr17_58692760_A_C,synonymous,0.0010602279799059033,0.840254008769989,-0.06418092548847198,-0.06421726197004318,3.633648157119751e-05
tau0.69_single|tau0.69_nine,train,chr17_58692763_G_A,synonymous,0.0010726131731644273,0.8496703505516052,-0.06561653316020966,-0.06565488874912262,3.835558891296387e-05
tau0.69_single|tau0.69_nine,train,chr17_58692779_CTT_TTG,synonymous,0.0007470074342563748,0.8753359913825989,-0.06348052620887756,-0.06350580602884293,2.527981996536255e-05
tau0.69_single|tau0.69_nine,train,chr17_58692782_AGC_TCA,synonymous,0.0008337313192896545,0.8862128257751465,-0.06347257643938065,-0.06350257247686386,2.9996037483215332e-05
tau0.69_single|tau0.69_nine,train,chr17_58694932_A_G,synonymous,0.0008797342306934297,0.8925741910934448,-0.063059002161026,-0.06310287863016129,4.3876469135284424e-05
tau0.69_single|tau0.69_nine,train,chr17_58694941_A_T,synonymous,0.0010683507425710559,0.9022271037101746,-0.0651434138417244,-0.06518903374671936,4.56199049949646e-05
tau0.69_single|tau0.69_nine,train,chr17_58694942_TCT_AGT,synonymous,0.00093232118524611,0.9123977422714233,-0.0654001235961914,-0.06544587761163712,4.575401544570923e-05
tau0.69_single|tau0.69_nine,train,chr17_58694950_A_C,synonymous,0.0006811588536947966,0.9000310897827148,-0.06544537097215652,-0.06548435240983963,3.898143768310547e-05
tau0.69_single|tau0.69_nine,train,chr17_58694956_C_T,synonymous,0.0005851241876371205,0.8946671485900879,-0.06501984596252441,-0.06504825502634048,2.8409063816070557e-05
tau0.69_single|tau0.69_nine,train,chr17_58694957_T_C,synonymous,0.0007786988280713558,0.8919150233268738,-0.06500349938869476,-0.06503511965274811,3.1620264053344727e-05
tau0.69_single|tau0.69_nine,train,chr17_58694966_CTG_TTA,synonymous,0.00040593594894744456,0.8916252255439758,-0.06558912992477417,-0.06562734395265579,3.8214027881622314e-05
tau0.69_single|tau0.69_nine,train,chr17_58694971_A_G,synonymous,0.000569717725738883,0.8955905437469482,-0.06584680825471878,-0.06589087098836899,4.406273365020752e-05
tau0.69_single|tau0.69_nine,train,chr17_58694981_AGA_CGG,synonymous,0.000687643710989505,0.9417629837989807,-0.06906673312187195,-0.06911294907331467,4.6215951442718506e-05
tau0.69_single|tau0.69_nine,train,chr17_58694983_A_G,synonymous,0.000687643710989505,0.9417629837989807,-0.06906673312187195,-0.06911294907331467,4.6215951442718506e-05
tau0.69_single|tau0.69_nine,train,chr17_58694992_C_T,synonymous,0.0008034817292355001,0.9393853545188904,-0.07067885994911194,-0.0707165002822876,3.764033317565918e-05
tau0.69_single|tau0.69_nine,train,chr17_58694995_A_G,synonymous,0.0007589717861264944,0.9319549202919006,-0.07039151340723038,-0.07043147087097168,3.995746374130249e-05
tau0.69_single|tau0.69_nine,train,chr17_58695005_AGA_CGG,synonymous,0.0007397117442451417,0.9061896204948425,-0.0706610158085823,-0.07069805264472961,3.703683614730835e-05
tau0.69_single|tau0.69_nine,train,chr17_58695016_T_A,synonymous,0.0008195812115445733,0.8976274728775024,-0.07038507610559464,-0.07042410224676132,3.902614116668701e-05
tau0.69_single|tau0.69_nine,train,chr17_58695022_T_C,synonymous,0.001137424260377884,0.8900113701820374,-0.07059620320796967,-0.07064449042081833,4.828721284866333e-05
tau0.69_single|tau0.69_nine,train,chr17_58695026_TCA_AGT,synonymous,0.0010705445893108845,0.8757566213607788,-0.07003733515739441,-0.07008407264947891,4.6737492084503174e-05
tau0.69_single|tau0.69_nine,train,chr17_58695037_G_A,synonymous,0.0005157627747394145,0.840934693813324,-0.06903896480798721,-0.06907738000154495,3.841519355773926e-05
tau0.69_single|tau0.69_nine,train,chr17_58695043_A_G,synonymous,0.000812090584076941,0.8050763607025146,-0.06462486833333969,-0.06465738266706467,3.2514333724975586e-05
tau0.69_single|tau0.69_nine,train,chr17_58695055_T_A,synonymous,0.0007687539327889681,0.7826735973358154,-0.06476981937885284,-0.06480420380830765,3.438442945480347e-05
tau0.69_single|tau0.69_nine,train,chr17_58695055_T_G,synonymous,0.0007687539327889681,0.7826735973358154,-0.06476981937885284,-0.06480420380830765,3.438442945480347e-05
tau0.69_single|tau0.69_nine,train,chr17_58695058_T_A,synonymous,0.0009682002710178494,0.7792244553565979,-0.06470901519060135,-0.06475222855806351,4.32133674621582e-05
tau0.69_single|tau0.69_nine,train,chr17_58695073_C_T,synonymous,0.00040817729313857853,0.7765541672706604,-0.0649653896689415,-0.06500330567359924,3.791600465774536e-05
tau0.69_single|tau0.69_nine,train,chr17_58695079_C_T,synonymous,0.0009524855413474143,0.7798642516136169,-0.06342893838882446,-0.06345421075820923,2.5272369384765625e-05
tau0.69_single|tau0.69_nine,train,chr17_58695091_C_G,synonymous,0.0014565548626706004,0.7645108699798584,-0.060505352914333344,-0.060517873615026474,1.2520700693130493e-05
tau0.69_single|tau0.69_nine,train,chr17_58695103_A_C,synonymous,0.0006921615567989647,0.7954485416412354,-0.05942767113447189,-0.05946875736117363,4.108622670173645e-05
tau0.69_single|tau0.69_nine,train,chr17_58695115_T_A,synonymous,0.0007722772425040603,0.8202498555183411,-0.06105070561170578,-0.06108684465289116,3.613904118537903e-05
tau0.1_single|tau0.1_nine,train,chr17_58732496_G_C,missense,0.006409121677279472,0.6942553520202637,0.08055178821086884,0.08096785843372345,-0.00041607022285461426
tau0.1_single|tau0.1_nine,train,chr17_58732509_AGC_ACA,missense,0.003969356417655945,0.7228130102157593,0.07529115676879883,0.07569926232099533,-0.0004081055521965027
tau0.1_single|tau0.1_nine,train,chr17_58732515_AAA_GCC,missense,0.005740400869399309,0.7214395403862,0.07625477015972137,0.07673297822475433,-0.000478208065032959
tau0.1_single|tau0.1_nine,train,chr17_58732519_A_T,missense,0.006449600216001272,0.7000847458839417,0.07854553312063217,0.07906285673379898,-0.0005173236131668091
tau0.1_single|tau0.1_nine,train,chr17_58732530_CTG_CCC,missense,0.005007624160498381,0.7012642025947571,0.07884281873703003,0.07924823462963104,-0.0004054158926010132
tau0.1_single|tau0.1_nine,train,chr17_58732537_A_C,missense,0.007559670135378838,0.7195727825164795,0.08199623227119446,0.08257962018251419,-0.0005833879113197327
tau0.1_single|tau0.1_nine,train,chr17_58732539_ATC_ACA,missense,0.007061116397380829,0.7324147820472717,0.07944263517856598,0.07998988032341003,-0.0005472451448440552
tau0.1_single|tau0.1_nine,train,chr17_58734124_G_C,missense,0.011218550615012646,0.8918423056602478,0.07829929143190384,0.07896193116903305,-0.0006626397371292114
tau0.1_single|tau0.1_nine,train,chr17_58734132_A_T,missense,0.004561610985547304,0.9081482291221619,0.07042161375284195,0.07084155082702637,-0.0004199370741844177
tau0.1_single|tau0.1_nine,train,chr17_58734136_ACT_AAC,missense,0.00521336542442441,0.9067931771278381,0.06874192506074905,0.06917369365692139,-0.00043176859617233276
tau0.1_single|tau0.1_nine,train,chr17_58734139_G_T,missense,0.006628654431551695,0.9480410814285278,0.06407704949378967,0.06450789421796799,-0.0004308447241783142
tau0.1_single|tau0.1_nine,train,chr17_58734151_GCA_CCC,missense,0.006636136211454868,1.0258737802505493,0.059775322675704956,0.06006679683923721,-0.0002914741635322571
tau0.1_single|tau0.1_nine,train,chr17_58734157_TCA_GCC,missense,0.007056293543428183,1.0518795251846313,0.05958564206957817,0.059856489300727844,-0.00027084723114967346
tau0.1_single|tau0.1_nine,train,chr17_58734166_ACA_ATC,missense,0.008543972857296467,1.023080587387085,0.06116443872451782,0.06141413375735283,-0.0002496950328350067
tau0.1_single|tau0.1_nine,train,chr17_58734172_GGT_AGC,missense,0.008914248086512089,1.103018045425415,0.05786098912358284,0.05809147283434868,-0.00023048371076583862
tau0.1_single|tau0.1_nine,train,chr17_58734176_C_G,missense,0.011824026703834534,1.0253530740737915,0.060643937438726425,0.06083855777978897,-0.00019462034106254578
tau0.1_single|tau0.1_nine,train,chr17_58734190_AAG_GAA,missense,0.01057257317006588,0.9668042063713074,0.06255820393562317,0.06293530017137527,-0.0003770962357521057
tau0.1_single|tau0.1_nine,train,chr17_58734196_TCA_CTG,missense,0.013064052909612656,1.027685284614563,0.06035792827606201,0.0606357641518116,-0.000277835875749588
tau0.1_single|tau0.1_nine,train,chr17_58734202_GAC_GGA,missense,0.016367390751838684,0.9852715730667114,0.060750801116228104,0.06104675680398941,-0.00029595568776130676
tau0.1_single|tau0.1_nine,train,chr17_58734208_GAG_GTC,missense,0.020481515675783157,0.998058557510376,0.05896861106157303,0.05922460928559303,-0.00025599822402000427
tau0.1_single|tau0.1_nine,train,chr17_58734211_GAA_GCC,missense,0.02465304173529148,1.0085011720657349,0.05845142528414726,0.05869031324982643,-0.0002388879656791687
tau0.1_single|tau0.1_nine,train,chr17_58734217_TTA_GTG,missense,0.03285792097449303,0.9909564852714539,0.05743516609072685,0.05765998363494873,-0.00022481754422187805
tau0.1_single|tau0.1_nine,train,chr17_58692649_C_A,synonymous,0.03316979110240936,1.0439777374267578,-0.07385401427745819,-0.07388341426849365,2.9399991035461426e-05
tau0.1_single|tau0.1_nine,train,chr17_58692655_G_A,synonymous,0.030221985653042793,1.0212416648864746,-0.07304883003234863,-0.07310300320386887,5.4173171520233154e-05
tau0.1_single|tau0.1_nine,train,chr17_58692661_C_T,synonymous,0.027995478361845016,0.9966788291931152,-0.07194425910711288,-0.0719929039478302,4.8644840717315674e-05
tau0.1_single|tau0.1_nine,train,chr17_58692683_TTG_CTC,synonymous,0.02391575649380684,0.8916543126106262,-0.06611219048500061,-0.066096730530262,-1.5459954738616943e-05
tau0.1_single|tau0.1_nine,train,chr17_58692703_T_A,synonymous,0.022236986085772514,0.8111357688903809,-0.06366994976997375,-0.06378871947526932,0.00011876970529556274
tau0.1_single|tau0.1_nine,train,chr17_58692706_G_T,synonymous,0.017522186040878296,0.8051673173904419,-0.06311102956533432,-0.06326032429933548,0.00014929473400115967
tau0.1_single|tau0.1_nine,train,chr17_58692721_G_A,synonymous,0.019405832514166832,0.7935258150100708,-0.06153040751814842,-0.06160079687833786,7.038936018943787e-05
tau0.1_single|tau0.1_nine,train,chr17_58692724_G_T,synonymous,0.019754691049456596,0.7922636270523071,-0.06269621849060059,-0.06274338066577911,4.716217517852783e-05
tau0.1_single|tau0.1_nine,train,chr17_58692730_T_C,synonymous,0.021437201648950577,0.7825613021850586,-0.06206183508038521,-0.06218484044075012,0.00012300536036491394
tau0.1_single|tau0.1_nine,train,chr17_58692733_G_A,synonymous,0.01909632422029972,0.779739260673523,-0.06108039245009422,-0.061218805611133575,0.00013841316103935242
tau0.1_single|tau0.1_nine,train,chr17_58692736_G_A,synonymous,0.016692453995347023,0.7867764234542847,-0.06424446403980255,-0.06437362730503082,0.00012916326522827148
tau0.1_single|tau0.1_nine,train,chr17_58692745_T_C,synonymous,0.027357691898941994,0.8068691492080688,-0.06403999775648117,-0.06414447724819183,0.00010447949171066284
tau0.1_single|tau0.1_nine,train,chr17_58692760_A_C,synonymous,0.02562142349779606,0.8543890118598938,-0.06509880721569061,-0.06517613679170609,7.732957601547241e-05
tau0.1_single|tau0.1_nine,train,chr17_58692763_G_A,synonymous,0.026486212387681007,0.8641194701194763,-0.06649529933929443,-0.06659136712551117,9.606778621673584e-05
tau0.1_single|tau0.1_nine,train,chr17_58692779_CTT_TTG,synonymous,0.016500117257237434,0.8971148729324341,-0.06503232568502426,-0.06504204124212265,9.715557098388672e-06
tau0.1_single|tau0.1_nine,train,chr17_58692782_AGC_TCA,synonymous,0.014147721230983734,0.9104771018028259,-0.06483472138643265,-0.06486783921718597,3.3117830753326416e-05
tau0.1_single|tau0.1_nine,train,chr17_58694932_A_G,synonymous,0.021638331934809685,0.9082155823707581,-0.0638168677687645,-0.0639544129371643,0.0001375451683998108
tau0.1_single|tau0.1_nine,train,chr17_58694941_A_T,synonymous,0.021832911297678947,0.9104710817337036,-0.06558623909950256,-0.06573411822319031,0.00014787912368774414
tau0.1_single|tau0.1_nine,train,chr17_58694942_TCT_AGT,synonymous,0.017740551382303238,0.920642077922821,-0.06586974859237671,-0.06602194905281067,0.00015220046043395996
tau0.1_single|tau0.1_nine,train,chr17_58694950_A_C,synonymous,0.013815176673233509,0.9194356203079224,-0.06639212369918823,-0.06649688631296158,0.00010476261377334595
tau0.1_single|tau0.1_nine,train,chr17_58694956_C_T,synonymous,0.014466498047113419,0.9170714020729065,-0.06638408452272415,-0.06640302389860153,1.893937587738037e-05
tau0.1_single|tau0.1_nine,train,chr17_58694957_T_C,synonymous,0.01344439946115017,0.9196234941482544,-0.06634260714054108,-0.06637630611658096,3.3698976039886475e-05
tau0.1_single|tau0.1_nine,train,chr17_58694966_CTG_TTA,synonymous,0.013040678575634956,0.9002749919891357,-0.06656438112258911,-0.06662870198488235,6.432086229324341e-05
tau0.1_single|tau0.1_nine,train,chr17_58694971_A_G,synonymous,0.015219840221107006,0.9008132219314575,-0.06653289496898651,-0.0666537806391716,0.00012088567018508911
tau0.1_single|tau0.1_nine,train,chr17_58694981_AGA_CGG,synonymous,0.017388828098773956,0.9480136632919312,-0.06969255208969116,-0.0698109045624733,0.00011835247278213501
tau0.1_single|tau0.1_nine,train,chr17_58694983_A_G,synonymous,0.017388828098773956,0.9480136632919312,-0.06969255208969116,-0.0698109045624733,0.00011835247278213501
tau0.1_single|tau0.1_nine,train,chr17_58694992_C_T,synonymous,0.016354216262698174,0.962776243686676,-0.07170942425727844,-0.07177355140447617,6.412714719772339e-05
tau0.1_single|tau0.1_nine,train,chr17_58694995_A_G,synonymous,0.016208171844482422,0.9518751502037048,-0.07129566371440887,-0.07138023525476456,8.457154035568237e-05
tau0.1_single|tau0.1_nine,train,chr17_58695005_AGA_CGG,synonymous,0.01897508092224598,0.9217214584350586,-0.07149165868759155,-0.07154636085033417,5.4702162742614746e-05
tau0.1_single|tau0.1_nine,train,chr17_58695016_T_A,synonymous,0.021037431433796883,0.916236400604248,-0.07113730907440186,-0.07121257483959198,7.526576519012451e-05
tau0.1_single|tau0.1_nine,train,chr17_58695022_T_C,synonymous,0.023585235700011253,0.9003787040710449,-0.07094618678092957,-0.07108067721128464,0.00013449043035507202
tau0.1_single|tau0.1_nine,train,chr17_58695026_TCA_AGT,synonymous,0.025803623721003532,0.8854983448982239,-0.07045429199934006,-0.07059086859226227,0.0001365765929222107
tau0.1_single|tau0.1_nine,train,chr17_58695037_G_A,synonymous,0.02128838747739792,0.8508051633834839,-0.06980680674314499,-0.06990427523851395,9.746849536895752e-05
tau0.1_single|tau0.1_nine,train,chr17_58695043_A_G,synonymous,0.0212081428617239,0.8168148398399353,-0.06564563512802124,-0.06572283804416656,7.720291614532471e-05
tau0.1_single|tau0.1_nine,train,chr17_58695055_T_A,synonymous,0.014347458258271217,0.8021405935287476,-0.06590669602155685,-0.06598056852817535,7.387250661849976e-05
tau0.1_single|tau0.1_nine,train,chr17_58695055_T_G,synonymous,0.014347458258271217,0.8021405935287476,-0.06590669602155685,-0.06598056852817535,7.387250661849976e-05
tau0.1_single|tau0.1_nine,train,chr17_58695058_T_A,synonymous,0.015464302152395248,0.7890358567237854,-0.06545937806367874,-0.0655967965722084,0.00013741850852966309
tau0.1_single|tau0.1_nine,train,chr17_58695073_C_T,synonymous,0.02077769674360752,0.7850639224052429,-0.06605776399374008,-0.0662006065249443,0.00014284253120422363
tau0.1_single|tau0.1_nine,train,chr17_58695079_C_T,synonymous,0.019713804125785828,0.7990210652351379,-0.06495510786771774,-0.06503073871135712,7.563084363937378e-05
tau0.1_single|tau0.1_nine,train,chr17_58695091_C_G,synonymous,0.02661960944533348,0.7723135948181152,-0.06243681535124779,-0.062429673969745636,-7.141381502151489e-06
tau0.1_single|tau0.1_nine,train,chr17_58695103_A_C,synonymous,0.024189777672290802,0.7836397886276245,-0.060166504234075546,-0.060368262231349945,0.0002017579972743988
tau0.1_single|tau0.1_nine,train,chr17_58695115_T_A,synonymous,0.022263577207922935,0.835392415523529,-0.06219933554530144,-0.0623377189040184,0.00013838335871696472
tau0.69_single|tau0.69_nine,train,chr17_58695136_A_G,synonymous,0.0005800954531878233,0.8226106762886047,-0.06094326823949814,-0.06097882613539696,3.555789589881897e-05
tau0.69_single|tau0.69_nine,train,chr17_58695145_A_C,synonymous,0.0006088000372983515,0.8486238121986389,-0.06060619652271271,-0.06064138188958168,3.518536686897278e-05
tau0.69_single|tau0.69_nine,train,chr17_58695148_A_T,synonymous,0.0005726793897338212,0.860182523727417,-0.061270877718925476,-0.06130820885300636,3.733113408088684e-05
tau0.69_single|tau0.69_nine,train,chr17_58695163_A_G,synonymous,0.0009380478295497596,0.8308528661727905,-0.05896711349487305,-0.05899042263627052,2.3309141397476196e-05
tau0.69_single|tau0.69_nine,train,chr17_58695169_T_A,synonymous,0.000950700487010181,0.8282936215400696,-0.05917070060968399,-0.05919669196009636,2.5991350412368774e-05
tau0.69_single|tau0.69_nine,train,chr17_58695175_A_T,synonymous,0.000708113017026335,0.8243936896324158,-0.0581362321972847,-0.0581669919192791,3.0759721994400024e-05
tau0.69_single|tau0.69_nine,train,chr17_58695181_A_T,synonymous,0.0008126175380311906,0.8295561671257019,-0.057552918791770935,-0.057584766298532486,3.18475067615509e-05
tau0.69_single|tau0.69_nine,train,chr17_58695185_T_C,synonymous,0.000928732450120151,0.8136758804321289,-0.05877765268087387,-0.05880532041192055,2.7667731046676636e-05
tau0.69_single|tau0.69_nine,train,chr17_58696699_G_A,synonymous,0.001147875445894897,0.7757505178451538,-0.05775768309831619,-0.057781364768743515,2.3681670427322388e-05
tau0.69_single|tau0.69_nine,train,chr17_58696714_G_C,synonymous,0.0010430872207507491,0.7400951385498047,-0.059161193668842316,-0.05919072404503822,2.9530376195907593e-05
tau0.69_single|tau0.69_nine,train,chr17_58696723_A_C,synonymous,0.0010467086685821414,0.7362130880355835,-0.06084957718849182,-0.06087156757712364,2.199038863182068e-05
tau0.69_single|tau0.69_nine,train,chr17_58696735_A_C,synonymous,0.0008314100559800863,0.7547608017921448,-0.061269961297512054,-0.061305079609155655,3.5118311643600464e-05
tau0.69_single|tau0.69_nine,train,chr17_58696738_A_C,synonymous,0.0007053708541207016,0.7605405449867249,-0.061086609959602356,-0.06111708655953407,3.047659993171692e-05
tau0.69_single|tau0.69_nine,train,chr17_58696744_A_C,synonymous,0.00086236372590065,0.746466875076294,-0.06075362116098404,-0.06078166142106056,2.8040260076522827e-05
tau0.69_single|tau0.69_nine,train,chr17_58696747_T_A,synonymous,0.000873790355399251,0.7395585775375366,-0.06088484078645706,-0.06091177091002464,2.6930123567581177e-05
tau0.69_single|tau0.69_nine,train,chr17_58696756_T_A,synonymous,0.0012350729666650295,0.7547633647918701,-0.060043416917324066,-0.06006663665175438,2.321973443031311e-05
tau0.69_single|tau0.69_nine,train,chr17_58696762_T_A,synonymous,0.0016426376532763243,0.7663291692733765,-0.06071081757545471,-0.06072916463017464,1.8347054719924927e-05
tau0.69_single|tau0.69_nine,train,chr17_58696771_G_A,synonymous,0.0012131802504882216,0.7334087491035461,-0.057200588285923004,-0.05722808465361595,2.7496367692947388e-05
tau0.69_single|tau0.69_nine,train,chr17_58696775_AGT_TCG,synonymous,0.0012556107249110937,0.7417789101600647,-0.05930269509553909,-0.05932532623410225,2.2631138563156128e-05
tau0.69_single|tau0.69_nine,train,chr17_58696786_T_A,synonymous,0.001353155355900526,0.744135320186615,-0.05935879051685333,-0.05937783792614937,1.9047409296035767e-05
tau0.69_single|tau0.69_nine,train,chr17_58696792_A_G,synonymous,0.0010482505895197392,0.7205024361610413,-0.05623546242713928,-0.056265126913785934,2.966448664665222e-05
tau0.69_single|tau0.69_nine,train,chr17_58696798_A_G,synonymous,0.0011144214076921344,0.7273142337799072,-0.056911736726760864,-0.05695347115397453,4.173442721366882e-05
tau0.69_single|tau0.69_nine,train,chr17_58696810_T_G,synonymous,0.0010066007962450385,0.7432518005371094,-0.05964595824480057,-0.0596785731613636,3.261491656303406e-05
tau0.69_single|tau0.69_nine,train,chr17_58696813_C_T,synonymous,0.0008970500784926116,0.734352707862854,-0.059498995542526245,-0.05953164026141167,3.264471888542175e-05
tau0.69_single|tau0.69_nine,train,chr17_58696828_T_A,synonymous,0.0013205878203734756,0.772101104259491,-0.06182579696178436,-0.06185586377978325,3.006681799888611e-05
tau0.69_single|tau0.69_nine,train,chr17_58696831_G_A,synonymous,0.0011153395753353834,0.7854903936386108,-0.06210709363222122,-0.06214221194386482,3.5118311643600464e-05
tau0.69_single|tau0.69_nine,train,chr17_58696834_T_C,synonymous,0.001046860357746482,0.8007946014404297,-0.06340162456035614,-0.06344269961118698,4.1075050830841064e-05
tau0.69_single|tau0.69_nine,train,chr17_58696846_A_G,synonymous,0.0009749942691996694,0.8552280068397522,-0.06617861241102219,-0.0662233829498291,4.477053880691528e-05
tau0.69_single|tau0.69_nine,train,chr17_58703203_A_G,synonymous,0.0010335715487599373,0.8779040575027466,-0.06626779586076736,-0.0662982389330864,3.0443072319030762e-05
tau0.69_single|tau0.69_nine,train,chr17_58703209_T_A,synonymous,0.001112945144996047,0.8647536635398865,-0.06566659361124039,-0.06569179892539978,2.520531415939331e-05
tau0.69_single|tau0.69_nine,train,chr17_58703224_T_G,synonymous,0.0013028127141296864,0.8339099884033203,-0.06492583453655243,-0.06494837999343872,2.2545456886291504e-05
tau0.69_single|tau0.69_nine,train,chr17_58703233_T_C,synonymous,0.0014059123350307345,0.7676230669021606,-0.0610789880156517,-0.06110383942723274,2.485141158103943e-05
tau0.69_single|tau0.69_nine,train,chr17_58703237_CTT_TTA,synonymous,0.0014142210129648447,0.7492265105247498,-0.06094808131456375,-0.060969118028879166,2.103671431541443e-05
tau0.69_single|tau0.69_nine,train,chr17_58703240_TCT_AGT,synonymous,0.001410910626873374,0.7532967329025269,-0.06023698300123215,-0.06026266887784004,2.5685876607894897e-05
tau0.69_single|tau0.69_nine,train,chr17_58703251_T_C,synonymous,0.0014237712603062391,0.7406659126281738,-0.05972804129123688,-0.05975091829895973,2.2877007722854614e-05
tau0.69_single|tau0.69_nine,train,chr17_58703260_C_G,synonymous,0.0014752800343558192,0.7390416860580444,-0.058392032980918884,-0.05842083320021629,2.8800219297409058e-05
tau0.69_single|tau0.69_nine,train,chr17_58703272_C_T,synonymous,0.0012673187302425504,0.7771163582801819,-0.060482122004032135,-0.06051360443234444,3.1482428312301636e-05
tau0.69_single|tau0.69_nine,train,chr17_58703278_G_A,synonymous,0.0014616791158914566,0.808272659778595,-0.06067321449518204,-0.06069706007838249,2.3845583200454712e-05
tau0.69_single|tau0.69_nine,train,chr17_58703281_A_G,synonymous,0.0019058703910559416,0.8164763450622559,-0.06209088861942291,-0.062115658074617386,2.4769455194473267e-05
tau0.69_single|tau0.69_nine,train,chr17_58703296_T_C,synonymous,0.0016928842524066567,0.8181977272033691,-0.06335891038179398,-0.06337833404541016,1.942366361618042e-05
tau0.69_single|tau0.69_nine,train,chr17_58703314_C_G,synonymous,0.001641077920794487,0.7835679650306702,-0.06196232885122299,-0.0619879849255085,2.5656074285507202e-05
tau0.69_single|tau0.69_nine,train,chr17_58703317_A_T,synonymous,0.0016029494581744075,0.7735399603843689,-0.06207224726676941,-0.062098901718854904,2.6654452085494995e-05
tau0.69_single|tau0.69_nine,train,chr17_58703320_A_G,synonymous,0.001769918599165976,0.7708414793014526,-0.0624564066529274,-0.0624799020588398,2.3495405912399292e-05
tau0.69_single|tau0.69_nine,train,chr17_58703326_A_C,synonymous,0.0021249481942504644,0.7551335692405701,-0.06256965547800064,-0.06258115917444229,1.150369644165039e-05
tau0.69_single|tau0.69_nine,train,chr17_58709861_T_G,synonymous,0.002091140253469348,0.7342819571495056,-0.0604439377784729,-0.060455072671175,1.1134892702102661e-05
tau0.69_single|tau0.69_nine,train,chr17_58709864_A_G,synonymous,0.0015494117978960276,0.7362732887268066,-0.05998128652572632,-0.06000138446688652,2.0097941160202026e-05
tau0.69_single|tau0.69_nine,train,chr17_58709867_A_G,synonymous,0.0020751492120325565,0.7298471927642822,-0.059835225343704224,-0.059853214770555496,1.7989426851272583e-05
tau0.69_single|tau0.69_nine,train,chr17_58709876_G_C,synonymous,0.00242370693013072,0.7162806391716003,-0.05996592342853546,-0.05998930707573891,2.3383647203445435e-05
tau0.69_single|tau0.69_nine,train,chr17_58709882_T_A,synonymous,0.0024576589930802584,0.723057746887207,-0.059330180287361145,-0.05935729667544365,2.7116388082504272e-05
tau0.69_single|tau0.69_nine,train,chr17_58709888_T_C,synonymous,0.002506167395040393,0.7258161902427673,-0.05858858674764633,-0.05860680714249611,1.822039484977722e-05
tau0.69_single|tau0.69_nine,train,chr17_58709894_A_G,synonymous,0.002249008510261774,0.7380542159080505,-0.060352250933647156,-0.06036462262272835,1.2371689081192017e-05
tau0.69_single|tau0.69_nine,train,chr17_58709900_T_G,synonymous,0.00211121654137969,0.7301950454711914,-0.059251271188259125,-0.05926385894417763,1.2587755918502808e-05
tau0.69_single|tau0.69_nine,train,chr17_58709906_C_T,synonymous,0.0019164211116731167,0.7379367351531982,-0.06163932383060455,-0.06166274473071098,2.3420900106430054e-05
tau0.69_single|tau0.69_nine,train,chr17_58709909_A_T,synonymous,0.0020388884004205465,0.744396984577179,-0.0617397278547287,-0.06176413968205452,2.4411827325820923e-05
tau0.69_single|tau0.69_nine,train,chr17_58709918_G_A,synonymous,0.001975177088752389,0.7506634593009949,-0.06066793203353882,-0.060687918215990067,1.998618245124817e-05
tau0.69_single|tau0.69_nine,train,chr17_58709921_T_G,synonymous,0.00202933163382113,0.7612358927726746,-0.059938475489616394,-0.0599568746984005,1.8399208784103394e-05
tau0.69_single|tau0.69_nine,train,chr17_58709922_CTT_TTG,synonymous,0.0020697626750916243,0.7542024254798889,-0.05828728526830673,-0.05830392986536026,1.6644597053527832e-05
tau0.69_single|tau0.69_nine,train,chr17_58709927_T_A,synonymous,0.002168775536119938,0.7417730689048767,-0.05690915137529373,-0.05692284181714058,1.3690441846847534e-05
tau0.69_single|tau0.69_nine,train,chr17_58709927_T_C,synonymous,0.002168775536119938,0.7417730689048767,-0.05690915137529373,-0.05692284181714058,1.3690441846847534e-05
tau0.69_single|tau0.69_nine,train,chr17_58709933_G_T,synonymous,0.001837108749896288,0.7463115453720093,-0.060264334082603455,-0.06028668209910393,2.2348016500473022e-05
tau0.69_single|tau0.69_nine,train,chr17_58709936_A_G,synonymous,0.0018299195216968656,0.7483290433883667,-0.058443814516067505,-0.05846861004829407,2.47955322265625e-05
tau0.69_single|tau0.69_nine,train,chr17_58709937_TTA_CTG,synonymous,0.002167053986340761,0.7489466667175293,-0.05786751210689545,-0.05789034813642502,2.2836029529571533e-05
tau0.69_single|tau0.69_nine,train,chr17_58709939_A_G,synonymous,0.002167053986340761,0.7489466667175293,-0.05786751210689545,-0.05789034813642502,2.2836029529571533e-05
tau0.69_single|tau0.69_nine,train,chr17_58709946_C_T,synonymous,0.0025732670910656452,0.7491592764854431,-0.05838745832443237,-0.05840679258108139,1.9334256649017334e-05
tau0.1_single|tau0.1_nine,train,chr17_58695136_A_G,synonymous,0.02525421604514122,0.8121678829193115,-0.062002141028642654,-0.06215405464172363,0.0001519136130809784
tau0.1_single|tau0.1_nine,train,chr17_58695145_A_C,synonymous,0.015605680644512177,0.8432629704475403,-0.061800967901945114,-0.06190893054008484,0.00010796263813972473
tau0.1_single|tau0.1_nine,train,chr17_58695148_A_T,synonymous,0.017529619857668877,0.8518497347831726,-0.062301862984895706,-0.06243682652711868,0.00013496354222297668
tau0.1_single|tau0.1_nine,train,chr17_58695163_A_G,synonymous,0.022593794390559196,0.838676393032074,-0.06059277430176735,-0.060665011405944824,7.223710417747498e-05
tau0.1_single|tau0.1_nine,train,chr17_58695169_T_A,synonymous,0.022197064012289047,0.8291718363761902,-0.06069764867424965,-0.06078778952360153,9.014084935188293e-05
tau0.1_single|tau0.1_nine,train,chr17_58695175_A_T,synonymous,0.020421594381332397,0.8204230070114136,-0.05950130149722099,-0.05963549762964249,0.00013419613242149353
tau0.1_single|tau0.1_nine,train,chr17_58695181_A_T,synonymous,0.018374599516391754,0.8246586322784424,-0.05899360775947571,-0.05913897603750229,0.0001453682780265808
tau0.1_single|tau0.1_nine,train,chr17_58695185_T_C,synonymous,0.01576896198093891,0.8089709281921387,-0.06032503768801689,-0.06043621897697449,0.00011118128895759583
tau0.1_single|tau0.1_nine,train,chr17_58696699_G_A,synonymous,0.016107618808746338,0.7785495519638062,-0.059419240802526474,-0.05951114743947983,9.190663695335388e-05
tau0.1_single|tau0.1_nine,train,chr17_58696714_G_C,synonymous,0.024943891912698746,0.7300205826759338,-0.06052098795771599,-0.0606917068362236,0.00017071887850761414
tau0.1_single|tau0.1_nine,train,chr17_58696723_A_C,synonymous,0.01937914825975895,0.7287888526916504,-0.06248011812567711,-0.06256890296936035,8.87848436832428e-05
tau0.1_single|tau0.1_nine,train,chr17_58696735_A_C,synonymous,0.01755421981215477,0.7390732765197754,-0.06238357350230217,-0.062545046210289,0.00016147270798683167
tau0.1_single|tau0.1_nine,train,chr17_58696738_A_C,synonymous,0.021353937685489655,0.7465697526931763,-0.06239010766148567,-0.06253880262374878,0.0001486949622631073
tau0.1_single|tau0.1_nine,train,chr17_58696744_A_C,synonymous,0.018690697848796844,0.7282196879386902,-0.062084224075078964,-0.06223178654909134,0.00014756247401237488
tau0.1_single|tau0.1_nine,train,chr17_58696747_T_A,synonymous,0.023259075358510017,0.7244362235069275,-0.06244305893778801,-0.06260325759649277,0.0001601986587047577
tau0.1_single|tau0.1_nine,train,chr17_58696756_T_A,synonymous,0.017777152359485626,0.7394256591796875,-0.061710942536592484,-0.06179589033126831,8.494779467582703e-05
tau0.1_single|tau0.1_nine,train,chr17_58696762_T_A,synonymous,0.01694572903215885,0.7571533918380737,-0.0626506507396698,-0.06270160526037216,5.095452070236206e-05
tau0.1_single|tau0.1_nine,train,chr17_58696771_G_A,synonymous,0.01869191601872444,0.7168132662773132,-0.05866499990224838,-0.058822132647037506,0.00015713274478912354
tau0.1_single|tau0.1_nine,train,chr17_58696775_AGT_TCG,synonymous,0.013608060777187347,0.7341670393943787,-0.06105742231011391,-0.06113657355308533,7.915124297142029e-05
tau0.1_single|tau0.1_nine,train,chr17_58696786_T_A,synonymous,0.01208530180156231,0.7486711740493774,-0.0615435354411602,-0.06158597022294998,4.243478178977966e-05
tau0.1_single|tau0.1_nine,train,chr17_58696792_A_G,synonymous,0.021015867590904236,0.7039360404014587,-0.05787163972854614,-0.058061499148607254,0.00018985942006111145
tau0.1_single|tau0.1_nine,train,chr17_58696798_A_G,synonymous,0.017913658171892166,0.7078397870063782,-0.05793733149766922,-0.05817734822630882,0.00024001672863960266
tau0.1_single|tau0.1_nine,train,chr17_58696810_T_G,synonymous,0.024664178490638733,0.7275484204292297,-0.06116700544953346,-0.0613967627286911,0.00022975727915763855
tau0.1_single|tau0.1_nine,train,chr17_58696813_C_T,synonymous,0.029188301414251328,0.7161851525306702,-0.061021942645311356,-0.0612698569893837,0.0002479143440723419
tau0.1_single|tau0.1_nine,train,chr17_58696828_T_A,synonymous,0.013025821186602116,0.7489533424377441,-0.06343775242567062,-0.06355874240398407,0.00012098997831344604
tau0.1_single|tau0.1_nine,train,chr17_58696831_G_A,synonymous,0.013874942436814308,0.7655434608459473,-0.06343118846416473,-0.06359712779521942,0.0001659393310546875
tau0.1_single|tau0.1_nine,train,chr17_58696834_T_C,synonymous,0.013788223266601562,0.7797682881355286,-0.06446395814418793,-0.06466756016016006,0.00020360201597213745
tau0.1_single|tau0.1_nine,train,chr17_58696846_A_G,synonymous,0.012933517806231976,0.8327916860580444,-0.06701511889696121,-0.06721847504377365,0.00020335614681243896
tau0.1_single|tau0.1_nine,train,chr17_58703203_A_G,synonymous,0.012795180082321167,0.8720180988311768,-0.06766949594020844,-0.06777642667293549,0.00010693073272705078
tau0.1_single|tau0.1_nine,train,chr17_58703209_T_A,synonymous,0.014809127897024155,0.8607019186019897,-0.06726346909999847,-0.0673583373427391,9.48682427406311e-05
tau0.1_single|tau0.1_nine,train,chr17_58703224_T_G,synonymous,0.01991371624171734,0.8273555636405945,-0.06671680510044098,-0.06683237850666046,0.00011557340621948242
tau0.1_single|tau0.1_nine,train,chr17_58703233_T_C,synonymous,0.016210345551371574,0.756423830986023,-0.06285271793603897,-0.06301318109035492,0.00016046315431594849
tau0.1_single|tau0.1_nine,train,chr17_58703237_CTT_TTA,synonymous,0.009243758395314217,0.7496033310890198,-0.06292130798101425,-0.06300650537014008,8.519738912582397e-05
tau0.1_single|tau0.1_nine,train,chr17_58703240_TCT_AGT,synonymous,0.013076389208436012,0.742799699306488,-0.062003809958696365,-0.06216932833194733,0.0001655183732509613
tau0.1_single|tau0.1_nine,train,chr17_58703251_T_C,synonymous,0.013120625168085098,0.7301774024963379,-0.06170554831624031,-0.06182108074426651,0.00011553242802619934
tau0.1_single|tau0.1_nine,train,chr17_58703260_C_G,synonymous,0.010689841583371162,0.7144550681114197,-0.059874605387449265,-0.06004060059785843,0.00016599521040916443
tau0.1_single|tau0.1_nine,train,chr17_58703272_C_T,synonymous,0.02205098234117031,0.7580212354660034,-0.06207456812262535,-0.06226705014705658,0.00019248202443122864
tau0.1_single|tau0.1_nine,train,chr17_58703278_G_A,synonymous,0.013470242731273174,0.7998189926147461,-0.06253569573163986,-0.0626571774482727,0.00012148171663284302
tau0.1_single|tau0.1_nine,train,chr17_58703281_A_G,synonymous,0.012756099924445152,0.7922215461730957,-0.0639067068696022,-0.06403212249279022,0.0001254156231880188
tau0.1_single|tau0.1_nine,train,chr17_58703296_T_C,synonymous,0.008649278432130814,0.8224661946296692,-0.06551563739776611,-0.06554675102233887,3.1113624572753906e-05
tau0.1_single|tau0.1_nine,train,chr17_58703314_C_G,synonymous,0.013836827129125595,0.7612352967262268,-0.06367680430412292,-0.06381317973136902,0.00013637542724609375
tau0.1_single|tau0.1_nine,train,chr17_58703317_A_T,synonymous,0.012531430460512638,0.7494615912437439,-0.0637616515159607,-0.06391123682260513,0.0001495853066444397
tau0.1_single|tau0.1_nine,train,chr17_58703320_A_G,synonymous,0.010791146196424961,0.7474854588508606,-0.06433413177728653,-0.06444991379976273,0.00011578202247619629
tau0.1_single|tau0.1_nine,train,chr17_58703326_A_C,synonymous,0.009387699887156487,0.7327681183815002,-0.06483027338981628,-0.06488345563411713,5.3182244300842285e-05
tau0.1_single|tau0.1_nine,train,chr17_58709861_T_G,synonymous,0.0122013408690691,0.7009373307228088,-0.06280353665351868,-0.06289045512676239,8.691847324371338e-05
tau0.1_single|tau0.1_nine,train,chr17_58709864_A_G,synonymous,0.018856897950172424,0.7081820964813232,-0.061928641051054,-0.062080614268779755,0.00015197321772575378
tau0.1_single|tau0.1_nine,train,chr17_58709867_A_G,synonymous,0.007656140252947807,0.6952193975448608,-0.062009286135435104,-0.06208955496549606,8.026883006095886e-05
tau0.1_single|tau0.1_nine,train,chr17_58709876_G_C,synonymous,0.009060010313987732,0.6823668479919434,-0.061940792948007584,-0.06205300986766815,0.00011221691966056824
tau0.1_single|tau0.1_nine,train,chr17_58709882_T_A,synonymous,0.005779501982033253,0.6850968599319458,-0.06115267053246498,-0.061286307871341705,0.00013363733887672424
tau0.1_single|tau0.1_nine,train,chr17_58709888_T_C,synonymous,0.003513106144964695,0.6936857104301453,-0.06064530834555626,-0.06070685386657715,6.154552102088928e-05
tau0.1_single|tau0.1_nine,train,chr17_58709894_A_G,synonymous,0.011371308006346226,0.7165399789810181,-0.06272100657224655,-0.06278546154499054,6.445497274398804e-05
tau0.1_single|tau0.1_nine,train,chr17_58709900_T_G,synonymous,0.012790517881512642,0.7055894732475281,-0.0616028867661953,-0.06170448660850525,0.00010159984230995178
tau0.1_single|tau0.1_nine,train,chr17_58709906_C_T,synonymous,0.010070638731122017,0.7052162289619446,-0.06350485235452652,-0.06362729519605637,0.0001224428415298462
tau0.1_single|tau0.1_nine,train,chr17_58709909_A_T,synonymous,0.015020727179944515,0.7090513706207275,-0.06367034465074539,-0.06382040679454803,0.00015006214380264282
tau0.1_single|tau0.1_nine,train,chr17_58709918_G_A,synonymous,0.014940558932721615,0.7215096354484558,-0.06288836151361465,-0.06303774565458298,0.00014938414096832275
tau0.1_single|tau0.1_nine,train,chr17_58709921_T_G,synonymous,0.008218086324632168,0.7389025688171387,-0.06211668625473976,-0.06222432851791382,0.00010764226317405701
tau0.1_single|tau0.1_nine,train,chr17_58709922_CTT_TTG,synonymous,0.008587761782109737,0.7305899858474731,-0.06046667322516441,-0.06056862324476242,0.0001019500195980072
tau0.1_single|tau0.1_nine,train,chr17_58709927_T_A,synonymous,0.010993209667503834,0.7120194435119629,-0.05919716879725456,-0.059301309287548065,0.00010414049029350281
tau0.1_single|tau0.1_nine,train,chr17_58709927_T_C,synonymous,0.010993209667503834,0.7120194435119629,-0.05919716879725456,-0.059301309287548065,0.00010414049029350281
tau0.1_single|tau0.1_nine,train,chr17_58709933_G_T,synonymous,0.004465119447559118,0.7250744104385376,-0.06229368969798088,-0.06235184520483017,5.815550684928894e-05
tau0.1_single|tau0.1_nine,train,chr17_58709936_A_G,synonymous,0.010685553774237633,0.7208003997802734,-0.060430821031332016,-0.060572877526283264,0.00014205649495124817
tau0.1_single|tau0.1_nine,train,chr17_58709937_TTA_CTG,synonymous,0.005627444479614496,0.7137231826782227,-0.059928420931100845,-0.06002701818943024,9.859725832939148e-05
tau0.1_single|tau0.1_nine,train,chr17_58709939_A_G,synonymous,0.005627444479614496,0.7137231826782227,-0.059928420931100845,-0.06002701818943024,9.859725832939148e-05
tau0.1_single|tau0.1_nine,train,chr17_58709946_C_T,synonymous,0.00688972556963563,0.707400918006897,-0.06060733273625374,-0.06071459501981735,0.00010726228356361389
tau0.69_single|tau0.69_nine,train,chr17_58709951_C_A,synonymous,0.0019247429445385933,0.7478542923927307,-0.057532697916030884,-0.05756039917469025,2.7701258659362793e-05
tau0.69_single|tau0.69_nine,train,chr17_58709963_C_A,synonymous,0.002289811847731471,0.7428134679794312,-0.05828937888145447,-0.058301251381635666,1.187250018119812e-05
tau0.69_single|tau0.69_nine,train,chr17_58709964_AGC_TCT,synonymous,0.0020771007984876633,0.7448137402534485,-0.05929874628782272,-0.0593130849301815,1.4338642358779907e-05
tau0.69_single|tau0.69_nine,train,chr17_58709969_T_G,synonymous,0.002266721334308386,0.739818274974823,-0.05971392244100571,-0.0597299225628376,1.600012183189392e-05
tau0.69_single|tau0.69_nine,train,chr17_58709978_T_C,synonymous,0.002087124390527606,0.7465062737464905,-0.061847224831581116,-0.061874281615018845,2.7056783437728882e-05
tau0.69_single|tau0.69_nine,train,chr17_58709987_A_G,synonymous,0.0025807502679526806,0.763759434223175,-0.06211595982313156,-0.06212581321597099,9.853392839431763e-06
tau0.69_single|tau0.69_nine,train,chr17_58720754_A_G,synonymous,0.0029260499868541956,0.726180911064148,-0.0602865070104599,-0.060294318944215775,7.811933755874634e-06
tau0.69_single|tau0.69_nine,train,chr17_58720752_TTA_CTG,synonymous,0.0029260499868541956,0.726180911064148,-0.0602865070104599,-0.060294318944215775,7.811933755874634e-06
tau0.69_single|tau0.69_nine,train,chr17_58720769_A_C,synonymous,0.0023936042562127113,0.7197555303573608,-0.05907107889652252,-0.059091534465551376,2.045556902885437e-05
tau0.69_single|tau0.69_nine,train,chr17_58720781_T_C,synonymous,0.0022995811887085438,0.7444847822189331,-0.06186922639608383,-0.06189785525202751,2.862885594367981e-05
tau0.69_single|tau0.69_nine,train,chr17_58720796_G_A,synonymous,0.0025650053285062313,0.7406059503555298,-0.06053471565246582,-0.060545649379491806,1.0933727025985718e-05
tau0.69_single|tau0.69_nine,train,chr17_58720799_T_C,synonymous,0.00279592745937407,0.7360348701477051,-0.05875163525342941,-0.05875971540808678,8.080154657363892e-06
tau0.69_single|tau0.69_nine,train,chr17_58720811_A_G,synonymous,0.0031553274020552635,0.7299988865852356,-0.05637728422880173,-0.05636978521943092,-7.499009370803833e-06
tau0.69_single|tau0.69_nine,train,chr17_58724044_A_G,synonymous,0.0028512319549918175,0.753162682056427,-0.05930464714765549,-0.05931093916296959,6.292015314102173e-06
tau0.69_single|tau0.69_nine,train,chr17_58724059_T_C,synonymous,0.0026790639385581017,0.7648775577545166,-0.05615178495645523,-0.05616798624396324,1.6201287508010864e-05
tau0.69_single|tau0.69_nine,train,chr17_58724062_T_C,synonymous,0.0034630661830306053,0.759006917476654,-0.05676053464412689,-0.05677313730120659,1.2602657079696655e-05
tau0.69_single|tau0.69_nine,train,chr17_58724074_A_C,synonymous,0.003055514534935355,0.7244948148727417,-0.05734320729970932,-0.05735073611140251,7.528811693191528e-06
tau0.69_single|tau0.69_nine,train,chr17_58724077_C_A,synonymous,0.0024899838026612997,0.7251240015029907,-0.05644695460796356,-0.05645975098013878,1.2796372175216675e-05
tau0.69_single|tau0.69_nine,train,chr17_58732487_G_A,synonymous,0.002795912092551589,0.7566269040107727,-0.059272751212120056,-0.05927933380007744,6.582587957382202e-06
tau0.69_single|tau0.69_nine,train,chr17_58732490_A_C,synonymous,0.003400136949494481,0.7560125589370728,-0.059480562806129456,-0.059483084827661514,2.522021532058716e-06
tau0.69_single|tau0.69_nine,train,chr17_58732493_A_G,synonymous,0.002611433621495962,0.7480746507644653,-0.05955413728952408,-0.0595645047724247,1.0367482900619507e-05
tau0.69_single|tau0.69_nine,train,chr17_58732494_TTG_CTT,synonymous,0.0030894624069333076,0.7500593662261963,-0.06009335815906525,-0.06010376289486885,1.0404735803604126e-05
tau0.69_single|tau0.69_nine,train,chr17_58732511_C_T,synonymous,0.002993494737893343,0.7653325200080872,-0.060783885419368744,-0.060807403177022934,2.3517757654190063e-05
tau0.69_single|tau0.69_nine,train,chr17_58732526_A_C,synonymous,0.00281754438765347,0.7643870115280151,-0.05986597388982773,-0.05987181141972542,5.837529897689819e-06
tau0.69_single|tau0.69_nine,train,chr17_58732530_C_T,synonymous,0.0029291841201484203,0.7649348378181458,-0.05990597605705261,-0.05992117151618004,1.5195459127426147e-05
tau0.69_single|tau0.69_nine,train,chr17_58732541_C_T,synonymous,0.0029260048177093267,0.7849447131156921,-0.058959029614925385,-0.05898866802453995,2.9638409614562988e-05
tau0.69_single|tau0.69_nine,train,chr17_58734120_T_C,synonymous,0.0028569430578500032,0.8346181511878967,-0.06282712519168854,-0.06286241859197617,3.5293400287628174e-05
tau0.69_single|tau0.69_nine,train,chr17_58734130_A_C,synonymous,0.0027190924156457186,0.9168014526367188,-0.06447578966617584,-0.06449819356203079,2.240389585494995e-05
tau0.69_single|tau0.69_nine,train,chr17_58734130_AGA_CGC,synonymous,0.0027190924156457186,0.9168014526367188,-0.06447578966617584,-0.06449819356203079,2.240389585494995e-05
tau0.69_single|tau0.69_nine,train,chr17_58734141_T_G,synonymous,0.0026091027539223433,0.9502567648887634,-0.06930463016033173,-0.06933882087469101,3.419071435928345e-05
tau0.69_single|tau0.69_nine,train,chr17_58734150_T_G,synonymous,0.0023923725821077824,1.0362638235092163,-0.07364284992218018,-0.07368180900812149,3.89590859413147e-05
tau0.69_single|tau0.69_nine,train,chr17_58734153_A_G,synonymous,0.002324205357581377,1.0653321743011475,-0.07416120916604996,-0.07419990003108978,3.869086503982544e-05
tau0.69_single|tau0.69_nine,train,chr17_58734157_TCA_AGC,synonymous,0.002322734333574772,1.109723448753357,-0.07562848925590515,-0.07566807419061661,3.95849347114563e-05
tau0.69_single|tau0.69_nine,train,chr17_58734168_A_T,synonymous,0.0024999803863465786,1.1269298791885376,-0.07512407004833221,-0.0751592218875885,3.515183925628662e-05
tau0.69_single|tau0.69_nine,train,chr17_58734174_T_A,synonymous,0.002444895915687084,1.139046549797058,-0.07644715160131454,-0.07648410648107529,3.695487976074219e-05
tau0.69_single|tau0.69_nine,train,chr17_58734177_C_G,synonymous,0.0024803606793284416,1.1458721160888672,-0.07639459520578384,-0.076431043446064,3.644824028015137e-05
tau0.69_single|tau0.69_nine,train,chr17_58734186_C_T,synonymous,0.0025071101263165474,1.168304204940796,-0.07696221768856049,-0.07700242847204208,4.02107834815979e-05
tau0.69_single|tau0.69_nine,train,chr17_58734187_C_A,synonymous,0.002562222769483924,1.1699011325836182,-0.07697691023349762,-0.07701710611581802,4.019588232040405e-05
tau0.69_single|tau0.69_nine,train,chr17_58734195_A_T,synonymous,0.002713414840400219,1.1698651313781738,-0.07775307446718216,-0.07779355347156525,4.047900438308716e-05
tau0.69_single|tau0.69_nine,train,chr17_58734198_A_T,synonymous,0.0027243425138294697,1.1745078563690186,-0.07813268899917603,-0.0781741812825203,4.14922833442688e-05
tau0.69_single|tau0.69_nine,train,chr17_58734201_A_C,synonymous,0.002908701077103615,1.172885537147522,-0.07845301181077957,-0.0784933790564537,4.03672456741333e-05
tau0.69_single|tau0.69_nine,train,chr17_58734207_A_G,synonymous,0.0032405469100922346,1.1643974781036377,-0.07820424437522888,-0.07824194431304932,3.769993782043457e-05
tau0.69_single|tau0.69_nine,train,chr17_58734216_A_G,synonymous,0.004174698144197464,1.142589807510376,-0.07785531878471375,-0.077890545129776,3.522634506225586e-05
tau0.69_single|tau0.69_nine,train,chr17_58734217_TTA_CTT,synonymous,0.004709499888122082,1.1385730504989624,-0.07815738022327423,-0.07819285988807678,3.547966480255127e-05
tau0.69_single|tau0.69_nine,train,chr17_58692647_CGC_,indel,0.009056351147592068,0.9570019841194153,0.018636858090758324,0.018683940172195435,-4.70820814371109e-05
tau0.69_single|tau0.69_nine,train,chr17_58692656_ACG_,indel,0.007621366064995527,0.9596946239471436,0.016850588843226433,0.01689348742365837,-4.289858043193817e-05
tau0.69_single|tau0.69_nine,train,chr17_58692659_TTC_,indel,0.007406947668641806,0.9338642358779907,0.01839319057762623,0.01843259297311306,-3.9402395486831665e-05
tau0.69_single|tau0.69_nine,train,chr17_58692671_ATG_,indel,0.006175494287163019,0.936055600643158,0.02233332023024559,0.0223679281771183,-3.460794687271118e-05
tau0.69_single|tau0.69_nine,train,chr17_58692680_GAT_,indel,0.00565410265699029,0.8810449242591858,0.02398555353283882,0.02402241714298725,-3.686361014842987e-05
tau0.69_single|tau0.69_nine,train,chr17_58692683_TTG_,indel,0.00536356633529067,0.9091585874557495,0.031229501590132713,0.03125137463212013,-2.187304198741913e-05
tau0.69_single|tau0.69_nine,train,chr17_58692704_CCG_,indel,0.005391490180045366,0.9403995871543884,0.03423459827899933,0.03424103185534477,-6.433576345443726e-06
tau0.69_single|tau0.69_nine,train,chr17_58692719_AAG_,indel,0.005610244814306498,1.0916129350662231,0.04029698669910431,0.04029526188969612,1.7248094081878662e-06
tau0.69_single|tau0.69_nine,train,chr17_58692725_GTG_,indel,0.005648383870720863,0.8900416493415833,0.03398200497031212,0.033986710011959076,-4.7050416469573975e-06
tau0.69_single|tau0.69_nine,train,chr17_58692728_TCT_,indel,0.005505138076841831,0.855490505695343,0.035225845873355865,0.03522157296538353,4.2729079723358154e-06
tau0.69_single|tau0.69_nine,train,chr17_58692734_GGG_,indel,0.0056607481092214584,0.757114827632904,0.027941467240452766,0.027956822887063026,-1.535564661026001e-05
tau0.69_single|tau0.69_nine,train,chr17_58692743_ACT_,indel,0.005629458464682102,0.8221801519393921,0.022889969870448112,0.022908875718712807,-1.8905848264694214e-05
tau0.69_single|tau0.69_nine,train,chr17_58692746_GCT_,indel,0.005116406362503767,0.8008081316947937,0.024240007624030113,0.02425496093928814,-1.4953315258026123e-05
tau0.69_single|tau0.69_nine,train,chr17_58692755_CTC_,indel,0.006013730075210333,0.8789922595024109,0.024812797084450722,0.02486085146665573,-4.805438220500946e-05
tau0.69_single|tau0.69_nine,train,chr17_58692767_AAA_,indel,0.0057705058716237545,0.8651056885719299,0.027067625895142555,0.027112746611237526,-4.51207160949707e-05
tau0.69_single|tau0.69_nine,train,chr17_58692779_CTT_,indel,0.00584591506049037,1.3916740417480469,0.036780498921871185,0.03678176924586296,-1.2703239917755127e-06
tau0.69_single|tau0.69_nine,train,chr17_58692785_AAA_,indel,0.0052452366799116135,0.9430605173110962,0.02543030120432377,0.025448884814977646,-1.8583610653877258e-05
tau0.69_single|tau0.69_nine,train,chr17_58694939_ATA_,indel,0.005859974306076765,1.0024375915527344,0.026058001443743706,0.02607228420674801,-1.4282763004302979e-05
tau0.69_single|tau0.69_nine,train,chr17_58694945_AAA_,indel,0.0053520891815423965,1.11709725856781,0.02610084041953087,0.026118312031030655,-1.7471611499786377e-05
tau0.69_single|tau0.69_nine,train,chr17_58694948_GCA_,indel,0.005315418820828199,1.1164791584014893,0.0250199344009161,0.02504006028175354,-2.012588083744049e-05
tau0.1_single|tau0.1_nine,train,chr17_58709951_C_A,synonymous,0.016363903880119324,0.7141467332839966,-0.05935698375105858,-0.059559836983680725,0.0002028532326221466
tau0.1_single|tau0.1_nine,train,chr17_58709963_C_A,synonymous,0.016217095777392387,0.7274128198623657,-0.060917410999536514,-0.06099768728017807,8.027628064155579e-05
tau0.1_single|tau0.1_nine,train,chr17_58709964_AGC_TCT,synonymous,0.017092343419790268,0.7283766269683838,-0.06185870245099068,-0.06198124587535858,0.00012254342436790466
tau0.1_single|tau0.1_nine,train,chr17_58709969_T_G,synonymous,0.011657495982944965,0.7158948183059692,-0.06217345967888832,-0.06227799504995346,0.00010453537106513977
tau0.1_single|tau0.1_nine,train,chr17_58709978_T_C,synonymous,0.009230154566466808,0.71095871925354,-0.06363200396299362,-0.06378798186779022,0.00015597790479660034
tau0.1_single|tau0.1_nine,train,chr17_58709987_A_G,synonymous,0.003996063023805618,0.7419015765190125,-0.06482504308223724,-0.0648331567645073,8.113682270050049e-06
tau0.1_single|tau0.1_nine,train,chr17_58720754_A_G,synonymous,0.005064456723630428,0.7053872346878052,-0.06304310262203217,-0.06304764747619629,4.544854164123535e-06
tau0.1_single|tau0.1_nine,train,chr17_58720752_TTA_CTG,synonymous,0.005064456723630428,0.7053872346878052,-0.06304310262203217,-0.06304764747619629,4.544854164123535e-06
tau0.1_single|tau0.1_nine,train,chr17_58720769_A_C,synonymous,0.010571003891527653,0.6938244700431824,-0.061089832335710526,-0.061096206307411194,6.373971700668335e-06
tau0.1_single|tau0.1_nine,train,chr17_58720781_T_C,synonymous,0.008020264096558094,0.7062146067619324,-0.06358963996171951,-0.06375075876712799,0.00016111880540847778
tau0.1_single|tau0.1_nine,train,chr17_58720796_G_A,synonymous,0.011806013993918896,0.7201797366142273,-0.06305944174528122,-0.06315791606903076,9.847432374954224e-05
tau0.1_single|tau0.1_nine,train,chr17_58720799_T_C,synonymous,0.009979946538805962,0.7165963649749756,-0.06141209229826927,-0.061476223170757294,6.413087248802185e-05
tau0.1_single|tau0.1_nine,train,chr17_58720811_A_G,synonymous,0.007880371995270252,0.6948591470718384,-0.0596553198993206,-0.05962303280830383,-3.228709101676941e-05
tau0.1_single|tau0.1_nine,train,chr17_58724044_A_G,synonymous,0.0069234916009008884,0.715886652469635,-0.06195240840315819,-0.06195107102394104,-1.3373792171478271e-06
tau0.1_single|tau0.1_nine,train,chr17_58724059_T_C,synonymous,0.008001194335520267,0.7313640713691711,-0.05865388736128807,-0.05878491699695587,0.0001310296356678009
tau0.1_single|tau0.1_nine,train,chr17_58724062_T_C,synonymous,0.008737139403820038,0.7232942581176758,-0.0595751516520977,-0.05959659069776535,2.1439045667648315e-05
tau0.1_single|tau0.1_nine,train,chr17_58724074_A_C,synonymous,0.006089314352720976,0.6895129084587097,-0.06031379476189613,-0.060292668640613556,-2.1126121282577515e-05
tau0.1_single|tau0.1_nine,train,chr17_58724077_C_A,synonymous,0.00917874462902546,0.6918781995773315,-0.05911725386977196,-0.05922352522611618,0.00010627135634422302
tau0.1_single|tau0.1_nine,train,chr17_58732487_G_A,synonymous,0.005377660039812326,0.7380226254463196,-0.06212570145726204,-0.06212036311626434,-5.338340997695923e-06
tau0.1_single|tau0.1_nine,train,chr17_58732490_A_C,synonymous,0.011654959991574287,0.7368735671043396,-0.06263230741024017,-0.06256265938282013,-6.964802742004395e-05
tau0.1_single|tau0.1_nine,train,chr17_58732493_A_G,synonymous,0.008022250607609749,0.7328701019287109,-0.062279295176267624,-0.06234423816204071,6.494298577308655e-05
tau0.1_single|tau0.1_nine,train,chr17_58732494_TTG_CTT,synonymous,0.008464029058814049,0.7319715619087219,-0.06289157271385193,-0.06286480277776718,-2.6769936084747314e-05
tau0.1_single|tau0.1_nine,train,chr17_58732511_C_T,synonymous,0.0042700148187577724,0.733038604259491,-0.06290394812822342,-0.06300551444292068,0.00010156631469726562
tau0.1_single|tau0.1_nine,train,chr17_58732526_A_C,synonymous,0.00552374729886651,0.7470186352729797,-0.06262121349573135,-0.0626533254981041,3.21120023727417e-05
tau0.1_single|tau0.1_nine,train,chr17_58732530_C_T,synonymous,0.006441115401685238,0.7420527935028076,-0.06242268905043602,-0.06242848187685013,5.792826414108276e-06
tau0.1_single|tau0.1_nine,train,chr17_58732541_C_T,synonymous,0.004204556345939636,0.7481348514556885,-0.06085485592484474,-0.06096365302801132,0.0001087971031665802
tau0.1_single|tau0.1_nine,train,chr17_58734120_T_C,synonymous,0.00447663152590394,0.793748140335083,-0.06435014307498932,-0.06450361758470535,0.00015347450971603394
tau0.1_single|tau0.1_nine,train,chr17_58734130_A_C,synonymous,0.004265224561095238,0.8902781009674072,-0.06656424701213837,-0.06664276868104935,7.852166891098022e-05
tau0.1_single|tau0.1_nine,train,chr17_58734130_AGA_CGC,synonymous,0.004265224561095238,0.8902781009674072,-0.06656424701213837,-0.06664276868104935,7.852166891098022e-05
tau0.1_single|tau0.1_nine,train,chr17_58734141_T_G,synonymous,0.0027671735733747482,0.916248619556427,-0.07098876684904099,-0.07111115008592606,0.0001223832368850708
tau0.1_single|tau0.1_nine,train,chr17_58734150_T_G,synonymous,0.005004243925213814,0.9999892711639404,-0.07508769631385803,-0.07521037757396698,0.00012268126010894775
tau0.1_single|tau0.1_nine,train,chr17_58734153_A_G,synonymous,0.002307736314833164,1.0297911167144775,-0.0756043791770935,-0.07573367655277252,0.0001292973756790161
tau0.1_single|tau0.1_nine,train,chr17_58734157_TCA_AGC,synonymous,0.001686129136942327,1.0733237266540527,-0.07702402025461197,-0.07716422528028488,0.0001402050256729126
tau0.1_single|tau0.1_nine,train,chr17_58734168_A_T,synonymous,0.00450920732691884,1.095923900604248,-0.07659623771905899,-0.07669438421726227,9.814649820327759e-05
tau0.1_single|tau0.1_nine,train,chr17_58734174_T_A,synonymous,0.003655621549114585,1.1103178262710571,-0.07792084664106369,-0.0780348926782608,0.00011404603719711304
tau0.1_single|tau0.1_nine,train,chr17_58734177_C_G,synonymous,0.006251845974475145,1.11552095413208,-0.07786882668733597,-0.07797452807426453,0.00010570138692855835
tau0.1_single|tau0.1_nine,train,chr17_58734186_C_T,synonymous,0.009332259185612202,1.1265723705291748,-0.07822477072477341,-0.07834019511938095,0.00011542439460754395
tau0.1_single|tau0.1_nine,train,chr17_58734187_C_A,synonymous,0.011951744556427002,1.1245098114013672,-0.07820932567119598,-0.07832049578428268,0.00011117011308670044
tau0.1_single|tau0.1_nine,train,chr17_58734195_A_T,synonymous,0.010314131155610085,1.1274912357330322,-0.07904674112796783,-0.07915813475847244,0.00011139363050460815
tau0.1_single|tau0.1_nine,train,chr17_58734198_A_T,synonymous,0.011106601916253567,1.1355526447296143,-0.07951642572879791,-0.07963898032903671,0.00012255460023880005
tau0.1_single|tau0.1_nine,train,chr17_58734201_A_C,synonymous,0.014826791360974312,1.1377068758010864,-0.07990746945142746,-0.08001542091369629,0.00010795146226882935
tau0.1_single|tau0.1_nine,train,chr17_58734207_A_G,synonymous,0.016832610592246056,1.1389085054397583,-0.07981111109256744,-0.07990112900733948,9.001791477203369e-05
tau0.1_single|tau0.1_nine,train,chr17_58734216_A_G,synonymous,0.022368330508470535,1.1245183944702148,-0.07958603650331497,-0.07964304089546204,5.700439214706421e-05
tau0.1_single|tau0.1_nine,train,chr17_58734217_TTA_CTT,synonymous,0.03047810308635235,1.1245839595794678,-0.07994723320007324,-0.07998690754175186,3.9674341678619385e-05
tau0.1_single|tau0.1_nine,train,chr17_58692647_CGC_,indel,0.018500257283449173,1.0203815698623657,0.017741180956363678,0.017863504588603973,-0.0001223236322402954
tau0.1_single|tau0.1_nine,train,chr17_58692656_ACG_,indel,0.01508273370563984,1.0199133157730103,0.01601223088800907,0.016125958412885666,-0.00011372752487659454
tau0.1_single|tau0.1_nine,train,chr17_58692659_TTC_,indel,0.01348517369478941,0.9877355694770813,0.017650295048952103,0.01776348613202572,-0.00011319108307361603
tau0.1_single|tau0.1_nine,train,chr17_58692671_ATG_,indel,0.01075497642159462,0.9729732275009155,0.021450035274028778,0.021596884354948997,-0.00014684908092021942
tau0.1_single|tau0.1_nine,train,chr17_58692680_GAT_,indel,0.011526988819241524,0.9224910736083984,0.02294660359621048,0.023121630772948265,-0.00017502717673778534
tau0.1_single|tau0.1_nine,train,chr17_58692683_TTG_,indel,0.011646520346403122,0.9528660178184509,0.030691228806972504,0.030841754749417305,-0.00015052594244480133
tau0.1_single|tau0.1_nine,train,chr17_58692704_CCG_,indel,0.009067141450941563,0.9759200811386108,0.034294404089450836,0.03440235182642937,-0.00010794773697853088
tau0.1_single|tau0.1_nine,train,chr17_58692719_AAG_,indel,0.010633835569024086,1.1525763273239136,0.040477510541677475,0.04063025116920471,-0.00015274062752723694
tau0.1_single|tau0.1_nine,train,chr17_58692725_GTG_,indel,0.013654261827468872,0.9609630107879639,0.03396839275956154,0.034044280648231506,-7.588788866996765e-05
tau0.1_single|tau0.1_nine,train,chr17_58692728_TCT_,indel,0.014758504927158356,0.9233207702636719,0.035656414926052094,0.035703714936971664,-4.730001091957092e-05
tau0.1_single|tau0.1_nine,train,chr17_58692734_GGG_,indel,0.009417903609573841,0.7836341857910156,0.027908416464924812,0.02798748016357422,-7.906369864940643e-05
tau0.1_single|tau0.1_nine,train,chr17_58692743_ACT_,indel,0.011328046210110188,0.8454753756523132,0.022639138624072075,0.02272864617407322,-8.950755000114441e-05
tau0.1_single|tau0.1_nine,train,chr17_58692746_GCT_,indel,0.010423478670418262,0.8238140940666199,0.02410765178501606,0.024193309247493744,-8.565746247768402e-05
tau0.1_single|tau0.1_nine,train,chr17_58692755_CTC_,indel,0.015874972566962242,0.9365443587303162,0.0230336245149374,0.02333563193678856,-0.00030200742185115814
tau0.1_single|tau0.1_nine,train,chr17_58692767_AAA_,indel,0.012392383068799973,0.9057583212852478,0.02555258385837078,0.02583806775510311,-0.0002854838967323303
tau0.1_single|tau0.1_nine,train,chr17_58692779_CTT_,indel,0.017786826938390732,1.51515793800354,0.0373186394572258,0.03734667971730232,-2.8040260076522827e-05
tau0.1_single|tau0.1_nine,train,chr17_58692785_AAA_,indel,0.008247891440987587,0.9787449836730957,0.025348449125885963,0.025403477251529694,-5.5028125643730164e-05
tau0.1_single|tau0.1_nine,train,chr17_58694939_ATA_,indel,0.011659537442028522,1.05190110206604,0.026340799406170845,0.026392340660095215,-5.154125392436981e-05
tau0.1_single|tau0.1_nine,train,chr17_58694945_AAA_,indel,0.009637405164539814,1.181311845779419,0.025896357372403145,0.02600390836596489,-0.00010755099356174469
tau0.1_single|tau0.1_nine,train,chr17_58694948_GCA_,indel,0.00962846726179123,1.1769276857376099,0.024726063013076782,0.02483287826180458,-0.00010681524872779846
tau0.69_single|tau0.69_nine,train,chr17_58694954_GCC_,indel,0.005340785253793001,1.2508580684661865,0.02607145346701145,0.026103056967258453,-3.160350024700165e-05
tau0.69_single|tau0.69_nine,train,chr17_58694963_ACT_,indel,0.0057251001708209515,1.2665464878082275,0.029712459072470665,0.029724910855293274,-1.2451782822608948e-05
tau0.69_single|tau0.69_nine,train,chr17_58694966_CTG_,indel,0.005572049412876368,1.2681702375411987,0.03426050394773483,0.03425600752234459,4.49642539024353e-06
tau0.69_single|tau0.69_nine,train,chr17_58694972_ATT_,indel,0.005224455147981644,1.0143871307373047,0.027317069470882416,0.027331799268722534,-1.4729797840118408e-05
tau0.69_single|tau0.69_nine,train,chr17_58694981_AGA_,indel,0.005199124105274677,0.9512264728546143,0.017856061458587646,0.017886973917484283,-3.091245889663696e-05
tau0.69_single|tau0.69_nine,train,chr17_58694987_TGT_,indel,0.005617592949420214,0.9698789119720459,0.01756761036813259,0.01760983094573021,-4.22205775976181e-05
tau0.69_single|tau0.69_nine,train,chr17_58694993_ACA_,indel,0.005328566767275333,0.9262242913246155,0.018098991364240646,0.018134020268917084,-3.502890467643738e-05
tau0.69_single|tau0.69_nine,train,chr17_58695005_AGA_,indel,0.005191121716052294,0.8961761593818665,0.018619176000356674,0.01863943412899971,-2.025812864303589e-05
tau0.69_single|tau0.69_nine,train,chr17_58695014_GGT_,indel,0.005390448030084372,0.9287403225898743,0.016697440296411514,0.01672801747918129,-3.057718276977539e-05
tau0.69_single|tau0.69_nine,train,chr17_58695020_TCT_,indel,0.005400210618972778,0.9070378541946411,0.017152557149529457,0.017170852050185204,-1.829490065574646e-05
tau0.69_single|tau0.69_nine,train,chr17_58695029_CAC_,indel,0.005585920065641403,0.9079589247703552,0.016151322051882744,0.0161766167730093,-2.5294721126556396e-05
tau0.69_single|tau0.69_nine,train,chr17_58695038_TGT_,indel,0.005807483568787575,0.849158525466919,0.020843373611569405,0.020882396027445793,-3.902241587638855e-05
tau0.69_single|tau0.69_nine,train,chr17_58695041_ACA_,indel,0.00562308169901371,0.79133141040802,0.02544761821627617,0.025482889264822006,-3.52710485458374e-05
tau0.69_single|tau0.69_nine,train,chr17_58695056_CTT_,indel,0.0054109590128064156,0.8018161058425903,0.02944974973797798,0.029457855969667435,-8.106231689453125e-06
tau0.69_single|tau0.69_nine,train,chr17_58695065_GAG_,indel,0.00545366620644927,0.8007868528366089,0.024929514154791832,0.024945342913269997,-1.5828758478164673e-05
tau0.69_single|tau0.69_nine,train,chr17_58695068_CAT_,indel,0.005532009527087212,0.8371753692626953,0.020905666053295135,0.02093931846320629,-3.36524099111557e-05
tau0.69_single|tau0.69_nine,train,chr17_58695074_CAG_,indel,0.005952926818281412,0.8288007378578186,0.022468235343694687,0.022516589611768723,-4.8354268074035645e-05
tau0.69_single|tau0.69_nine,train,chr17_58695089_ACC_,indel,0.005351763218641281,0.8088376522064209,0.028701823204755783,0.028730090707540512,-2.8267502784729004e-05
tau0.69_single|tau0.69_nine,train,chr17_58695101_GCA_,indel,0.005501304287463427,0.9515343904495239,0.03394700214266777,0.033962834626436234,-1.5832483768463135e-05
tau0.69_single|tau0.69_nine,train,chr17_58695110_GAT_,indel,0.006089161615818739,1.2892301082611084,0.04225275665521622,0.04223620519042015,1.6551464796066284e-05
tau0.69_single|tau0.69_nine,train,chr17_58695125_GGA_,indel,0.00550861656665802,0.8632537722587585,0.03266574814915657,0.0327080599963665,-4.231184720993042e-05
tau0.69_single|tau0.69_nine,train,chr17_58695119_GGG_,indel,0.00550861656665802,0.8632537722587585,0.03266574814915657,0.0327080599963665,-4.231184720993042e-05
tau0.69_single|tau0.69_nine,train,chr17_58695134_TTA_,indel,0.006291429977864027,1.1916857957839966,0.03958506882190704,0.03958586975932121,-8.009374141693115e-07
tau0.69_single|tau0.69_nine,train,chr17_58695149_GAA_,indel,0.0061578890308737755,2.0974717140197754,0.05289079248905182,0.0528884157538414,2.376735210418701e-06
tau0.69_single|tau0.69_nine,train,chr17_58695161_GCA_,indel,0.007557554170489311,2.1958537101745605,0.05410895496606827,0.054093051701784134,1.590326428413391e-05
tau0.69_single|tau0.69_nine,train,chr17_58695167_GGT_,indel,0.007427426055073738,2.1200785636901855,0.051006853580474854,0.05099574849009514,1.1105090379714966e-05
tau0.69_single|tau0.69_nine,train,chr17_58695173_GGA_,indel,0.007079462520778179,1.5724087953567505,0.04861147701740265,0.04860851913690567,2.9578804969787598e-06
tau0.69_single|tau0.69_nine,train,chr17_58695182_CAA_,indel,0.006380737293511629,1.8908666372299194,0.048994794487953186,0.049031417816877365,-3.662332892417908e-05
tau0.69_single|tau0.69_nine,train,chr17_58696694_ATG_,indel,0.0066098375245928764,1.9465885162353516,0.05447724461555481,0.05446765199303627,9.592622518539429e-06
tau0.69_single|tau0.69_nine,train,chr17_58696697_CAG_,indel,0.006536542903631926,1.8597049713134766,0.054783500730991364,0.054794877767562866,-1.1377036571502686e-05
tau0.69_single|tau0.69_nine,train,chr17_58696712_GTG_,indel,0.005427073687314987,0.943466067314148,0.0379718616604805,0.03800222650170326,-3.036484122276306e-05
tau0.69_single|tau0.69_nine,train,chr17_58696724_GAA_,indel,0.005270301830023527,0.758611798286438,0.0314449705183506,0.031472090631723404,-2.7120113372802734e-05
tau0.69_single|tau0.69_nine,train,chr17_58696727_TGT_,indel,0.005200577434152365,0.7483599781990051,0.030167106539011,0.03018755465745926,-2.0448118448257446e-05
tau0.69_single|tau0.69_nine,train,chr17_58696733_GGA_,indel,0.005124542862176895,0.7556939721107483,0.03235261142253876,0.032370179891586304,-1.7568469047546387e-05
tau0.69_single|tau0.69_nine,train,chr17_58696742_GCA_,indel,0.0053344606421887875,0.7292071580886841,0.03389454632997513,0.03393007442355156,-3.5528093576431274e-05
tau0.69_single|tau0.69_nine,train,chr17_58696745_GGT_,indel,0.005509780719876289,0.7221017479896545,0.032858557999134064,0.03290051221847534,-4.1954219341278076e-05
tau0.69_single|tau0.69_nine,train,chr17_58696751_GCA_,indel,0.005757515784353018,1.0033552646636963,0.04347102344036102,0.04346819221973419,2.8312206268310547e-06
tau0.69_single|tau0.69_nine,train,chr17_58696757_TTT_,indel,0.005728103686124086,1.162253975868225,0.04709140211343765,0.04709161818027496,-2.1606683731079102e-07
tau0.69_single|tau0.69_nine,train,chr17_58696760_ATT_,indel,0.005797298159450293,1.310491919517517,0.048712342977523804,0.04870612546801567,6.2175095081329346e-06
tau0.69_single|tau0.69_nine,train,chr17_58696769_GAG_,indel,0.005803231615573168,0.9185262322425842,0.040498651564121246,0.040530890226364136,-3.2238662242889404e-05
tau0.69_single|tau0.69_nine,train,chr17_58696778_TTT_,indel,0.006023382302373648,1.009420394897461,0.041812486946582794,0.04183318465948105,-2.0697712898254395e-05
tau0.69_single|tau0.69_nine,train,chr17_58696787_GAT_,indel,0.0056063337251544,1.0110567808151245,0.04107828438282013,0.04107590764760971,2.376735210418701e-06
tau0.69_single|tau0.69_nine,train,chr17_58696790_AGA_,indel,0.0059137544594705105,1.163182258605957,0.042036592960357666,0.04202747717499733,9.115785360336304e-06
tau0.69_single|tau0.69_nine,train,chr17_58696793_GTG_,indel,0.006431272719055414,1.208236575126648,0.0379980206489563,0.037972647696733475,2.5372952222824097e-05
tau0.69_single|tau0.69_nine,train,chr17_58696805_GCT_,indel,0.005591958295553923,1.2177842855453491,0.03796344995498657,0.037967830896377563,-4.380941390991211e-06
tau0.69_single|tau0.69_nine,train,chr17_58696808_ACT_,indel,0.005635864567011595,1.157972812652588,0.03853341192007065,0.038542915135622025,-9.503215551376343e-06
tau0.69_single|tau0.69_nine,train,chr17_58696814_TGC_,indel,0.00553966173902154,1.189291000366211,0.03704148530960083,0.03705188259482384,-1.0397285223007202e-05
tau0.69_single|tau0.69_nine,train,chr17_58696826_CTT_,indel,0.004900294356048107,0.8615301251411438,0.031175654381513596,0.0311875119805336,-1.1857599020004272e-05
tau0.69_single|tau0.69_nine,train,chr17_58696829_CAG_,indel,0.0050919135101139545,0.7991241812705994,0.030254071578383446,0.03027300350368023,-1.8931925296783447e-05
tau0.69_single|tau0.69_nine,train,chr17_58696835_ATA_,indel,0.005025959573686123,0.8225097060203552,0.02841784991323948,0.028439057990908623,-2.1208077669143677e-05
tau0.69_single|tau0.69_nine,train,chr17_58696844_AAA_,indel,0.004997404292225838,0.8698915243148804,0.021944787353277206,0.021968409419059753,-2.3622065782546997e-05
tau0.69_single|tau0.69_nine,train,chr17_58696847_CAC_,indel,0.005115833133459091,0.863034188747406,0.022312482818961143,0.02234220691025257,-2.9724091291427612e-05
tau0.69_single|tau0.69_nine,train,chr17_58696850_AAG_,indel,0.005288196727633476,0.8886834383010864,0.019443387165665627,0.019484059885144234,-4.067271947860718e-05
tau0.69_single|tau0.69_nine,train,chr17_58703204_AAA_,indel,0.005130674224346876,0.8585416674613953,0.02460326999425888,0.024634452536702156,-3.118254244327545e-05
tau0.69_single|tau0.69_nine,train,chr17_58703216_GAT_,indel,0.005197424907237291,0.8340722918510437,0.022477786988019943,0.022514766082167625,-3.697909414768219e-05
tau0.69_single|tau0.69_nine,train,chr17_58703219_TTC_,indel,0.005241182632744312,0.8251795768737793,0.02844708226621151,0.02847045101225376,-2.3368746042251587e-05
tau0.69_single|tau0.69_nine,train,chr17_58703228_GAT_,indel,0.005338351707905531,0.7808772921562195,0.030493853613734245,0.030505578964948654,-1.1725351214408875e-05
tau0.69_single|tau0.69_nine,train,chr17_58703234_ATT_,indel,0.0054337275214493275,0.9136272072792053,0.03569354861974716,0.035722143948078156,-2.8595328330993652e-05
tau0.69_single|tau0.69_nine,train,chr17_58703237_CTT_,indel,0.005627620965242386,0.903843343257904,0.03609731048345566,0.03613043949007988,-3.31290066242218e-05
tau0.69_single|tau0.69_nine,train,chr17_58703243_CAT_,indel,0.00546087184920907,0.8974761366844177,0.035670191049575806,0.03568430617451668,-1.4115124940872192e-05
tau0.69_single|tau0.69_nine,train,chr17_58703258_CGC_,indel,0.0060416171327233315,1.2052521705627441,0.0433664470911026,0.043364088982343674,2.3581087589263916e-06
tau0.69_single|tau0.69_nine,train,chr17_58703267_GAC_,indel,0.005879668984562159,1.305544137954712,0.04436244070529938,0.044349540024995804,1.2900680303573608e-05
tau0.69_single|tau0.69_nine,train,chr17_58703270_TAC_,indel,0.006020674481987953,1.2334343194961548,0.04268895089626312,0.042667753994464874,2.119690179824829e-05
tau0.69_single|tau0.69_nine,train,chr17_58703276_GAG_,indel,0.005575390998274088,1.137018084526062,0.04162400960922241,0.04161200299859047,1.2006610631942749e-05
tau0.1_single|tau0.1_nine,train,chr17_58694954_GCC_,indel,0.0096467649564147,1.3118764162063599,0.02514253556728363,0.025314051657915115,-0.00017151609063148499
tau0.1_single|tau0.1_nine,train,chr17_58694963_ACT_,indel,0.012348148971796036,1.3370364904403687,0.029719118028879166,0.029780253767967224,-6.113573908805847e-05
tau0.1_single|tau0.1_nine,train,chr17_58694966_CTG_,indel,0.01384777296334505,1.3575401306152344,0.0349280945956707,0.03495084121823311,-2.2746622562408447e-05
tau0.1_single|tau0.1_nine,train,chr17_58694972_ATT_,indel,0.012085742317140102,1.0718814134597778,0.0272368211299181,0.027318358421325684,-8.153729140758514e-05
tau0.1_single|tau0.1_nine,train,chr17_58694981_AGA_,indel,0.010267317295074463,1.0003751516342163,0.016971241682767868,0.01713685318827629,-0.00016561150550842285
tau0.1_single|tau0.1_nine,train,chr17_58694987_TGT_,indel,0.01040403451770544,1.028991460800171,0.016323313117027283,0.01650807075202465,-0.00018475763499736786
tau0.1_single|tau0.1_nine,train,chr17_58694993_ACA_,indel,0.01043524220585823,0.9806115627288818,0.017042651772499084,0.017225192859768867,-0.00018254108726978302
tau0.1_single|tau0.1_nine,train,chr17_58695005_AGA_,indel,0.00985498633235693,0.9313180446624756,0.01858547143638134,0.018656548112630844,-7.107667624950409e-05
tau0.1_single|tau0.1_nine,train,chr17_58695014_GGT_,indel,0.01007551234215498,0.9773297905921936,0.016146525740623474,0.016263194382190704,-0.00011666864156723022
tau0.1_single|tau0.1_nine,train,chr17_58695020_TCT_,indel,0.009947145357728004,0.9429038166999817,0.01723123900592327,0.01727437414228916,-4.31351363658905e-05
tau0.1_single|tau0.1_nine,train,chr17_58695029_CAC_,indel,0.00997070036828518,0.9427838325500488,0.015934931114315987,0.015987539663910866,-5.260854959487915e-05
tau0.1_single|tau0.1_nine,train,chr17_58695038_TGT_,indel,0.013035296462476254,0.8983848094940186,0.019652027636766434,0.019859952852129936,-0.0002079252153635025
tau0.1_single|tau0.1_nine,train,chr17_58695041_ACA_,indel,0.012204805389046669,0.8246052861213684,0.024297310039401054,0.024524971842765808,-0.00022766180336475372
tau0.1_single|tau0.1_nine,train,chr17_58695056_CTT_,indel,0.010870074853301048,0.8389760851860046,0.029531026259064674,0.029605288058519363,-7.426179945468903e-05
tau0.1_single|tau0.1_nine,train,chr17_58695065_GAG_,indel,0.010076501406729221,0.8238711953163147,0.024698132649064064,0.024760697036981583,-6.256438791751862e-05
tau0.1_single|tau0.1_nine,train,chr17_58695068_CAT_,indel,0.01039678230881691,0.8868251442909241,0.019759615883231163,0.019924206659197807,-0.0001645907759666443
tau0.1_single|tau0.1_nine,train,chr17_58695074_CAG_,indel,0.01353329885751009,0.8991469144821167,0.02067207172513008,0.0208898913115263,-0.00021781958639621735
tau0.1_single|tau0.1_nine,train,chr17_58695089_ACC_,indel,0.00895665306597948,0.8424294590950012,0.02799106203019619,0.028139449656009674,-0.0001483876258134842
tau0.1_single|tau0.1_nine,train,chr17_58695101_GCA_,indel,0.00918280053883791,1.0001826286315918,0.03355321288108826,0.03370290994644165,-0.00014969706535339355
tau0.1_single|tau0.1_nine,train,chr17_58695110_GAT_,indel,0.015546840615570545,1.4074311256408691,0.04314615577459335,0.043195612728595734,-4.945695400238037e-05
tau0.1_single|tau0.1_nine,train,chr17_58695125_GGA_,indel,0.011634791269898415,0.8856092691421509,0.030814629048109055,0.03113832324743271,-0.0003236941993236542
tau0.1_single|tau0.1_nine,train,chr17_58695119_GGG_,indel,0.011634791269898415,0.8856092691421509,0.030814629048109055,0.03113832324743271,-0.0003236941993236542
tau0.1_single|tau0.1_nine,train,chr17_58695134_TTA_,indel,0.01200838852673769,1.271544337272644,0.03959450125694275,0.03973925858736038,-0.00014475733041763306
tau0.1_single|tau0.1_nine,train,chr17_58695149_GAA_,indel,0.010834770277142525,2.1946358680725098,0.05255309119820595,0.05283397436141968,-0.00028088316321372986
tau0.1_single|tau0.1_nine,train,chr17_58695161_GCA_,indel,0.01539364643394947,2.3406291007995605,0.054272450506687164,0.05448728799819946,-0.00021483749151229858
tau0.1_single|tau0.1_nine,train,chr17_58695167_GGT_,indel,0.012144426815211773,2.2387423515319824,0.05080804601311684,0.051077812910079956,-0.0002697668969631195
tau0.1_single|tau0.1_nine,train,chr17_58695173_GGA_,indel,0.017950069159269333,1.7077577114105225,0.04833204671740532,0.04851752892136574,-0.0001854822039604187
tau0.1_single|tau0.1_nine,train,chr17_58695182_CAA_,indel,0.015737764537334442,1.9330960512161255,0.046822212636470795,0.04730326309800148,-0.0004810504615306854
tau0.1_single|tau0.1_nine,train,chr17_58696694_ATG_,indel,0.016438860446214676,2.0669257640838623,0.05451508238911629,0.05470365285873413,-0.00018857046961784363
tau0.1_single|tau0.1_nine,train,chr17_58696697_CAG_,indel,0.016630660742521286,1.9642539024353027,0.05413573235273361,0.05440114438533783,-0.00026541203260421753
tau0.1_single|tau0.1_nine,train,chr17_58696712_GTG_,indel,0.01281182374805212,0.9833417534828186,0.03660620376467705,0.03688738867640495,-0.0002811849117279053
tau0.1_single|tau0.1_nine,train,chr17_58696724_GAA_,indel,0.012872373685240746,0.7930317521095276,0.03054739721119404,0.030750593170523643,-0.0002031959593296051
tau0.1_single|tau0.1_nine,train,chr17_58696727_TGT_,indel,0.010323984548449516,0.7814710736274719,0.0295784343034029,0.029735777527093887,-0.00015734322369098663
tau0.1_single|tau0.1_nine,train,chr17_58696733_GGA_,indel,0.00941857323050499,0.7767336964607239,0.03193477541208267,0.03208814188838005,-0.00015336647629737854
tau0.1_single|tau0.1_nine,train,chr17_58696742_GCA_,indel,0.015308605507016182,0.7468821406364441,0.03234107419848442,0.03264951705932617,-0.0003084428608417511
tau0.1_single|tau0.1_nine,train,chr17_58696745_GGT_,indel,0.01592600718140602,0.7427105903625488,0.03079109638929367,0.031131252646446228,-0.0003401562571525574
tau0.1_single|tau0.1_nine,train,chr17_58696751_GCA_,indel,0.015762876719236374,1.0749695301055908,0.04329102858901024,0.043470073491334915,-0.00017904490232467651
tau0.1_single|tau0.1_nine,train,chr17_58696757_TTT_,indel,0.01271023228764534,1.2175571918487549,0.04666656255722046,0.046878017485141754,-0.00021145492792129517
tau0.1_single|tau0.1_nine,train,chr17_58696760_ATT_,indel,0.012981909327208996,1.37758207321167,0.0486246757209301,0.04880250245332718,-0.00017782673239707947
tau0.1_single|tau0.1_nine,train,chr17_58696769_GAG_,indel,0.014312513172626495,0.924169659614563,0.0389140285551548,0.039232153445482254,-0.0003181248903274536
tau0.1_single|tau0.1_nine,train,chr17_58696778_TTT_,indel,0.011114601977169514,1.0245808362960815,0.04107983782887459,0.041309915482997894,-0.00023007765412330627
tau0.1_single|tau0.1_nine,train,chr17_58696787_GAT_,indel,0.011500406078994274,1.0693035125732422,0.041239362210035324,0.04134425148367882,-0.00010488927364349365
tau0.1_single|tau0.1_nine,train,chr17_58696790_AGA_,indel,0.014766732230782509,1.262451171875,0.04236333444714546,0.04246488958597183,-0.00010155513882637024
tau0.1_single|tau0.1_nine,train,chr17_58696793_GTG_,indel,0.024574056267738342,1.3360443115234375,0.039485521614551544,0.03941367194056511,7.184967398643494e-05
tau0.1_single|tau0.1_nine,train,chr17_58696805_GCT_,indel,0.013956865295767784,1.2986646890640259,0.03773592412471771,0.037851788103580475,-0.00011586397886276245
tau0.1_single|tau0.1_nine,train,chr17_58696808_ACT_,indel,0.015678994357585907,1.2277653217315674,0.03800563886761665,0.03818847984075546,-0.0001828409731388092
tau0.1_single|tau0.1_nine,train,chr17_58696814_TGC_,indel,0.017299551516771317,1.2659149169921875,0.036642156541347504,0.036780308932065964,-0.00013815239071846008
tau0.1_single|tau0.1_nine,train,chr17_58696826_CTT_,indel,0.011083493009209633,0.8999701738357544,0.031039994210004807,0.031123146414756775,-8.315220475196838e-05
tau0.1_single|tau0.1_nine,train,chr17_58696829_CAG_,indel,0.010025682859122753,0.8280025720596313,0.02984423190355301,0.02995135635137558,-0.0001071244478225708
tau0.1_single|tau0.1_nine,train,chr17_58696835_ATA_,indel,0.009335336275398731,0.8536349534988403,0.02768782153725624,0.027854233980178833,-0.00016641244292259216
tau0.1_single|tau0.1_nine,train,chr17_58696844_AAA_,indel,0.009260132908821106,0.9005158543586731,0.021447328850626945,0.02152850292623043,-8.117407560348511e-05
tau0.1_single|tau0.1_nine,train,chr17_58696847_CAC_,indel,0.009418422356247902,0.9010552763938904,0.021488042548298836,0.02162615768611431,-0.00013811513781547546
tau0.1_single|tau0.1_nine,train,chr17_58696850_AAG_,indel,0.011766485869884491,0.9409803748130798,0.01819915510714054,0.018388602882623672,-0.0001894477754831314
tau0.1_single|tau0.1_nine,train,chr17_58703204_AAA_,indel,0.00936068594455719,0.8979016542434692,0.023694003000855446,0.023848555982112885,-0.00015455298125743866
tau0.1_single|tau0.1_nine,train,chr17_58703216_GAT_,indel,0.009920761920511723,0.87385493516922,0.021454285830259323,0.021608587354421616,-0.00015430152416229248
tau0.1_single|tau0.1_nine,train,chr17_58703219_TTC_,indel,0.009956788271665573,0.8607288599014282,0.027934860438108444,0.028059879317879677,-0.0001250188797712326
tau0.1_single|tau0.1_nine,train,chr17_58703228_GAT_,indel,0.00934075377881527,0.8148717284202576,0.030387209728360176,0.03044956550002098,-6.235577166080475e-05
tau0.1_single|tau0.1_nine,train,chr17_58703234_ATT_,indel,0.009991972707211971,0.9583784341812134,0.03449486196041107,0.03471368923783302,-0.0002188272774219513
tau0.1_single|tau0.1_nine,train,chr17_58703237_CTT_,indel,0.010910199955105782,0.9415150880813599,0.034556809812784195,0.03484439477324486,-0.00028758496046066284
tau0.1_single|tau0.1_nine,train,chr17_58703243_CAT_,indel,0.008946077898144722,0.9397631287574768,0.03490995988249779,0.03508458659052849,-0.00017462670803070068
tau0.1_single|tau0.1_nine,train,chr17_58703258_CGC_,indel,0.010048308409750462,1.2720208168029785,0.043281812220811844,0.04343654215335846,-0.0001547299325466156
tau0.1_single|tau0.1_nine,train,chr17_58703267_GAC_,indel,0.01727551966905594,1.4130960702896118,0.04507078230381012,0.045166976749897,-9.619444608688354e-05
tau0.1_single|tau0.1_nine,train,chr17_58703270_TAC_,indel,0.01919196918606758,1.3589264154434204,0.043746255338191986,0.04378188028931618,-3.5624951124191284e-05
tau0.1_single|tau0.1_nine,train,chr17_58703276_GAG_,indel,0.012378450483083725,1.2144001722335815,0.04232186824083328,0.04238037019968033,-5.85019588470459e-05
tau0.69_single|tau0.69_nine,train,chr17_58703294_TAT_,indel,0.0052695488557219505,0.9566625952720642,0.03779354691505432,0.03781840577721596,-2.4858862161636353e-05
tau0.69_single|tau0.69_nine,train,chr17_58703303_CCA_,indel,0.005245568230748177,0.8849140405654907,0.0362064465880394,0.03622262552380562,-1.6178935766220093e-05
tau0.69_single|tau0.69_nine,train,chr17_58703309_TTT_,indel,0.005385671742260456,0.7775360345840454,0.0326608270406723,0.0326799601316452,-1.913309097290039e-05
tau0.69_single|tau0.69_nine,train,chr17_58703315_TCA_,indel,0.005042938515543938,0.7643150687217712,0.027696555480360985,0.027720626443624496,-2.4070963263511658e-05
tau0.69_single|tau0.69_nine,train,chr17_58703318_GAA_,indel,0.005002013873308897,0.755670428276062,0.02696322463452816,0.02699001133441925,-2.6786699891090393e-05
tau0.69_single|tau0.69_nine,train,chr17_58703324_TCA_,indel,0.005133476108312607,0.7471486330032349,0.027022061869502068,0.027057690545916557,-3.5628676414489746e-05
tau0.69_single|tau0.69_nine,train,chr17_58709859_GTT_,indel,0.005184103734791279,0.8083574771881104,0.0331256240606308,0.03315243497490883,-2.6810914278030396e-05
tau0.69_single|tau0.69_nine,train,chr17_58709865_CTA_,indel,0.005463305860757828,0.9861453771591187,0.03960515558719635,0.039601847529411316,3.3080577850341797e-06
tau0.69_single|tau0.69_nine,train,chr17_58709871_ATA_,indel,0.005746062844991684,1.0184478759765625,0.04160681366920471,0.0416017584502697,5.055218935012817e-06
tau0.69_single|tau0.69_nine,train,chr17_58709880_GGT_,indel,0.005853780545294285,1.1469312906265259,0.04326041042804718,0.04326837509870529,-7.964670658111572e-06
tau0.69_single|tau0.69_nine,train,chr17_58709886_GCT_,indel,0.005911844316869974,1.0367186069488525,0.03286419063806534,0.032881975173950195,-1.7784535884857178e-05
tau0.69_single|tau0.69_nine,train,chr17_58709889_TTT_,indel,0.005881410092115402,0.9630184173583984,0.02909466065466404,0.029106909409165382,-1.2248754501342773e-05
tau0.69_single|tau0.69_nine,train,chr17_58709895_TTT_,indel,0.005589886102825403,0.8394550681114197,0.028155669569969177,0.028193103149533272,-3.7433579564094543e-05
tau0.69_single|tau0.69_nine,train,chr17_58709901_CAT_,indel,0.005682474933564663,0.794431209564209,0.024649057537317276,0.024694588035345078,-4.5530498027801514e-05
tau0.69_single|tau0.69_nine,train,chr17_58709904_GAC_,indel,0.005532057024538517,0.814850926399231,0.023107022047042847,0.023150863125920296,-4.3841078877449036e-05
tau0.69_single|tau0.69_nine,train,chr17_58709910_GAT_,indel,0.005188353359699249,0.7694451808929443,0.02791409194469452,0.02795199491083622,-3.7902966141700745e-05
tau0.69_single|tau0.69_nine,train,chr17_58709916_CTG_,indel,0.004946171771734953,0.7475173473358154,0.030406028032302856,0.03042846918106079,-2.244114875793457e-05
tau0.69_single|tau0.69_nine,train,chr17_58709919_TCT_,indel,0.005254353862255812,0.7762996554374695,0.02935175970196724,0.02937842346727848,-2.666376531124115e-05
tau0.69_single|tau0.69_nine,train,chr17_58709925_CGT_,indel,0.005759785883128643,0.8569179177284241,0.03676708787679672,0.036816224455833435,-4.9136579036712646e-05
tau0.69_single|tau0.69_nine,train,chr17_58709931_CGG_,indel,0.005555876065045595,0.9859821200370789,0.03238933905959129,0.032419536262750626,-3.0197203159332275e-05
tau0.69_single|tau0.69_nine,train,chr17_58709940_AAT_,indel,0.006101996637880802,1.1207449436187744,0.03134806826710701,0.03137137368321419,-2.3305416107177734e-05
tau0.69_single|tau0.69_nine,train,chr17_58709943_GGT_,indel,0.006419460754841566,1.1809413433074951,0.02898574061691761,0.029021190479397774,-3.5449862480163574e-05
tau0.69_single|tau0.69_nine,train,chr17_58709949_GCC_,indel,0.0058295088820159435,1.160193681716919,0.04249320924282074,0.04253260791301727,-3.93986701965332e-05
tau0.69_single|tau0.69_nine,train,chr17_58709952_CAG_,indel,0.0055992682464420795,1.1619338989257812,0.042636215686798096,0.0426628552377224,-2.6639550924301147e-05
tau0.69_single|tau0.69_nine,train,chr17_58709961_ATC_,indel,0.005249109119176865,1.1903047561645508,0.04570662975311279,0.04572082683444023,-1.4197081327438354e-05
tau0.69_single|tau0.69_nine,train,chr17_58709967_CTT_,indel,0.005269305314868689,1.0271203517913818,0.041955508291721344,0.04195104166865349,4.466623067855835e-06
tau0.69_single|tau0.69_nine,train,chr17_58709973_AAT_,indel,0.005184653215110302,0.7605730891227722,0.028153104707598686,0.02818826213479042,-3.5157427191734314e-05
tau0.69_single|tau0.69_nine,train,chr17_58709985_TTA_,indel,0.005193918012082577,0.8334915637969971,0.03297339752316475,0.03301548212766647,-4.208460450172424e-05
tau0.69_single|tau0.69_nine,train,chr17_58720752_TTA_,indel,0.005373964551836252,1.0031071901321411,0.04247485101222992,0.042477868497371674,-3.0174851417541504e-06
tau0.69_single|tau0.69_nine,train,chr17_58720758_AAC_,indel,0.005402619019150734,1.0670208930969238,0.044928744435310364,0.04493948817253113,-1.074373722076416e-05
tau0.69_single|tau0.69_nine,train,chr17_58720764_ATG_,indel,0.005423816852271557,0.8684512376785278,0.04144207388162613,0.04145769402384758,-1.5620142221450806e-05
tau0.69_single|tau0.69_nine,train,chr17_58720776_ATT_,indel,0.004984679631888866,0.7152084112167358,0.03086981363594532,0.03086256794631481,7.245689630508423e-06
tau0.69_single|tau0.69_nine,train,chr17_58720785_AAT_,indel,0.004977051168680191,0.7514823079109192,0.027517307549715042,0.027540916576981544,-2.360902726650238e-05
tau0.69_single|tau0.69_nine,train,chr17_58720797_CTT_,indel,0.005416497588157654,0.739270806312561,0.030214427039027214,0.03024764358997345,-3.321655094623566e-05
tau0.69_single|tau0.69_nine,train,chr17_58720794_TTG_,indel,0.005416497588157654,0.739270806312561,0.030214427039027214,0.03024764358997345,-3.321655094623566e-05
tau0.69_single|tau0.69_nine,train,chr17_58724042_GAA_,indel,0.005812094081193209,1.2146509885787964,0.043924540281295776,0.04392966255545616,-5.122274160385132e-06
tau0.69_single|tau0.69_nine,train,chr17_58724054_CAT_,indel,0.005216992925852537,1.1858947277069092,0.04609880596399307,0.046102870255708694,-4.064291715621948e-06
tau0.69_single|tau0.69_nine,train,chr17_58724057_GCT_,indel,0.004897999577224255,1.1085731983184814,0.04498635232448578,0.04499518498778343,-8.832663297653198e-06
tau0.69_single|tau0.69_nine,train,chr17_58724072_CTA_,indel,0.004837863612920046,1.275515079498291,0.052169062197208405,0.05216239020228386,6.671994924545288e-06
tau0.69_single|tau0.69_nine,train,chr17_58724075_ATC_,indel,0.005192313808947802,1.210600733757019,0.0509101003408432,0.050913359969854355,-3.259629011154175e-06
tau0.69_single|tau0.69_nine,train,chr17_58724093_AAG_,indel,0.0050580319948494434,0.7438794374465942,0.02861201949417591,0.028640465810894966,-2.8446316719055176e-05
tau0.69_single|tau0.69_nine,train,chr17_58724096_CAA_,indel,0.0053931791335344315,0.7439773082733154,0.029168248176574707,0.0292067788541317,-3.853067755699158e-05
tau0.69_single|tau0.69_nine,train,chr17_58732488_GCA_,indel,0.005171294789761305,0.9591950178146362,0.03514163941144943,0.0351717434823513,-3.0104070901870728e-05
tau0.69_single|tau0.69_nine,train,chr17_58732494_TTG_,indel,0.005242316983640194,1.0025907754898071,0.037614285945892334,0.037627581506967545,-1.3295561075210571e-05
tau0.69_single|tau0.69_nine,train,chr17_58732497_TAC_,indel,0.005412551108747721,0.8357662558555603,0.034986816346645355,0.03499500826001167,-8.191913366317749e-06
tau0.69_single|tau0.69_nine,train,chr17_58732512_CAA_,indel,0.005060614552348852,0.7517469525337219,0.03265533596277237,0.03267219662666321,-1.6860663890838623e-05
tau0.69_single|tau0.69_nine,train,chr17_58732518_GAA_,indel,0.005126611795276403,0.7904152870178223,0.03446207195520401,0.03449023887515068,-2.8166919946670532e-05
tau0.69_single|tau0.69_nine,train,chr17_58732524_ACA_,indel,0.005108059849590063,0.7913388013839722,0.03424891456961632,0.03427499532699585,-2.608075737953186e-05
tau0.69_single|tau0.69_nine,train,chr17_58732530_CTG_,indel,0.005232317838817835,0.8095571994781494,0.03459181636571884,0.03460133448243141,-9.51811671257019e-06
tau0.69_single|tau0.69_nine,train,chr17_58732536_CAA_,indel,0.005561165511608124,1.015263557434082,0.03871702402830124,0.03870675712823868,1.0266900062561035e-05
tau0.69_single|tau0.69_nine,train,chr17_58734118_CCT_,indel,0.005660033784806728,1.2216123342514038,0.028635744005441666,0.028653284534811974,-1.7540529370307922e-05
tau0.69_single|tau0.69_nine,train,chr17_58734124_GGA_,indel,0.005510575603693724,1.305059552192688,0.030551211908459663,0.030570173636078835,-1.8961727619171143e-05
tau0.69_single|tau0.69_nine,train,chr17_58734130_AGA_,indel,0.005501545965671539,0.9663815498352051,0.025650957599282265,0.025661302730441093,-1.0345131158828735e-05
tau0.69_single|tau0.69_nine,train,chr17_58734136_ACT_,indel,0.005388944409787655,0.975550651550293,0.020084504038095474,0.02011091634631157,-2.641230821609497e-05
tau0.69_single|tau0.69_nine,train,chr17_58734148_TCT_,indel,0.005102785769850016,1.0251190662384033,0.014746985398232937,0.014769794419407845,-2.2809021174907684e-05
tau0.69_single|tau0.69_nine,train,chr17_58734154_TGT_,indel,0.005231908522546291,1.1132146120071411,0.011995289474725723,0.012022700160741806,-2.7410686016082764e-05
tau0.69_single|tau0.69_nine,train,chr17_58734163_CAA_,indel,0.00531044090166688,1.1168028116226196,0.011962076649069786,0.011991050094366074,-2.8973445296287537e-05
tau0.69_single|tau0.69_nine,train,chr17_58734166_ACA_,indel,0.0053658694960176945,1.123407244682312,0.012218315154314041,0.012247826904058456,-2.9511749744415283e-05
tau0.69_single|tau0.69_nine,train,chr17_58734172_GGT_,indel,0.005328176077455282,1.1814929246902466,0.009894188493490219,0.009925681166350842,-3.1492672860622406e-05
tau0.69_single|tau0.69_nine,train,chr17_58734184_ACC_,indel,0.005224233493208885,1.197283387184143,0.009791173040866852,0.009818816557526588,-2.7643516659736633e-05
tau0.69_single|tau0.69_nine,train,chr17_58734190_AAG_,indel,0.005168477073311806,1.0258004665374756,0.01559446007013321,0.015603378415107727,-8.918344974517822e-06
tau0.69_single|tau0.69_nine,train,chr17_58734193_CGA_,indel,0.005576072260737419,1.0225434303283691,0.018894927576184273,0.018910327926278114,-1.5400350093841553e-05
tau0.69_single|tau0.69_nine,train,chr17_58734199_CGA_,indel,0.006321622524410486,1.0405277013778687,0.015336286276578903,0.015367727726697922,-3.1441450119018555e-05
tau0.69_single|tau0.69_nine,train,chr17_58734205_CCA_,indel,0.007128321565687656,1.2287074327468872,0.008798059076070786,0.008838659152388573,-4.060007631778717e-05
tau0.1_single|tau0.1_nine,train,chr17_58703294_TAT_,indel,0.010812602937221527,0.9824718832969666,0.03654319792985916,0.0368247888982296,-0.0002815909683704376
tau0.1_single|tau0.1_nine,train,chr17_58703303_CCA_,indel,0.010569510981440544,0.9274535179138184,0.03582966327667236,0.03600119426846504,-0.00017153099179267883
tau0.1_single|tau0.1_nine,train,chr17_58703309_TTT_,indel,0.011839126236736774,0.8164163827896118,0.03224540501832962,0.03240717574954033,-0.00016177073121070862
tau0.1_single|tau0.1_nine,train,chr17_58703315_TCA_,indel,0.010366215370595455,0.7903638482093811,0.02709529921412468,0.027220841497182846,-0.0001255422830581665
tau0.1_single|tau0.1_nine,train,chr17_58703318_GAA_,indel,0.01016099564731121,0.7777482867240906,0.026241393759846687,0.026380691677331924,-0.00013929791748523712
tau0.1_single|tau0.1_nine,train,chr17_58703324_TCA_,indel,0.009928053244948387,0.7753136157989502,0.025814330205321312,0.026010800153017044,-0.00019646994769573212
tau0.1_single|tau0.1_nine,train,chr17_58709859_GTT_,indel,0.008989900350570679,0.8392908573150635,0.03212791681289673,0.03231872245669365,-0.00019080564379692078
tau0.1_single|tau0.1_nine,train,chr17_58709865_CTA_,indel,0.012567282654345036,1.0625969171524048,0.03984493389725685,0.03990986570715904,-6.493180990219116e-05
tau0.1_single|tau0.1_nine,train,chr17_58709871_ATA_,indel,0.014180831611156464,1.094018816947937,0.04166243225336075,0.04176286607980728,-0.0001004338264465332
tau0.1_single|tau0.1_nine,train,chr17_58709880_GGT_,indel,0.01922609657049179,1.2314395904541016,0.04249457269906998,0.04272785037755966,-0.00023327767848968506
tau0.1_single|tau0.1_nine,train,chr17_58709886_GCT_,indel,0.015092935413122177,1.1201786994934082,0.03230828046798706,0.032373346388339996,-6.506592035293579e-05
tau0.1_single|tau0.1_nine,train,chr17_58709889_TTT_,indel,0.013600903563201427,1.0168941020965576,0.028886424377560616,0.02889605425298214,-9.629875421524048e-06
tau0.1_single|tau0.1_nine,train,chr17_58709895_TTT_,indel,0.012800882570445538,0.8993139863014221,0.02661820314824581,0.02681007981300354,-0.00019187666475772858
tau0.1_single|tau0.1_nine,train,chr17_58709901_CAT_,indel,0.012098198756575584,0.8502901196479797,0.022889699786901474,0.023096032440662384,-0.00020633265376091003
tau0.1_single|tau0.1_nine,train,chr17_58709904_GAC_,indel,0.011940238997340202,0.8694480657577515,0.021436577662825584,0.021638672798871994,-0.0002020951360464096
tau0.1_single|tau0.1_nine,train,chr17_58709910_GAT_,indel,0.01045101135969162,0.8037614822387695,0.026357406750321388,0.026580996811389923,-0.00022359006106853485
tau0.1_single|tau0.1_nine,train,chr17_58709916_CTG_,indel,0.009285889565944672,0.7714978456497192,0.029542656615376472,0.02967274934053421,-0.00013009272515773773
tau0.1_single|tau0.1_nine,train,chr17_58709919_TCT_,indel,0.009075974114239216,0.8079119324684143,0.0284221563488245,0.028543546795845032,-0.0001213904470205307
tau0.1_single|tau0.1_nine,train,chr17_58709925_CGT_,indel,0.015324313193559647,0.8914673924446106,0.034450434148311615,0.03479950875043869,-0.0003490746021270752
tau0.1_single|tau0.1_nine,train,chr17_58709931_CGG_,indel,0.00964642409235239,1.0358691215515137,0.031114565208554268,0.03130247816443443,-0.0001879129558801651
tau0.1_single|tau0.1_nine,train,chr17_58709940_AAT_,indel,0.013419175520539284,1.202015995979309,0.030635833740234375,0.030729753896594048,-9.392015635967255e-05
tau0.1_single|tau0.1_nine,train,chr17_58709943_GGT_,indel,0.013067883439362049,1.2706959247589111,0.02778291329741478,0.027906343340873718,-0.0001234300434589386
tau0.1_single|tau0.1_nine,train,chr17_58709949_GCC_,indel,0.018682999536395073,1.1851882934570312,0.04008793458342552,0.04052414000034332,-0.0004362054169178009
tau0.1_single|tau0.1_nine,train,chr17_58709952_CAG_,indel,0.01368005946278572,1.1801652908325195,0.04092858359217644,0.04128913953900337,-0.0003605559468269348
tau0.1_single|tau0.1_nine,train,chr17_58709961_ATC_,indel,0.010296719148755074,1.2161320447921753,0.044702425599098206,0.044988419860601425,-0.0002859942615032196
tau0.1_single|tau0.1_nine,train,chr17_58709967_CTT_,indel,0.011237089522182941,1.093070387840271,0.04212983325123787,0.04228733107447624,-0.0001574978232383728
tau0.1_single|tau0.1_nine,train,chr17_58709973_AAT_,indel,0.010509517043828964,0.7906859517097473,0.026782451197504997,0.026999009773135185,-0.000216558575630188
tau0.1_single|tau0.1_nine,train,chr17_58709985_TTA_,indel,0.010328193195164204,0.8491968512535095,0.031122205778956413,0.03137626498937607,-0.00025405921041965485
tau0.1_single|tau0.1_nine,train,chr17_58720752_TTA_,indel,0.01714867539703846,1.068173885345459,0.04241662845015526,0.042539048939943314,-0.00012242048978805542
tau0.1_single|tau0.1_nine,train,chr17_58720758_AAC_,indel,0.01716209016740322,1.1075434684753418,0.044252000749111176,0.04443059489130974,-0.00017859414219856262
tau0.1_single|tau0.1_nine,train,chr17_58720764_ATG_,indel,0.010085714049637318,0.8885443210601807,0.040685903280973434,0.04085049405694008,-0.0001645907759666443
tau0.1_single|tau0.1_nine,train,chr17_58720776_ATT_,indel,0.012682031840085983,0.7370689511299133,0.03144526109099388,0.03142775222659111,1.7508864402770996e-05
tau0.1_single|tau0.1_nine,train,chr17_58720785_AAT_,indel,0.010044319555163383,0.7783728241920471,0.02663375996053219,0.026803404092788696,-0.00016964413225650787
tau0.1_single|tau0.1_nine,train,chr17_58720797_CTT_,indel,0.012864403426647186,0.7748491168022156,0.028592495247721672,0.028853654861450195,-0.00026115961372852325
tau0.1_single|tau0.1_nine,train,chr17_58720794_TTG_,indel,0.012864403426647186,0.7748491168022156,0.028592495247721672,0.028853654861450195,-0.00026115961372852325
tau0.1_single|tau0.1_nine,train,chr17_58724042_GAA_,indel,0.014588425867259502,1.2945125102996826,0.04366711527109146,0.043818432837724686,-0.0001513175666332245
tau0.1_single|tau0.1_nine,train,chr17_58724054_CAT_,indel,0.009738381020724773,1.2158048152923584,0.04579737409949303,0.045995887368917465,-0.00019851326942443848
tau0.1_single|tau0.1_nine,train,chr17_58724057_GCT_,indel,0.010276702232658863,1.1303342580795288,0.04419945925474167,0.04446010664105415,-0.00026064738631248474
tau0.1_single|tau0.1_nine,train,chr17_58724072_CTA_,indel,0.0102592334151268,1.3267643451690674,0.052189189940690994,0.05242382362484932,-0.0002346336841583252
tau0.1_single|tau0.1_nine,train,chr17_58724075_ATC_,indel,0.011789446696639061,1.2395066022872925,0.05022750794887543,0.05054556205868721,-0.00031805410981178284
tau0.1_single|tau0.1_nine,train,chr17_58724093_AAG_,indel,0.010329262353479862,0.7658703327178955,0.027425451204180717,0.02763908915221691,-0.00021363794803619385
tau0.1_single|tau0.1_nine,train,chr17_58724096_CAA_,indel,0.0106970788910985,0.7766978144645691,0.027492400258779526,0.027744531631469727,-0.0002521313726902008
tau0.1_single|tau0.1_nine,train,chr17_58732488_GCA_,indel,0.011416994035243988,0.9982213973999023,0.033864784985780716,0.03407641127705574,-0.00021162629127502441
tau0.1_single|tau0.1_nine,train,chr17_58732494_TTG_,indel,0.014892198145389557,1.0738276243209839,0.03707829490303993,0.03722192347049713,-0.0001436285674571991
tau0.1_single|tau0.1_nine,train,chr17_58732497_TAC_,indel,0.014906305819749832,0.8878170251846313,0.03484535217285156,0.03494134917855263,-9.599700570106506e-05
tau0.1_single|tau0.1_nine,train,chr17_58732512_CAA_,indel,0.009809305891394615,0.7685019969940186,0.03202947974205017,0.032174233347177505,-0.0001447536051273346
tau0.1_single|tau0.1_nine,train,chr17_58732518_GAA_,indel,0.01119073573499918,0.8003513813018799,0.03314938768744469,0.03341282531619072,-0.0002634376287460327
tau0.1_single|tau0.1_nine,train,chr17_58732524_ACA_,indel,0.01029966864734888,0.8013820052146912,0.033053092658519745,0.03329935297369957,-0.00024626031517982483
tau0.1_single|tau0.1_nine,train,chr17_58732530_CTG_,indel,0.008774694055318832,0.8299552202224731,0.03420521318912506,0.03435472398996353,-0.00014951080083847046
tau0.1_single|tau0.1_nine,train,chr17_58732536_CAA_,indel,0.011316104792058468,1.0644214153289795,0.03912366181612015,0.03918929025530815,-6.562843918800354e-05
tau0.1_single|tau0.1_nine,train,chr17_58734118_CCT_,indel,0.014818316325545311,1.2744461297988892,0.028077801689505577,0.028183314949274063,-0.00010551325976848602
tau0.1_single|tau0.1_nine,train,chr17_58734124_GGA_,indel,0.012143087573349476,1.3642133474349976,0.02978901006281376,0.02990717440843582,-0.00011816434562206268
tau0.1_single|tau0.1_nine,train,chr17_58734130_AGA_,indel,0.011621324345469475,0.9995517730712891,0.025555307045578957,0.025611653923988342,-5.634687840938568e-05
tau0.1_single|tau0.1_nine,train,chr17_58734136_ACT_,indel,0.010473926551640034,1.01212739944458,0.019271528348326683,0.019418980926275253,-0.00014745257794857025
tau0.1_single|tau0.1_nine,train,chr17_58734148_TCT_,indel,0.010638084262609482,1.0641688108444214,0.014282803982496262,0.01435794122517109,-7.513724267482758e-05
tau0.1_single|tau0.1_nine,train,chr17_58734154_TGT_,indel,0.011210599914193153,1.1584899425506592,0.011365432292222977,0.011446597054600716,-8.116476237773895e-05
tau0.1_single|tau0.1_nine,train,chr17_58734163_CAA_,indel,0.011539610102772713,1.1684238910675049,0.011296361684799194,0.011379298754036427,-8.293706923723221e-05
tau0.1_single|tau0.1_nine,train,chr17_58734166_ACA_,indel,0.010951852425932884,1.171583890914917,0.011630387976765633,0.01170284952968359,-7.24615529179573e-05
tau0.1_single|tau0.1_nine,train,chr17_58734172_GGT_,indel,0.011763335205614567,1.2352687120437622,0.009164787828922272,0.009245707653462887,-8.091982454061508e-05
tau0.1_single|tau0.1_nine,train,chr17_58734184_ACC_,indel,0.01148703321814537,1.2402198314666748,0.009319542907178402,0.009379289112985134,-5.974620580673218e-05
tau0.1_single|tau0.1_nine,train,chr17_58734190_AAG_,indel,0.010928031988441944,1.0458654165267944,0.01598287746310234,0.015977874398231506,5.003064870834351e-06
tau0.1_single|tau0.1_nine,train,chr17_58734193_CGA_,indel,0.011326470412313938,1.0549570322036743,0.018991565331816673,0.01902061142027378,-2.9046088457107544e-05
tau0.1_single|tau0.1_nine,train,chr17_58734199_CGA_,indel,0.013246431015431881,1.0889804363250732,0.014599638059735298,0.01470603235065937,-0.00010639429092407227
tau0.1_single|tau0.1_nine,train,chr17_58734205_CCA_,indel,0.014635810628533363,1.2883390188217163,0.007989773526787758,0.008050880394876003,-6.110686808824539e-05
tau0.69_single|tau0.69_nine,train,chr17_58734211_GAA_,indel,0.008208601735532284,1.1170676946640015,0.011862640269100666,0.01190478540956974,-4.214514046907425e-05
tau0.69_single|tau0.69_nine,train,chr17_58734216_ATT_,indel,0.008788110688328743,1.148871898651123,0.010674535296857357,0.01072271540760994,-4.818011075258255e-05
tau0.1_single|tau0.1_nine,train,chr17_58734211_GAA_,indel,0.018692420795559883,1.170900821685791,0.011070432141423225,0.011177720502018929,-0.00010728836059570312
tau0.1_single|tau0.1_nine,train,chr17_58734216_ATT_,indel,0.020182089880108833,1.2095941305160522,0.009719334542751312,0.009833164513111115,-0.00011382997035980225
tau0.69_single|tau0.69_nine,val,chr17_58692650_GGG_GAA,missense,0.002562761539593339,0.9699721336364746,0.06608806550502777,0.06609705090522766,-8.985400199890137e-06
tau0.69_single|tau0.69_nine,val,chr17_58692650_GGG_GTC,missense,0.002740772906690836,0.995541512966156,0.06416184455156326,0.06417910009622574,-1.7255544662475586e-05
tau0.69_single|tau0.69_nine,val,chr17_58692651_G_A,missense,0.002562761539593339,0.9699721336364746,0.06608806550502777,0.06609705090522766,-8.985400199890137e-06
tau0.69_single|tau0.69_nine,val,chr17_58692663_G_A,missense,0.0020364364609122276,0.9664632678031921,0.0654955729842186,0.06549911201000214,-3.5390257835388184e-06
tau0.69_single|tau0.69_nine,val,chr17_58692662_CGC_GCC,missense,0.0020586836617439985,0.9795324802398682,0.06577695161104202,0.06578441709280014,-7.465481758117676e-06
tau0.69_single|tau0.69_nine,val,chr17_58692663_G_C,missense,0.0020571646746248007,0.9429851770401001,0.06625031679868698,0.06625747680664062,-7.160007953643799e-06
tau0.69_single|tau0.69_nine,val,chr17_58692678_G_C,missense,0.001491144415922463,0.8852940201759338,0.07117167115211487,0.07118307054042816,-1.1399388313293457e-05
tau0.69_single|tau0.69_nine,val,chr17_58692678_G_A,missense,0.001449227100238204,0.8864455819129944,0.07166282087564468,0.07167153060436249,-8.709728717803955e-06
tau0.69_single|tau0.69_nine,val,chr17_58692686_GTG_GGC,missense,0.0014003528049215674,0.8283970952033997,0.07362561672925949,0.073626808822155,-1.1920928955078125e-06
tau0.69_single|tau0.69_nine,val,chr17_58692687_T_A,missense,0.0013946094550192356,0.8287712335586548,0.07330918312072754,0.07331500202417374,-5.81890344619751e-06
tau0.69_single|tau0.69_nine,val,chr17_58692698_CTG_AGA,missense,0.0013532709563151002,0.7606199979782104,0.08272448927164078,0.08273687958717346,-1.2390315532684326e-05
tau0.69_single|tau0.69_nine,val,chr17_58692698_C_A,missense,0.0013732434017583728,0.7658229470252991,0.07746628671884537,0.07746873795986176,-2.4512410163879395e-06
tau0.69_single|tau0.69_nine,val,chr17_58692710_GTG_GCC,missense,0.0013294636737555265,0.7878695130348206,0.07691804319620132,0.07693203538656235,-1.399219036102295e-05
tau0.69_single|tau0.69_nine,val,chr17_58692710_G_A,missense,0.0012790245236828923,0.7646148800849915,0.0796755850315094,0.07968790084123611,-1.2315809726715088e-05
tau0.69_single|tau0.69_nine,val,chr17_58692764_GTG_GAA,missense,0.0013008163077756763,0.832103431224823,0.07411624491214752,0.07413332164287567,-1.7076730728149414e-05
tau0.69_single|tau0.69_nine,val,chr17_58692764_G_C,missense,0.0013342268066480756,0.8690835237503052,0.07303115725517273,0.07305445522069931,-2.329796552658081e-05
tau0.69_single|tau0.69_nine,val,chr17_58692764_GTG_GCC,missense,0.0013393531553447247,0.8887791037559509,0.0712415799498558,0.07126042246818542,-1.884251832962036e-05
tau0.69_single|tau0.69_nine,val,chr17_58692773_TCC_GCT,missense,0.0011504252906888723,0.8622623682022095,0.07661841064691544,0.07663651555776596,-1.8104910850524902e-05
tau0.69_single|tau0.69_nine,val,chr17_58692774_C_A,missense,0.001151957898400724,0.8416540622711182,0.07693043351173401,0.07694593071937561,-1.5497207641601562e-05
tau0.69_single|tau0.69_nine,val,chr17_58694979_G_T,missense,0.001113568083383143,0.9667658805847168,0.0720786452293396,0.07210046052932739,-2.181529998779297e-05
tau0.69_single|tau0.69_nine,val,chr17_58694979_G_C,missense,0.000985583639703691,0.9282369613647461,0.0711638405919075,0.07118067145347595,-1.6830861568450928e-05
tau0.69_single|tau0.69_nine,val,chr17_58694978_AGA_ACC,missense,0.000985583639703691,0.9282369613647461,0.0711638405919075,0.07118067145347595,-1.6830861568450928e-05
tau0.69_single|tau0.69_nine,val,chr17_58694984_GAA_GTG,missense,0.0010840147733688354,0.9181082844734192,0.07004839181900024,0.07006534188985825,-1.695007085800171e-05
tau0.69_single|tau0.69_nine,val,chr17_58694985_A_T,missense,0.0010840147733688354,0.9181082844734192,0.07004839181900024,0.07006534188985825,-1.695007085800171e-05
tau0.69_single|tau0.69_nine,val,chr17_58694985_A_G,missense,0.00104688317514956,0.8968216776847839,0.07112664729356766,0.07114262878894806,-1.598149538040161e-05
tau0.69_single|tau0.69_nine,val,chr17_58694997_A_G,missense,0.0010752133093774319,0.9118196368217468,0.06706564128398895,0.06708075851202011,-1.5117228031158447e-05
tau0.69_single|tau0.69_nine,val,chr17_58694996_AAT_CAC,missense,0.0010272532235831022,0.9079158902168274,0.0674343928694725,0.06744680553674698,-1.2412667274475098e-05
tau0.69_single|tau0.69_nine,val,chr17_58694996_A_C,missense,0.0010272532235831022,0.9079158902168274,0.0674343928694725,0.06744680553674698,-1.2412667274475098e-05
tau0.69_single|tau0.69_nine,val,chr17_58695003_C_G,missense,0.0009694945765659213,0.9079537391662598,0.06739052385091782,0.06740161031484604,-1.1086463928222656e-05
tau0.69_single|tau0.69_nine,val,chr17_58695002_CCA_CAG,missense,0.0009436995023861527,0.9205384254455566,0.06681454181671143,0.06682407855987549,-9.5367431640625e-06
tau0.69_single|tau0.69_nine,val,chr17_58695003_C_A,missense,0.0009436995023861527,0.9205384254455566,0.06681454181671143,0.06682407855987549,-9.5367431640625e-06
tau0.69_single|tau0.69_nine,val,chr17_58695012_C_A,missense,0.0008572696824558079,0.8782740831375122,0.06820976734161377,0.06820892542600632,8.419156074523926e-07
tau0.69_single|tau0.69_nine,val,chr17_58695011_GCT_GTG,missense,0.0009038973366841674,0.8717992305755615,0.06839807331562042,0.06839427351951599,3.7997961044311523e-06
tau0.69_single|tau0.69_nine,val,chr17_58695023_GAG_GGC,missense,0.0008911697659641504,0.8807722926139832,0.06686043739318848,0.06686826050281525,-7.82310962677002e-06
tau0.69_single|tau0.69_nine,val,chr17_58695025_G_C,missense,0.0008477469673380256,0.8624845743179321,0.06778846681118011,0.06779500842094421,-6.541609764099121e-06
tau0.69_single|tau0.69_nine,val,chr17_58695023_G_C,missense,0.0008159179706126451,0.8995891213417053,0.06548473238945007,0.06548955291509628,-4.820525646209717e-06
tau0.69_single|tau0.69_nine,val,chr17_58695044_G_A,missense,0.0006692446186207235,0.7558185458183289,0.07741335034370422,0.07742360234260559,-1.0251998901367188e-05
tau0.69_single|tau0.69_nine,val,chr17_58695044_GCG_GGC,missense,0.0006851085345260799,0.7624790072441101,0.07611951977014542,0.07612678408622742,-7.264316082000732e-06
tau0.69_single|tau0.69_nine,val,chr17_58695045_C_G,missense,0.0006851085345260799,0.7624790072441101,0.07611951977014542,0.07612678408622742,-7.264316082000732e-06
tau0.69_single|tau0.69_nine,val,chr17_58695052_A_T,missense,0.0006363946013152599,0.7630637288093567,0.07634973526000977,0.07634983956813812,-1.043081283569336e-07
tau0.69_single|tau0.69_nine,val,chr17_58695051_A_G,missense,0.0007472113356925547,0.7390370965003967,0.07966599613428116,0.07966403663158417,1.959502696990967e-06
tau0.69_single|tau0.69_nine,val,chr17_58695061_G_T,missense,0.0005982402362860739,0.7508993148803711,0.07643657922744751,0.0764504075050354,-1.3828277587890625e-05
tau0.69_single|tau0.69_nine,val,chr17_58695059_G_C,missense,0.0005738927866332233,0.7527393102645874,0.07561269402503967,0.07562103867530823,-8.344650268554688e-06
tau0.69_single|tau0.69_nine,val,chr17_58695060_A_T,missense,0.0005857676733285189,0.7599016427993774,0.07596519589424133,0.07597678154706955,-1.1585652828216553e-05
tau0.69_single|tau0.69_nine,val,chr17_58695088_C_G,missense,0.0005113668739795685,0.7491852641105652,0.07875178009271622,0.07876769453287125,-1.5914440155029297e-05
tau0.69_single|tau0.69_nine,val,chr17_58695087_T_A,missense,0.0005169626674614847,0.7476714849472046,0.07880234718322754,0.07882024347782135,-1.7896294593811035e-05
tau0.69_single|tau0.69_nine,val,chr17_58695086_ATC_ACA,missense,0.0005442164838314056,0.7649906277656555,0.07689762860536575,0.076913982629776,-1.6354024410247803e-05
tau0.69_single|tau0.69_nine,val,chr17_58695098_TCA_CTG,missense,0.0005551283247768879,0.781920850276947,0.0794914960861206,0.07950884848833084,-1.7352402210235596e-05
tau0.69_single|tau0.69_nine,val,chr17_58695098_T_C,missense,0.0005899281823076308,0.7802311182022095,0.07773526757955551,0.07775333523750305,-1.8067657947540283e-05
tau0.69_single|tau0.69_nine,val,chr17_58695122_G_T,missense,0.0008769229170866311,0.7704668641090393,0.08235174417495728,0.08238935470581055,-3.7610530853271484e-05
tau0.69_single|tau0.69_nine,val,chr17_58695122_G_A,missense,0.0008646573987789452,0.7716832756996155,0.08253796398639679,0.0825752317905426,-3.726780414581299e-05
tau0.69_single|tau0.69_nine,val,chr17_58695123_G_T,missense,0.0010501169599592686,0.7983307242393494,0.08500631898641586,0.08504929393529892,-4.297494888305664e-05
tau0.69_single|tau0.69_nine,val,chr17_58695131_CCC_GCT,missense,0.0006103180930949748,0.8124969601631165,0.08057895302772522,0.08060706406831741,-2.8111040592193604e-05
tau0.69_single|tau0.69_nine,val,chr17_58695131_C_A,missense,0.0006824321462772787,0.8054719567298889,0.08033594489097595,0.08036597818136215,-3.003329038619995e-05
tau0.69_single|tau0.69_nine,val,chr17_58695137_ATG_GCC,missense,0.00043009105138480663,0.8234710097312927,0.07793058454990387,0.07795348763465881,-2.2903084754943848e-05
tau0.69_single|tau0.69_nine,val,chr17_58695138_T_A,missense,0.000472404615720734,0.7946147322654724,0.0805298388004303,0.08055571466684341,-2.5875866413116455e-05
tau0.69_single|tau0.69_nine,val,chr17_58695138_T_C,missense,0.00039365608245134354,0.8217817544937134,0.07900556921958923,0.07902810722589493,-2.253800630569458e-05
tau0.69_single|tau0.69_nine,val,chr17_58695137_ATG_CTC,missense,0.00046042591566219926,0.8100408315658569,0.07984589040279388,0.07987090200185776,-2.501159906387329e-05
tau0.69_single|tau0.69_nine,val,chr17_58695140_AAA_CAG,missense,0.000497675035148859,0.8377432227134705,0.07833973318338394,0.0783640667796135,-2.4333596229553223e-05
tau0.69_single|tau0.69_nine,val,chr17_58695140_AAA_GCC,missense,0.0005155640537850559,0.8518278002738953,0.07858943939208984,0.07861625403165817,-2.6814639568328857e-05
tau0.69_single|tau0.69_nine,val,chr17_58695155_TGT_AGC,missense,0.0004628411843441427,0.8229373693466187,0.07973668724298477,0.07976627349853516,-2.958625555038452e-05
tau0.69_single|tau0.69_nine,val,chr17_58695156_G_C,missense,0.0004628411843441427,0.8229373693466187,0.07973668724298477,0.07976627349853516,-2.958625555038452e-05
tau0.69_single|tau0.69_nine,val,chr17_58695156_G_A,missense,0.00046217491035349667,0.8285436630249023,0.08058801293373108,0.08061804622411728,-3.003329038619995e-05
tau0.69_single|tau0.69_nine,val,chr17_58695158_GGT_TGC,missense,0.0003602700890041888,0.8256214261054993,0.08100629597902298,0.08103455603122711,-2.826005220413208e-05
tau0.1_single|tau0.1_nine,val,chr17_58692650_GGG_GAA,missense,0.018713081255555153,1.0291608572006226,0.06569726765155792,0.0659838616847992,-0.00028659403324127197
tau0.1_single|tau0.1_nine,val,chr17_58692650_GGG_GTC,missense,0.019469840452075005,1.067686915397644,0.06336916983127594,0.06370338797569275,-0.0003342181444168091
tau0.1_single|tau0.1_nine,val,chr17_58692651_G_A,missense,0.018713081255555153,1.0291608572006226,0.06569726765155792,0.0659838616847992,-0.00028659403324127197
tau0.1_single|tau0.1_nine,val,chr17_58692663_G_A,missense,0.014616303145885468,1.0010359287261963,0.06530927866697311,0.06555461138486862,-0.0002453327178955078
tau0.1_single|tau0.1_nine,val,chr17_58692662_CGC_GCC,missense,0.01482042670249939,1.0147192478179932,0.0653931051492691,0.06566260755062103,-0.0002695024013519287
tau0.1_single|tau0.1_nine,val,chr17_58692663_G_C,missense,0.01481244619935751,0.9828976988792419,0.06585521996021271,0.06612841039896011,-0.000273190438747406
tau0.1_single|tau0.1_nine,val,chr17_58692678_G_C,missense,0.012624484486877918,0.9205745458602905,0.07039844989776611,0.0707147866487503,-0.0003163367509841919
tau0.1_single|tau0.1_nine,val,chr17_58692678_G_A,missense,0.012414135970175266,0.9183530211448669,0.071011483669281,0.0713157206773758,-0.0003042370080947876
tau0.1_single|tau0.1_nine,val,chr17_58692686_GTG_GGC,missense,0.012873751111328602,0.8526404500007629,0.07335828989744186,0.07361393421888351,-0.0002556443214416504
tau0.1_single|tau0.1_nine,val,chr17_58692687_T_A,missense,0.012830221094191074,0.8552861213684082,0.0728064775466919,0.07308471202850342,-0.00027823448181152344
tau0.1_single|tau0.1_nine,val,chr17_58692698_CTG_AGA,missense,0.01298427488654852,0.7879235148429871,0.08183080703020096,0.08218120783567429,-0.00035040080547332764
tau0.1_single|tau0.1_nine,val,chr17_58692698_C_A,missense,0.012866109609603882,0.793118417263031,0.07713639736175537,0.07741700112819672,-0.0002806037664413452
tau0.1_single|tau0.1_nine,val,chr17_58692710_GTG_GCC,missense,0.01093644555658102,0.8256254196166992,0.07578218728303909,0.07617776840925217,-0.00039558112621307373
tau0.1_single|tau0.1_nine,val,chr17_58692710_G_A,missense,0.010722139850258827,0.7984107136726379,0.07862406224012375,0.07901129871606827,-0.00038723647594451904
tau0.1_single|tau0.1_nine,val,chr17_58692764_GTG_GAA,missense,0.012906225398182869,0.8769158720970154,0.07307173311710358,0.0734356939792633,-0.000363960862159729
tau0.1_single|tau0.1_nine,val,chr17_58692764_G_C,missense,0.013333001174032688,0.9172136187553406,0.07165202498435974,0.07206787914037704,-0.00041585415601730347
tau0.1_single|tau0.1_nine,val,chr17_58692764_GTG_GCC,missense,0.013092798180878162,0.9342872500419617,0.07014086097478867,0.0705113485455513,-0.0003704875707626343
tau0.1_single|tau0.1_nine,val,chr17_58692773_TCC_GCT,missense,0.00882592424750328,0.9092603921890259,0.07551609724760056,0.07594805210828781,-0.00043195486068725586
tau0.1_single|tau0.1_nine,val,chr17_58692774_C_A,missense,0.008826778270304203,0.8884711861610413,0.0759754553437233,0.07639028877019882,-0.0004148334264755249
tau0.1_single|tau0.1_nine,val,chr17_58694979_G_T,missense,0.012490931898355484,1.00973379611969,0.07088484615087509,0.07129480689764023,-0.0004099607467651367
tau0.1_single|tau0.1_nine,val,chr17_58694979_G_C,missense,0.011681736446917057,0.9668081402778625,0.07021626830101013,0.07060021162033081,-0.0003839433193206787
tau0.1_single|tau0.1_nine,val,chr17_58694978_AGA_ACC,missense,0.011681736446917057,0.9668081402778625,0.07021626830101013,0.07060021162033081,-0.0003839433193206787
tau0.1_single|tau0.1_nine,val,chr17_58694984_GAA_GTG,missense,0.011385194957256317,0.9627557396888733,0.0690525472164154,0.069462850689888,-0.0004103034734725952
tau0.1_single|tau0.1_nine,val,chr17_58694985_A_T,missense,0.011385194957256317,0.9627557396888733,0.0690525472164154,0.069462850689888,-0.0004103034734725952
tau0.1_single|tau0.1_nine,val,chr17_58694985_A_G,missense,0.01120053045451641,0.9402088522911072,0.07016406208276749,0.07057159394025803,-0.00040753185749053955
tau0.1_single|tau0.1_nine,val,chr17_58694997_A_G,missense,0.013705424033105373,0.954569935798645,0.06625695526599884,0.06661878526210785,-0.0003618299961090088
tau0.1_single|tau0.1_nine,val,chr17_58694996_AAT_CAC,missense,0.013396184891462326,0.9474955201148987,0.06677553057670593,0.06711771339178085,-0.00034218281507492065
tau0.1_single|tau0.1_nine,val,chr17_58694996_A_C,missense,0.013396184891462326,0.9474955201148987,0.06677553057670593,0.06711771339178085,-0.00034218281507492065
tau0.1_single|tau0.1_nine,val,chr17_58695003_C_G,missense,0.013509970158338547,0.9455087780952454,0.06681529432535172,0.0671478882431984,-0.0003325939178466797
tau0.1_single|tau0.1_nine,val,chr17_58695002_CCA_CAG,missense,0.01334803830832243,0.9565544724464417,0.06632589548826218,0.06664575636386871,-0.00031986087560653687
tau0.1_single|tau0.1_nine,val,chr17_58695003_C_A,missense,0.01334803830832243,0.9565544724464417,0.06632589548826218,0.06664575636386871,-0.00031986087560653687
tau0.1_single|tau0.1_nine,val,chr17_58695012_C_A,missense,0.012653821147978306,0.904704213142395,0.06832493096590042,0.06857935339212418,-0.0002544224262237549
tau0.1_single|tau0.1_nine,val,chr17_58695011_GCT_GTG,missense,0.012828911654651165,0.8966929912567139,0.06867784261703491,0.06891277432441711,-0.00023493170738220215
tau0.1_single|tau0.1_nine,val,chr17_58695023_GAG_GGC,missense,0.012208408676087856,0.902748703956604,0.06647296994924545,0.06677797436714172,-0.00030500441789627075
tau0.1_single|tau0.1_nine,val,chr17_58695025_G_C,missense,0.011992696672677994,0.881379246711731,0.06748517602682114,0.06777632236480713,-0.00029114633798599243
tau0.1_single|tau0.1_nine,val,chr17_58695023_G_C,missense,0.01188203226774931,0.9201322793960571,0.06527121365070343,0.06555309146642685,-0.0002818778157234192
tau0.1_single|tau0.1_nine,val,chr17_58695044_G_A,missense,0.009907239116728306,0.7799006700515747,0.07668521255254745,0.07704543322324753,-0.00036022067070007324
tau0.1_single|tau0.1_nine,val,chr17_58695044_GCG_GGC,missense,0.009927530772984028,0.7858261466026306,0.07554663717746735,0.0758867934346199,-0.0003401562571525574
tau0.1_single|tau0.1_nine,val,chr17_58695045_C_G,missense,0.009927530772984028,0.7858261466026306,0.07554663717746735,0.0758867934346199,-0.0003401562571525574
tau0.1_single|tau0.1_nine,val,chr17_58695052_A_T,missense,0.010341284796595573,0.7820353507995605,0.07602036744356155,0.07633985579013824,-0.0003194883465766907
tau0.1_single|tau0.1_nine,val,chr17_58695051_A_G,missense,0.010826235637068748,0.7627688646316528,0.07947162538766861,0.07977718859910965,-0.00030556321144104004
tau0.1_single|tau0.1_nine,val,chr17_58695061_G_T,missense,0.010343748144805431,0.7773165106773376,0.07530628144741058,0.07569561153650284,-0.00038933008909225464
tau0.1_single|tau0.1_nine,val,chr17_58695059_G_C,missense,0.01023546326905489,0.7767210006713867,0.07476110011339188,0.07511886209249496,-0.0003577619791030884
tau0.1_single|tau0.1_nine,val,chr17_58695060_A_T,missense,0.01031830906867981,0.7861896753311157,0.07497366517782211,0.07534483075141907,-0.00037116557359695435
tau0.1_single|tau0.1_nine,val,chr17_58695088_C_G,missense,0.008963649161159992,0.7713988423347473,0.07782424241304398,0.07816144078969955,-0.0003371983766555786
tau0.1_single|tau0.1_nine,val,chr17_58695087_T_A,missense,0.009031321853399277,0.7708333134651184,0.07776549458503723,0.0781155526638031,-0.00035005807876586914
tau0.1_single|tau0.1_nine,val,chr17_58695086_ATC_ACA,missense,0.009072745218873024,0.788012683391571,0.07595892995595932,0.07629599422216415,-0.000337064266204834
tau0.1_single|tau0.1_nine,val,chr17_58695098_TCA_CTG,missense,0.010984393768012524,0.8110687732696533,0.07830754667520523,0.07869070023298264,-0.0003831535577774048
tau0.1_single|tau0.1_nine,val,chr17_58695098_T_C,missense,0.011007496155798435,0.8109707236289978,0.0764852911233902,0.07687471061944962,-0.0003894194960594177
tau0.1_single|tau0.1_nine,val,chr17_58695122_G_T,missense,0.012559766881167889,0.7876020669937134,0.08019984513521194,0.08068235218524933,-0.00048250705003738403
tau0.1_single|tau0.1_nine,val,chr17_58695122_G_A,missense,0.012585489079356194,0.7881336808204651,0.08038410544395447,0.08086730539798737,-0.00048319995403289795
tau0.1_single|tau0.1_nine,val,chr17_58695123_G_T,missense,0.012879525311291218,0.8045880198478699,0.08260811120271683,0.08311565965414047,-0.000507548451423645
tau0.1_single|tau0.1_nine,val,chr17_58695131_CCC_GCT,missense,0.0134548619389534,0.8348314762115479,0.07871387898921967,0.07915814220905304,-0.000444263219833374
tau0.1_single|tau0.1_nine,val,chr17_58695131_C_A,missense,0.013796978630125523,0.8296396136283875,0.0783579871058464,0.07881510257720947,-0.0004571154713630676
tau0.1_single|tau0.1_nine,val,chr17_58695137_ATG_GCC,missense,0.011638343334197998,0.8494483828544617,0.07641109079122543,0.07680251449346542,-0.00039142370223999023
tau0.1_single|tau0.1_nine,val,chr17_58695138_T_A,missense,0.011636682786047459,0.8194971680641174,0.07884588092565536,0.07925822585821152,-0.00041234493255615234
tau0.1_single|tau0.1_nine,val,chr17_58695138_T_C,missense,0.011533201672136784,0.8461534976959229,0.0775030255317688,0.07789403945207596,-0.0003910139203071594
tau0.1_single|tau0.1_nine,val,chr17_58695137_ATG_CTC,missense,0.011746163479983807,0.8360463976860046,0.07821657508611679,0.07862137258052826,-0.0004047974944114685
tau0.1_single|tau0.1_nine,val,chr17_58695140_AAA_CAG,missense,0.00913810171186924,0.868127703666687,0.0767185240983963,0.0771024078130722,-0.0003838837146759033
tau0.1_single|tau0.1_nine,val,chr17_58695140_AAA_GCC,missense,0.009054115042090416,0.8830903768539429,0.07687056064605713,0.07726390659809113,-0.0003933459520339966
tau0.1_single|tau0.1_nine,val,chr17_58695155_TGT_AGC,missense,0.009529732167720795,0.8520395755767822,0.07771413773298264,0.07813771814107895,-0.0004235804080963135
tau0.1_single|tau0.1_nine,val,chr17_58695156_G_C,missense,0.009529732167720795,0.8520395755767822,0.07771413773298264,0.07813771814107895,-0.0004235804080963135
tau0.1_single|tau0.1_nine,val,chr17_58695156_G_A,missense,0.009344397112727165,0.8555640578269958,0.07858458161354065,0.0790041908621788,-0.0004196092486381531
tau0.1_single|tau0.1_nine,val,chr17_58695158_GGT_TGC,missense,0.008183334954082966,0.8478190302848816,0.0791008472442627,0.07951205223798752,-0.000411204993724823
tau0.69_single|tau0.69_nine,val,chr17_58695158_GGT_GAC,missense,0.0005439611268229783,0.8147618174552917,0.08293667435646057,0.08297324925661087,-3.657490015029907e-05
tau0.69_single|tau0.69_nine,val,chr17_58695158_G_A,missense,0.0004156131180934608,0.8292574882507324,0.08103187382221222,0.08105996996164322,-2.8096139430999756e-05
tau0.69_single|tau0.69_nine,val,chr17_58695165_C_G,missense,0.0003971583500970155,0.8189377188682556,0.08209223300218582,0.08211880922317505,-2.6576220989227295e-05
tau0.69_single|tau0.69_nine,val,chr17_58695164_CCA_GCC,missense,0.0004123669641558081,0.811996579170227,0.07838405668735504,0.07840343564748764,-1.9378960132598877e-05
tau0.69_single|tau0.69_nine,val,chr17_58695164_CCA_ACC,missense,0.00048796978080645204,0.8179749846458435,0.07871247082948685,0.07872919738292694,-1.6726553440093994e-05
tau0.69_single|tau0.69_nine,val,chr17_58696718_ATA_GCC,missense,0.0006156123126856983,0.7200895547866821,0.08285020291805267,0.08288422971963882,-3.402680158615112e-05
tau0.69_single|tau0.69_nine,val,chr17_58696718_A_G,missense,0.0006002266891300678,0.7180271744728088,0.08063488453626633,0.0806654617190361,-3.057718276977539e-05
tau0.69_single|tau0.69_nine,val,chr17_58696718_ATA_CTG,missense,0.0006603320362046361,0.7381483316421509,0.08041633665561676,0.08044702559709549,-3.068894147872925e-05
tau0.69_single|tau0.69_nine,val,chr17_58696763_GAT_CAC,missense,0.0008379125501960516,0.7114385962486267,0.08505713939666748,0.08508233726024628,-2.5197863578796387e-05
tau0.69_single|tau0.69_nine,val,chr17_58696763_G_A,missense,0.0008346118265762925,0.7073620557785034,0.08561678975820541,0.08564026653766632,-2.3476779460906982e-05
tau0.69_single|tau0.69_nine,val,chr17_58696763_G_T,missense,0.0008739660843275487,0.7110069394111633,0.08544421195983887,0.085471972823143,-2.7760863304138184e-05
tau0.69_single|tau0.69_nine,val,chr17_58696793_G_T,missense,0.0006854368839412928,0.7052083015441895,0.08393803983926773,0.08396240323781967,-2.4363398551940918e-05
tau0.69_single|tau0.69_nine,val,chr17_58696793_GTG_GCC,missense,0.0006625274545513093,0.7188838124275208,0.08271221071481705,0.08273566514253616,-2.345442771911621e-05
tau0.69_single|tau0.69_nine,val,chr17_58696803_T_A,missense,0.0005795325851067901,0.6934414505958557,0.0856984332203865,0.08573151379823685,-3.30805778503418e-05
tau0.69_single|tau0.69_nine,val,chr17_58696802_CTT_TTC,missense,0.0005467459559440613,0.6925439238548279,0.08403792977333069,0.08406925946474075,-3.13296914100647e-05
tau0.69_single|tau0.69_nine,val,chr17_58696802_CTT_GTG,missense,0.0005157752311788499,0.7330395579338074,0.08054082840681076,0.08056840300559998,-2.7574598789215088e-05
tau0.69_single|tau0.69_nine,val,chr17_58696823_CAC_GCC,missense,0.0006817472167313099,0.7539207339286804,0.08259689807891846,0.08262109011411667,-2.419203519821167e-05
tau0.69_single|tau0.69_nine,val,chr17_58696825_C_A,missense,0.0006655234028585255,0.7459165453910828,0.08115097135305405,0.08117871731519699,-2.7745962142944336e-05
tau0.69_single|tau0.69_nine,val,chr17_58696824_A_C,missense,0.0007480400963686407,0.7804072499275208,0.08602338284254074,0.08606179058551788,-3.8407742977142334e-05
tau0.69_single|tau0.69_nine,val,chr17_58696853_GGA_GAG,missense,0.0008816387853585184,0.8858615756034851,0.07011401653289795,0.07014277577400208,-2.8759241104125977e-05
tau0.69_single|tau0.69_nine,val,chr17_58696853_G_C,missense,0.0008521266281604767,0.8822638988494873,0.0703754723072052,0.07040293514728546,-2.746284008026123e-05
tau0.69_single|tau0.69_nine,val,chr17_58696856_GAG_GTC,missense,0.0007955451146699488,0.8506544232368469,0.07298597693443298,0.07300931960344315,-2.3342669010162354e-05
tau0.69_single|tau0.69_nine,val,chr17_58696856_GAG_CAA,missense,0.0007819208549335599,0.8489516973495483,0.0724317729473114,0.07245340198278427,-2.1629035472869873e-05
tau0.69_single|tau0.69_nine,val,chr17_58696858_G_T,missense,0.0008230961975641549,0.8441991806030273,0.07324179261922836,0.07326740026473999,-2.5607645511627197e-05
tau0.69_single|tau0.69_nine,val,chr17_58703197_A_C,missense,0.0008597778505645692,0.8419520258903503,0.07361720502376556,0.07364366203546524,-2.6457011699676514e-05
tau0.69_single|tau0.69_nine,val,chr17_58703226_T_G,missense,0.0011586397886276245,0.7620695233345032,0.07742206007242203,0.07743178308010101,-9.723007678985596e-06
tau0.69_single|tau0.69_nine,val,chr17_58703225_CTT_GCC,missense,0.0011613309616222978,0.8162767291069031,0.07458783686161041,0.07459497451782227,-7.137656211853027e-06
tau0.69_single|tau0.69_nine,val,chr17_58703226_T_A,missense,0.0012097632279619575,0.7775588035583496,0.07651488482952118,0.07652069628238678,-5.811452865600586e-06
tau0.69_single|tau0.69_nine,val,chr17_58703246_ATT_AAC,missense,0.0009943790500983596,0.7180525660514832,0.08398577570915222,0.08402534574270248,-3.957003355026245e-05
tau0.69_single|tau0.69_nine,val,chr17_58703246_A_T,missense,0.000775532447732985,0.70853590965271,0.08056198060512543,0.08058726042509079,-2.527981996536255e-05
tau0.69_single|tau0.69_nine,val,chr17_58703247_T_A,missense,0.0009943790500983596,0.7180525660514832,0.08398577570915222,0.08402534574270248,-3.957003355026245e-05
tau0.69_single|tau0.69_nine,val,chr17_58703282_CTG_CAA,missense,0.0013695639790967107,0.7568969130516052,0.07901628315448761,0.07906775921583176,-5.147606134414673e-05
tau0.69_single|tau0.69_nine,val,chr17_58703282_C_A,missense,0.0013628549640998244,0.7816680073738098,0.07728660851716995,0.07733627408742905,-4.966557025909424e-05
tau0.69_single|tau0.69_nine,val,chr17_58703282_CTG_AGA,missense,0.0014393002493306994,0.746385931968689,0.08123917132616043,0.08129489421844482,-5.572289228439331e-05
tau0.69_single|tau0.69_nine,val,chr17_58703288_CAA_CCC,missense,0.0015467099146917462,0.7442431449890137,0.08179867267608643,0.08185603469610214,-5.736202001571655e-05
tau0.69_single|tau0.69_nine,val,chr17_58703288_CAA_CGG,missense,0.0012918933061882854,0.7704893350601196,0.07856698334217072,0.07861432433128357,-4.7340989112854004e-05
tau0.69_single|tau0.69_nine,val,chr17_58703291_G_A,missense,0.0012099870946258307,0.8100113272666931,0.07694884389638901,0.07698386162519455,-3.501772880554199e-05
tau0.69_single|tau0.69_nine,val,chr17_58703291_G_T,missense,0.0012177854077890515,0.7898049354553223,0.07766169309616089,0.07769923657178879,-3.754347562789917e-05
tau0.69_single|tau0.69_nine,val,chr17_58703291_GTT_GGC,missense,0.0012028336059302092,0.7564514875411987,0.07947879284620285,0.07951544970273972,-3.6656856536865234e-05
tau0.69_single|tau0.69_nine,val,chr17_58703297_CTT_ATC,missense,0.001073863822966814,0.7890915274620056,0.07582724839448929,0.07584802806377411,-2.0779669284820557e-05
tau0.69_single|tau0.69_nine,val,chr17_58703297_CTT_TTC,missense,0.0010838685557246208,0.7932895421981812,0.07458377629518509,0.07460074871778488,-1.697242259979248e-05
tau0.69_single|tau0.69_nine,val,chr17_58703297_C_A,missense,0.001073863822966814,0.7890915274620056,0.07582724839448929,0.07584802806377411,-2.0779669284820557e-05
tau0.69_single|tau0.69_nine,val,chr17_58703301_T_C,missense,0.0012436796678230166,0.7538272142410278,0.08132050931453705,0.08135774731636047,-3.723800182342529e-05
tau0.69_single|tau0.69_nine,val,chr17_58703300_CTT_CGG,missense,0.001250945613719523,0.7459858655929565,0.07985766232013702,0.07989227026700974,-3.460794687271118e-05
tau0.69_single|tau0.69_nine,val,chr17_58703300_CTT_GTG,missense,0.0012975077843293548,0.7961655855178833,0.07605394721031189,0.0760744959115982,-2.0548701286315918e-05
tau0.69_single|tau0.69_nine,val,chr17_58709979_CAC_CTG,missense,0.0017929268069565296,0.7197267413139343,0.07924558222293854,0.0792929008603096,-4.731863737106323e-05
tau0.69_single|tau0.69_nine,val,chr17_58709980_A_C,missense,0.002032858319580555,0.7070094347000122,0.08194132149219513,0.08200641721487045,-6.509572267532349e-05
tau0.69_single|tau0.69_nine,val,chr17_58709979_CAC_CCT,missense,0.002032858319580555,0.7070094347000122,0.08194132149219513,0.08200641721487045,-6.509572267532349e-05
tau0.69_single|tau0.69_nine,val,chr17_58709988_GCT_ACC,missense,0.0018931739032268524,0.7417201399803162,0.079049251973629,0.07907664775848389,-2.7395784854888916e-05
tau0.69_single|tau0.69_nine,val,chr17_58709988_GCT_CCC,missense,0.0018383216811344028,0.6972020864486694,0.08245968073606491,0.08250286430120468,-4.318356513977051e-05
tau0.69_single|tau0.69_nine,val,chr17_58709988_G_C,missense,0.0018383216811344028,0.6972020864486694,0.08245968073606491,0.08250286430120468,-4.318356513977051e-05
tau0.69_single|tau0.69_nine,val,chr17_58720791_G_A,missense,0.001903020078316331,0.7313203811645508,0.07821907848119736,0.07826180011034012,-4.272162914276123e-05
tau0.69_single|tau0.69_nine,val,chr17_58720791_G_T,missense,0.0019333682721480727,0.7350494265556335,0.07896093279123306,0.07900644093751907,-4.550814628601074e-05
tau0.69_single|tau0.69_nine,val,chr17_58720792_C_T,missense,0.0019102212972939014,0.7154427766799927,0.07913648337125778,0.07918047159910202,-4.398822784423828e-05
tau0.69_single|tau0.69_nine,val,chr17_58720803_CCT_ACC,missense,0.0018693889724090695,0.6960451602935791,0.08421092480421066,0.08425827324390411,-4.734843969345093e-05
tau0.69_single|tau0.69_nine,val,chr17_58720804_C_A,missense,0.0018883149605244398,0.6989134550094604,0.0863509476184845,0.08640240132808685,-5.145370960235596e-05
tau0.69_single|tau0.69_nine,val,chr17_58720807_C_G,missense,0.0018608419923111796,0.7122063040733337,0.08215923607349396,0.08219952881336212,-4.029273986816406e-05
tau0.69_single|tau0.69_nine,val,chr17_58720807_C_A,missense,0.0018838441465049982,0.6876792907714844,0.08552733808755875,0.08557439595460892,-4.70578670501709e-05
tau0.69_single|tau0.69_nine,val,chr17_58720806_G_A,missense,0.001866817008703947,0.70368492603302,0.08272508531808853,0.08276564627885818,-4.056096076965332e-05
tau0.69_single|tau0.69_nine,val,chr17_58724045_AGT_GGC,missense,0.0022772529628127813,0.7257410287857056,0.08223503828048706,0.08225622028112411,-2.1182000637054443e-05
tau0.69_single|tau0.69_nine,val,chr17_58724047_T_G,missense,0.002186473226174712,0.736692488193512,0.08519354462623596,0.08522795885801315,-3.441423177719116e-05
tau0.69_single|tau0.69_nine,val,chr17_58724045_AGT_GCC,missense,0.002294086618348956,0.743590235710144,0.08185181766748428,0.08187101036310196,-1.919269561767578e-05
tau0.69_single|tau0.69_nine,val,chr17_58724069_CGA_GCC,missense,0.0021037550177425146,0.7289870381355286,0.09037109464406967,0.09043761342763901,-6.651878356933594e-05
tau0.69_single|tau0.69_nine,val,chr17_58724069_CGA_GGC,missense,0.0021572113037109375,0.7469178438186646,0.09241539239883423,0.09248768538236618,-7.22929835319519e-05
tau0.1_single|tau0.1_nine,val,chr17_58695158_GGT_GAC,missense,0.008770403452217579,0.8371738195419312,0.08060304820537567,0.0810646340250969,-0.0004615858197212219
tau0.1_single|tau0.1_nine,val,chr17_58695158_G_A,missense,0.008276638574898243,0.8530389666557312,0.07913999259471893,0.07954484969377518,-0.0004048570990562439
tau0.1_single|tau0.1_nine,val,chr17_58695165_C_G,missense,0.01163401361554861,0.8341006636619568,0.08051954954862595,0.0808795616030693,-0.0003600120544433594
tau0.1_single|tau0.1_nine,val,chr17_58695164_CCA_GCC,missense,0.01163578126579523,0.8275271654129028,0.07710742205381393,0.07744602859020233,-0.0003386065363883972
tau0.1_single|tau0.1_nine,val,chr17_58695164_CCA_ACC,missense,0.011737496592104435,0.8342273831367493,0.07759610563516617,0.07790769636631012,-0.0003115907311439514
tau0.1_single|tau0.1_nine,val,chr17_58696718_ATA_GCC,missense,0.010713383555412292,0.7237430810928345,0.08103623986244202,0.08147211372852325,-0.0004358738660812378
tau0.1_single|tau0.1_nine,val,chr17_58696718_A_G,missense,0.011075356975197792,0.7265930771827698,0.07898999750614166,0.07941070199012756,-0.0004207044839859009
tau0.1_single|tau0.1_nine,val,chr17_58696718_ATA_CTG,missense,0.011375989764928818,0.7469593286514282,0.07878176122903824,0.07920483499765396,-0.00042307376861572266
tau0.1_single|tau0.1_nine,val,chr17_58696763_GAT_CAC,missense,0.008154037408530712,0.7133418321609497,0.08352898806333542,0.08389221131801605,-0.00036322325468063354
tau0.1_single|tau0.1_nine,val,chr17_58696763_G_A,missense,0.007831381633877754,0.708108127117157,0.08418300747871399,0.08453332632780075,-0.0003503188490867615
tau0.1_single|tau0.1_nine,val,chr17_58696763_G_T,missense,0.00832371786236763,0.7122710347175598,0.0837884470820427,0.08416419476270676,-0.0003757476806640625
tau0.1_single|tau0.1_nine,val,chr17_58696793_G_T,missense,0.00883522629737854,0.7117606997489929,0.08242127299308777,0.0828288123011589,-0.0004075393080711365
tau0.1_single|tau0.1_nine,val,chr17_58696793_GTG_GCC,missense,0.008845505304634571,0.725200891494751,0.08120155334472656,0.08160669356584549,-0.000405140221118927
tau0.1_single|tau0.1_nine,val,chr17_58696803_T_A,missense,0.010047237388789654,0.6952552199363708,0.08360384404659271,0.08405788987874985,-0.000454045832157135
tau0.1_single|tau0.1_nine,val,chr17_58696802_CTT_TTC,missense,0.010244006291031837,0.6959306001663208,0.08201262354850769,0.0824613943696022,-0.00044877082109451294
tau0.1_single|tau0.1_nine,val,chr17_58696802_CTT_GTG,missense,0.010546150617301464,0.7396384477615356,0.07861877232789993,0.0790666863322258,-0.0004479140043258667
tau0.1_single|tau0.1_nine,val,chr17_58696823_CAC_GCC,missense,0.010573581792414188,0.758225679397583,0.08122231066226959,0.08159119635820389,-0.00036888569593429565
tau0.1_single|tau0.1_nine,val,chr17_58696825_C_A,missense,0.010566916316747665,0.7507756352424622,0.07951872050762177,0.07992172986268997,-0.0004030093550682068
tau0.1_single|tau0.1_nine,val,chr17_58696824_A_C,missense,0.010740515775978565,0.7819230556488037,0.08386638760566711,0.08431465178728104,-0.0004482641816139221
tau0.1_single|tau0.1_nine,val,chr17_58696853_GGA_GAG,missense,0.009711750783026218,0.8882129788398743,0.06867736577987671,0.06908482313156128,-0.0004074573516845703
tau0.1_single|tau0.1_nine,val,chr17_58696853_G_C,missense,0.009550773538649082,0.8836168646812439,0.06900280714035034,0.06940434128046036,-0.00040153414011001587
tau0.1_single|tau0.1_nine,val,chr17_58696856_GAG_GTC,missense,0.00910777784883976,0.8475109338760376,0.07170585542917252,0.0720980167388916,-0.0003921613097190857
tau0.1_single|tau0.1_nine,val,chr17_58696856_GAG_CAA,missense,0.009047090075910091,0.8462849259376526,0.07122544944286346,0.0716112032532692,-0.0003857538104057312
tau0.1_single|tau0.1_nine,val,chr17_58696858_G_T,missense,0.009186246432363987,0.8425953984260559,0.07184935361146927,0.07224874943494797,-0.00039939582347869873
tau0.1_single|tau0.1_nine,val,chr17_58703197_A_C,missense,0.009655378758907318,0.8391216397285461,0.07215513288974762,0.0725686326622963,-0.00041349977254867554
tau0.1_single|tau0.1_nine,val,chr17_58703226_T_G,missense,0.008490946143865585,0.7415714859962463,0.07663246989250183,0.07690197974443436,-0.00026950985193252563
tau0.1_single|tau0.1_nine,val,chr17_58703225_CTT_GCC,missense,0.008341288194060326,0.7943942546844482,0.07388749718666077,0.07415198534727097,-0.000264488160610199
tau0.1_single|tau0.1_nine,val,chr17_58703226_T_A,missense,0.008613594807684422,0.7541002035140991,0.07591637223958969,0.07616476714611053,-0.0002483949065208435
tau0.1_single|tau0.1_nine,val,chr17_58703246_ATT_AAC,missense,0.008536172099411488,0.7059345245361328,0.08199014514684677,0.08238191157579422,-0.00039176642894744873
tau0.1_single|tau0.1_nine,val,chr17_58703246_A_T,missense,0.007900828495621681,0.7015173435211182,0.0791986957192421,0.07952817529439926,-0.00032947957515716553
tau0.1_single|tau0.1_nine,val,chr17_58703247_T_A,missense,0.008536172099411488,0.7059345245361328,0.08199014514684677,0.08238191157579422,-0.00039176642894744873
tau0.1_single|tau0.1_nine,val,chr17_58703282_CTG_CAA,missense,0.0130393011495471,0.7695053219795227,0.07595820724964142,0.07650994509458542,-0.0005517378449440002
tau0.1_single|tau0.1_nine,val,chr17_58703282_C_A,missense,0.013636304065585136,0.799942672252655,0.0742940902709961,0.07484720647335052,-0.0005531162023544312
tau0.1_single|tau0.1_nine,val,chr17_58703282_CTG_AGA,missense,0.012809468433260918,0.7511978149414062,0.07802513241767883,0.07858642935752869,-0.0005612969398498535
tau0.1_single|tau0.1_nine,val,chr17_58703288_CAA_CCC,missense,0.012965413741767406,0.7437536716461182,0.07865782082080841,0.07922935485839844,-0.0005715340375900269
tau0.1_single|tau0.1_nine,val,chr17_58703288_CAA_CGG,missense,0.012084273621439934,0.7765394449234009,0.07584230601787567,0.07637383043766022,-0.0005315244197845459
tau0.1_single|tau0.1_nine,val,chr17_58703291_G_A,missense,0.00682839984074235,0.7963943481445312,0.0749238058924675,0.07534530013799667,-0.0004214942455291748
tau0.1_single|tau0.1_nine,val,chr17_58703291_G_T,missense,0.006981575861573219,0.7789770364761353,0.0755298063158989,0.07595822960138321,-0.00042842328548431396
tau0.1_single|tau0.1_nine,val,chr17_58703291_GTT_GGC,missense,0.006607530172914267,0.7432745099067688,0.07737355679273605,0.07779324799776077,-0.00041969120502471924
tau0.1_single|tau0.1_nine,val,chr17_58703297_CTT_ATC,missense,0.005770671647042036,0.7741607427597046,0.07452069222927094,0.07486262172460556,-0.00034192949533462524
tau0.1_single|tau0.1_nine,val,chr17_58703297_CTT_TTC,missense,0.005655753891915083,0.7759267091751099,0.07347578555345535,0.07379304617643356,-0.00031726062297821045
tau0.1_single|tau0.1_nine,val,chr17_58703297_C_A,missense,0.005770671647042036,0.7741607427597046,0.07452069222927094,0.07486262172460556,-0.00034192949533462524
tau0.1_single|tau0.1_nine,val,chr17_58703301_T_C,missense,0.005683204624801874,0.7332295179367065,0.07928266376256943,0.0796985998749733,-0.00041593611240386963
tau0.1_single|tau0.1_nine,val,chr17_58703300_CTT_CGG,missense,0.005753784440457821,0.7250571846961975,0.07790188491344452,0.07831642776727676,-0.0004145428538322449
tau0.1_single|tau0.1_nine,val,chr17_58703300_CTT_GTG,missense,0.005499917082488537,0.7705711722373962,0.07479480654001236,0.07512994855642319,-0.00033514201641082764
tau0.1_single|tau0.1_nine,val,chr17_58709979_CAC_CTG,missense,0.0051985615864396095,0.6841066479682922,0.07675087451934814,0.07721790671348572,-0.00046703219413757324
tau0.1_single|tau0.1_nine,val,chr17_58709980_A_C,missense,0.007842384278774261,0.6739537119865417,0.07856161892414093,0.07911690324544907,-0.000555284321308136
tau0.1_single|tau0.1_nine,val,chr17_58709979_CAC_CCT,missense,0.007842384278774261,0.6739537119865417,0.07856161892414093,0.07911690324544907,-0.000555284321308136
tau0.1_single|tau0.1_nine,val,chr17_58709988_GCT_ACC,missense,0.004145342856645584,0.6918678283691406,0.07728976756334305,0.07761329412460327,-0.0003235265612602234
tau0.1_single|tau0.1_nine,val,chr17_58709988_GCT_CCC,missense,0.004164802376180887,0.6558226346969604,0.0798911526799202,0.08030690997838974,-0.00041575729846954346
tau0.1_single|tau0.1_nine,val,chr17_58709988_G_C,missense,0.004164802376180887,0.6558226346969604,0.0798911526799202,0.08030690997838974,-0.00041575729846954346
tau0.1_single|tau0.1_nine,val,chr17_58720791_G_A,missense,0.007390789687633514,0.7061751484870911,0.0757090300321579,0.07614606618881226,-0.0004370361566543579
tau0.1_single|tau0.1_nine,val,chr17_58720791_G_T,missense,0.007654998451471329,0.7091273069381714,0.07630252838134766,0.07675489783287048,-0.00045236945152282715
tau0.1_single|tau0.1_nine,val,chr17_58720792_C_T,missense,0.007147178519517183,0.6887521147727966,0.07655638456344604,0.07699594646692276,-0.0004395619034767151
tau0.1_single|tau0.1_nine,val,chr17_58720803_CCT_ACC,missense,0.00482734851539135,0.6591039299964905,0.08158242702484131,0.08201155066490173,-0.0004291236400604248
tau0.1_single|tau0.1_nine,val,chr17_58720804_C_A,missense,0.0047088307328522205,0.6603972315788269,0.08350450545549393,0.08394750207662582,-0.00044299662113189697
tau0.1_single|tau0.1_nine,val,chr17_58720807_C_G,missense,0.004720382392406464,0.6779839396476746,0.07989884167909622,0.08029617369174957,-0.00039733201265335083
tau0.1_single|tau0.1_nine,val,chr17_58720807_C_A,missense,0.004252252168953419,0.6497668027877808,0.08291210979223251,0.08334548771381378,-0.0004333779215812683
tau0.1_single|tau0.1_nine,val,chr17_58720806_G_A,missense,0.00451701832935214,0.6682453751564026,0.08042407780885696,0.08082772046327591,-0.0004036426544189453
tau0.1_single|tau0.1_nine,val,chr17_58724045_AGT_GGC,missense,0.009962338022887707,0.6866369843482971,0.08080687373876572,0.08108614385128021,-0.00027927011251449585
tau0.1_single|tau0.1_nine,val,chr17_58724047_T_G,missense,0.008905322290956974,0.6984571814537048,0.08314454555511475,0.08349116146564484,-0.00034661591053009033
tau0.1_single|tau0.1_nine,val,chr17_58724045_AGT_GCC,missense,0.009771056473255157,0.6995808482170105,0.08053632080554962,0.0808071568608284,-0.0002708360552787781
tau0.1_single|tau0.1_nine,val,chr17_58724069_CGA_GCC,missense,0.005918182898312807,0.6792274117469788,0.08655039221048355,0.08709932118654251,-0.00054892897605896
tau0.1_single|tau0.1_nine,val,chr17_58724069_CGA_GGC,missense,0.006341044791042805,0.6941580772399902,0.08828819543123245,0.08886577188968658,-0.0005775764584541321
tau0.69_single|tau0.69_nine,val,chr17_58732501_A_T,missense,0.0022738666739314795,0.7572946548461914,0.08271210640668869,0.08274776488542557,-3.565847873687744e-05
tau0.69_single|tau0.69_nine,val,chr17_58732501_A_G,missense,0.0022810399532318115,0.7364778518676758,0.08067215979099274,0.08070230484008789,-3.014504909515381e-05
tau0.69_single|tau0.69_nine,val,chr17_58732500_AAG_GCC,missense,0.00226470734924078,0.7649921774864197,0.08336888998746872,0.0834062322974205,-3.7342309951782227e-05
tau0.69_single|tau0.69_nine,val,chr17_58732506_CCC_ACA,missense,0.0022303899750113487,0.7425884008407593,0.0797635167837143,0.0798003226518631,-3.680586814880371e-05
tau0.69_single|tau0.69_nine,val,chr17_58732507_C_G,missense,0.0021947945933789015,0.7261489033699036,0.08020656555891037,0.0802450031042099,-3.843754529953003e-05
tau0.69_single|tau0.69_nine,val,chr17_58732507_C_A,missense,0.0022159197833389044,0.737982451915741,0.07962784171104431,0.07966422289609909,-3.638118505477905e-05
tau0.69_single|tau0.69_nine,val,chr17_58732527_G_T,missense,0.002050716895610094,0.7365283370018005,0.08072085678577423,0.08075932413339615,-3.8467347621917725e-05
tau0.69_single|tau0.69_nine,val,chr17_58732528_T_C,missense,0.0020294899586588144,0.76285719871521,0.07949884980916977,0.07953518629074097,-3.633648157119751e-05
tau0.69_single|tau0.69_nine,val,chr17_58732542_AAA_CAG,missense,0.002024912741035223,0.8250852823257446,0.07383746653795242,0.07388368248939514,-4.6215951442718506e-05
tau0.69_single|tau0.69_nine,val,chr17_58732542_A_G,missense,0.002083923202008009,0.8427936434745789,0.07326030731201172,0.07331109046936035,-5.078315734863281e-05
tau0.69_single|tau0.69_nine,val,chr17_58732542_AAA_ATC,missense,0.0021153746638447046,0.8156367540359497,0.07468903064727783,0.07474248856306076,-5.345791578292847e-05
tau0.69_single|tau0.69_nine,val,chr17_58734121_CAG_AAA,missense,0.002220866037532687,0.8084549307823181,0.07547271996736526,0.07552997767925262,-5.725771188735962e-05
tau0.69_single|tau0.69_nine,val,chr17_58734121_CAG_CTC,missense,0.002195304725319147,0.8331476449966431,0.07432908564805984,0.07438325881958008,-5.4173171520233154e-05
tau0.69_single|tau0.69_nine,val,chr17_58734122_A_T,missense,0.002195304725319147,0.8331476449966431,0.07432908564805984,0.07438325881958008,-5.4173171520233154e-05
tau0.69_single|tau0.69_nine,val,chr17_58734145_ACT_CCC,missense,0.002043101703748107,0.9757065176963806,0.06391838937997818,0.06395048648118973,-3.209710121154785e-05
tau0.69_single|tau0.69_nine,val,chr17_58734146_C_T,missense,0.0021041545551270247,0.9980429410934448,0.06592485308647156,0.06596314907073975,-3.8295984268188477e-05
tau0.69_single|tau0.69_nine,val,chr17_58734161_T_C,missense,0.0020812188740819693,1.1409945487976074,0.0584898442029953,0.058508895337581635,-1.905113458633423e-05
tau0.69_single|tau0.69_nine,val,chr17_58734160_TTG_GCC,missense,0.0020986744202673435,1.1492937803268433,0.05864664167165756,0.05866624414920807,-1.9602477550506592e-05
tau0.69_single|tau0.69_nine,val,chr17_58734182_G_C,missense,0.0024406013544648886,1.1431156396865845,0.05953825265169144,0.05954049527645111,-2.2426247596740723e-06
tau0.69_single|tau0.69_nine,val,chr17_58734181_A_G,missense,0.0024291216395795345,1.0940134525299072,0.06104779243469238,0.06105071306228638,-2.9206275939941406e-06
tau0.69_single|tau0.69_nine,val,chr17_58734181_A_T,missense,0.002441492397338152,1.1233530044555664,0.06009748578071594,0.060098759829998016,-1.2740492820739746e-06
tau0.69_single|tau0.69_nine,val,chr17_58734182_G_T,missense,0.0024112272076308727,1.1135979890823364,0.06068415194749832,0.060689520090818405,-5.368143320083618e-06
tau0.69_single|tau0.69_nine,val,chr17_58692652_G_A,synonymous,0.002570914104580879,0.9766491651535034,-0.07196499407291412,-0.07199940085411072,3.440678119659424e-05
tau0.69_single|tau0.69_nine,val,chr17_58692652_G_C,synonymous,0.002570914104580879,0.9766491651535034,-0.07196499407291412,-0.07199940085411072,3.440678119659424e-05
tau0.69_single|tau0.69_nine,val,chr17_58692652_G_T,synonymous,0.002570914104580879,0.9766491651535034,-0.07196499407291412,-0.07199940085411072,3.440678119659424e-05
tau0.69_single|tau0.69_nine,val,chr17_58692662_CGC_AGG,synonymous,0.0018762685358524323,0.9671857953071594,-0.0710325613617897,-0.0710693821310997,3.682076930999756e-05
tau0.69_single|tau0.69_nine,val,chr17_58692664_C_A,synonymous,0.0018762685358524323,0.9671857953071594,-0.0710325613617897,-0.0710693821310997,3.682076930999756e-05
tau0.69_single|tau0.69_nine,val,chr17_58692664_C_G,synonymous,0.0018762685358524323,0.9671857953071594,-0.0710325613617897,-0.0710693821310997,3.682076930999756e-05
tau0.69_single|tau0.69_nine,val,chr17_58692662_CGC_AGA,synonymous,0.0018762685358524323,0.9671857953071594,-0.0710325613617897,-0.0710693821310997,3.682076930999756e-05
tau0.69_single|tau0.69_nine,val,chr17_58692664_C_T,synonymous,0.0018762685358524323,0.9671857953071594,-0.0710325613617897,-0.0710693821310997,3.682076930999756e-05
tau0.69_single|tau0.69_nine,val,chr17_58692677_CGG_AGA,synonymous,0.0015962445177137852,0.9070301651954651,-0.06614755839109421,-0.06617285311222076,2.5294721126556396e-05
tau0.69_single|tau0.69_nine,val,chr17_58692677_C_A,synonymous,0.0015962445177137852,0.9070301651954651,-0.06614755839109421,-0.06617285311222076,2.5294721126556396e-05
tau0.69_single|tau0.69_nine,val,chr17_58692679_G_T,synonymous,0.0015962445177137852,0.9070301651954651,-0.06614755839109421,-0.06617285311222076,2.5294721126556396e-05
tau0.69_single|tau0.69_nine,val,chr17_58692679_G_C,synonymous,0.0015962445177137852,0.9070301651954651,-0.06614755839109421,-0.06617285311222076,2.5294721126556396e-05
tau0.69_single|tau0.69_nine,val,chr17_58692688_G_A,synonymous,0.0016538548516109586,0.8435360193252563,-0.06440751254558563,-0.06443219631910324,2.4683773517608643e-05
tau0.69_single|tau0.69_nine,val,chr17_58692688_G_T,synonymous,0.0016538548516109586,0.8435360193252563,-0.06440751254558563,-0.06443219631910324,2.4683773517608643e-05
tau0.69_single|tau0.69_nine,val,chr17_58692688_G_C,synonymous,0.0016538548516109586,0.8435360193252563,-0.06440751254558563,-0.06443219631910324,2.4683773517608643e-05
tau0.69_single|tau0.69_nine,val,chr17_58692698_CTG_TTA,synonymous,0.0012495950795710087,0.8041411638259888,-0.06334012746810913,-0.0633774846792221,3.7357211112976074e-05
tau0.69_single|tau0.69_nine,val,chr17_58692700_G_A,synonymous,0.0012495950795710087,0.8041411638259888,-0.06334012746810913,-0.0633774846792221,3.7357211112976074e-05
tau0.69_single|tau0.69_nine,val,chr17_58692700_G_C,synonymous,0.0012495950795710087,0.8041411638259888,-0.06334012746810913,-0.0633774846792221,3.7357211112976074e-05
tau0.69_single|tau0.69_nine,val,chr17_58692700_G_T,synonymous,0.0012495950795710087,0.8041411638259888,-0.06334012746810913,-0.0633774846792221,3.7357211112976074e-05
tau0.69_single|tau0.69_nine,val,chr17_58692698_C_T,synonymous,0.0012495950795710087,0.8041411638259888,-0.06334012746810913,-0.0633774846792221,3.7357211112976074e-05
tau0.69_single|tau0.69_nine,val,chr17_58692712_G_A,synonymous,0.0012729591690003872,0.7834267616271973,-0.06116468459367752,-0.06120903417468071,4.434958100318909e-05
tau0.69_single|tau0.69_nine,val,chr17_58692712_G_C,synonymous,0.0012729591690003872,0.7834267616271973,-0.06116468459367752,-0.06120903417468071,4.434958100318909e-05
tau0.69_single|tau0.69_nine,val,chr17_58692712_G_T,synonymous,0.0012729591690003872,0.7834267616271973,-0.06116468459367752,-0.06120903417468071,4.434958100318909e-05
tau0.69_single|tau0.69_nine,val,chr17_58692766_G_T,synonymous,0.0009235285106115043,0.8549754023551941,-0.06435533612966537,-0.06439191848039627,3.6582350730895996e-05
tau0.69_single|tau0.69_nine,val,chr17_58692766_G_C,synonymous,0.0009235285106115043,0.8549754023551941,-0.06435533612966537,-0.06439191848039627,3.6582350730895996e-05
tau0.69_single|tau0.69_nine,val,chr17_58692766_G_A,synonymous,0.0009235285106115043,0.8549754023551941,-0.06435533612966537,-0.06439191848039627,3.6582350730895996e-05
tau0.69_single|tau0.69_nine,val,chr17_58692775_C_T,synonymous,0.0008146197069436312,0.85307377576828,-0.06332245469093323,-0.06335225701332092,2.9802322387695312e-05
tau0.69_single|tau0.69_nine,val,chr17_58692775_C_G,synonymous,0.0008146197069436312,0.85307377576828,-0.06332245469093323,-0.06335225701332092,2.9802322387695312e-05
tau0.69_single|tau0.69_nine,val,chr17_58692773_TCC_AGC,synonymous,0.0008146197069436312,0.85307377576828,-0.06332245469093323,-0.06335225701332092,2.9802322387695312e-05
tau0.69_single|tau0.69_nine,val,chr17_58692773_TCC_AGT,synonymous,0.0008146197069436312,0.85307377576828,-0.06332245469093323,-0.06335225701332092,2.9802322387695312e-05
tau0.69_single|tau0.69_nine,val,chr17_58694978_AGA_CGT,synonymous,0.0007868470274843276,0.9399883151054382,-0.06774396449327469,-0.06779118627309799,4.722177982330322e-05
tau0.69_single|tau0.69_nine,val,chr17_58694980_A_G,synonymous,0.0007868470274843276,0.9399883151054382,-0.06774396449327469,-0.06779118627309799,4.722177982330322e-05
tau0.69_single|tau0.69_nine,val,chr17_58694978_A_C,synonymous,0.0007868470274843276,0.9399883151054382,-0.06774396449327469,-0.06779118627309799,4.722177982330322e-05
tau0.69_single|tau0.69_nine,val,chr17_58694978_AGA_CGC,synonymous,0.0007868470274843276,0.9399883151054382,-0.06774396449327469,-0.06779118627309799,4.722177982330322e-05
tau0.69_single|tau0.69_nine,val,chr17_58694978_AGA_CGG,synonymous,0.0007868470274843276,0.9399883151054382,-0.06774396449327469,-0.06779118627309799,4.722177982330322e-05
tau0.69_single|tau0.69_nine,val,chr17_58694986_A_G,synonymous,0.0007179590757004917,0.9443077445030212,-0.069047711789608,-0.06908788532018661,4.017353057861328e-05
tau0.69_single|tau0.69_nine,val,chr17_58694998_T_C,synonymous,0.0007093864260241389,0.9197608828544617,-0.07056325674057007,-0.07060247659683228,3.921985626220703e-05
tau0.69_single|tau0.69_nine,val,chr17_58695004_A_C,synonymous,0.0007035863236524165,0.9107826352119446,-0.07086145877838135,-0.07090052217245102,3.906339406967163e-05
tau0.69_single|tau0.69_nine,val,chr17_58695004_A_T,synonymous,0.0007035863236524165,0.9107826352119446,-0.07086145877838135,-0.07090052217245102,3.906339406967163e-05
tau0.69_single|tau0.69_nine,val,chr17_58695004_A_G,synonymous,0.0007035863236524165,0.9107826352119446,-0.07086145877838135,-0.07090052217245102,3.906339406967163e-05
tau0.69_single|tau0.69_nine,val,chr17_58695013_T_C,synonymous,0.0007963451207615435,0.9002628326416016,-0.07046128064393997,-0.07049669325351715,3.5412609577178955e-05
tau0.69_single|tau0.69_nine,val,chr17_58695013_T_G,synonymous,0.0007963451207615435,0.9002628326416016,-0.07046128064393997,-0.07049669325351715,3.5412609577178955e-05
tau0.1_single|tau0.1_nine,val,chr17_58732501_A_T,missense,0.00493663502857089,0.7064228653907776,0.08060414344072342,0.08096383512020111,-0.00035969167947769165
tau0.1_single|tau0.1_nine,val,chr17_58732501_A_G,missense,0.005151012912392616,0.6853889226913452,0.07885206490755081,0.0791907086968422,-0.00033864378929138184
tau0.1_single|tau0.1_nine,val,chr17_58732500_AAG_GCC,missense,0.00481357891112566,0.7169514298439026,0.08118876814842224,0.08155502378940582,-0.00036625564098358154
tau0.1_single|tau0.1_nine,val,chr17_58732506_CCC_ACA,missense,0.0022981634829193354,0.695621907711029,0.07749814540147781,0.07789753377437592,-0.0003993883728981018
tau0.1_single|tau0.1_nine,val,chr17_58732507_C_G,missense,0.0021212876308709383,0.6821799278259277,0.07784733921289444,0.07825837284326553,-0.00041103363037109375
tau0.1_single|tau0.1_nine,val,chr17_58732507_C_A,missense,0.002534953411668539,0.6916387677192688,0.07738277316093445,0.07778117805719376,-0.00039840489625930786
tau0.1_single|tau0.1_nine,val,chr17_58732527_G_T,missense,0.003948690369725227,0.689667820930481,0.07851346582174301,0.07891383022069931,-0.00040036439895629883
tau0.1_single|tau0.1_nine,val,chr17_58732528_T_C,missense,0.0035670201759785414,0.7157657146453857,0.07738465070724487,0.07777944952249527,-0.00039479881525039673
tau0.1_single|tau0.1_nine,val,chr17_58732542_AAA_CAG,missense,0.005445239134132862,0.7993705868721008,0.0713873952627182,0.07184578478336334,-0.0004583895206451416
tau0.1_single|tau0.1_nine,val,chr17_58732542_A_G,missense,0.006956809666007757,0.8230476379394531,0.07059906423091888,0.07108046859502792,-0.0004814043641090393
tau0.1_single|tau0.1_nine,val,chr17_58732542_AAA_ATC,missense,0.0079873101785779,0.7963382005691528,0.07184745371341705,0.07235728204250336,-0.0005098283290863037
tau0.1_single|tau0.1_nine,val,chr17_58734121_CAG_AAA,missense,0.007526152301579714,0.7861161231994629,0.0724560096859932,0.07296567410230637,-0.0005096644163131714
tau0.1_single|tau0.1_nine,val,chr17_58734121_CAG_CTC,missense,0.007346985395997763,0.8117079734802246,0.07141520082950592,0.07191751897335052,-0.0005023181438446045
tau0.1_single|tau0.1_nine,val,chr17_58734122_A_T,missense,0.007346985395997763,0.8117079734802246,0.07141520082950592,0.07191751897335052,-0.0005023181438446045
tau0.1_single|tau0.1_nine,val,chr17_58734145_ACT_CCC,missense,0.007650849409401417,0.9437727332115173,0.06235605850815773,0.06272123008966446,-0.0003651715815067291
tau0.1_single|tau0.1_nine,val,chr17_58734146_C_T,missense,0.008166542276740074,0.9647461771965027,0.06409342586994171,0.06448564678430557,-0.0003922209143638611
tau0.1_single|tau0.1_nine,val,chr17_58734161_T_C,missense,0.006626918446272612,1.0972583293914795,0.057593703269958496,0.057882171124219894,-0.0002884678542613983
tau0.1_single|tau0.1_nine,val,chr17_58734160_TTG_GCC,missense,0.006747005973011255,1.103539228439331,0.05773281306028366,0.05802157148718834,-0.00028875842690467834
tau0.1_single|tau0.1_nine,val,chr17_58734182_G_C,missense,0.012690884061157703,1.0628761053085327,0.05954428389668465,0.05972638353705406,-0.00018209964036941528
tau0.1_single|tau0.1_nine,val,chr17_58734181_A_G,missense,0.012716159224510193,1.0151450634002686,0.06100026145577431,0.061192866414785385,-0.00019260495901107788
tau0.1_single|tau0.1_nine,val,chr17_58734181_A_T,missense,0.012650654651224613,1.0426902770996094,0.06013713404536247,0.060320042073726654,-0.00018290802836418152
tau0.1_single|tau0.1_nine,val,chr17_58734182_G_T,missense,0.01254366897046566,1.0367425680160522,0.06051068753004074,0.0607190877199173,-0.0002084001898765564
tau0.1_single|tau0.1_nine,val,chr17_58692652_G_A,synonymous,0.03154945373535156,1.0287314653396606,-0.07314366102218628,-0.07317927479743958,3.56137752532959e-05
tau0.1_single|tau0.1_nine,val,chr17_58692652_G_C,synonymous,0.03154945373535156,1.0287314653396606,-0.07314366102218628,-0.07317927479743958,3.56137752532959e-05
tau0.1_single|tau0.1_nine,val,chr17_58692652_G_T,synonymous,0.03154945373535156,1.0287314653396606,-0.07314366102218628,-0.07317927479743958,3.56137752532959e-05
tau0.1_single|tau0.1_nine,val,chr17_58692662_CGC_AGG,synonymous,0.02840755321085453,1.0005829334259033,-0.07204977422952652,-0.07211198657751083,6.221234798431396e-05
tau0.1_single|tau0.1_nine,val,chr17_58692664_C_A,synonymous,0.02840755321085453,1.0005829334259033,-0.07204977422952652,-0.07211198657751083,6.221234798431396e-05
tau0.1_single|tau0.1_nine,val,chr17_58692664_C_G,synonymous,0.02840755321085453,1.0005829334259033,-0.07204977422952652,-0.07211198657751083,6.221234798431396e-05
tau0.1_single|tau0.1_nine,val,chr17_58692662_CGC_AGA,synonymous,0.02840755321085453,1.0005829334259033,-0.07204977422952652,-0.07211198657751083,6.221234798431396e-05
tau0.1_single|tau0.1_nine,val,chr17_58692664_C_T,synonymous,0.02840755321085453,1.0005829334259033,-0.07204977422952652,-0.07211198657751083,6.221234798431396e-05
tau0.1_single|tau0.1_nine,val,chr17_58692677_CGG_AGA,synonymous,0.02356019802391529,0.9420135021209717,-0.06759866327047348,-0.06760669499635696,8.031725883483887e-06
tau0.1_single|tau0.1_nine,val,chr17_58692677_C_A,synonymous,0.02356019802391529,0.9420135021209717,-0.06759866327047348,-0.06760669499635696,8.031725883483887e-06
tau0.1_single|tau0.1_nine,val,chr17_58692679_G_T,synonymous,0.02356019802391529,0.9420135021209717,-0.06759866327047348,-0.06760669499635696,8.031725883483887e-06
tau0.1_single|tau0.1_nine,val,chr17_58692679_G_C,synonymous,0.02356019802391529,0.9420135021209717,-0.06759866327047348,-0.06760669499635696,8.031725883483887e-06
tau0.1_single|tau0.1_nine,val,chr17_58692688_G_A,synonymous,0.0262292567640543,0.8812095522880554,-0.06589345633983612,-0.06590714305639267,1.3686716556549072e-05
tau0.1_single|tau0.1_nine,val,chr17_58692688_G_T,synonymous,0.0262292567640543,0.8812095522880554,-0.06589345633983612,-0.06590714305639267,1.3686716556549072e-05
tau0.1_single|tau0.1_nine,val,chr17_58692688_G_C,synonymous,0.0262292567640543,0.8812095522880554,-0.06589345633983612,-0.06590714305639267,1.3686716556549072e-05
tau0.1_single|tau0.1_nine,val,chr17_58692698_CTG_TTA,synonymous,0.022909224033355713,0.8290266990661621,-0.06428306549787521,-0.06435496360063553,7.189810276031494e-05
tau0.1_single|tau0.1_nine,val,chr17_58692700_G_A,synonymous,0.022909224033355713,0.8290266990661621,-0.06428306549787521,-0.06435496360063553,7.189810276031494e-05
tau0.1_single|tau0.1_nine,val,chr17_58692700_G_C,synonymous,0.022909224033355713,0.8290266990661621,-0.06428306549787521,-0.06435496360063553,7.189810276031494e-05
tau0.1_single|tau0.1_nine,val,chr17_58692700_G_T,synonymous,0.022909224033355713,0.8290266990661621,-0.06428306549787521,-0.06435496360063553,7.189810276031494e-05
tau0.1_single|tau0.1_nine,val,chr17_58692698_C_T,synonymous,0.022909224033355713,0.8290266990661621,-0.06428306549787521,-0.06435496360063553,7.189810276031494e-05
tau0.1_single|tau0.1_nine,val,chr17_58692712_G_A,synonymous,0.02107902802526951,0.7979295253753662,-0.0617995522916317,-0.061945438385009766,0.00014588609337806702
tau0.1_single|tau0.1_nine,val,chr17_58692712_G_C,synonymous,0.02107902802526951,0.7979295253753662,-0.0617995522916317,-0.061945438385009766,0.00014588609337806702
tau0.1_single|tau0.1_nine,val,chr17_58692712_G_T,synonymous,0.02107902802526951,0.7979295253753662,-0.0617995522916317,-0.061945438385009766,0.00014588609337806702
tau0.1_single|tau0.1_nine,val,chr17_58692766_G_T,synonymous,0.022374039515852928,0.8701508045196533,-0.06530971080064774,-0.06539914757013321,8.943676948547363e-05
tau0.1_single|tau0.1_nine,val,chr17_58692766_G_C,synonymous,0.022374039515852928,0.8701508045196533,-0.06530971080064774,-0.06539914757013321,8.943676948547363e-05
tau0.1_single|tau0.1_nine,val,chr17_58692766_G_A,synonymous,0.022374039515852928,0.8701508045196533,-0.06530971080064774,-0.06539914757013321,8.943676948547363e-05
tau0.1_single|tau0.1_nine,val,chr17_58692775_C_T,synonymous,0.012679081410169601,0.8757511973381042,-0.0646899938583374,-0.06472577899694443,3.5785138607025146e-05
tau0.1_single|tau0.1_nine,val,chr17_58692775_C_G,synonymous,0.012679081410169601,0.8757511973381042,-0.0646899938583374,-0.06472577899694443,3.5785138607025146e-05
tau0.1_single|tau0.1_nine,val,chr17_58692773_TCC_AGC,synonymous,0.012679081410169601,0.8757511973381042,-0.0646899938583374,-0.06472577899694443,3.5785138607025146e-05
tau0.1_single|tau0.1_nine,val,chr17_58692773_TCC_AGT,synonymous,0.012679081410169601,0.8757511973381042,-0.0646899938583374,-0.06472577899694443,3.5785138607025146e-05
tau0.1_single|tau0.1_nine,val,chr17_58694978_AGA_CGT,synonymous,0.01979817822575569,0.939089834690094,-0.06823544949293137,-0.06836690753698349,0.00013145804405212402
tau0.1_single|tau0.1_nine,val,chr17_58694980_A_G,synonymous,0.01979817822575569,0.939089834690094,-0.06823544949293137,-0.06836690753698349,0.00013145804405212402
tau0.1_single|tau0.1_nine,val,chr17_58694978_A_C,synonymous,0.01979817822575569,0.939089834690094,-0.06823544949293137,-0.06836690753698349,0.00013145804405212402
tau0.1_single|tau0.1_nine,val,chr17_58694978_AGA_CGC,synonymous,0.01979817822575569,0.939089834690094,-0.06823544949293137,-0.06836690753698349,0.00013145804405212402
tau0.1_single|tau0.1_nine,val,chr17_58694978_AGA_CGG,synonymous,0.01979817822575569,0.939089834690094,-0.06823544949293137,-0.06836690753698349,0.00013145804405212402
tau0.1_single|tau0.1_nine,val,chr17_58694986_A_G,synonymous,0.016663948073983192,0.9611454010009766,-0.06994981318712234,-0.07002385705709457,7.4043869972229e-05
tau0.1_single|tau0.1_nine,val,chr17_58694998_T_C,synonymous,0.022005442529916763,0.9334002733230591,-0.07135307043790817,-0.07142774760723114,7.467716932296753e-05
tau0.1_single|tau0.1_nine,val,chr17_58695004_A_C,synonymous,0.021568266674876213,0.9237493276596069,-0.07166186720132828,-0.07173485308885574,7.298588752746582e-05
tau0.1_single|tau0.1_nine,val,chr17_58695004_A_T,synonymous,0.021568266674876213,0.9237493276596069,-0.07166186720132828,-0.07173485308885574,7.298588752746582e-05
tau0.1_single|tau0.1_nine,val,chr17_58695004_A_G,synonymous,0.021568266674876213,0.9237493276596069,-0.07166186720132828,-0.07173485308885574,7.298588752746582e-05
tau0.1_single|tau0.1_nine,val,chr17_58695013_T_C,synonymous,0.019604526460170746,0.9200972318649292,-0.07136982679367065,-0.07141376286745071,4.3936073780059814e-05
tau0.1_single|tau0.1_nine,val,chr17_58695013_T_G,synonymous,0.019604526460170746,0.9200972318649292,-0.07136982679367065,-0.07141376286745071,4.3936073780059814e-05
tau0.69_single|tau0.69_nine,val,chr17_58695013_T_A,synonymous,0.0007963451207615435,0.9002628326416016,-0.07046128064393997,-0.07049669325351715,3.5412609577178955e-05
tau0.69_single|tau0.69_nine,val,chr17_58695025_G_A,synonymous,0.0011172911617904902,0.8815767765045166,-0.07090497016906738,-0.07095316052436829,4.819035530090332e-05
tau0.69_single|tau0.69_nine,val,chr17_58695046_G_C,synonymous,0.0009921250166371465,0.7962172031402588,-0.06550712138414383,-0.06553887575864792,3.1754374504089355e-05
tau0.69_single|tau0.69_nine,val,chr17_58695046_G_T,synonymous,0.0009921250166371465,0.7962172031402588,-0.06550712138414383,-0.06553887575864792,3.1754374504089355e-05
tau0.69_single|tau0.69_nine,val,chr17_58695052_A_G,synonymous,0.0010017615277320147,0.7808381915092468,-0.06304343044757843,-0.06307230144739151,2.8870999813079834e-05
tau0.69_single|tau0.69_nine,val,chr17_58695088_C_A,synonymous,0.0014098678948357701,0.7626661062240601,-0.06134863942861557,-0.061365675181150436,1.7035752534866333e-05
tau0.69_single|tau0.69_nine,val,chr17_58695088_C_T,synonymous,0.0014098678948357701,0.7626661062240601,-0.06134863942861557,-0.061365675181150436,1.7035752534866333e-05
tau0.69_single|tau0.69_nine,val,chr17_58695100_A_T,synonymous,0.0007007296662777662,0.7896094918251038,-0.060430966317653656,-0.06047218665480614,4.122033715248108e-05
tau0.69_single|tau0.69_nine,val,chr17_58695100_A_G,synonymous,0.0007007296662777662,0.7896094918251038,-0.060430966317653656,-0.06047218665480614,4.122033715248108e-05
tau0.69_single|tau0.69_nine,val,chr17_58695100_A_C,synonymous,0.0007007296662777662,0.7896094918251038,-0.060430966317653656,-0.06047218665480614,4.122033715248108e-05
tau0.69_single|tau0.69_nine,val,chr17_58695098_TCA_AGC,synonymous,0.0007007296662777662,0.7896094918251038,-0.060430966317653656,-0.06047218665480614,4.122033715248108e-05
tau0.69_single|tau0.69_nine,val,chr17_58695098_TCA_AGT,synonymous,0.0007007296662777662,0.7896094918251038,-0.060430966317653656,-0.06047218665480614,4.122033715248108e-05
tau0.69_single|tau0.69_nine,val,chr17_58695124_T_A,synonymous,0.0007074128952808678,0.7849946022033691,-0.060557179152965546,-0.06058410927653313,2.6930123567581177e-05
tau0.69_single|tau0.69_nine,val,chr17_58695124_T_G,synonymous,0.0007074128952808678,0.7849946022033691,-0.060557179152965546,-0.06058410927653313,2.6930123567581177e-05
tau0.69_single|tau0.69_nine,val,chr17_58695124_T_C,synonymous,0.0007074128952808678,0.7849946022033691,-0.060557179152965546,-0.06058410927653313,2.6930123567581177e-05
tau0.69_single|tau0.69_nine,val,chr17_58695133_C_G,synonymous,0.0005474499193951488,0.8086223006248474,-0.05954943597316742,-0.05958252027630806,3.308430314064026e-05
tau0.69_single|tau0.69_nine,val,chr17_58695133_C_A,synonymous,0.0005474499193951488,0.8086223006248474,-0.05954943597316742,-0.05958252027630806,3.308430314064026e-05
tau0.69_single|tau0.69_nine,val,chr17_58695133_C_T,synonymous,0.0005474499193951488,0.8086223006248474,-0.05954943597316742,-0.05958252027630806,3.308430314064026e-05
tau0.69_single|tau0.69_nine,val,chr17_58695142_A_G,synonymous,0.0006103392224758863,0.8263717889785767,-0.0603666827082634,-0.06040262058377266,3.5937875509262085e-05
tau0.69_single|tau0.69_nine,val,chr17_58695157_T_C,synonymous,0.0007765665068291128,0.8404342532157898,-0.0608597993850708,-0.06089159473776817,3.1795352697372437e-05
tau0.69_single|tau0.69_nine,val,chr17_58695160_T_C,synonymous,0.0010881769703701138,0.8325777649879456,-0.05931174010038376,-0.059336308389902115,2.4568289518356323e-05
tau0.69_single|tau0.69_nine,val,chr17_58695160_T_A,synonymous,0.0010881769703701138,0.8325777649879456,-0.05931174010038376,-0.059336308389902115,2.4568289518356323e-05
tau0.69_single|tau0.69_nine,val,chr17_58695160_T_G,synonymous,0.0010881769703701138,0.8325777649879456,-0.05931174010038376,-0.059336308389902115,2.4568289518356323e-05
tau0.69_single|tau0.69_nine,val,chr17_58695166_A_G,synonymous,0.0010168197331950068,0.8304060697555542,-0.0615493580698967,-0.061572734266519547,2.337619662284851e-05
tau0.69_single|tau0.69_nine,val,chr17_58695166_A_C,synonymous,0.0010168197331950068,0.8304060697555542,-0.0615493580698967,-0.061572734266519547,2.337619662284851e-05
tau0.69_single|tau0.69_nine,val,chr17_58696720_A_C,synonymous,0.001277757459320128,0.7369275689125061,-0.060986146330833435,-0.06100573018193245,1.9583851099014282e-05
tau0.69_single|tau0.69_nine,val,chr17_58696720_A_T,synonymous,0.001277757459320128,0.7369275689125061,-0.060986146330833435,-0.06100573018193245,1.9583851099014282e-05
tau0.69_single|tau0.69_nine,val,chr17_58696765_T_C,synonymous,0.0014796142932027578,0.7587326765060425,-0.05984264612197876,-0.05986541137099266,2.2765249013900757e-05
tau0.69_single|tau0.69_nine,val,chr17_58696795_G_T,synonymous,0.001150232390500605,0.7245184779167175,-0.05955453962087631,-0.0595906637609005,3.612414002418518e-05
tau0.69_single|tau0.69_nine,val,chr17_58696795_G_A,synonymous,0.001150232390500605,0.7245184779167175,-0.05955453962087631,-0.0595906637609005,3.612414002418518e-05
tau0.69_single|tau0.69_nine,val,chr17_58696795_G_C,synonymous,0.001150232390500605,0.7245184779167175,-0.05955453962087631,-0.0595906637609005,3.612414002418518e-05
tau0.69_single|tau0.69_nine,val,chr17_58696804_T_A,synonymous,0.0012097711442038417,0.7264411449432373,-0.0578574538230896,-0.057893458753824234,3.60049307346344e-05
tau0.69_single|tau0.69_nine,val,chr17_58696804_T_G,synonymous,0.0012097711442038417,0.7264411449432373,-0.0578574538230896,-0.057893458753824234,3.60049307346344e-05
tau0.69_single|tau0.69_nine,val,chr17_58696802_CTT_TTA,synonymous,0.0012097711442038417,0.7264411449432373,-0.0578574538230896,-0.057893458753824234,3.60049307346344e-05
tau0.69_single|tau0.69_nine,val,chr17_58696802_CTT_TTG,synonymous,0.0012097711442038417,0.7264411449432373,-0.0578574538230896,-0.057893458753824234,3.60049307346344e-05
tau0.69_single|tau0.69_nine,val,chr17_58696804_T_C,synonymous,0.0012097711442038417,0.7264411449432373,-0.0578574538230896,-0.057893458753824234,3.60049307346344e-05
tau0.69_single|tau0.69_nine,val,chr17_58696825_C_T,synonymous,0.0010857668239623308,0.7628241181373596,-0.06056580692529678,-0.060596588999032974,3.0782073736190796e-05
tau0.69_single|tau0.69_nine,val,chr17_58696855_A_C,synonymous,0.000991176813840866,0.8981502652168274,-0.06798103451728821,-0.06801316142082214,3.212690353393555e-05
tau0.69_single|tau0.69_nine,val,chr17_58696855_A_T,synonymous,0.000991176813840866,0.8981502652168274,-0.06798103451728821,-0.06801316142082214,3.212690353393555e-05
tau0.69_single|tau0.69_nine,val,chr17_58696855_A_G,synonymous,0.000991176813840866,0.8981502652168274,-0.06798103451728821,-0.06801316142082214,3.212690353393555e-05
tau0.69_single|tau0.69_nine,val,chr17_58696858_G_A,synonymous,0.001002601464278996,0.8850693702697754,-0.06679761409759521,-0.06683195382356644,3.4339725971221924e-05
tau0.69_single|tau0.69_nine,val,chr17_58703197_A_G,synonymous,0.001012091408483684,0.8807622194290161,-0.0663418099284172,-0.06637612730264664,3.431737422943115e-05
tau0.69_single|tau0.69_nine,val,chr17_58703227_T_G,synonymous,0.001277281204238534,0.815818190574646,-0.062302909791469574,-0.06232770159840584,2.4791806936264038e-05
tau0.69_single|tau0.69_nine,val,chr17_58703225_CTT_TTG,synonymous,0.001277281204238534,0.815818190574646,-0.062302909791469574,-0.06232770159840584,2.4791806936264038e-05
tau0.69_single|tau0.69_nine,val,chr17_58703227_T_A,synonymous,0.001277281204238534,0.815818190574646,-0.062302909791469574,-0.06232770159840584,2.4791806936264038e-05
tau0.69_single|tau0.69_nine,val,chr17_58703227_T_C,synonymous,0.001277281204238534,0.815818190574646,-0.062302909791469574,-0.06232770159840584,2.4791806936264038e-05
tau0.69_single|tau0.69_nine,val,chr17_58703248_T_C,synonymous,0.0012500040465965867,0.7443720102310181,-0.062234632670879364,-0.0622614361345768,2.680346369743347e-05
tau0.69_single|tau0.69_nine,val,chr17_58703248_T_A,synonymous,0.0012500040465965867,0.7443720102310181,-0.062234632670879364,-0.0622614361345768,2.680346369743347e-05
tau0.69_single|tau0.69_nine,val,chr17_58703282_CTG_TTA,synonymous,0.001297745737247169,0.7984952926635742,-0.06087005138397217,-0.06089876964688301,2.8718262910842896e-05
tau0.69_single|tau0.69_nine,val,chr17_58703284_G_C,synonymous,0.001297745737247169,0.7984952926635742,-0.06087005138397217,-0.06089876964688301,2.8718262910842896e-05
tau0.69_single|tau0.69_nine,val,chr17_58703282_C_T,synonymous,0.001297745737247169,0.7984952926635742,-0.06087005138397217,-0.06089876964688301,2.8718262910842896e-05
tau0.69_single|tau0.69_nine,val,chr17_58703284_G_A,synonymous,0.001297745737247169,0.7984952926635742,-0.06087005138397217,-0.06089876964688301,2.8718262910842896e-05
tau0.69_single|tau0.69_nine,val,chr17_58703284_G_T,synonymous,0.001297745737247169,0.7984952926635742,-0.06087005138397217,-0.06089876964688301,2.8718262910842896e-05
tau0.69_single|tau0.69_nine,val,chr17_58703290_A_G,synonymous,0.0015188350807875395,0.7994666695594788,-0.0604449063539505,-0.06046796962618828,2.306327223777771e-05
tau0.69_single|tau0.69_nine,val,chr17_58703293_T_C,synonymous,0.001978740794584155,0.8194820880889893,-0.061719588935375214,-0.061738040298223495,1.845136284828186e-05
tau0.69_single|tau0.69_nine,val,chr17_58703293_T_A,synonymous,0.001978740794584155,0.8194820880889893,-0.061719588935375214,-0.061738040298223495,1.845136284828186e-05
tau0.69_single|tau0.69_nine,val,chr17_58703293_T_G,synonymous,0.001978740794584155,0.8194820880889893,-0.061719588935375214,-0.061738040298223495,1.845136284828186e-05
tau0.69_single|tau0.69_nine,val,chr17_58703299_T_C,synonymous,0.002055608667433262,0.8078529238700867,-0.06133575737476349,-0.06134788319468498,1.212581992149353e-05
tau0.69_single|tau0.69_nine,val,chr17_58703299_T_A,synonymous,0.002055608667433262,0.8078529238700867,-0.06133575737476349,-0.06134788319468498,1.212581992149353e-05
tau0.69_single|tau0.69_nine,val,chr17_58703297_CTT_TTA,synonymous,0.002055608667433262,0.8078529238700867,-0.06133575737476349,-0.06134788319468498,1.212581992149353e-05
tau0.69_single|tau0.69_nine,val,chr17_58703297_CTT_TTG,synonymous,0.002055608667433262,0.8078529238700867,-0.06133575737476349,-0.06134788319468498,1.212581992149353e-05
tau0.69_single|tau0.69_nine,val,chr17_58703302_T_G,synonymous,0.002313795732334256,0.8091862797737122,-0.06225593388080597,-0.062265198677778244,9.26479697227478e-06
tau0.69_single|tau0.69_nine,val,chr17_58703300_CTT_TTG,synonymous,0.002313795732334256,0.8091862797737122,-0.06225593388080597,-0.062265198677778244,9.26479697227478e-06
tau0.69_single|tau0.69_nine,val,chr17_58703300_CTT_TTA,synonymous,0.002313795732334256,0.8091862797737122,-0.06225593388080597,-0.062265198677778244,9.26479697227478e-06
tau0.1_single|tau0.1_nine,val,chr17_58695013_T_A,synonymous,0.019604526460170746,0.9200972318649292,-0.07136982679367065,-0.07141376286745071,4.3936073780059814e-05
tau0.1_single|tau0.1_nine,val,chr17_58695025_G_A,synonymous,0.021882425993680954,0.8913381099700928,-0.07125421613454819,-0.07138893753290176,0.00013472139835357666
tau0.1_single|tau0.1_nine,val,chr17_58695046_G_C,synonymous,0.01394722517579794,0.8170915246009827,-0.06674057990312576,-0.06678684800863266,4.626810550689697e-05
tau0.1_single|tau0.1_nine,val,chr17_58695046_G_T,synonymous,0.01394722517579794,0.8170915246009827,-0.06674057990312576,-0.06678684800863266,4.626810550689697e-05
tau0.1_single|tau0.1_nine,val,chr17_58695052_A_G,synonymous,0.019406992942094803,0.8023028373718262,-0.06444309651851654,-0.06449194997549057,4.885345697402954e-05
tau0.1_single|tau0.1_nine,val,chr17_58695088_C_A,synonymous,0.019977273419499397,0.7869510650634766,-0.06318511068820953,-0.06318845599889755,3.345310688018799e-06
tau0.1_single|tau0.1_nine,val,chr17_58695088_C_T,synonymous,0.019977273419499397,0.7869510650634766,-0.06318511068820953,-0.06318845599889755,3.345310688018799e-06
tau0.1_single|tau0.1_nine,val,chr17_58695100_A_T,synonymous,0.02179953269660473,0.7777463793754578,-0.061201173812150955,-0.06139738857746124,0.00019621476531028748
tau0.1_single|tau0.1_nine,val,chr17_58695100_A_G,synonymous,0.02179953269660473,0.7777463793754578,-0.061201173812150955,-0.06139738857746124,0.00019621476531028748
tau0.1_single|tau0.1_nine,val,chr17_58695100_A_C,synonymous,0.02179953269660473,0.7777463793754578,-0.061201173812150955,-0.06139738857746124,0.00019621476531028748
tau0.1_single|tau0.1_nine,val,chr17_58695098_TCA_AGC,synonymous,0.02179953269660473,0.7777463793754578,-0.061201173812150955,-0.06139738857746124,0.00019621476531028748
tau0.1_single|tau0.1_nine,val,chr17_58695098_TCA_AGT,synonymous,0.02179953269660473,0.7777463793754578,-0.061201173812150955,-0.06139738857746124,0.00019621476531028748
tau0.1_single|tau0.1_nine,val,chr17_58695124_T_A,synonymous,0.02285880036652088,0.7881159782409668,-0.06184444949030876,-0.061954647302627563,0.00011019781231880188
tau0.1_single|tau0.1_nine,val,chr17_58695124_T_G,synonymous,0.02285880036652088,0.7881159782409668,-0.06184444949030876,-0.061954647302627563,0.00011019781231880188
tau0.1_single|tau0.1_nine,val,chr17_58695124_T_C,synonymous,0.02285880036652088,0.7881159782409668,-0.06184444949030876,-0.061954647302627563,0.00011019781231880188
tau0.1_single|tau0.1_nine,val,chr17_58695133_C_G,synonymous,0.02280290052294731,0.8037401437759399,-0.060735564678907394,-0.060861729085445404,0.00012616440653800964
tau0.1_single|tau0.1_nine,val,chr17_58695133_C_A,synonymous,0.02280290052294731,0.8037401437759399,-0.060735564678907394,-0.060861729085445404,0.00012616440653800964
tau0.1_single|tau0.1_nine,val,chr17_58695133_C_T,synonymous,0.02280290052294731,0.8037401437759399,-0.060735564678907394,-0.060861729085445404,0.00012616440653800964
tau0.1_single|tau0.1_nine,val,chr17_58695142_A_G,synonymous,0.009084725752472878,0.824577808380127,-0.06148361787199974,-0.061568982899188995,8.536502718925476e-05
tau0.1_single|tau0.1_nine,val,chr17_58695157_T_C,synonymous,0.018503129482269287,0.8384416699409485,-0.06218947097659111,-0.062300220131874084,0.00011074915528297424
tau0.1_single|tau0.1_nine,val,chr17_58695160_T_C,synonymous,0.013708538375794888,0.8317134976387024,-0.060987722128629684,-0.061048880219459534,6.115809082984924e-05
tau0.1_single|tau0.1_nine,val,chr17_58695160_T_A,synonymous,0.013708538375794888,0.8317134976387024,-0.060987722128629684,-0.061048880219459534,6.115809082984924e-05
tau0.1_single|tau0.1_nine,val,chr17_58695160_T_G,synonymous,0.013708538375794888,0.8317134976387024,-0.060987722128629684,-0.061048880219459534,6.115809082984924e-05
tau0.1_single|tau0.1_nine,val,chr17_58695166_A_G,synonymous,0.01462329551577568,0.8377803564071655,-0.0631776824593544,-0.06321104615926743,3.33636999130249e-05
tau0.1_single|tau0.1_nine,val,chr17_58695166_A_C,synonymous,0.01462329551577568,0.8377803564071655,-0.0631776824593544,-0.06321104615926743,3.33636999130249e-05
tau0.1_single|tau0.1_nine,val,chr17_58696720_A_C,synonymous,0.019028818234801292,0.7224964499473572,-0.06267959624528885,-0.06276201456785202,8.241832256317139e-05
tau0.1_single|tau0.1_nine,val,chr17_58696720_A_T,synonymous,0.019028818234801292,0.7224964499473572,-0.06267959624528885,-0.06276201456785202,8.241832256317139e-05
tau0.1_single|tau0.1_nine,val,chr17_58696765_T_C,synonymous,0.01298040896654129,0.7482174038887024,-0.06159650906920433,-0.06166941672563553,7.290765643119812e-05
tau0.1_single|tau0.1_nine,val,chr17_58696795_G_T,synonymous,0.010530911386013031,0.7079975008964539,-0.06091071292757988,-0.06105642020702362,0.00014570727944374084
tau0.1_single|tau0.1_nine,val,chr17_58696795_G_A,synonymous,0.010530911386013031,0.7079975008964539,-0.06091071292757988,-0.06105642020702362,0.00014570727944374084
tau0.1_single|tau0.1_nine,val,chr17_58696795_G_C,synonymous,0.010530911386013031,0.7079975008964539,-0.06091071292757988,-0.06105642020702362,0.00014570727944374084
tau0.1_single|tau0.1_nine,val,chr17_58696804_T_A,synonymous,0.01613933965563774,0.7105193734169006,-0.059232186526060104,-0.0594230592250824,0.0001908726990222931
tau0.1_single|tau0.1_nine,val,chr17_58696804_T_G,synonymous,0.01613933965563774,0.7105193734169006,-0.059232186526060104,-0.0594230592250824,0.0001908726990222931
tau0.1_single|tau0.1_nine,val,chr17_58696802_CTT_TTA,synonymous,0.01613933965563774,0.7105193734169006,-0.059232186526060104,-0.0594230592250824,0.0001908726990222931
tau0.1_single|tau0.1_nine,val,chr17_58696802_CTT_TTG,synonymous,0.01613933965563774,0.7105193734169006,-0.059232186526060104,-0.0594230592250824,0.0001908726990222931
tau0.1_single|tau0.1_nine,val,chr17_58696804_T_C,synonymous,0.01613933965563774,0.7105193734169006,-0.059232186526060104,-0.0594230592250824,0.0001908726990222931
tau0.1_single|tau0.1_nine,val,chr17_58696825_C_T,synonymous,0.021542225033044815,0.7441094517707825,-0.062152016907930374,-0.06233052909374237,0.00017851218581199646
tau0.1_single|tau0.1_nine,val,chr17_58696855_A_C,synonymous,0.013423563912510872,0.8861180543899536,-0.06920888274908066,-0.06932354718446732,0.00011466443538665771
tau0.1_single|tau0.1_nine,val,chr17_58696855_A_T,synonymous,0.013423563912510872,0.8861180543899536,-0.06920888274908066,-0.06932354718446732,0.00011466443538665771
tau0.1_single|tau0.1_nine,val,chr17_58696855_A_G,synonymous,0.013423563912510872,0.8861180543899536,-0.06920888274908066,-0.06932354718446732,0.00011466443538665771
tau0.1_single|tau0.1_nine,val,chr17_58696858_G_A,synonymous,0.011668826453387737,0.8759957551956177,-0.06804196536540985,-0.0681745707988739,0.0001326054334640503
tau0.1_single|tau0.1_nine,val,chr17_58703197_A_G,synonymous,0.012645949609577656,0.8727649450302124,-0.06760921329259872,-0.06773731857538223,0.0001281052827835083
tau0.1_single|tau0.1_nine,val,chr17_58703227_T_G,synonymous,0.016737574711441994,0.8133882284164429,-0.06413466483354568,-0.06426413357257843,0.00012946873903274536
tau0.1_single|tau0.1_nine,val,chr17_58703225_CTT_TTG,synonymous,0.016737574711441994,0.8133882284164429,-0.06413466483354568,-0.06426413357257843,0.00012946873903274536
tau0.1_single|tau0.1_nine,val,chr17_58703227_T_A,synonymous,0.016737574711441994,0.8133882284164429,-0.06413466483354568,-0.06426413357257843,0.00012946873903274536
tau0.1_single|tau0.1_nine,val,chr17_58703227_T_C,synonymous,0.016737574711441994,0.8133882284164429,-0.06413466483354568,-0.06426413357257843,0.00012946873903274536
tau0.1_single|tau0.1_nine,val,chr17_58703248_T_C,synonymous,0.008040914312005043,0.7390190362930298,-0.06410616636276245,-0.0641968622803688,9.069591760635376e-05
tau0.1_single|tau0.1_nine,val,chr17_58703248_T_A,synonymous,0.008040914312005043,0.7390190362930298,-0.06410616636276245,-0.0641968622803688,9.069591760635376e-05
tau0.1_single|tau0.1_nine,val,chr17_58703282_CTG_TTA,synonymous,0.014949456788599491,0.779560923576355,-0.06248931214213371,-0.06264679878950119,0.00015748664736747742
tau0.1_single|tau0.1_nine,val,chr17_58703284_G_C,synonymous,0.014949456788599491,0.779560923576355,-0.06248931214213371,-0.06264679878950119,0.00015748664736747742
tau0.1_single|tau0.1_nine,val,chr17_58703282_C_T,synonymous,0.014949456788599491,0.779560923576355,-0.06248931214213371,-0.06264679878950119,0.00015748664736747742
tau0.1_single|tau0.1_nine,val,chr17_58703284_G_A,synonymous,0.014949456788599491,0.779560923576355,-0.06248931214213371,-0.06264679878950119,0.00015748664736747742
tau0.1_single|tau0.1_nine,val,chr17_58703284_G_T,synonymous,0.014949456788599491,0.779560923576355,-0.06248931214213371,-0.06264679878950119,0.00015748664736747742
tau0.1_single|tau0.1_nine,val,chr17_58703290_A_G,synonymous,0.014874549582600594,0.7838618159294128,-0.06224166974425316,-0.06236165016889572,0.00011998042464256287
tau0.1_single|tau0.1_nine,val,chr17_58703293_T_C,synonymous,0.011659872718155384,0.8029529452323914,-0.06378278136253357,-0.06385517865419388,7.239729166030884e-05
tau0.1_single|tau0.1_nine,val,chr17_58703293_T_A,synonymous,0.011659872718155384,0.8029529452323914,-0.06378278136253357,-0.06385517865419388,7.239729166030884e-05
tau0.1_single|tau0.1_nine,val,chr17_58703293_T_G,synonymous,0.011659872718155384,0.8029529452323914,-0.06378278136253357,-0.06385517865419388,7.239729166030884e-05
tau0.1_single|tau0.1_nine,val,chr17_58703299_T_C,synonymous,0.012233871966600418,0.8104909658432007,-0.06374431401491165,-0.06376569718122482,2.1383166313171387e-05
tau0.1_single|tau0.1_nine,val,chr17_58703299_T_A,synonymous,0.012233871966600418,0.8104909658432007,-0.06374431401491165,-0.06376569718122482,2.1383166313171387e-05
tau0.1_single|tau0.1_nine,val,chr17_58703297_CTT_TTA,synonymous,0.012233871966600418,0.8104909658432007,-0.06374431401491165,-0.06376569718122482,2.1383166313171387e-05
tau0.1_single|tau0.1_nine,val,chr17_58703297_CTT_TTG,synonymous,0.012233871966600418,0.8104909658432007,-0.06374431401491165,-0.06376569718122482,2.1383166313171387e-05
tau0.1_single|tau0.1_nine,val,chr17_58703302_T_G,synonymous,0.013708097860217094,0.8033431768417358,-0.06472139805555344,-0.06475140154361725,3.0003488063812256e-05
tau0.1_single|tau0.1_nine,val,chr17_58703300_CTT_TTG,synonymous,0.013708097860217094,0.8033431768417358,-0.06472139805555344,-0.06475140154361725,3.0003488063812256e-05
tau0.1_single|tau0.1_nine,val,chr17_58703300_CTT_TTA,synonymous,0.013708097860217094,0.8033431768417358,-0.06472139805555344,-0.06475140154361725,3.0003488063812256e-05
tau0.69_single|tau0.69_nine,val,chr17_58703302_T_C,synonymous,0.002313795732334256,0.8091862797737122,-0.06225593388080597,-0.062265198677778244,9.26479697227478e-06
tau0.69_single|tau0.69_nine,val,chr17_58703302_T_A,synonymous,0.002313795732334256,0.8091862797737122,-0.06225593388080597,-0.062265198677778244,9.26479697227478e-06
tau0.69_single|tau0.69_nine,val,chr17_58709981_C_T,synonymous,0.001999623142182827,0.7543085813522339,-0.06145179271697998,-0.06147495284676552,2.316012978553772e-05
tau0.69_single|tau0.69_nine,val,chr17_58709990_T_G,synonymous,0.0026721677277237177,0.77154541015625,-0.06122694909572601,-0.06123632565140724,9.376555681228638e-06
tau0.69_single|tau0.69_nine,val,chr17_58709990_T_C,synonymous,0.0026721677277237177,0.77154541015625,-0.06122694909572601,-0.06123632565140724,9.376555681228638e-06
tau0.69_single|tau0.69_nine,val,chr17_58709990_T_A,synonymous,0.0026721677277237177,0.77154541015625,-0.06122694909572601,-0.06123632565140724,9.376555681228638e-06
tau0.69_single|tau0.69_nine,val,chr17_58720793_C_G,synonymous,0.0024420146364718676,0.7417605519294739,-0.061724595725536346,-0.06174100562930107,1.640990376472473e-05
tau0.69_single|tau0.69_nine,val,chr17_58720793_C_T,synonymous,0.0024420146364718676,0.7417605519294739,-0.061724595725536346,-0.06174100562930107,1.640990376472473e-05
tau0.69_single|tau0.69_nine,val,chr17_58720793_C_A,synonymous,0.0024420146364718676,0.7417605519294739,-0.061724595725536346,-0.06174100562930107,1.640990376472473e-05
tau0.69_single|tau0.69_nine,val,chr17_58720805_T_A,synonymous,0.0029726503416895866,0.7296209335327148,-0.05705304443836212,-0.05705255642533302,-4.880130290985107e-07
tau0.69_single|tau0.69_nine,val,chr17_58720805_T_C,synonymous,0.0029726503416895866,0.7296209335327148,-0.05705304443836212,-0.05705255642533302,-4.880130290985107e-07
tau0.69_single|tau0.69_nine,val,chr17_58720805_T_G,synonymous,0.0029726503416895866,0.7296209335327148,-0.05705304443836212,-0.05705255642533302,-4.880130290985107e-07
tau0.69_single|tau0.69_nine,val,chr17_58720808_A_T,synonymous,0.003105142153799534,0.7319831848144531,-0.05637954920530319,-0.056375645101070404,-3.904104232788086e-06
tau0.69_single|tau0.69_nine,val,chr17_58720808_A_G,synonymous,0.003105142153799534,0.7319831848144531,-0.05637954920530319,-0.056375645101070404,-3.904104232788086e-06
tau0.69_single|tau0.69_nine,val,chr17_58720808_A_C,synonymous,0.003105142153799534,0.7319831848144531,-0.05637954920530319,-0.056375645101070404,-3.904104232788086e-06
tau0.69_single|tau0.69_nine,val,chr17_58724047_T_C,synonymous,0.0029138431418687105,0.7620506882667542,-0.05655798316001892,-0.05656415969133377,6.1765313148498535e-06
tau0.69_single|tau0.69_nine,val,chr17_58724045_AGT_TCA,synonymous,0.0029138431418687105,0.7620506882667542,-0.05655798316001892,-0.05656415969133377,6.1765313148498535e-06
tau0.69_single|tau0.69_nine,val,chr17_58724045_AGT_TCC,synonymous,0.0029138431418687105,0.7620506882667542,-0.05655798316001892,-0.05656415969133377,6.1765313148498535e-06
tau0.69_single|tau0.69_nine,val,chr17_58724045_AGT_TCG,synonymous,0.0029138431418687105,0.7620506882667542,-0.05655798316001892,-0.05656415969133377,6.1765313148498535e-06
tau0.69_single|tau0.69_nine,val,chr17_58724069_C_A,synonymous,0.002601824002340436,0.7330347299575806,-0.05599705129861832,-0.05601198226213455,1.4930963516235352e-05
tau0.69_single|tau0.69_nine,val,chr17_58724069_CGA_AGG,synonymous,0.002601824002340436,0.7330347299575806,-0.05599705129861832,-0.05601198226213455,1.4930963516235352e-05
tau0.69_single|tau0.69_nine,val,chr17_58724071_A_C,synonymous,0.002601824002340436,0.7330347299575806,-0.05599705129861832,-0.05601198226213455,1.4930963516235352e-05
tau0.69_single|tau0.69_nine,val,chr17_58724071_A_T,synonymous,0.002601824002340436,0.7330347299575806,-0.05599705129861832,-0.05601198226213455,1.4930963516235352e-05
tau0.69_single|tau0.69_nine,val,chr17_58732502_G_A,synonymous,0.0029123611748218536,0.7643662095069885,-0.05950438976287842,-0.05952506139874458,2.067163586616516e-05
tau0.69_single|tau0.69_nine,val,chr17_58732508_C_G,synonymous,0.0030926207546144724,0.7552103996276855,-0.059888169169425964,-0.0599110908806324,2.2921711206436157e-05
tau0.69_single|tau0.69_nine,val,chr17_58732508_C_A,synonymous,0.0030926207546144724,0.7552103996276855,-0.059888169169425964,-0.0599110908806324,2.2921711206436157e-05
tau0.69_single|tau0.69_nine,val,chr17_58732508_C_T,synonymous,0.0030926207546144724,0.7552103996276855,-0.059888169169425964,-0.0599110908806324,2.2921711206436157e-05
tau0.69_single|tau0.69_nine,val,chr17_58732529_A_G,synonymous,0.0026807719841599464,0.7649703621864319,-0.06050492078065872,-0.0605168454349041,1.1924654245376587e-05
tau0.69_single|tau0.69_nine,val,chr17_58732529_A_C,synonymous,0.0026807719841599464,0.7649703621864319,-0.06050492078065872,-0.0605168454349041,1.1924654245376587e-05
tau0.69_single|tau0.69_nine,val,chr17_58732529_A_T,synonymous,0.0026807719841599464,0.7649703621864319,-0.06050492078065872,-0.0605168454349041,1.1924654245376587e-05
tau0.69_single|tau0.69_nine,val,chr17_58732544_A_G,synonymous,0.0026427393313497305,0.8102923631668091,-0.06263390928506851,-0.06266989558935165,3.598630428314209e-05
tau0.69_single|tau0.69_nine,val,chr17_58734123_G_A,synonymous,0.0027574305422604084,0.8575319051742554,-0.06315051764249802,-0.06318343430757523,3.291666507720947e-05
tau0.69_single|tau0.69_nine,val,chr17_58734147_T_C,synonymous,0.0023978720419108868,1.0042585134506226,-0.07250954955816269,-0.07254896312952042,3.941357135772705e-05
tau0.69_single|tau0.69_nine,val,chr17_58734147_T_G,synonymous,0.0023978720419108868,1.0042585134506226,-0.07250954955816269,-0.07254896312952042,3.941357135772705e-05
tau0.69_single|tau0.69_nine,val,chr17_58734162_G_A,synonymous,0.002303143497556448,1.1063820123672485,-0.07498569786548615,-0.07502318173646927,3.748387098312378e-05
tau0.69_single|tau0.69_nine,val,chr17_58734160_T_C,synonymous,0.002303143497556448,1.1063820123672485,-0.07498569786548615,-0.07502318173646927,3.748387098312378e-05
tau0.69_single|tau0.69_nine,val,chr17_58734160_TTG_CTT,synonymous,0.002303143497556448,1.1063820123672485,-0.07498569786548615,-0.07502318173646927,3.748387098312378e-05
tau0.69_single|tau0.69_nine,val,chr17_58734160_TTG_CTC,synonymous,0.002303143497556448,1.1063820123672485,-0.07498569786548615,-0.07502318173646927,3.748387098312378e-05
tau0.69_single|tau0.69_nine,val,chr17_58734160_TTG_CTA,synonymous,0.002303143497556448,1.1063820123672485,-0.07498569786548615,-0.07502318173646927,3.748387098312378e-05
tau0.69_single|tau0.69_nine,val,chr17_58734181_AGC_TCT,synonymous,0.002454008674249053,1.1626774072647095,-0.07627495378255844,-0.07631286978721619,3.791600465774536e-05
tau0.69_single|tau0.69_nine,val,chr17_58734181_AGC_TCC,synonymous,0.002454008674249053,1.1626774072647095,-0.07627495378255844,-0.07631286978721619,3.791600465774536e-05
tau0.69_single|tau0.69_nine,val,chr17_58734183_C_T,synonymous,0.002454008674249053,1.1626774072647095,-0.07627495378255844,-0.07631286978721619,3.791600465774536e-05
tau0.69_single|tau0.69_nine,val,chr17_58734181_AGC_TCA,synonymous,0.002454008674249053,1.1626774072647095,-0.07627495378255844,-0.07631286978721619,3.791600465774536e-05
tau0.69_single|tau0.69_nine,val,chr17_58734181_AGC_TCG,synonymous,0.002454008674249053,1.1626774072647095,-0.07627495378255844,-0.07631286978721619,3.791600465774536e-05
tau0.69_single|tau0.69_nine,val,chr17_58692650_GGG_,indel,0.008681298233568668,1.018944501876831,0.014992470853030682,0.015047803521156311,-5.5332668125629425e-05
tau0.69_single|tau0.69_nine,val,chr17_58692662_CGC_,indel,0.007230950985103846,0.9618634581565857,0.017129037529230118,0.01716846227645874,-3.9424747228622437e-05
tau0.69_single|tau0.69_nine,val,chr17_58692677_CGG_,indel,0.005974798928946257,0.921006441116333,0.022089892998337746,0.022129839286208153,-3.9946287870407104e-05
tau0.69_single|tau0.69_nine,val,chr17_58692686_GTG_,indel,0.005696084816008806,0.8722178936004639,0.029552103951573372,0.029573263600468636,-2.1159648895263672e-05
tau0.69_single|tau0.69_nine,val,chr17_58692698_CTG_,indel,0.005866970866918564,0.9316956400871277,0.03347039967775345,0.03348275646567345,-1.2356787919998169e-05
tau0.69_single|tau0.69_nine,val,chr17_58692710_GTG_,indel,0.005761340260505676,0.8371854424476624,0.02778656594455242,0.027823373675346375,-3.680773079395294e-05
tau0.69_single|tau0.69_nine,val,chr17_58692764_GTG_,indel,0.006116809789091349,0.8659481406211853,0.023599380627274513,0.023654108867049217,-5.472823977470398e-05
tau0.69_single|tau0.69_nine,val,chr17_58692773_TCC_,indel,0.005371083039790392,1.0305558443069458,0.03281301259994507,0.03284672647714615,-3.371387720108032e-05
tau0.69_single|tau0.69_nine,val,chr17_58694984_GAA_,indel,0.005436502397060394,0.9644309282302856,0.018280161544680595,0.018316052854061127,-3.589130938053131e-05
tau0.69_single|tau0.69_nine,val,chr17_58694996_AAT_,indel,0.005686040967702866,0.9138404130935669,0.01799093186855316,0.01802970841526985,-3.8776546716690063e-05
tau0.69_single|tau0.69_nine,val,chr17_58695002_CCA_,indel,0.005345648620277643,0.9101024270057678,0.017890486866235733,0.01791476458311081,-2.4277716875076294e-05
tau0.69_single|tau0.69_nine,val,chr17_58695011_GCT_,indel,0.005321281496435404,0.923677921295166,0.016995534300804138,0.01702570915222168,-3.0174851417541504e-05
tau0.69_single|tau0.69_nine,val,chr17_58695023_GAG_,indel,0.005242135841399431,0.9360743761062622,0.015199444256722927,0.015218829736113548,-1.9385479390621185e-05
tau0.69_single|tau0.69_nine,val,chr17_58695044_GCG_,indel,0.005415750201791525,0.765739381313324,0.026829838752746582,0.026861578226089478,-3.173947334289551e-05
tau0.69_single|tau0.69_nine,val,chr17_58695050_GAA_,indel,0.005556573625653982,0.9130412936210632,0.03178655356168747,0.03180413693189621,-1.7583370208740234e-05
tau0.69_single|tau0.69_nine,val,chr17_58695059_GAG_,indel,0.0053333742544054985,0.7741665244102478,0.026219597086310387,0.026230869814753532,-1.1272728443145752e-05
tau0.69_single|tau0.69_nine,val,chr17_58695083_ATA_,indel,0.005465379450470209,0.7924440503120422,0.027119074016809464,0.027152152732014656,-3.3078715205192566e-05
tau0.69_single|tau0.69_nine,val,chr17_58695086_ATC_,indel,0.005465379450470209,0.7924440503120422,0.027119074016809464,0.027152152732014656,-3.3078715205192566e-05
tau0.69_single|tau0.69_nine,val,chr17_58695098_TCA_,indel,0.00536457309499383,0.9351574182510376,0.03337337076663971,0.03338513895869255,-1.1768192052841187e-05
tau0.69_single|tau0.69_nine,val,chr17_58695131_CCC_,indel,0.00606642197817564,1.2298773527145386,0.041780538856983185,0.041787683963775635,-7.145106792449951e-06
tau0.1_single|tau0.1_nine,val,chr17_58703302_T_C,synonymous,0.013708097860217094,0.8033431768417358,-0.06472139805555344,-0.06475140154361725,3.0003488063812256e-05
tau0.1_single|tau0.1_nine,val,chr17_58703302_T_A,synonymous,0.013708097860217094,0.8033431768417358,-0.06472139805555344,-0.06475140154361725,3.0003488063812256e-05
tau0.1_single|tau0.1_nine,val,chr17_58709981_C_T,synonymous,0.009356114082038403,0.7217936515808105,-0.06336841732263565,-0.0634935051202774,0.00012508779764175415
tau0.1_single|tau0.1_nine,val,chr17_58709990_T_G,synonymous,0.0049857450649142265,0.7549020051956177,-0.06386078894138336,-0.06387364119291306,1.2852251529693604e-05
tau0.1_single|tau0.1_nine,val,chr17_58709990_T_C,synonymous,0.0049857450649142265,0.7549020051956177,-0.06386078894138336,-0.06387364119291306,1.2852251529693604e-05
tau0.1_single|tau0.1_nine,val,chr17_58709990_T_A,synonymous,0.0049857450649142265,0.7549020051956177,-0.06386078894138336,-0.06387364119291306,1.2852251529693604e-05
tau0.1_single|tau0.1_nine,val,chr17_58720793_C_G,synonymous,0.009129665791988373,0.7176612615585327,-0.06402349472045898,-0.06413594633340836,0.00011245161294937134
tau0.1_single|tau0.1_nine,val,chr17_58720793_C_T,synonymous,0.009129665791988373,0.7176612615585327,-0.06402349472045898,-0.06413594633340836,0.00011245161294937134
tau0.1_single|tau0.1_nine,val,chr17_58720793_C_A,synonymous,0.009129665791988373,0.7176612615585327,-0.06402349472045898,-0.06413594633340836,0.00011245161294937134
tau0.1_single|tau0.1_nine,val,chr17_58720805_T_A,synonymous,0.010583991184830666,0.7082778215408325,-0.06000598892569542,-0.060029417276382446,2.3428350687026978e-05
tau0.1_single|tau0.1_nine,val,chr17_58720805_T_C,synonymous,0.010583991184830666,0.7082778215408325,-0.06000598892569542,-0.060029417276382446,2.3428350687026978e-05
tau0.1_single|tau0.1_nine,val,chr17_58720805_T_G,synonymous,0.010583991184830666,0.7082778215408325,-0.06000598892569542,-0.060029417276382446,2.3428350687026978e-05
tau0.1_single|tau0.1_nine,val,chr17_58720808_A_T,synonymous,0.007546468172222376,0.7065016031265259,-0.05945974960923195,-0.059403784573078156,-5.5965036153793335e-05
tau0.1_single|tau0.1_nine,val,chr17_58720808_A_G,synonymous,0.007546468172222376,0.7065016031265259,-0.05945974960923195,-0.059403784573078156,-5.5965036153793335e-05
tau0.1_single|tau0.1_nine,val,chr17_58720808_A_C,synonymous,0.007546468172222376,0.7065016031265259,-0.05945974960923195,-0.059403784573078156,-5.5965036153793335e-05
tau0.1_single|tau0.1_nine,val,chr17_58724047_T_C,synonymous,0.005362669937312603,0.7188766002655029,-0.05934200808405876,-0.05935049057006836,8.482486009597778e-06
tau0.1_single|tau0.1_nine,val,chr17_58724045_AGT_TCA,synonymous,0.005362669937312603,0.7188766002655029,-0.05934200808405876,-0.05935049057006836,8.482486009597778e-06
tau0.1_single|tau0.1_nine,val,chr17_58724045_AGT_TCC,synonymous,0.005362669937312603,0.7188766002655029,-0.05934200808405876,-0.05935049057006836,8.482486009597778e-06
tau0.1_single|tau0.1_nine,val,chr17_58724045_AGT_TCG,synonymous,0.005362669937312603,0.7188766002655029,-0.05934200808405876,-0.05935049057006836,8.482486009597778e-06
tau0.1_single|tau0.1_nine,val,chr17_58724069_C_A,synonymous,0.003919062204658985,0.6983085870742798,-0.05861575901508331,-0.05868997797369957,7.421895861625671e-05
tau0.1_single|tau0.1_nine,val,chr17_58724069_CGA_AGG,synonymous,0.003919062204658985,0.6983085870742798,-0.05861575901508331,-0.05868997797369957,7.421895861625671e-05
tau0.1_single|tau0.1_nine,val,chr17_58724071_A_C,synonymous,0.003919062204658985,0.6983085870742798,-0.05861575901508331,-0.05868997797369957,7.421895861625671e-05
tau0.1_single|tau0.1_nine,val,chr17_58724071_A_T,synonymous,0.003919062204658985,0.6983085870742798,-0.05861575901508331,-0.05868997797369957,7.421895861625671e-05
tau0.1_single|tau0.1_nine,val,chr17_58732502_G_A,synonymous,0.005375963170081377,0.7367134094238281,-0.061782289296388626,-0.06189665198326111,0.0001143626868724823
tau0.1_single|tau0.1_nine,val,chr17_58732508_C_G,synonymous,0.0029470641165971756,0.7252320051193237,-0.06213676556944847,-0.06223713606595993,0.00010037049651145935
tau0.1_single|tau0.1_nine,val,chr17_58732508_C_A,synonymous,0.0029470641165971756,0.7252320051193237,-0.06213676556944847,-0.06223713606595993,0.00010037049651145935
tau0.1_single|tau0.1_nine,val,chr17_58732508_C_T,synonymous,0.0029470641165971756,0.7252320051193237,-0.06213676556944847,-0.06223713606595993,0.00010037049651145935
tau0.1_single|tau0.1_nine,val,chr17_58732529_A_G,synonymous,0.0037874444387853146,0.7479302287101746,-0.0631725937128067,-0.06320386379957199,3.127008676528931e-05
tau0.1_single|tau0.1_nine,val,chr17_58732529_A_C,synonymous,0.0037874444387853146,0.7479302287101746,-0.0631725937128067,-0.06320386379957199,3.127008676528931e-05
tau0.1_single|tau0.1_nine,val,chr17_58732529_A_T,synonymous,0.0037874444387853146,0.7479302287101746,-0.0631725937128067,-0.06320386379957199,3.127008676528931e-05
tau0.1_single|tau0.1_nine,val,chr17_58732544_A_G,synonymous,0.005301302298903465,0.7699224352836609,-0.06406174600124359,-0.06419949233531952,0.00013774633407592773
tau0.1_single|tau0.1_nine,val,chr17_58734123_G_A,synonymous,0.004518112633377314,0.8188217878341675,-0.06475663185119629,-0.06490904837846756,0.00015241652727127075
tau0.1_single|tau0.1_nine,val,chr17_58734147_T_C,synonymous,0.003623677184805274,0.9674404263496399,-0.07393684983253479,-0.0740661472082138,0.0001292973756790161
tau0.1_single|tau0.1_nine,val,chr17_58734147_T_G,synonymous,0.003623677184805274,0.9674404263496399,-0.07393684983253479,-0.0740661472082138,0.0001292973756790161
tau0.1_single|tau0.1_nine,val,chr17_58734162_G_A,synonymous,0.0020715610589832067,1.0711137056350708,-0.07640192657709122,-0.07652857154607773,0.00012664496898651123
tau0.1_single|tau0.1_nine,val,chr17_58734160_T_C,synonymous,0.0020715610589832067,1.0711137056350708,-0.07640192657709122,-0.07652857154607773,0.00012664496898651123
tau0.1_single|tau0.1_nine,val,chr17_58734160_TTG_CTT,synonymous,0.0020715610589832067,1.0711137056350708,-0.07640192657709122,-0.07652857154607773,0.00012664496898651123
tau0.1_single|tau0.1_nine,val,chr17_58734160_TTG_CTC,synonymous,0.0020715610589832067,1.0711137056350708,-0.07640192657709122,-0.07652857154607773,0.00012664496898651123
tau0.1_single|tau0.1_nine,val,chr17_58734160_TTG_CTA,synonymous,0.0020715610589832067,1.0711137056350708,-0.07640192657709122,-0.07652857154607773,0.00012664496898651123
tau0.1_single|tau0.1_nine,val,chr17_58734181_AGC_TCT,synonymous,0.007693739142268896,1.1262578964233398,-0.07762746512889862,-0.07773572951555252,0.00010826438665390015
tau0.1_single|tau0.1_nine,val,chr17_58734181_AGC_TCC,synonymous,0.007693739142268896,1.1262578964233398,-0.07762746512889862,-0.07773572951555252,0.00010826438665390015
tau0.1_single|tau0.1_nine,val,chr17_58734183_C_T,synonymous,0.007693739142268896,1.1262578964233398,-0.07762746512889862,-0.07773572951555252,0.00010826438665390015
tau0.1_single|tau0.1_nine,val,chr17_58734181_AGC_TCA,synonymous,0.007693739142268896,1.1262578964233398,-0.07762746512889862,-0.07773572951555252,0.00010826438665390015
tau0.1_single|tau0.1_nine,val,chr17_58734181_AGC_TCG,synonymous,0.007693739142268896,1.1262578964233398,-0.07762746512889862,-0.07773572951555252,0.00010826438665390015
tau0.1_single|tau0.1_nine,val,chr17_58692650_GGG_,indel,0.01779268868267536,1.0926527976989746,0.013778806664049625,0.013920491561293602,-0.0001416848972439766
tau0.1_single|tau0.1_nine,val,chr17_58692662_CGC_,indel,0.012767689302563667,1.010695457458496,0.016399459913372993,0.0165067370980978,-0.00010727718472480774
tau0.1_single|tau0.1_nine,val,chr17_58692677_CGG_,indel,0.011167008429765701,0.9668951034545898,0.020922478288412094,0.021100757643580437,-0.0001782793551683426
tau0.1_single|tau0.1_nine,val,chr17_58692686_GTG_,indel,0.011874775402247906,0.9106894135475159,0.029159465804696083,0.029284503310918808,-0.00012503750622272491
tau0.1_single|tau0.1_nine,val,chr17_58692698_CTG_,indel,0.011018449440598488,0.9733479022979736,0.03342863917350769,0.033554557710886,-0.00012591853737831116
tau0.1_single|tau0.1_nine,val,chr17_58692710_GTG_,indel,0.012015490792691708,0.8796679377555847,0.02650952897965908,0.02673419564962387,-0.00022466666996479034
tau0.1_single|tau0.1_nine,val,chr17_58692764_GTG_,indel,0.014753162860870361,0.925769031047821,0.021567458286881447,0.021873462945222855,-0.0003060046583414078
tau0.1_single|tau0.1_nine,val,chr17_58692773_TCC_,indel,0.008725148625671864,1.074067234992981,0.03165305405855179,0.03188176080584526,-0.0002287067472934723
tau0.1_single|tau0.1_nine,val,chr17_58694984_GAA_,indel,0.01030208170413971,1.0181564092636108,0.017246415838599205,0.01743209920823574,-0.00018568336963653564
tau0.1_single|tau0.1_nine,val,chr17_58694996_AAT_,indel,0.01213588286191225,0.967518150806427,0.01690346747636795,0.01710561476647854,-0.00020214729011058807
tau0.1_single|tau0.1_nine,val,chr17_58695002_CCA_,indel,0.009717687964439392,0.9476948976516724,0.017621565610170364,0.01771252229809761,-9.09566879272461e-05
tau0.1_single|tau0.1_nine,val,chr17_58695011_GCT_,indel,0.010257529094815254,0.9709603190422058,0.016434838995337486,0.016566000878810883,-0.0001311618834733963
tau0.1_single|tau0.1_nine,val,chr17_58695023_GAG_,indel,0.009751136414706707,0.9701198935508728,0.015247284434735775,0.015284476801753044,-3.7192367017269135e-05
tau0.1_single|tau0.1_nine,val,chr17_58695044_GCG_,indel,0.010368087328970432,0.7949355840682983,0.025791825726628304,0.02599412575364113,-0.000202300027012825
tau0.1_single|tau0.1_nine,val,chr17_58695050_GAA_,indel,0.011769498698413372,0.9611627459526062,0.03137751296162605,0.0315357930958271,-0.0001582801342010498
tau0.1_single|tau0.1_nine,val,chr17_58695059_GAG_,indel,0.010695140808820724,0.7972633242607117,0.02615717425942421,0.02622770145535469,-7.052719593048096e-05
tau0.1_single|tau0.1_nine,val,chr17_58695083_ATA_,indel,0.008114906027913094,0.8285931944847107,0.02613038383424282,0.02627924270927906,-0.00014885887503623962
tau0.1_single|tau0.1_nine,val,chr17_58695086_ATC_,indel,0.008114906027913094,0.8285931944847107,0.02613038383424282,0.02627924270927906,-0.00014885887503623962
tau0.1_single|tau0.1_nine,val,chr17_58695098_TCA_,indel,0.00944576133042574,0.9824905395507812,0.033173609524965286,0.03327648341655731,-0.00010287389159202576
tau0.1_single|tau0.1_nine,val,chr17_58695131_CCC_,indel,0.011199839413166046,1.2934329509735107,0.04126881808042526,0.04149583354592323,-0.00022701546549797058
tau0.69_single|tau0.69_nine,val,chr17_58695137_ATG_,indel,0.0063582416623830795,1.2582834959030151,0.04141954332590103,0.04140952229499817,1.0021030902862549e-05
tau0.69_single|tau0.69_nine,val,chr17_58695140_AAA_,indel,0.00608980655670166,1.3687663078308105,0.040816016495227814,0.04081479460000992,1.2218952178955078e-06
tau0.69_single|tau0.69_nine,val,chr17_58695155_TGT_,indel,0.006636179517954588,2.091243267059326,0.052451856434345245,0.052439507097005844,1.2349337339401245e-05
tau0.69_single|tau0.69_nine,val,chr17_58695158_GGT_,indel,0.00652421684935689,2.1371116638183594,0.05417438596487045,0.05416691675782204,7.469207048416138e-06
tau0.69_single|tau0.69_nine,val,chr17_58695164_CCA_,indel,0.0070386845618486404,2.1478633880615234,0.052477963268756866,0.05246927589178085,8.687376976013184e-06
tau0.69_single|tau0.69_nine,val,chr17_58696718_ATA_,indel,0.004880719352513552,0.8746512532234192,0.03709835559129715,0.037115320563316345,-1.6964972019195557e-05
tau0.69_single|tau0.69_nine,val,chr17_58696763_GAT_,indel,0.006504804361611605,1.5029102563858032,0.04969169199466705,0.04967441037297249,1.728162169456482e-05
tau0.69_single|tau0.69_nine,val,chr17_58696802_CTT_,indel,0.00607295474037528,1.4464926719665527,0.04239837825298309,0.04239087551832199,7.502734661102295e-06
tau0.69_single|tau0.69_nine,val,chr17_58696823_CAC_,indel,0.005178454797714949,1.0112372636795044,0.03512992709875107,0.03513883426785469,-8.907169103622437e-06
tau0.69_single|tau0.69_nine,val,chr17_58696853_GGA_,indel,0.005258611869066954,0.8889907002449036,0.021406222134828568,0.021444665268063545,-3.844313323497772e-05
tau0.69_single|tau0.69_nine,val,chr17_58696856_GAG_,indel,0.0049852947704494,0.8623778223991394,0.024148551747202873,0.02417273074388504,-2.4178996682167053e-05
tau0.69_single|tau0.69_nine,val,chr17_58703225_CTT_,indel,0.005382244009524584,0.8449000716209412,0.03305390477180481,0.03305801749229431,-4.112720489501953e-06
tau0.69_single|tau0.69_nine,val,chr17_58703246_ATT_,indel,0.005717165768146515,0.9991670250892639,0.03909910470247269,0.039097756147384644,1.3485550880432129e-06
tau0.69_single|tau0.69_nine,val,chr17_58703279_TTA_,indel,0.005454215686768293,1.0701043605804443,0.04115185886621475,0.04118381813168526,-3.195926547050476e-05
tau0.69_single|tau0.69_nine,val,chr17_58703282_CTG_,indel,0.005454215686768293,1.0701043605804443,0.04115185886621475,0.04118381813168526,-3.195926547050476e-05
tau0.69_single|tau0.69_nine,val,chr17_58703288_CAA_,indel,0.006043329369276762,1.047444462776184,0.04045708477497101,0.04051247611641884,-5.53913414478302e-05
tau0.69_single|tau0.69_nine,val,chr17_58703291_GTT_,indel,0.00530602503567934,1.021019697189331,0.03962947428226471,0.03966246545314789,-3.299117088317871e-05
tau0.69_single|tau0.69_nine,val,chr17_58703296_TCT_,indel,0.005098662804812193,0.9223155975341797,0.03851848095655441,0.03852251172065735,-4.030764102935791e-06
tau0.69_single|tau0.69_nine,val,chr17_58709979_CAC_,indel,0.005490776151418686,0.7553075551986694,0.029415545985102654,0.029461566358804703,-4.6020373702049255e-05
tau0.69_single|tau0.69_nine,val,chr17_58720791_GCC_,indel,0.0052643343806266785,0.7396554946899414,0.02822490781545639,0.028260407969355583,-3.550015389919281e-05
tau0.69_single|tau0.69_nine,val,chr17_58720803_CCT_,indel,0.005615693517029285,0.7226474285125732,0.03528642654418945,0.03531789407134056,-3.146752715110779e-05
tau0.69_single|tau0.69_nine,val,chr17_58720806_GCA_,indel,0.005842582322657108,0.7706460356712341,0.037308722734451294,0.03734050691127777,-3.178417682647705e-05
tau0.69_single|tau0.69_nine,val,chr17_58724045_AGT_,indel,0.005899584852159023,1.1834076642990112,0.044856950640678406,0.044860951602458954,-4.000961780548096e-06
tau0.69_single|tau0.69_nine,val,chr17_58724069_CGA_,indel,0.005418126937001944,1.3742531538009644,0.053488656878471375,0.053475767374038696,1.2889504432678223e-05
tau0.69_single|tau0.69_nine,val,chr17_58732500_AAG_,indel,0.005447568371891975,0.9114013314247131,0.03765949606895447,0.03765569254755974,3.8035213947296143e-06
tau0.69_single|tau0.69_nine,val,chr17_58732506_CCC_,indel,0.00508632929995656,0.767504096031189,0.03359429910778999,0.033607520163059235,-1.3221055269241333e-05
tau0.69_single|tau0.69_nine,val,chr17_58732527_GTA_,indel,0.0051642353646457195,0.7832701206207275,0.033234935253858566,0.033251531422138214,-1.6596168279647827e-05
tau0.69_single|tau0.69_nine,val,chr17_58732542_AAA_,indel,0.005605940241366625,1.30219304561615,0.0361204519867897,0.03611709550023079,3.3564865589141846e-06
tau0.69_single|tau0.69_nine,val,chr17_58734121_CAG_,indel,0.005645166616886854,1.2708944082260132,0.02839612402021885,0.02842126041650772,-2.5136396288871765e-05
tau0.69_single|tau0.69_nine,val,chr17_58734145_ACT_,indel,0.005175064317882061,1.0043147802352905,0.015108900144696236,0.015129871666431427,-2.0971521735191345e-05
tau0.69_single|tau0.69_nine,val,chr17_58734160_TTG_,indel,0.005331830121576786,1.1321699619293213,0.011243976652622223,0.011275166645646095,-3.1189993023872375e-05
tau0.69_single|tau0.69_nine,val,chr17_58734181_AGC_,indel,0.005274221766740084,1.148760199546814,0.011517996899783611,0.011544551700353622,-2.655480057001114e-05
tau0.1_single|tau0.1_nine,val,chr17_58695137_ATG_,indel,0.014492841437458992,1.359710454940796,0.041925590485334396,0.04201290011405945,-8.730962872505188e-05
tau0.1_single|tau0.1_nine,val,chr17_58695140_AAA_,indel,0.010415587574243546,1.45777428150177,0.041010912507772446,0.04113036021590233,-0.00011944770812988281
tau0.1_single|tau0.1_nine,val,chr17_58695155_TGT_,indel,0.013101977296173573,2.221606969833374,0.05260009691119194,0.05278048291802406,-0.0001803860068321228
tau0.1_single|tau0.1_nine,val,chr17_58695158_GGT_,indel,0.012260355055332184,2.266148328781128,0.05400054156780243,0.05422549694776535,-0.00022495537996292114
tau0.1_single|tau0.1_nine,val,chr17_58695164_CCA_,indel,0.0112569909542799,2.250173568725586,0.0522090345621109,0.052488598972558975,-0.00027956441044807434
tau0.1_single|tau0.1_nine,val,chr17_58696718_ATA_,indel,0.011666780337691307,0.9241344332695007,0.0367598757147789,0.03691583126783371,-0.00015595555305480957
tau0.1_single|tau0.1_nine,val,chr17_58696763_GAT_,indel,0.01893009804189205,1.6249028444290161,0.05037141218781471,0.05047900974750519,-0.00010759755969047546
tau0.1_single|tau0.1_nine,val,chr17_58696802_CTT_,indel,0.014362484216690063,1.5439192056655884,0.04267941787838936,0.04277743399143219,-9.801611304283142e-05
tau0.1_single|tau0.1_nine,val,chr17_58696823_CAC_,indel,0.011608880944550037,1.0625693798065186,0.034792643040418625,0.03494512662291527,-0.00015248358249664307
tau0.1_single|tau0.1_nine,val,chr17_58696853_GGA_,indel,0.01102637592703104,0.9353251457214355,0.020243685692548752,0.020439645275473595,-0.00019595958292484283
tau0.1_single|tau0.1_nine,val,chr17_58696856_GAG_,indel,0.009072916582226753,0.8949518799781799,0.023558830842375755,0.023680970072746277,-0.00012213923037052155
tau0.1_single|tau0.1_nine,val,chr17_58703225_CTT_,indel,0.010304246097803116,0.8899669051170349,0.03314751759171486,0.03319547325372696,-4.795566201210022e-05
tau0.1_single|tau0.1_nine,val,chr17_58703246_ATT_,indel,0.008672489784657955,1.0527188777923584,0.03905819356441498,0.03916010633111,-0.00010191276669502258
tau0.1_single|tau0.1_nine,val,chr17_58703279_TTA_,indel,0.011826581321656704,1.0717445611953735,0.03963126987218857,0.0399828739464283,-0.00035160407423973083
tau0.1_single|tau0.1_nine,val,chr17_58703282_CTG_,indel,0.011826581321656704,1.0717445611953735,0.03963126987218857,0.0399828739464283,-0.00035160407423973083
tau0.1_single|tau0.1_nine,val,chr17_58703288_CAA_,indel,0.020424947142601013,1.02853524684906,0.03757326677441597,0.03810320049524307,-0.0005299337208271027
tau0.1_single|tau0.1_nine,val,chr17_58703291_GTT_,indel,0.014302559196949005,1.0466947555541992,0.03778369352221489,0.03816055506467819,-0.0003768615424633026
tau0.1_single|tau0.1_nine,val,chr17_58703296_TCT_,indel,0.011805525049567223,0.9831175208091736,0.038634393364191055,0.038741566240787506,-0.0001071728765964508
tau0.1_single|tau0.1_nine,val,chr17_58709979_CAC_,indel,0.013361006043851376,0.7925021052360535,0.027445590123534203,0.027752481400966644,-0.0003068912774324417
tau0.1_single|tau0.1_nine,val,chr17_58720791_GCC_,indel,0.012747246772050858,0.7789161205291748,0.026543304324150085,0.026803774759173393,-0.0002604704350233078
tau0.1_single|tau0.1_nine,val,chr17_58720803_CCT_,indel,0.011634360067546368,0.7417599558830261,0.033876933157444,0.03411519154906273,-0.00023825839161872864
tau0.1_single|tau0.1_nine,val,chr17_58720806_GCA_,indel,0.012807194143533707,0.7967453002929688,0.035882268100976944,0.03612411394715309,-0.00024184584617614746
tau0.1_single|tau0.1_nine,val,chr17_58724045_AGT_,indel,0.014524447731673717,1.2598011493682861,0.044542331248521805,0.04469941556453705,-0.00015708431601524353
tau0.1_single|tau0.1_nine,val,chr17_58724069_CGA_,indel,0.01260589063167572,1.4364837408065796,0.053744856268167496,0.05390237644314766,-0.00015752017498016357
tau0.1_single|tau0.1_nine,val,chr17_58732500_AAG_,indel,0.015213309787213802,0.9793090224266052,0.03799580782651901,0.03807267174124718,-7.686391472816467e-05
tau0.1_single|tau0.1_nine,val,chr17_58732506_CCC_,indel,0.010043945163488388,0.7868874669075012,0.03293313831090927,0.03311179205775261,-0.000178653746843338
tau0.1_single|tau0.1_nine,val,chr17_58732527_GTA_,indel,0.009230144321918488,0.8018761277198792,0.032543081790208817,0.03271792083978653,-0.000174839049577713
tau0.1_single|tau0.1_nine,val,chr17_58732542_AAA_,indel,0.014923099428415298,1.3720237016677856,0.03661821037530899,0.036627963185310364,-9.752810001373291e-06
tau0.1_single|tau0.1_nine,val,chr17_58734121_CAG_,indel,0.014405611902475357,1.319854497909546,0.027362028136849403,0.027522951364517212,-0.00016092322766780853
tau0.1_single|tau0.1_nine,val,chr17_58734145_ACT_,indel,0.010830235667526722,1.04135000705719,0.014712749980390072,0.014787155203521252,-7.440522313117981e-05
tau0.1_single|tau0.1_nine,val,chr17_58734160_TTG_,indel,0.011560337617993355,1.1873990297317505,0.010478837415575981,0.010571734979748726,-9.289756417274475e-05
tau0.1_single|tau0.1_nine,val,chr17_58734181_AGC_,indel,0.011169534176588058,1.1862859725952148,0.01112193800508976,0.011173740960657597,-5.180295556783676e-05
